order_id,customer_id,order_date,product_id,quantity,unit_price,total_amount,currency,payment_method,payment_status,order_status,shipping_method,tracking_number,expected_delivery_date,actual_delivery_date,created_at,updated_at
ORD-00001,CUS-0146,2024-08-17,PROD-001,1,2193.82,2193.82,USD,credit_card,paid,processing,standard,TRACK-FXI5N53E,2024-08-23,,2024-08-17T00:00:00Z,2024-12-09T00:00:00Z
ORD-00002,CUS-0105,2024-12-31,PROD-037,1,290.16,290.16,USD,paypal,paid,delivered,standard,TRACK-M7DBFPMG,2025-01-08,2025-01-09,2024-12-31T00:00:00Z,2025-12-17T00:00:00Z
ORD-00003,CUS-0309,2024-10-20,PROD-080,3,255.93,767.79,USD,credit_card,failed,cancelled,express,TRACK-X73ZCA7F,2024-10-24,,2024-10-20T00:00:00Z,2025-04-01T00:00:00Z
ORD-00004,CUS-0152,2025-04-02,PROD-050,4,81.10,324.40,USD,paypal,refunded,cancelled,express,TRACK-P0FLE1MR,2025-04-05,,2025-04-02T00:00:00Z,2025-10-30T00:00:00Z
ORD-00005,CUS-0617,2024-12-07,PROD-082,2,235.36,470.72,USD,paypal,paid,cancelled,standard,TRACK-NTTRTIDZ,2024-12-16,,2024-12-07T00:00:00Z,2025-11-27T00:00:00Z
ORD-00006,CUS-0831,2024-08-12,PROD-096,1,93.24,93.24,USD,credit_card,paid,processing,standard,TRACK-H4NRED6M,2024-08-18,,2024-08-12T00:00:00Z,2025-04-04T00:00:00Z
ORD-00007,CUS-0148,2025-03-07,PROD-071,2,489.66,979.32,USD,credit_card,paid,processing,standard,TRACK-CE8ZNA8N,2025-03-17,,2025-03-07T00:00:00Z,2025-12-29T00:00:00Z
ORD-00008,CUS-0076,2025-08-31,PROD-062,2,282.17,564.34,USD,credit_card,paid,placed,standard,TRACK-CCU3FG00,2025-09-10,,2025-08-31T00:00:00Z,2025-10-30T00:00:00Z
ORD-00009,CUS-0422,2024-12-11,PROD-093,4,61.11,244.44,USD,debit_card,paid,delayed,next_day,TRACK-AECXVGFO,2024-12-12,,2024-12-11T00:00:00Z,2025-11-24T00:00:00Z
ORD-00010,CUS-0971,2025-07-21,PROD-059,3,284.59,853.77,USD,credit_card,partially_refunded,returned,next_day,TRACK-I7JDN80O,2025-07-22,2025-07-22,2025-07-21T00:00:00Z,2025-10-29T00:00:00Z
ORD-00011,CUS-0189,2025-07-26,PROD-096,5,93.24,466.20,USD,credit_card,paid,cancelled,express,TRACK-RXONBNPJ,2025-07-28,,2025-07-26T00:00:00Z,2025-10-26T00:00:00Z
ORD-00012,CUS-0618,2024-12-09,PROD-100,1,46.48,46.48,USD,credit_card,paid,processing,standard,TRACK-TCV1LTWB,2024-12-16,,2024-12-09T00:00:00Z,2025-09-26T00:00:00Z
ORD-00013,CUS-0579,2025-07-31,PROD-006,4,1049.94,4199.76,USD,paypal,paid,placed,standard,TRACK-7AMKOH10,2025-08-06,,2025-07-31T00:00:00Z,2025-08-24T00:00:00Z
ORD-00014,CUS-0340,2025-05-30,PROD-053,1,574.29,574.29,USD,bank_transfer,paid,delivered,international,TRACK-FVNV4KFQ,2025-06-29,2025-06-29,2025-05-30T00:00:00Z,2025-07-28T00:00:00Z
ORD-00015,CUS-0906,2025-11-28,PROD-028,2,249.80,499.60,USD,debit_card,paid,delayed,standard,TRACK-9S9VS1QE,2025-12-05,,2025-11-28T00:00:00Z,2025-12-25T00:00:00Z
ORD-00016,CUS-0041,2025-11-30,PROD-092,4,102.76,411.04,USD,debit_card,paid,processing,express,TRACK-V8U9DA1L,2025-12-02,,2025-11-30T00:00:00Z,2025-12-06T00:00:00Z
ORD-00017,CUS-0466,2024-06-22,PROD-041,3,22.71,68.13,USD,paypal,paid,confirmed,standard,TRACK-UMCZQ991,2024-06-30,,2024-06-22T00:00:00Z,2024-11-12T00:00:00Z
ORD-00018,CUS-0963,2025-08-05,PROD-016,4,551.74,2206.96,USD,debit_card,paid,placed,express,TRACK-OWYPSWLD,2025-08-08,,2025-08-05T00:00:00Z,2025-11-28T00:00:00Z
ORD-00019,CUS-0270,2024-02-13,PROD-088,5,191.92,959.60,USD,debit_card,refunded,refunded,next_day,TRACK-2ZUFDNU4,2024-02-14,2024-02-15,2024-02-13T00:00:00Z,2025-05-31T00:00:00Z
ORD-00020,CUS-0686,2024-12-23,PROD-012,4,922.70,3690.80,USD,credit_card,paid,out_for_delivery,express,TRACK-6QD0771H,2024-12-26,,2024-12-23T00:00:00Z,2025-06-03T00:00:00Z
ORD-00021,CUS-0351,2025-05-12,PROD-078,2,251.87,503.74,USD,debit_card,paid,delivered,express,TRACK-EQT8FHU9,2025-05-15,2025-05-15,2025-05-12T00:00:00Z,2025-11-30T00:00:00Z
ORD-00022,CUS-0441,2024-08-06,PROD-061,1,118.46,118.46,USD,debit_card,paid,processing,standard,TRACK-8YJWDCOK,2024-08-16,,2024-08-06T00:00:00Z,2025-10-09T00:00:00Z
ORD-00023,CUS-0538,2025-11-16,PROD-028,3,249.80,749.40,USD,credit_card,paid,processing,standard,TRACK-D6M1FMPR,2025-11-26,,2025-11-16T00:00:00Z,2025-12-30T00:00:00Z
ORD-00024,CUS-0448,2025-12-10,PROD-046,5,67.55,337.75,USD,bank_transfer,paid,shipped,standard,TRACK-U6H0UFX3,2025-12-20,,2025-12-10T00:00:00Z,2025-12-20T00:00:00Z
ORD-00025,CUS-0015,2025-04-14,PROD-020,2,848.04,1696.08,USD,paypal,paid,out_for_delivery,standard,TRACK-E8OSAQ3E,2025-04-22,,2025-04-14T00:00:00Z,2025-06-02T00:00:00Z
ORD-00026,CUS-0038,2024-07-11,PROD-028,4,249.80,999.20,USD,credit_card,paid,delivered,international,TRACK-FNM88UA3,2024-07-21,2024-07-23,2024-07-11T00:00:00Z,2025-12-07T00:00:00Z
ORD-00027,CUS-0839,2025-12-17,PROD-016,4,551.74,2206.96,USD,paypal,paid,delivered,express,TRACK-OM3P9M7Q,2025-12-20,2025-12-21,2025-12-17T00:00:00Z,2025-12-22T00:00:00Z
ORD-00028,CUS-0556,2025-01-25,PROD-056,3,520.14,1560.42,USD,paypal,paid,cancelled,next_day,TRACK-PKW7493D,2025-01-26,,2025-01-25T00:00:00Z,2025-02-02T00:00:00Z
ORD-00029,CUS-0632,2024-04-16,PROD-053,4,574.29,2297.16,USD,credit_card,paid,delivered,express,TRACK-7DPUBKPI,2024-04-19,2024-04-22,2024-04-16T00:00:00Z,2024-11-02T00:00:00Z
ORD-00030,CUS-0877,2024-05-07,PROD-061,3,118.46,355.38,USD,credit_card,partially_refunded,refunded,express,TRACK-6X2O72SJ,2024-05-11,2024-05-13,2024-05-07T00:00:00Z,2025-07-05T00:00:00Z
ORD-00031,CUS-0690,2024-01-05,PROD-031,4,88.52,354.08,USD,debit_card,pending,placed,standard,TRACK-24S0LGUP,2024-01-14,,2024-01-05T00:00:00Z,2024-07-20T00:00:00Z
ORD-00032,CUS-0632,2025-02-06,PROD-083,1,189.30,189.30,USD,debit_card,paid,cancelled,express,TRACK-EW9G6SPD,2025-02-08,,2025-02-06T00:00:00Z,2025-04-07T00:00:00Z
ORD-00033,CUS-0647,2025-02-05,PROD-074,3,76.36,229.08,USD,paypal,refunded,cancelled,standard,TRACK-HDPWVBZ7,2025-02-10,,2025-02-05T00:00:00Z,2025-08-19T00:00:00Z
ORD-00034,CUS-0026,2024-05-13,PROD-096,4,93.24,372.96,USD,credit_card,paid,delivered,international,TRACK-MI6KTI22,2024-05-31,2024-05-31,2024-05-13T00:00:00Z,2024-08-05T00:00:00Z
ORD-00035,CUS-0958,2025-10-04,PROD-019,1,1140.33,1140.33,USD,debit_card,paid,delivered,express,TRACK-5D7EFJGC,2025-10-07,2025-10-08,2025-10-04T00:00:00Z,2025-10-16T00:00:00Z
ORD-00036,CUS-0503,2025-02-27,PROD-003,1,986.69,986.69,USD,credit_card,paid,out_for_delivery,next_day,TRACK-CYNL63GA,2025-02-28,,2025-02-27T00:00:00Z,2025-12-14T00:00:00Z
ORD-00037,CUS-0647,2024-02-02,PROD-078,1,251.87,251.87,USD,credit_card,partially_refunded,refunded,express,TRACK-9VASJEVT,2024-02-06,2024-02-07,2024-02-02T00:00:00Z,2025-02-09T00:00:00Z
ORD-00038,CUS-0118,2024-01-31,PROD-028,3,249.80,749.40,USD,debit_card,paid,confirmed,standard,TRACK-07JR8MTK,2024-02-10,,2024-01-31T00:00:00Z,2025-04-21T00:00:00Z
ORD-00039,CUS-0525,2024-07-16,PROD-052,3,580.62,1741.86,USD,bank_transfer,paid,confirmed,next_day,TRACK-4Z8D2VFH,2024-07-17,,2024-07-16T00:00:00Z,2025-11-27T00:00:00Z
ORD-00040,CUS-0444,2025-03-09,PROD-058,5,354.13,1770.65,USD,paypal,paid,delivered,standard,TRACK-WVPUNWCG,2025-03-14,2025-03-16,2025-03-09T00:00:00Z,2025-10-04T00:00:00Z
ORD-00041,CUS-0301,2025-10-22,PROD-078,5,251.87,1259.35,USD,credit_card,paid,shipped,standard,TRACK-E3PGIHNF,2025-10-29,,2025-10-22T00:00:00Z,2025-10-23T00:00:00Z
ORD-00042,CUS-0327,2024-01-12,PROD-089,3,304.67,914.01,USD,paypal,paid,processing,express,TRACK-26UNVSDK,2024-01-16,,2024-01-12T00:00:00Z,2024-03-28T00:00:00Z
ORD-00043,CUS-0588,2025-03-07,PROD-083,4,189.30,757.20,USD,debit_card,paid,shipped,standard,TRACK-HBRBJEQV,2025-03-16,,2025-03-07T00:00:00Z,2025-07-06T00:00:00Z
ORD-00044,CUS-0591,2024-10-18,PROD-003,1,986.69,986.69,USD,credit_card,paid,delivered,express,TRACK-96K4O67B,2024-10-22,2024-10-22,2024-10-18T00:00:00Z,2025-06-15T00:00:00Z
ORD-00045,CUS-0098,2024-11-04,PROD-054,3,511.50,1534.50,USD,debit_card,paid,shipped,standard,TRACK-OULWOZQ4,2024-11-09,,2024-11-04T00:00:00Z,2025-09-16T00:00:00Z
ORD-00046,CUS-0106,2024-08-17,PROD-004,1,2579.89,2579.89,USD,credit_card,refunded,cancelled,standard,TRACK-950ID033,2024-08-26,,2024-08-17T00:00:00Z,2025-12-08T00:00:00Z
ORD-00047,CUS-0705,2024-09-22,PROD-007,1,2312.54,2312.54,USD,credit_card,paid,confirmed,standard,TRACK-CLW3JGEQ,2024-09-28,,2024-09-22T00:00:00Z,2025-12-07T00:00:00Z
ORD-00048,CUS-0152,2025-08-21,PROD-097,4,43.21,172.84,USD,crypto,paid,delivered,next_day,TRACK-ESUX9L0I,2025-08-22,2025-08-24,2025-08-21T00:00:00Z,2025-11-04T00:00:00Z
ORD-00049,CUS-0729,2024-12-27,PROD-011,5,1007.07,5035.35,USD,debit_card,refunded,cancelled,next_day,TRACK-X4ZCRHYQ,2024-12-28,,2024-12-27T00:00:00Z,2025-04-02T00:00:00Z
ORD-00050,CUS-0500,2024-12-14,PROD-014,2,474.04,948.08,USD,debit_card,paid,cancelled,express,TRACK-41LQFS6H,2024-12-17,,2024-12-14T00:00:00Z,2025-08-02T00:00:00Z
ORD-00051,CUS-0889,2025-06-09,PROD-080,2,255.93,511.86,USD,credit_card,paid,delayed,standard,TRACK-CPY8UDQD,2025-06-14,,2025-06-09T00:00:00Z,2025-06-13T00:00:00Z
ORD-00052,CUS-0916,2024-07-10,PROD-059,3,284.59,853.77,USD,debit_card,paid,placed,standard,TRACK-J7DPFSSB,2024-07-17,,2024-07-10T00:00:00Z,2024-10-18T00:00:00Z
ORD-00053,CUS-0051,2025-01-26,PROD-084,4,52.10,208.40,USD,credit_card,paid,processing,standard,TRACK-OVTRPYX8,2025-02-01,,2025-01-26T00:00:00Z,2025-02-22T00:00:00Z
ORD-00054,CUS-0917,2025-08-12,PROD-005,3,925.08,2775.24,USD,debit_card,paid,processing,express,TRACK-DIWZOD05,2025-08-15,,2025-08-12T00:00:00Z,2025-10-03T00:00:00Z
ORD-00055,CUS-0176,2024-12-21,PROD-027,3,795.29,2385.87,USD,credit_card,paid,delivered,standard,TRACK-0DSZRK6I,2024-12-28,2024-12-28,2024-12-21T00:00:00Z,2025-03-26T00:00:00Z
ORD-00056,CUS-0341,2024-05-25,PROD-059,1,284.59,284.59,USD,debit_card,paid,delivered,express,TRACK-MGJCY4V8,2024-05-29,2024-05-29,2024-05-25T00:00:00Z,2025-02-02T00:00:00Z
ORD-00057,CUS-0484,2024-02-16,PROD-015,1,987.77,987.77,USD,debit_card,paid,delivered,standard,TRACK-4SGFDK0Q,2024-02-26,2024-02-28,2024-02-16T00:00:00Z,2024-11-05T00:00:00Z
ORD-00058,CUS-0680,2024-09-16,PROD-063,3,328.94,986.82,USD,bank_transfer,paid,out_for_delivery,standard,TRACK-KMSX54RJ,2024-09-25,,2024-09-16T00:00:00Z,2025-08-09T00:00:00Z
ORD-00059,CUS-0022,2025-02-24,PROD-019,2,1140.33,2280.66,USD,credit_card,paid,delivered,standard,TRACK-MBUZPHD7,2025-03-04,2025-03-04,2025-02-24T00:00:00Z,2025-11-29T00:00:00Z
ORD-00060,CUS-0921,2025-06-23,PROD-058,2,354.13,708.26,USD,paypal,paid,shipped,next_day,TRACK-MLV8JGUZ,2025-06-24,,2025-06-23T00:00:00Z,2025-07-24T00:00:00Z
ORD-00061,CUS-0444,2025-08-03,PROD-059,3,284.59,853.77,USD,credit_card,paid,shipped,standard,TRACK-RYQF8WXK,2025-08-10,,2025-08-03T00:00:00Z,2025-10-17T00:00:00Z
ORD-00062,CUS-0016,2024-02-11,PROD-059,2,284.59,569.18,USD,paypal,paid,shipped,express,TRACK-ERAM4BE5,2024-02-15,,2024-02-11T00:00:00Z,2025-09-07T00:00:00Z
ORD-00063,CUS-0159,2025-12-31,PROD-012,3,922.70,2768.10,USD,debit_card,paid,confirmed,next_day,TRACK-HVCHRM3W,2026-01-01,,2025-12-31T00:00:00Z,2026-01-01T00:00:00Z
ORD-00064,CUS-0991,2024-09-24,PROD-013,3,1278.38,3835.14,USD,credit_card,paid,delivered,standard,TRACK-UYLUYHET,2024-10-01,2024-10-03,2024-09-24T00:00:00Z,2025-02-23T00:00:00Z
ORD-00065,CUS-0581,2025-04-17,PROD-081,5,150.38,751.90,USD,debit_card,paid,processing,express,TRACK-DSYSYMMQ,2025-04-20,,2025-04-17T00:00:00Z,2025-05-01T00:00:00Z
ORD-00066,CUS-0935,2024-01-28,PROD-072,4,172.02,688.08,USD,credit_card,pending,placed,express,TRACK-62UNW65B,2024-01-31,,2024-01-28T00:00:00Z,2025-03-15T00:00:00Z
ORD-00067,CUS-0687,2025-04-18,PROD-001,5,2193.82,10969.10,USD,credit_card,paid,out_for_delivery,standard,TRACK-DJ9DV3UY,2025-04-23,,2025-04-18T00:00:00Z,2025-05-15T00:00:00Z
ORD-00068,CUS-0719,2025-06-12,PROD-027,2,795.29,1590.58,USD,credit_card,paid,delivered,express,TRACK-E6XFWZ73,2025-06-16,2025-06-17,2025-06-12T00:00:00Z,2025-06-29T00:00:00Z
ORD-00069,CUS-0001,2025-09-10,PROD-020,1,848.04,848.04,USD,paypal,paid,delivered,standard,TRACK-HR3PCEO9,2025-09-16,2025-09-18,2025-09-10T00:00:00Z,2025-12-06T00:00:00Z
ORD-00070,CUS-0450,2025-09-23,PROD-085,1,152.73,152.73,USD,credit_card,paid,out_for_delivery,next_day,TRACK-AF0ISZHR,2025-09-24,,2025-09-23T00:00:00Z,2025-12-17T00:00:00Z
ORD-00071,CUS-0103,2025-05-19,PROD-076,3,158.70,476.10,USD,credit_card,paid,delivered,express,TRACK-N2Q3FKEO,2025-05-23,2025-05-25,2025-05-19T00:00:00Z,2025-10-31T00:00:00Z
ORD-00072,CUS-0667,2025-09-26,PROD-085,4,152.73,610.92,USD,debit_card,paid,placed,standard,TRACK-Q0J9M4SM,2025-10-06,,2025-09-26T00:00:00Z,2025-11-14T00:00:00Z
ORD-00073,CUS-0526,2024-06-27,PROD-009,2,788.22,1576.44,USD,paypal,paid,shipped,next_day,TRACK-UQ4F2X7C,2024-06-28,,2024-06-27T00:00:00Z,2025-11-04T00:00:00Z
ORD-00074,CUS-0386,2025-09-12,PROD-061,2,118.46,236.92,USD,bank_transfer,paid,delivered,express,TRACK-1SEL8MWO,2025-09-14,2025-09-14,2025-09-12T00:00:00Z,2025-10-02T00:00:00Z
ORD-00075,CUS-0238,2025-11-12,PROD-013,1,1278.38,1278.38,USD,debit_card,paid,out_for_delivery,next_day,TRACK-R1930I6G,2025-11-13,,2025-11-12T00:00:00Z,2025-12-30T00:00:00Z
ORD-00076,CUS-0997,2024-03-06,PROD-054,1,511.50,511.50,USD,credit_card,paid,delivered,standard,TRACK-B0PNWBGD,2024-03-14,2024-03-17,2024-03-06T00:00:00Z,2025-12-18T00:00:00Z
ORD-00077,CUS-0588,2024-07-23,PROD-072,2,172.02,344.04,USD,credit_card,paid,shipped,express,TRACK-YI0PT2DA,2024-07-27,,2024-07-23T00:00:00Z,2025-02-16T00:00:00Z
ORD-00078,CUS-0035,2024-01-06,PROD-018,3,1487.38,4462.14,USD,debit_card,paid,delayed,express,TRACK-TCG06XR3,2024-01-10,,2024-01-06T00:00:00Z,2025-06-01T00:00:00Z
ORD-00079,CUS-0361,2025-09-25,PROD-046,5,67.55,337.75,USD,debit_card,refunded,cancelled,express,TRACK-PNCC2KEI,2025-09-29,,2025-09-25T00:00:00Z,2025-11-06T00:00:00Z
ORD-00080,CUS-0024,2024-10-23,PROD-029,3,868.72,2606.16,USD,paypal,paid,shipped,standard,TRACK-C58CU47S,2024-10-31,,2024-10-23T00:00:00Z,2024-11-21T00:00:00Z
ORD-00081,CUS-0560,2024-04-23,PROD-090,5,289.84,1449.20,USD,bank_transfer,paid,out_for_delivery,standard,TRACK-XBPH5CH3,2024-04-30,,2024-04-23T00:00:00Z,2024-06-25T00:00:00Z
ORD-00082,CUS-0242,2024-03-15,PROD-064,5,384.19,1920.95,USD,credit_card,refunded,returned,standard,TRACK-98VWCT8J,2024-03-20,2024-03-20,2024-03-15T00:00:00Z,2025-08-05T00:00:00Z
ORD-00083,CUS-0520,2025-10-27,PROD-029,3,868.72,2606.16,USD,paypal,paid,out_for_delivery,standard,TRACK-25I7A2HV,2025-11-04,,2025-10-27T00:00:00Z,2025-10-29T00:00:00Z
ORD-00084,CUS-0566,2024-02-23,PROD-062,4,282.17,1128.68,USD,credit_card,paid,delayed,next_day,TRACK-EZTEEW6M,2024-02-24,,2024-02-23T00:00:00Z,2025-05-15T00:00:00Z
ORD-00085,CUS-0941,2024-08-31,PROD-008,2,1441.53,2883.06,USD,credit_card,pending,placed,standard,TRACK-O13TB25I,2024-09-05,,2024-08-31T00:00:00Z,2024-09-29T00:00:00Z
ORD-00086,CUS-0130,2024-07-03,PROD-057,3,81.68,245.04,USD,credit_card,paid,placed,express,TRACK-XIKVRECJ,2024-07-07,,2024-07-03T00:00:00Z,2025-11-21T00:00:00Z
ORD-00087,CUS-0723,2024-12-31,PROD-095,2,106.35,212.70,USD,credit_card,paid,out_for_delivery,standard,TRACK-72KXSJZS,2025-01-05,,2024-12-31T00:00:00Z,2025-07-29T00:00:00Z
ORD-00088,CUS-0723,2025-05-12,PROD-080,3,255.93,767.79,USD,bank_transfer,pending,placed,express,TRACK-I0HN3F9Z,2025-05-16,,2025-05-12T00:00:00Z,2025-09-05T00:00:00Z
ORD-00089,CUS-0976,2024-01-22,PROD-015,4,987.77,3951.08,USD,credit_card,failed,cancelled,standard,TRACK-VK8C4NAN,2024-01-30,,2024-01-22T00:00:00Z,2024-09-07T00:00:00Z
ORD-00090,CUS-0211,2024-07-07,PROD-049,4,49.02,196.08,USD,bank_transfer,paid,delivered,next_day,TRACK-KTMAV676,2024-07-08,2024-07-09,2024-07-07T00:00:00Z,2024-08-04T00:00:00Z
ORD-00091,CUS-0350,2025-09-28,PROD-093,4,61.11,244.44,USD,debit_card,paid,cancelled,next_day,TRACK-13T87K9T,2025-09-29,,2025-09-28T00:00:00Z,2025-12-10T00:00:00Z
ORD-00092,CUS-0737,2025-06-15,PROD-073,3,114.42,343.26,USD,credit_card,paid,confirmed,standard,TRACK-Q9I6KYJ9,2025-06-24,,2025-06-15T00:00:00Z,2025-09-09T00:00:00Z
ORD-00093,CUS-0585,2024-02-09,PROD-051,5,450.36,2251.80,USD,debit_card,paid,shipped,standard,TRACK-X23VEULJ,2024-02-15,,2024-02-09T00:00:00Z,2025-05-27T00:00:00Z
ORD-00094,CUS-0018,2024-01-10,PROD-057,4,81.68,326.72,USD,credit_card,paid,placed,express,TRACK-WUOUC6T8,2024-01-13,,2024-01-10T00:00:00Z,2024-09-30T00:00:00Z
ORD-00095,CUS-0785,2024-09-22,PROD-036,4,341.40,1365.60,USD,credit_card,paid,confirmed,next_day,TRACK-G5XIXGSP,2024-09-23,,2024-09-22T00:00:00Z,2024-10-13T00:00:00Z
ORD-00096,CUS-0567,2024-08-21,PROD-092,1,102.76,102.76,USD,credit_card,partially_refunded,refunded,standard,TRACK-A44TBIDS,2024-08-26,2024-08-26,2024-08-21T00:00:00Z,2024-12-03T00:00:00Z
ORD-00097,CUS-0334,2025-01-15,PROD-074,4,76.36,305.44,USD,credit_card,paid,placed,standard,TRACK-FL2MOXQ9,2025-01-24,,2025-01-15T00:00:00Z,2025-04-07T00:00:00Z
ORD-00098,CUS-0378,2024-10-24,PROD-006,2,1049.94,2099.88,USD,paypal,refunded,returned,standard,TRACK-V3S2SUMH,2024-11-02,2024-11-02,2024-10-24T00:00:00Z,2025-10-30T00:00:00Z
ORD-00099,CUS-0154,2025-10-26,PROD-049,1,49.02,49.02,USD,credit_card,refunded,refunded,express,TRACK-SUTP04SB,2025-10-29,2025-11-01,2025-10-26T00:00:00Z,2025-11-29T00:00:00Z
ORD-00100,CUS-0200,2024-10-27,PROD-074,2,76.36,152.72,USD,debit_card,paid,shipped,international,TRACK-9IL9YQ8O,2024-11-08,,2024-10-27T00:00:00Z,2025-08-09T00:00:00Z
ORD-00101,CUS-0518,2025-01-05,PROD-010,4,1931.10,7724.40,USD,paypal,paid,delivered,express,TRACK-2I397I6Y,2025-01-09,2025-01-10,2025-01-05T00:00:00Z,2025-05-18T00:00:00Z
ORD-00102,CUS-0815,2024-12-15,PROD-037,3,290.16,870.48,USD,debit_card,paid,confirmed,express,TRACK-P9UW165A,2024-12-17,,2024-12-15T00:00:00Z,2025-04-28T00:00:00Z
ORD-00103,CUS-0784,2025-12-29,PROD-071,4,489.66,1958.64,USD,credit_card,paid,delivered,standard,TRACK-54AGCSTN,2025-12-31,2025-12-31,2025-12-29T00:00:00Z,2026-01-01T00:00:00Z
ORD-00104,CUS-0714,2024-09-04,PROD-072,3,172.02,516.06,USD,bank_transfer,paid,confirmed,standard,TRACK-VW9B0MQO,2024-09-12,,2024-09-04T00:00:00Z,2025-11-05T00:00:00Z
ORD-00105,CUS-0447,2025-05-03,PROD-038,2,302.64,605.28,USD,credit_card,paid,delivered,next_day,TRACK-167D6VNX,2025-05-04,2025-05-07,2025-05-03T00:00:00Z,2025-08-23T00:00:00Z
ORD-00106,CUS-0181,2025-08-25,PROD-066,3,77.92,233.76,USD,credit_card,refunded,refunded,standard,TRACK-KMU6U4PL,2025-09-01,2025-09-02,2025-08-25T00:00:00Z,2025-09-04T00:00:00Z
ORD-00107,CUS-0834,2024-08-03,PROD-095,4,106.35,425.40,USD,credit_card,paid,delivered,express,TRACK-5LMFKRIG,2024-08-06,2024-08-06,2024-08-03T00:00:00Z,2025-05-15T00:00:00Z
ORD-00108,CUS-0145,2024-07-30,PROD-013,5,1278.38,6391.90,USD,paypal,refunded,cancelled,standard,TRACK-VB6THR3N,2024-08-06,,2024-07-30T00:00:00Z,2025-10-09T00:00:00Z
ORD-00109,CUS-0750,2025-06-17,PROD-057,2,81.68,163.36,USD,credit_card,failed,cancelled,standard,TRACK-Z7E5RDEK,2025-06-27,,2025-06-17T00:00:00Z,2025-09-15T00:00:00Z
ORD-00110,CUS-0823,2024-08-15,PROD-011,1,1007.07,1007.07,USD,bank_transfer,paid,shipped,express,TRACK-MQ0YCY6B,2024-08-17,,2024-08-15T00:00:00Z,2025-09-25T00:00:00Z
ORD-00111,CUS-0534,2024-07-13,PROD-041,5,22.71,113.55,USD,debit_card,paid,delivered,next_day,TRACK-BWAEN7YJ,2024-07-14,2024-07-15,2024-07-13T00:00:00Z,2025-01-20T00:00:00Z
ORD-00112,CUS-0752,2024-10-16,PROD-064,2,384.19,768.38,USD,paypal,paid,processing,standard,TRACK-840ACUHG,2024-10-24,,2024-10-16T00:00:00Z,2025-02-27T00:00:00Z
ORD-00113,CUS-0629,2025-10-08,PROD-049,5,49.02,245.10,USD,paypal,paid,processing,standard,TRACK-RXGKIKR2,2025-10-16,,2025-10-08T00:00:00Z,2025-11-22T00:00:00Z
ORD-00114,CUS-0557,2024-10-29,PROD-062,1,282.17,282.17,USD,paypal,paid,processing,international,TRACK-1PQIPG8X,2024-11-19,,2024-10-29T00:00:00Z,2025-05-20T00:00:00Z
ORD-00115,CUS-0722,2025-05-10,PROD-017,4,657.92,2631.68,USD,debit_card,paid,delivered,next_day,TRACK-IKS62C1J,2025-05-11,2025-05-13,2025-05-10T00:00:00Z,2025-08-18T00:00:00Z
ORD-00116,CUS-0829,2025-03-11,PROD-057,4,81.68,326.72,USD,crypto,paid,shipped,standard,TRACK-J0M3LOUF,2025-03-17,,2025-03-11T00:00:00Z,2025-05-06T00:00:00Z
ORD-00117,CUS-0971,2025-09-17,PROD-079,3,363.45,1090.35,USD,credit_card,paid,confirmed,express,TRACK-A02DZ61T,2025-09-21,,2025-09-17T00:00:00Z,2025-11-22T00:00:00Z
ORD-00118,CUS-0216,2025-07-02,PROD-047,2,81.88,163.76,USD,bank_transfer,partially_refunded,refunded,next_day,TRACK-I26LH07B,2025-07-03,2025-07-03,2025-07-02T00:00:00Z,2025-11-13T00:00:00Z
ORD-00119,CUS-0105,2025-02-11,PROD-065,4,339.44,1357.76,USD,credit_card,paid,placed,standard,TRACK-AWYB03NO,2025-02-21,,2025-02-11T00:00:00Z,2025-03-26T00:00:00Z
ORD-00120,CUS-0079,2025-05-31,PROD-010,4,1931.10,7724.40,USD,debit_card,pending,placed,standard,TRACK-02GVLLSA,2025-06-07,,2025-05-31T00:00:00Z,2025-07-21T00:00:00Z
ORD-00121,CUS-0103,2025-11-02,PROD-034,5,347.18,1735.90,USD,bank_transfer,paid,out_for_delivery,standard,TRACK-PIOKKZSN,2025-11-10,,2025-11-02T00:00:00Z,2025-11-27T00:00:00Z
ORD-00122,CUS-0975,2025-07-13,PROD-048,1,127.33,127.33,USD,credit_card,paid,out_for_delivery,express,TRACK-9OINUXL3,2025-07-15,,2025-07-13T00:00:00Z,2025-12-03T00:00:00Z
ORD-00123,CUS-0174,2025-05-16,PROD-027,5,795.29,3976.45,USD,credit_card,paid,processing,standard,TRACK-O4S41CRO,2025-05-26,,2025-05-16T00:00:00Z,2025-12-15T00:00:00Z
ORD-00124,CUS-0155,2024-11-25,PROD-005,5,925.08,4625.40,USD,credit_card,paid,delivered,standard,TRACK-JHURR8IQ,2024-12-03,2024-12-03,2024-11-25T00:00:00Z,2025-06-30T00:00:00Z
ORD-00125,CUS-0717,2025-01-19,PROD-010,2,1931.10,3862.20,USD,debit_card,paid,delayed,standard,TRACK-SEH5E5RW,2025-01-28,,2025-01-19T00:00:00Z,2025-03-31T00:00:00Z
ORD-00126,CUS-0767,2025-03-04,PROD-071,4,489.66,1958.64,USD,debit_card,pending,placed,express,TRACK-9Z5JL6UF,2025-03-07,,2025-03-04T00:00:00Z,2025-06-16T00:00:00Z
ORD-00127,CUS-0823,2025-01-15,PROD-079,5,363.45,1817.25,USD,debit_card,paid,delivered,express,TRACK-Q77Z4ES3,2025-01-17,2025-01-19,2025-01-15T00:00:00Z,2025-04-16T00:00:00Z
ORD-00128,CUS-0154,2024-03-09,PROD-061,1,118.46,118.46,USD,credit_card,paid,shipped,standard,TRACK-HDQDWVCW,2024-03-15,,2024-03-09T00:00:00Z,2025-12-12T00:00:00Z
ORD-00129,CUS-0015,2024-10-08,PROD-025,3,499.30,1497.90,USD,bank_transfer,failed,cancelled,express,TRACK-0N17UXHV,2024-10-10,,2024-10-08T00:00:00Z,2025-01-26T00:00:00Z
ORD-00130,CUS-0287,2024-09-26,PROD-023,5,955.05,4775.25,USD,debit_card,paid,confirmed,express,TRACK-V1L1VJ35,2024-09-30,,2024-09-26T00:00:00Z,2025-01-11T00:00:00Z
ORD-00131,CUS-0173,2024-08-25,PROD-001,2,2193.82,4387.64,USD,credit_card,pending,placed,standard,TRACK-F5L6BSPX,2024-09-01,,2024-08-25T00:00:00Z,2025-05-08T00:00:00Z
ORD-00132,CUS-0779,2024-09-03,PROD-016,5,551.74,2758.70,USD,credit_card,paid,shipped,international,TRACK-NRLST548,2024-10-03,,2024-09-03T00:00:00Z,2025-09-02T00:00:00Z
ORD-00133,CUS-0147,2025-07-27,PROD-056,4,520.14,2080.56,USD,debit_card,paid,out_for_delivery,standard,TRACK-YUPMANQY,2025-08-06,,2025-07-27T00:00:00Z,2025-09-19T00:00:00Z
ORD-00134,CUS-0632,2024-07-14,PROD-072,4,172.02,688.08,USD,credit_card,paid,shipped,international,TRACK-9HMHVL66,2024-08-09,,2024-07-14T00:00:00Z,2025-04-19T00:00:00Z
ORD-00135,CUS-0035,2024-10-08,PROD-083,4,189.30,757.20,USD,debit_card,paid,shipped,next_day,TRACK-ZJCUBZQV,2024-10-09,,2024-10-08T00:00:00Z,2025-06-16T00:00:00Z
ORD-00136,CUS-0178,2025-10-25,PROD-061,5,118.46,592.30,USD,debit_card,refunded,cancelled,standard,TRACK-B6F05EP4,2025-10-30,,2025-10-25T00:00:00Z,2025-11-01T00:00:00Z
ORD-00137,CUS-0322,2025-07-11,PROD-013,3,1278.38,3835.14,USD,debit_card,refunded,refunded,next_day,TRACK-WA44LZ6V,2025-07-12,2025-07-14,2025-07-11T00:00:00Z,2025-07-14T00:00:00Z
ORD-00138,CUS-0964,2025-02-16,PROD-086,4,272.87,1091.48,USD,debit_card,paid,cancelled,standard,TRACK-C3S0DPJH,2025-02-25,,2025-02-16T00:00:00Z,2025-05-15T00:00:00Z
ORD-00139,CUS-0651,2024-01-04,PROD-096,3,93.24,279.72,USD,credit_card,paid,shipped,standard,TRACK-EQ4D7D7G,2024-01-09,,2024-01-04T00:00:00Z,2024-11-24T00:00:00Z
ORD-00140,CUS-0606,2024-01-21,PROD-081,2,150.38,300.76,USD,bank_transfer,paid,delayed,standard,TRACK-WQ57LY75,2024-01-31,,2024-01-21T00:00:00Z,2024-06-04T00:00:00Z
ORD-00141,CUS-0318,2025-01-23,PROD-007,3,2312.54,6937.62,USD,debit_card,paid,confirmed,standard,TRACK-UO4JH9JP,2025-01-28,,2025-01-23T00:00:00Z,2025-07-23T00:00:00Z
ORD-00142,CUS-0593,2024-12-23,PROD-047,5,81.88,409.40,USD,paypal,paid,out_for_delivery,next_day,TRACK-YG8VFU9P,2024-12-24,,2024-12-23T00:00:00Z,2025-12-07T00:00:00Z
ORD-00143,CUS-0816,2024-07-31,PROD-037,3,290.16,870.48,USD,debit_card,paid,delivered,express,TRACK-T0JSHHJ7,2024-08-04,2024-08-05,2024-07-31T00:00:00Z,2024-12-21T00:00:00Z
ORD-00144,CUS-0479,2024-11-26,PROD-076,3,158.70,476.10,USD,credit_card,paid,delivered,next_day,TRACK-VBZW5APM,2024-11-27,2024-11-27,2024-11-26T00:00:00Z,2025-05-28T00:00:00Z
ORD-00145,CUS-0314,2025-04-23,PROD-021,5,373.51,1867.55,USD,credit_card,paid,processing,standard,TRACK-PWVZ0RI0,2025-05-02,,2025-04-23T00:00:00Z,2025-08-24T00:00:00Z
ORD-00146,CUS-0695,2024-11-03,PROD-052,1,580.62,580.62,USD,paypal,refunded,refunded,international,TRACK-77DPJUVF,2024-11-18,2024-11-20,2024-11-03T00:00:00Z,2025-10-26T00:00:00Z
ORD-00147,CUS-0966,2024-07-22,PROD-068,5,296.26,1481.30,USD,credit_card,paid,delayed,standard,TRACK-X2BD2FMO,2024-07-30,,2024-07-22T00:00:00Z,2024-12-20T00:00:00Z
ORD-00148,CUS-0206,2024-11-04,PROD-023,3,955.05,2865.15,USD,paypal,pending,placed,standard,TRACK-P0FT1AFD,2024-11-13,,2024-11-04T00:00:00Z,2025-05-24T00:00:00Z
ORD-00149,CUS-0716,2025-04-28,PROD-028,4,249.80,999.20,USD,debit_card,paid,cancelled,standard,TRACK-1DE1E163,2025-05-08,,2025-04-28T00:00:00Z,2025-09-27T00:00:00Z
ORD-00150,CUS-0404,2024-03-14,PROD-069,3,271.07,813.21,USD,paypal,paid,out_for_delivery,next_day,TRACK-8A5GINSA,2024-03-15,,2024-03-14T00:00:00Z,2025-04-25T00:00:00Z
ORD-00151,CUS-0937,2025-10-23,PROD-010,2,1931.10,3862.20,USD,credit_card,paid,confirmed,standard,TRACK-BKDNGFLY,2025-10-31,,2025-10-23T00:00:00Z,2025-11-25T00:00:00Z
ORD-00152,CUS-0982,2024-07-02,PROD-054,2,511.50,1023.00,USD,credit_card,paid,shipped,express,TRACK-4QCYD52A,2024-07-05,,2024-07-02T00:00:00Z,2025-12-03T00:00:00Z
ORD-00153,CUS-0394,2025-04-10,PROD-088,1,191.92,191.92,USD,debit_card,paid,out_for_delivery,next_day,TRACK-O1KJWV2Q,2025-04-11,,2025-04-10T00:00:00Z,2025-12-08T00:00:00Z
ORD-00154,CUS-0730,2025-07-01,PROD-043,3,53.52,160.56,USD,debit_card,paid,confirmed,standard,TRACK-9TNYFM7V,2025-07-07,,2025-07-01T00:00:00Z,2025-12-05T00:00:00Z
ORD-00155,CUS-0746,2025-03-21,PROD-059,1,284.59,284.59,USD,debit_card,paid,out_for_delivery,standard,TRACK-ERN6YJMK,2025-03-26,,2025-03-21T00:00:00Z,2025-08-04T00:00:00Z
ORD-00156,CUS-0184,2024-12-31,PROD-038,4,302.64,1210.56,USD,credit_card,paid,placed,standard,TRACK-WVMB0IDD,2025-01-10,,2024-12-31T00:00:00Z,2025-11-20T00:00:00Z
ORD-00157,CUS-0506,2024-10-08,PROD-056,3,520.14,1560.42,USD,debit_card,refunded,refunded,next_day,TRACK-3UBLBV03,2024-10-09,2024-10-09,2024-10-08T00:00:00Z,2025-06-27T00:00:00Z
ORD-00158,CUS-0743,2024-12-11,PROD-011,3,1007.07,3021.21,USD,credit_card,paid,out_for_delivery,standard,TRACK-G0Z0C682,2024-12-20,,2024-12-11T00:00:00Z,2025-05-15T00:00:00Z
ORD-00159,CUS-0631,2025-07-06,PROD-066,2,77.92,155.84,USD,credit_card,paid,delivered,standard,TRACK-NR1P02JY,2025-07-15,2025-07-18,2025-07-06T00:00:00Z,2025-12-26T00:00:00Z
ORD-00160,CUS-0292,2024-01-06,PROD-035,4,297.43,1189.72,USD,credit_card,paid,processing,express,TRACK-XJQ2WDIZ,2024-01-08,,2024-01-06T00:00:00Z,2025-09-23T00:00:00Z
ORD-00161,CUS-0295,2025-12-30,PROD-094,5,179.49,897.45,USD,bank_transfer,paid,cancelled,express,TRACK-WLO7AMMP,2025-12-31,,2025-12-30T00:00:00Z,2025-12-31T00:00:00Z
ORD-00162,CUS-0216,2025-12-15,PROD-069,2,271.07,542.14,USD,credit_card,paid,delivered,standard,TRACK-OXUCR9C0,2025-12-24,2025-12-26,2025-12-15T00:00:00Z,2025-12-24T00:00:00Z
ORD-00163,CUS-0769,2025-04-07,PROD-041,4,22.71,90.84,USD,credit_card,pending,placed,express,TRACK-MP9A9URI,2025-04-11,,2025-04-07T00:00:00Z,2025-10-17T00:00:00Z
ORD-00164,CUS-0622,2024-04-09,PROD-016,4,551.74,2206.96,USD,paypal,paid,processing,standard,TRACK-UGF10OO1,2024-04-17,,2024-04-09T00:00:00Z,2025-01-19T00:00:00Z
ORD-00165,CUS-0328,2025-01-06,PROD-099,1,110.41,110.41,USD,credit_card,paid,delivered,next_day,TRACK-81LTO4RQ,2025-01-07,2025-01-10,2025-01-06T00:00:00Z,2025-04-06T00:00:00Z
ORD-00166,CUS-0410,2024-01-04,PROD-037,5,290.16,1450.80,USD,credit_card,failed,cancelled,next_day,TRACK-G6NX9OWW,2024-01-05,,2024-01-04T00:00:00Z,2025-09-19T00:00:00Z
ORD-00167,CUS-0635,2024-03-23,PROD-065,5,339.44,1697.20,USD,paypal,paid,delivered,express,TRACK-8LIUQDN0,2024-03-27,2024-03-30,2024-03-23T00:00:00Z,2025-08-28T00:00:00Z
ORD-00168,CUS-0885,2024-06-14,PROD-025,4,499.30,1997.20,USD,paypal,paid,shipped,standard,TRACK-G77LK6HQ,2024-06-20,,2024-06-14T00:00:00Z,2025-09-11T00:00:00Z
ORD-00169,CUS-0248,2025-04-17,PROD-023,5,955.05,4775.25,USD,debit_card,paid,delivered,express,TRACK-456IZC0Y,2025-04-20,2025-04-23,2025-04-17T00:00:00Z,2025-05-23T00:00:00Z
ORD-00170,CUS-0802,2024-09-23,PROD-054,5,511.50,2557.50,USD,debit_card,paid,confirmed,international,TRACK-V9ZP3C33,2024-10-04,,2024-09-23T00:00:00Z,2025-04-15T00:00:00Z
ORD-00171,CUS-0734,2025-10-06,PROD-066,4,77.92,311.68,USD,credit_card,paid,out_for_delivery,standard,TRACK-D41U2ZNX,2025-10-12,,2025-10-06T00:00:00Z,2025-12-06T00:00:00Z
ORD-00172,CUS-0216,2024-04-09,PROD-034,3,347.18,1041.54,USD,paypal,paid,delivered,standard,TRACK-QZ11MYLQ,2024-04-16,2024-04-18,2024-04-09T00:00:00Z,2024-05-15T00:00:00Z
ORD-00173,CUS-0780,2024-05-31,PROD-018,5,1487.38,7436.90,USD,credit_card,paid,shipped,standard,TRACK-5UZLZUKZ,2024-06-10,,2024-05-31T00:00:00Z,2024-11-05T00:00:00Z
ORD-00174,CUS-0762,2024-05-11,PROD-089,2,304.67,609.34,USD,debit_card,paid,delivered,standard,TRACK-JI4UFANS,2024-05-20,2024-05-23,2024-05-11T00:00:00Z,2024-11-01T00:00:00Z
ORD-00175,CUS-0996,2025-10-21,PROD-045,2,111.96,223.92,USD,credit_card,paid,delivered,express,TRACK-LN5RGSG6,2025-10-23,2025-10-23,2025-10-21T00:00:00Z,2025-11-18T00:00:00Z
ORD-00176,CUS-0317,2024-08-17,PROD-027,2,795.29,1590.58,USD,credit_card,paid,shipped,international,TRACK-0EHRUWA0,2024-09-12,,2024-08-17T00:00:00Z,2025-08-31T00:00:00Z
ORD-00177,CUS-0208,2025-11-11,PROD-047,1,81.88,81.88,USD,paypal,paid,shipped,standard,TRACK-8SJ84TC2,2025-11-19,,2025-11-11T00:00:00Z,2025-12-14T00:00:00Z
ORD-00178,CUS-0254,2024-09-19,PROD-032,2,126.22,252.44,USD,credit_card,paid,delivered,next_day,TRACK-4IZG9JJ0,2024-09-20,2024-09-20,2024-09-19T00:00:00Z,2025-06-13T00:00:00Z
ORD-00179,CUS-0311,2024-07-31,PROD-008,2,1441.53,2883.06,USD,debit_card,paid,processing,international,TRACK-UQT2LWHE,2024-08-12,,2024-07-31T00:00:00Z,2025-02-18T00:00:00Z
ORD-00180,CUS-0103,2025-08-26,PROD-070,2,55.18,110.36,USD,credit_card,paid,delivered,standard,TRACK-UU5E51H3,2025-09-04,2025-09-07,2025-08-26T00:00:00Z,2025-10-29T00:00:00Z
ORD-00181,CUS-0773,2025-09-07,PROD-053,3,574.29,1722.87,USD,credit_card,paid,out_for_delivery,standard,TRACK-LRKXJTMY,2025-09-16,,2025-09-07T00:00:00Z,2025-11-26T00:00:00Z
ORD-00182,CUS-0451,2024-07-05,PROD-015,4,987.77,3951.08,USD,credit_card,paid,placed,express,TRACK-FCPK7PWT,2024-07-07,,2024-07-05T00:00:00Z,2024-10-24T00:00:00Z
ORD-00183,CUS-0782,2024-08-06,PROD-030,3,342.95,1028.85,USD,credit_card,paid,delivered,standard,TRACK-1QY7HYLG,2024-08-14,2024-08-15,2024-08-06T00:00:00Z,2025-01-13T00:00:00Z
ORD-00184,CUS-0334,2025-04-30,PROD-067,5,317.35,1586.75,USD,debit_card,paid,delayed,international,TRACK-0IJ74NL0,2025-05-20,,2025-04-30T00:00:00Z,2025-07-17T00:00:00Z
ORD-00185,CUS-0436,2025-02-06,PROD-073,4,114.42,457.68,USD,credit_card,paid,placed,standard,TRACK-8M291AZH,2025-02-16,,2025-02-06T00:00:00Z,2025-07-06T00:00:00Z
ORD-00186,CUS-0853,2024-01-25,PROD-048,3,127.33,381.99,USD,bank_transfer,paid,out_for_delivery,standard,TRACK-LUHHS4DI,2024-02-01,,2024-01-25T00:00:00Z,2025-05-30T00:00:00Z
ORD-00187,CUS-0965,2025-08-30,PROD-093,4,61.11,244.44,USD,credit_card,refunded,refunded,international,TRACK-XY6RKVND,2025-09-29,2025-10-01,2025-08-30T00:00:00Z,2025-11-06T00:00:00Z
ORD-00188,CUS-0379,2024-10-18,PROD-057,1,81.68,81.68,USD,credit_card,paid,out_for_delivery,international,TRACK-C9035VUU,2024-11-11,,2024-10-18T00:00:00Z,2025-04-03T00:00:00Z
ORD-00189,CUS-0587,2025-11-07,PROD-070,3,55.18,165.54,USD,credit_card,paid,delivered,standard,TRACK-YF15Z08N,2025-11-15,2025-11-16,2025-11-07T00:00:00Z,2025-11-27T00:00:00Z
ORD-00190,CUS-0480,2025-04-16,PROD-030,3,342.95,1028.85,USD,credit_card,paid,shipped,next_day,TRACK-8JV7FXP3,2025-04-17,,2025-04-16T00:00:00Z,2025-05-16T00:00:00Z
ORD-00191,CUS-0935,2025-01-17,PROD-066,1,77.92,77.92,USD,debit_card,paid,delivered,standard,TRACK-85LTKMCC,2025-01-22,2025-01-22,2025-01-17T00:00:00Z,2025-04-08T00:00:00Z
ORD-00192,CUS-0818,2024-03-30,PROD-066,5,77.92,389.60,USD,debit_card,refunded,returned,international,TRACK-CY3Q69FL,2024-04-14,2024-04-16,2024-03-30T00:00:00Z,2025-09-21T00:00:00Z
ORD-00193,CUS-0800,2025-03-18,PROD-089,1,304.67,304.67,USD,debit_card,paid,out_for_delivery,standard,TRACK-A3AIPJIY,2025-03-25,,2025-03-18T00:00:00Z,2025-11-07T00:00:00Z
ORD-00194,CUS-0670,2024-07-24,PROD-086,5,272.87,1364.35,USD,credit_card,refunded,returned,standard,TRACK-1HGAV42T,2024-07-29,2024-07-31,2024-07-24T00:00:00Z,2025-03-16T00:00:00Z
ORD-00195,CUS-0674,2024-07-25,PROD-027,3,795.29,2385.87,USD,debit_card,paid,confirmed,standard,TRACK-I71A57E8,2024-07-30,,2024-07-25T00:00:00Z,2025-02-23T00:00:00Z
ORD-00196,CUS-0390,2025-04-02,PROD-007,4,2312.54,9250.16,USD,credit_card,paid,shipped,standard,TRACK-1VE8SUSF,2025-04-08,,2025-04-02T00:00:00Z,2025-12-08T00:00:00Z
ORD-00197,CUS-0759,2025-01-01,PROD-078,3,251.87,755.61,USD,credit_card,paid,out_for_delivery,standard,TRACK-92MJEQA2,2025-01-09,,2025-01-01T00:00:00Z,2025-07-01T00:00:00Z
ORD-00198,CUS-0370,2024-03-07,PROD-040,4,337.08,1348.32,USD,credit_card,partially_refunded,refunded,standard,TRACK-9DXOQ8JX,2024-03-14,2024-03-14,2024-03-07T00:00:00Z,2024-11-16T00:00:00Z
ORD-00199,CUS-0182,2024-01-10,PROD-073,2,114.42,228.84,USD,credit_card,paid,delivered,standard,TRACK-Z1C25XNO,2024-01-16,2024-01-19,2024-01-10T00:00:00Z,2024-07-06T00:00:00Z
ORD-00200,CUS-0959,2024-06-04,PROD-067,2,317.35,634.70,USD,credit_card,paid,shipped,standard,TRACK-2BHON4WB,2024-06-09,,2024-06-04T00:00:00Z,2024-07-03T00:00:00Z
ORD-00201,CUS-0911,2024-02-05,PROD-061,2,118.46,236.92,USD,debit_card,refunded,returned,express,TRACK-NVSFA6D9,2024-02-07,2024-02-10,2024-02-05T00:00:00Z,2025-04-05T00:00:00Z
ORD-00202,CUS-0877,2025-03-26,PROD-069,2,271.07,542.14,USD,debit_card,paid,cancelled,standard,TRACK-LQ6EXNWZ,2025-04-03,,2025-03-26T00:00:00Z,2025-07-04T00:00:00Z
ORD-00203,CUS-0129,2025-06-11,PROD-029,2,868.72,1737.44,USD,credit_card,refunded,cancelled,standard,TRACK-X0ZKWIJ0,2025-06-18,,2025-06-11T00:00:00Z,2025-12-09T00:00:00Z
ORD-00204,CUS-0998,2025-11-15,PROD-060,5,420.27,2101.35,USD,paypal,paid,delivered,express,TRACK-9J6LNF04,2025-11-19,2025-11-22,2025-11-15T00:00:00Z,2025-11-18T00:00:00Z
ORD-00205,CUS-0814,2024-07-05,PROD-026,1,295.00,295.00,USD,debit_card,paid,confirmed,standard,TRACK-4IOAR4G5,2024-07-14,,2024-07-05T00:00:00Z,2025-10-10T00:00:00Z
ORD-00206,CUS-0220,2025-09-28,PROD-059,3,284.59,853.77,USD,paypal,paid,delivered,standard,TRACK-0XSM9GM5,2025-10-07,2025-10-10,2025-09-28T00:00:00Z,2025-10-10T00:00:00Z
ORD-00207,CUS-0685,2025-06-15,PROD-044,3,26.86,80.58,USD,credit_card,paid,placed,express,TRACK-X8EIQETK,2025-06-18,,2025-06-15T00:00:00Z,2025-10-08T00:00:00Z
ORD-00208,CUS-0447,2024-03-25,PROD-071,5,489.66,2448.30,USD,debit_card,paid,processing,express,TRACK-H4HA0MVF,2024-03-29,,2024-03-25T00:00:00Z,2024-05-12T00:00:00Z
ORD-00209,CUS-0820,2025-01-06,PROD-069,5,271.07,1355.35,USD,paypal,paid,processing,express,TRACK-GFYW4I7Z,2025-01-10,,2025-01-06T00:00:00Z,2025-08-11T00:00:00Z
ORD-00210,CUS-0879,2024-10-12,PROD-026,1,295.00,295.00,USD,credit_card,partially_refunded,refunded,standard,TRACK-OSPRLZKC,2024-10-22,2024-10-24,2024-10-12T00:00:00Z,2025-10-22T00:00:00Z
ORD-00211,CUS-0628,2024-03-09,PROD-077,1,484.12,484.12,USD,paypal,paid,delayed,standard,TRACK-F3138I2X,2024-03-17,,2024-03-09T00:00:00Z,2024-09-23T00:00:00Z
ORD-00212,CUS-0255,2024-03-13,PROD-045,2,111.96,223.92,USD,debit_card,partially_refunded,refunded,standard,TRACK-6E07FPY1,2024-03-18,2024-03-18,2024-03-13T00:00:00Z,2025-01-25T00:00:00Z
ORD-00213,CUS-0537,2025-10-05,PROD-014,5,474.04,2370.20,USD,credit_card,paid,out_for_delivery,next_day,TRACK-P3TVF51Z,2025-10-06,,2025-10-05T00:00:00Z,2025-10-10T00:00:00Z
ORD-00214,CUS-0391,2024-04-25,PROD-033,4,249.21,996.84,USD,debit_card,paid,out_for_delivery,standard,TRACK-5Y21ID9V,2024-05-04,,2024-04-25T00:00:00Z,2024-12-28T00:00:00Z
ORD-00215,CUS-0891,2025-05-21,PROD-086,4,272.87,1091.48,USD,credit_card,paid,out_for_delivery,next_day,TRACK-D1406XLY,2025-05-22,,2025-05-21T00:00:00Z,2025-08-20T00:00:00Z
ORD-00216,CUS-0086,2024-04-13,PROD-002,4,2846.71,11386.84,USD,debit_card,paid,processing,express,TRACK-HPJ93RVU,2024-04-17,,2024-04-13T00:00:00Z,2025-05-09T00:00:00Z
ORD-00217,CUS-0044,2024-04-20,PROD-078,5,251.87,1259.35,USD,credit_card,paid,cancelled,standard,TRACK-UE1MY6PO,2024-04-30,,2024-04-20T00:00:00Z,2025-04-10T00:00:00Z
ORD-00218,CUS-0663,2025-04-16,PROD-057,5,81.68,408.40,USD,credit_card,refunded,cancelled,express,TRACK-3W1YAUA8,2025-04-18,,2025-04-16T00:00:00Z,2025-11-13T00:00:00Z
ORD-00219,CUS-0822,2025-04-12,PROD-004,3,2579.89,7739.67,USD,credit_card,paid,shipped,next_day,TRACK-M9IQBQ9J,2025-04-13,,2025-04-12T00:00:00Z,2025-07-28T00:00:00Z
ORD-00220,CUS-0572,2025-07-14,PROD-099,3,110.41,331.23,USD,credit_card,paid,delivered,international,TRACK-M344MW04,2025-07-31,2025-08-02,2025-07-14T00:00:00Z,2025-08-08T00:00:00Z
ORD-00221,CUS-0937,2024-04-02,PROD-093,4,61.11,244.44,USD,credit_card,paid,shipped,express,TRACK-X1H4RMPN,2024-04-04,,2024-04-02T00:00:00Z,2025-02-26T00:00:00Z
ORD-00222,CUS-0017,2024-07-13,PROD-015,5,987.77,4938.85,USD,paypal,paid,shipped,express,TRACK-ZU1TOZHD,2024-07-17,,2024-07-13T00:00:00Z,2025-08-31T00:00:00Z
ORD-00223,CUS-0873,2024-05-29,PROD-034,3,347.18,1041.54,USD,debit_card,paid,delivered,express,TRACK-EN4052W8,2024-06-01,2024-06-02,2024-05-29T00:00:00Z,2024-07-09T00:00:00Z
ORD-00224,CUS-0252,2024-06-07,PROD-071,3,489.66,1468.98,USD,paypal,pending,placed,next_day,TRACK-9IIXHAIA,2024-06-08,,2024-06-07T00:00:00Z,2025-10-14T00:00:00Z
ORD-00225,CUS-0859,2025-02-28,PROD-057,5,81.68,408.40,USD,debit_card,paid,delivered,express,TRACK-GGSOU6NJ,2025-03-03,2025-03-05,2025-02-28T00:00:00Z,2025-09-05T00:00:00Z
ORD-00226,CUS-0374,2024-11-23,PROD-031,5,88.52,442.60,USD,debit_card,paid,shipped,next_day,TRACK-E49ITE92,2024-11-24,,2024-11-23T00:00:00Z,2025-11-20T00:00:00Z
ORD-00227,CUS-0488,2024-11-17,PROD-069,1,271.07,271.07,USD,debit_card,paid,cancelled,standard,TRACK-ZZXT9QUB,2024-11-26,,2024-11-17T00:00:00Z,2025-07-29T00:00:00Z
ORD-00228,CUS-0606,2024-03-07,PROD-056,2,520.14,1040.28,USD,bank_transfer,paid,placed,express,TRACK-X6RZCM8J,2024-03-10,,2024-03-07T00:00:00Z,2024-04-04T00:00:00Z
ORD-00229,CUS-0731,2025-05-17,PROD-077,4,484.12,1936.48,USD,crypto,paid,delivered,standard,TRACK-9HQTYLU5,2025-05-25,2025-05-26,2025-05-17T00:00:00Z,2025-10-02T00:00:00Z
ORD-00230,CUS-0698,2024-11-18,PROD-076,1,158.70,158.70,USD,credit_card,refunded,refunded,next_day,TRACK-1V1CCOFH,2024-11-19,2024-11-20,2024-11-18T00:00:00Z,2024-12-03T00:00:00Z
ORD-00231,CUS-0665,2024-05-02,PROD-064,3,384.19,1152.57,USD,bank_transfer,paid,placed,express,TRACK-ZY2NR4GL,2024-05-04,,2024-05-02T00:00:00Z,2025-07-16T00:00:00Z
ORD-00232,CUS-0901,2025-05-26,PROD-033,1,249.21,249.21,USD,paypal,paid,processing,express,TRACK-HMXCQDJ5,2025-05-28,,2025-05-26T00:00:00Z,2025-06-10T00:00:00Z
ORD-00233,CUS-0700,2024-04-07,PROD-048,2,127.33,254.66,USD,credit_card,pending,placed,standard,TRACK-LL2UNCGW,2024-04-15,,2024-04-07T00:00:00Z,2025-10-07T00:00:00Z
ORD-00234,CUS-0224,2024-04-09,PROD-045,2,111.96,223.92,USD,credit_card,paid,delivered,express,TRACK-GP41S3QW,2024-04-13,2024-04-13,2024-04-09T00:00:00Z,2025-02-01T00:00:00Z
ORD-00235,CUS-0111,2025-11-30,PROD-045,2,111.96,223.92,USD,credit_card,paid,delivered,standard,TRACK-6RV9777T,2025-12-08,2025-12-11,2025-11-30T00:00:00Z,2025-12-04T00:00:00Z
ORD-00236,CUS-0347,2025-01-09,PROD-032,2,126.22,252.44,USD,credit_card,paid,processing,express,TRACK-GOM6736Z,2025-01-13,,2025-01-09T00:00:00Z,2025-10-02T00:00:00Z
ORD-00237,CUS-0094,2025-11-01,PROD-085,3,152.73,458.19,USD,credit_card,partially_refunded,returned,international,TRACK-THLQH7PP,2025-11-13,2025-11-16,2025-11-01T00:00:00Z,2025-12-02T00:00:00Z
ORD-00238,CUS-0107,2025-07-28,PROD-042,4,22.38,89.52,USD,paypal,paid,delivered,standard,TRACK-R2KYB3GD,2025-08-06,2025-08-07,2025-07-28T00:00:00Z,2025-10-16T00:00:00Z
ORD-00239,CUS-0757,2025-07-01,PROD-007,1,2312.54,2312.54,USD,paypal,paid,placed,standard,TRACK-G8B350SG,2025-07-08,,2025-07-01T00:00:00Z,2025-12-26T00:00:00Z
ORD-00240,CUS-0046,2024-04-11,PROD-028,4,249.80,999.20,USD,credit_card,refunded,refunded,next_day,TRACK-LZRUWBN6,2024-04-12,2024-04-12,2024-04-11T00:00:00Z,2024-04-15T00:00:00Z
ORD-00241,CUS-0927,2025-11-06,PROD-031,3,88.52,265.56,USD,credit_card,partially_refunded,refunded,standard,TRACK-N4BFIY5P,2025-11-15,2025-11-17,2025-11-06T00:00:00Z,2026-01-01T00:00:00Z
ORD-00242,CUS-0670,2024-10-06,PROD-095,4,106.35,425.40,USD,credit_card,paid,delivered,express,TRACK-3N4G2JAY,2024-10-08,2024-10-11,2024-10-06T00:00:00Z,2025-09-10T00:00:00Z
ORD-00243,CUS-0707,2024-03-13,PROD-029,1,868.72,868.72,USD,credit_card,paid,confirmed,express,TRACK-CTG08ZZK,2024-03-16,,2024-03-13T00:00:00Z,2025-10-17T00:00:00Z
ORD-00244,CUS-0268,2024-05-02,PROD-014,4,474.04,1896.16,USD,credit_card,refunded,cancelled,standard,TRACK-TRE9QDI3,2024-05-08,,2024-05-02T00:00:00Z,2024-07-10T00:00:00Z
ORD-00245,CUS-0248,2025-09-22,PROD-056,3,520.14,1560.42,USD,credit_card,paid,out_for_delivery,standard,TRACK-P1XS910B,2025-09-27,,2025-09-22T00:00:00Z,2025-11-04T00:00:00Z
ORD-00246,CUS-0881,2024-06-28,PROD-033,3,249.21,747.63,USD,credit_card,paid,out_for_delivery,next_day,TRACK-CN8SIWMZ,2024-06-29,,2024-06-28T00:00:00Z,2025-09-22T00:00:00Z
ORD-00247,CUS-0072,2025-09-08,PROD-032,5,126.22,631.10,USD,debit_card,paid,shipped,standard,TRACK-F8CYOTWG,2025-09-15,,2025-09-08T00:00:00Z,2025-09-12T00:00:00Z
ORD-00248,CUS-0147,2025-12-01,PROD-014,2,474.04,948.08,USD,paypal,pending,placed,express,TRACK-CNU41BTA,2025-12-04,,2025-12-01T00:00:00Z,2025-12-25T00:00:00Z
ORD-00249,CUS-0290,2025-09-22,PROD-088,4,191.92,767.68,USD,credit_card,paid,out_for_delivery,international,TRACK-IRJ9WR6Q,2025-10-13,,2025-09-22T00:00:00Z,2025-10-10T00:00:00Z
ORD-00250,CUS-0294,2024-06-27,PROD-082,4,235.36,941.44,USD,credit_card,refunded,refunded,standard,TRACK-0PKBO549,2024-07-03,2024-07-05,2024-06-27T00:00:00Z,2025-08-16T00:00:00Z
ORD-00251,CUS-0432,2025-04-16,PROD-054,4,511.50,2046.00,USD,paypal,paid,out_for_delivery,standard,TRACK-QMXETIZU,2025-04-26,,2025-04-16T00:00:00Z,2025-10-19T00:00:00Z
ORD-00252,CUS-0922,2025-07-15,PROD-060,4,420.27,1681.08,USD,credit_card,paid,shipped,standard,TRACK-HFDXK31W,2025-07-20,,2025-07-15T00:00:00Z,2025-09-08T00:00:00Z
ORD-00253,CUS-0346,2024-06-09,PROD-071,4,489.66,1958.64,USD,paypal,partially_refunded,returned,standard,TRACK-7AHUG9Y1,2024-06-19,2024-06-22,2024-06-09T00:00:00Z,2024-12-28T00:00:00Z
ORD-00254,CUS-0155,2024-11-20,PROD-053,4,574.29,2297.16,USD,credit_card,paid,processing,next_day,TRACK-E7L7W05Y,2024-11-21,,2024-11-20T00:00:00Z,2025-01-02T00:00:00Z
ORD-00255,CUS-0022,2024-02-24,PROD-002,3,2846.71,8540.13,USD,credit_card,failed,cancelled,standard,TRACK-HFH4N6V3,2024-03-03,,2024-02-24T00:00:00Z,2024-08-21T00:00:00Z
ORD-00256,CUS-0297,2024-04-13,PROD-039,5,482.81,2414.05,USD,credit_card,paid,confirmed,standard,TRACK-FE6OUWZK,2024-04-19,,2024-04-13T00:00:00Z,2024-09-10T00:00:00Z
ORD-00257,CUS-0932,2024-04-09,PROD-057,1,81.68,81.68,USD,credit_card,paid,confirmed,standard,TRACK-RR1V9NPU,2024-04-17,,2024-04-09T00:00:00Z,2025-08-25T00:00:00Z
ORD-00258,CUS-0970,2025-08-03,PROD-086,3,272.87,818.61,USD,credit_card,refunded,returned,standard,TRACK-CEKOF92Y,2025-08-13,2025-08-15,2025-08-03T00:00:00Z,2025-08-24T00:00:00Z
ORD-00259,CUS-0364,2025-05-21,PROD-078,1,251.87,251.87,USD,paypal,paid,delivered,express,TRACK-PG4GKS6R,2025-05-23,2025-05-23,2025-05-21T00:00:00Z,2025-07-21T00:00:00Z
ORD-00260,CUS-0718,2024-09-26,PROD-040,4,337.08,1348.32,USD,credit_card,partially_refunded,refunded,standard,TRACK-J9XXLB57,2024-10-01,2024-10-01,2024-09-26T00:00:00Z,2025-04-08T00:00:00Z
ORD-00261,CUS-0205,2025-01-24,PROD-061,4,118.46,473.84,USD,credit_card,paid,placed,next_day,TRACK-NNS9PZEM,2025-01-25,,2025-01-24T00:00:00Z,2025-11-02T00:00:00Z
ORD-00262,CUS-0198,2024-10-15,PROD-063,3,328.94,986.82,USD,credit_card,paid,placed,next_day,TRACK-DXLSE33D,2024-10-16,,2024-10-15T00:00:00Z,2025-01-13T00:00:00Z
ORD-00263,CUS-0383,2024-06-06,PROD-009,5,788.22,3941.10,USD,paypal,refunded,cancelled,standard,TRACK-AA35WFW5,2024-06-14,,2024-06-06T00:00:00Z,2025-05-10T00:00:00Z
ORD-00264,CUS-0805,2024-04-18,PROD-086,5,272.87,1364.35,USD,credit_card,paid,confirmed,next_day,TRACK-E77GZDPY,2024-04-19,,2024-04-18T00:00:00Z,2024-06-08T00:00:00Z
ORD-00265,CUS-0735,2025-01-31,PROD-011,3,1007.07,3021.21,USD,credit_card,paid,delivered,standard,TRACK-RH9VGKY5,2025-02-05,2025-02-08,2025-01-31T00:00:00Z,2025-10-17T00:00:00Z
ORD-00266,CUS-0007,2024-06-29,PROD-011,2,1007.07,2014.14,USD,paypal,paid,shipped,express,TRACK-UGE1G41I,2024-07-02,,2024-06-29T00:00:00Z,2025-04-28T00:00:00Z
ORD-00267,CUS-0616,2025-06-02,PROD-053,3,574.29,1722.87,USD,debit_card,paid,processing,standard,TRACK-30TX8J1C,2025-06-07,,2025-06-02T00:00:00Z,2025-08-29T00:00:00Z
ORD-00268,CUS-0925,2024-03-02,PROD-094,5,179.49,897.45,USD,paypal,paid,delayed,express,TRACK-C1ZA0DV6,2024-03-05,,2024-03-02T00:00:00Z,2025-11-12T00:00:00Z
ORD-00269,CUS-0695,2025-08-05,PROD-009,3,788.22,2364.66,USD,credit_card,paid,delivered,standard,TRACK-Q0RR1L9G,2025-08-14,2025-08-15,2025-08-05T00:00:00Z,2025-11-03T00:00:00Z
ORD-00270,CUS-0420,2025-04-17,PROD-060,3,420.27,1260.81,USD,debit_card,partially_refunded,returned,express,TRACK-5QF0N852,2025-04-20,2025-04-21,2025-04-17T00:00:00Z,2025-10-21T00:00:00Z
ORD-00271,CUS-0015,2025-11-08,PROD-056,2,520.14,1040.28,USD,credit_card,paid,confirmed,standard,TRACK-HARJHRF3,2025-11-17,,2025-11-08T00:00:00Z,2025-11-22T00:00:00Z
ORD-00272,CUS-0195,2025-09-13,PROD-063,4,328.94,1315.76,USD,debit_card,paid,out_for_delivery,standard,TRACK-RXMD8ZVF,2025-09-22,,2025-09-13T00:00:00Z,2025-12-24T00:00:00Z
ORD-00273,CUS-0222,2025-05-17,PROD-054,1,511.50,511.50,USD,paypal,refunded,refunded,standard,TRACK-WYPEEK03,2025-05-23,2025-05-25,2025-05-17T00:00:00Z,2025-09-15T00:00:00Z
ORD-00274,CUS-0065,2025-04-02,PROD-003,3,986.69,2960.07,USD,paypal,paid,out_for_delivery,standard,TRACK-8Y66W6RK,2025-04-09,,2025-04-02T00:00:00Z,2025-09-18T00:00:00Z
ORD-00275,CUS-0716,2024-05-10,PROD-025,3,499.30,1497.90,USD,credit_card,paid,delayed,express,TRACK-8IVI3RQA,2024-05-14,,2024-05-10T00:00:00Z,2025-06-07T00:00:00Z
ORD-00276,CUS-0769,2025-09-30,PROD-019,3,1140.33,3420.99,USD,debit_card,paid,placed,express,TRACK-V68JQ12J,2025-10-02,,2025-09-30T00:00:00Z,2025-10-07T00:00:00Z
ORD-00277,CUS-0486,2024-08-16,PROD-032,1,126.22,126.22,USD,credit_card,paid,shipped,express,TRACK-RFJL9VT3,2024-08-20,,2024-08-16T00:00:00Z,2025-12-19T00:00:00Z
ORD-00278,CUS-0946,2025-09-11,PROD-077,1,484.12,484.12,USD,credit_card,paid,shipped,standard,TRACK-0H2K2P3A,2025-09-18,,2025-09-11T00:00:00Z,2025-09-29T00:00:00Z
ORD-00279,CUS-0304,2024-01-30,PROD-004,4,2579.89,10319.56,USD,credit_card,paid,placed,international,TRACK-6FWTV1DJ,2024-02-17,,2024-01-30T00:00:00Z,2025-10-12T00:00:00Z
ORD-00280,CUS-0465,2024-06-15,PROD-037,5,290.16,1450.80,USD,credit_card,paid,confirmed,standard,TRACK-E5TNLZTW,2024-06-25,,2024-06-15T00:00:00Z,2025-07-25T00:00:00Z
ORD-00281,CUS-0183,2025-09-19,PROD-042,1,22.38,22.38,USD,debit_card,paid,delivered,standard,TRACK-UU5CZECC,2025-09-25,2025-09-25,2025-09-19T00:00:00Z,2025-10-09T00:00:00Z
ORD-00282,CUS-0963,2024-08-28,PROD-092,1,102.76,102.76,USD,paypal,paid,delayed,standard,TRACK-MO1RTSXO,2024-09-03,,2024-08-28T00:00:00Z,2025-10-23T00:00:00Z
ORD-00283,CUS-0092,2025-04-04,PROD-027,2,795.29,1590.58,USD,credit_card,paid,confirmed,standard,TRACK-ICYAXZRB,2025-04-10,,2025-04-04T00:00:00Z,2025-06-13T00:00:00Z
ORD-00284,CUS-0513,2024-11-26,PROD-041,4,22.71,90.84,USD,credit_card,paid,delayed,next_day,TRACK-OSKAZOCH,2024-11-27,,2024-11-26T00:00:00Z,2025-03-12T00:00:00Z
ORD-00285,CUS-0236,2025-05-18,PROD-075,1,343.41,343.41,USD,credit_card,paid,shipped,standard,TRACK-UN6FHT60,2025-05-25,,2025-05-18T00:00:00Z,2025-10-07T00:00:00Z
ORD-00286,CUS-0384,2025-02-01,PROD-066,2,77.92,155.84,USD,crypto,paid,cancelled,standard,TRACK-MLJEKBVX,2025-02-10,,2025-02-01T00:00:00Z,2025-08-27T00:00:00Z
ORD-00287,CUS-0210,2024-04-25,PROD-024,1,522.20,522.20,USD,debit_card,paid,shipped,standard,TRACK-05HU03Y5,2024-05-02,,2024-04-25T00:00:00Z,2025-08-12T00:00:00Z
ORD-00288,CUS-0056,2025-10-03,PROD-083,2,189.30,378.60,USD,debit_card,paid,delivered,standard,TRACK-HAA34H8N,2025-10-10,2025-10-13,2025-10-03T00:00:00Z,2025-12-19T00:00:00Z
ORD-00289,CUS-0772,2025-05-18,PROD-022,4,500.24,2000.96,USD,credit_card,paid,delivered,standard,TRACK-2Y7CDABB,2025-05-23,2025-05-25,2025-05-18T00:00:00Z,2025-08-03T00:00:00Z
ORD-00290,CUS-0456,2025-08-04,PROD-049,2,49.02,98.04,USD,credit_card,paid,placed,standard,TRACK-X80NKXKB,2025-08-09,,2025-08-04T00:00:00Z,2025-09-09T00:00:00Z
ORD-00291,CUS-0270,2024-07-28,PROD-059,1,284.59,284.59,USD,credit_card,refunded,returned,express,TRACK-GE0Q5ZJA,2024-08-01,2024-08-04,2024-07-28T00:00:00Z,2024-12-31T00:00:00Z
ORD-00292,CUS-0221,2025-02-11,PROD-009,4,788.22,3152.88,USD,bank_transfer,paid,placed,express,TRACK-3O9UBC1K,2025-02-14,,2025-02-11T00:00:00Z,2025-10-14T00:00:00Z
ORD-00293,CUS-0208,2024-01-25,PROD-035,3,297.43,892.29,USD,credit_card,refunded,refunded,standard,TRACK-Y39BU4UZ,2024-01-31,2024-01-31,2024-01-25T00:00:00Z,2025-01-31T00:00:00Z
ORD-00294,CUS-0091,2025-01-11,PROD-077,4,484.12,1936.48,USD,debit_card,paid,cancelled,standard,TRACK-N60TLXOU,2025-01-18,,2025-01-11T00:00:00Z,2025-07-07T00:00:00Z
ORD-00295,CUS-0786,2024-05-31,PROD-038,4,302.64,1210.56,USD,credit_card,paid,delivered,express,TRACK-MPV5LMQ1,2024-06-04,2024-06-05,2024-05-31T00:00:00Z,2025-05-17T00:00:00Z
ORD-00296,CUS-0519,2024-05-28,PROD-081,5,150.38,751.90,USD,debit_card,paid,shipped,next_day,TRACK-3F2F3HYC,2024-05-29,,2024-05-28T00:00:00Z,2024-09-19T00:00:00Z
ORD-00297,CUS-0514,2024-02-12,PROD-070,5,55.18,275.90,USD,paypal,paid,confirmed,standard,TRACK-JT70Y2RL,2024-02-19,,2024-02-12T00:00:00Z,2025-03-22T00:00:00Z
ORD-00298,CUS-0536,2025-02-06,PROD-085,2,152.73,305.46,USD,debit_card,paid,delivered,international,TRACK-O1DXQ46G,2025-02-16,2025-02-16,2025-02-06T00:00:00Z,2025-04-20T00:00:00Z
ORD-00299,CUS-0938,2025-12-12,PROD-010,3,1931.10,5793.30,USD,credit_card,paid,processing,express,TRACK-KHW8GAKH,2025-12-16,,2025-12-12T00:00:00Z,2025-12-14T00:00:00Z
ORD-00300,CUS-0260,2024-05-01,PROD-058,4,354.13,1416.52,USD,credit_card,partially_refunded,refunded,standard,TRACK-ZKNHPVRW,2024-05-06,2024-05-09,2024-05-01T00:00:00Z,2025-09-24T00:00:00Z
ORD-00301,CUS-0328,2024-02-01,PROD-045,3,111.96,335.88,USD,debit_card,paid,delivered,standard,TRACK-11PV58Y9,2024-02-09,2024-02-09,2024-02-01T00:00:00Z,2024-04-29T00:00:00Z
ORD-00302,CUS-0487,2025-07-10,PROD-033,1,249.21,249.21,USD,debit_card,pending,placed,express,TRACK-NMVQLTZQ,2025-07-14,,2025-07-10T00:00:00Z,2025-08-03T00:00:00Z
ORD-00303,CUS-0011,2024-05-11,PROD-088,5,191.92,959.60,USD,credit_card,refunded,cancelled,express,TRACK-PSQZN7XB,2024-05-15,,2024-05-11T00:00:00Z,2025-10-22T00:00:00Z
ORD-00304,CUS-0503,2025-04-07,PROD-023,3,955.05,2865.15,USD,paypal,refunded,cancelled,standard,TRACK-VPY8CRIN,2025-04-17,,2025-04-07T00:00:00Z,2025-07-06T00:00:00Z
ORD-00305,CUS-0792,2024-02-14,PROD-049,3,49.02,147.06,USD,bank_transfer,paid,processing,standard,TRACK-5VRZ38EF,2024-02-20,,2024-02-14T00:00:00Z,2025-10-25T00:00:00Z
ORD-00306,CUS-0577,2025-03-24,PROD-004,4,2579.89,10319.56,USD,paypal,paid,shipped,next_day,TRACK-PZ6NTPBP,2025-03-25,,2025-03-24T00:00:00Z,2025-10-26T00:00:00Z
ORD-00307,CUS-0069,2024-03-30,PROD-009,3,788.22,2364.66,USD,debit_card,paid,cancelled,standard,TRACK-RSI7EADG,2024-04-05,,2024-03-30T00:00:00Z,2025-10-10T00:00:00Z
ORD-00308,CUS-0383,2024-09-26,PROD-072,4,172.02,688.08,USD,credit_card,pending,placed,express,TRACK-OUIFEZAC,2024-09-28,,2024-09-26T00:00:00Z,2025-06-21T00:00:00Z
ORD-00309,CUS-0682,2025-08-22,PROD-035,5,297.43,1487.15,USD,paypal,pending,placed,standard,TRACK-742GRRDN,2025-09-01,,2025-08-22T00:00:00Z,2025-09-09T00:00:00Z
ORD-00310,CUS-0150,2024-05-10,PROD-086,5,272.87,1364.35,USD,credit_card,paid,confirmed,international,TRACK-CS9UI14N,2024-05-27,,2024-05-10T00:00:00Z,2025-06-30T00:00:00Z
ORD-00311,CUS-0062,2025-03-18,PROD-097,1,43.21,43.21,USD,debit_card,failed,cancelled,standard,TRACK-G0NQ4I6R,2025-03-27,,2025-03-18T00:00:00Z,2025-06-06T00:00:00Z
ORD-00312,CUS-0248,2025-06-17,PROD-077,3,484.12,1452.36,USD,credit_card,paid,out_for_delivery,standard,TRACK-PBCD6FXN,2025-06-25,,2025-06-17T00:00:00Z,2025-10-13T00:00:00Z
ORD-00313,CUS-0666,2024-11-06,PROD-044,5,26.86,134.30,USD,debit_card,paid,delivered,standard,TRACK-4QR14VUY,2024-11-15,2024-11-16,2024-11-06T00:00:00Z,2025-04-27T00:00:00Z
ORD-00314,CUS-0094,2025-05-16,PROD-089,3,304.67,914.01,USD,credit_card,paid,delivered,express,TRACK-WJJJKSL6,2025-05-18,2025-05-19,2025-05-16T00:00:00Z,2025-08-02T00:00:00Z
ORD-00315,CUS-0197,2025-06-14,PROD-043,4,53.52,214.08,USD,bank_transfer,paid,shipped,express,TRACK-PX16F1KY,2025-06-17,,2025-06-14T00:00:00Z,2025-10-30T00:00:00Z
ORD-00316,CUS-0567,2024-07-28,PROD-042,4,22.38,89.52,USD,credit_card,paid,delivered,standard,TRACK-E0KIVWM5,2024-08-05,2024-08-07,2024-07-28T00:00:00Z,2025-09-02T00:00:00Z
ORD-00317,CUS-0496,2024-10-04,PROD-092,5,102.76,513.80,USD,debit_card,paid,out_for_delivery,standard,TRACK-FVJ839AG,2024-10-11,,2024-10-04T00:00:00Z,2025-05-24T00:00:00Z
ORD-00318,CUS-0958,2025-08-20,PROD-071,3,489.66,1468.98,USD,debit_card,paid,delivered,express,TRACK-HBP9VRNE,2025-08-22,2025-08-22,2025-08-20T00:00:00Z,2025-09-02T00:00:00Z
ORD-00319,CUS-0043,2024-10-11,PROD-009,1,788.22,788.22,USD,credit_card,paid,delivered,standard,TRACK-ED0PBXCE,2024-10-20,2024-10-22,2024-10-11T00:00:00Z,2025-05-19T00:00:00Z
ORD-00320,CUS-0247,2024-08-13,PROD-030,5,342.95,1714.75,USD,debit_card,paid,delivered,international,TRACK-JT4FTLH3,2024-09-04,2024-09-05,2024-08-13T00:00:00Z,2025-06-24T00:00:00Z
ORD-00321,CUS-0018,2024-04-03,PROD-021,5,373.51,1867.55,USD,credit_card,paid,delivered,standard,TRACK-3EIOIV67,2024-04-10,2024-04-10,2024-04-03T00:00:00Z,2024-12-03T00:00:00Z
ORD-00322,CUS-0688,2025-03-21,PROD-040,5,337.08,1685.40,USD,credit_card,failed,cancelled,express,TRACK-HDCZP0NW,2025-03-24,,2025-03-21T00:00:00Z,2025-12-23T00:00:00Z
ORD-00323,CUS-0784,2024-07-29,PROD-035,4,297.43,1189.72,USD,paypal,paid,out_for_delivery,express,TRACK-MASNPHFC,2024-08-02,,2024-07-29T00:00:00Z,2025-08-19T00:00:00Z
ORD-00324,CUS-0173,2024-07-31,PROD-052,2,580.62,1161.24,USD,paypal,paid,shipped,express,TRACK-JZ6N58YU,2024-08-04,,2024-07-31T00:00:00Z,2024-10-05T00:00:00Z
ORD-00325,CUS-0464,2024-01-23,PROD-092,4,102.76,411.04,USD,credit_card,paid,delivered,standard,TRACK-NR06DJIN,2024-01-30,2024-02-02,2024-01-23T00:00:00Z,2024-07-13T00:00:00Z
ORD-00326,CUS-0225,2025-10-22,PROD-075,5,343.41,1717.05,USD,credit_card,paid,delivered,standard,TRACK-49N1D6DZ,2025-10-27,2025-10-29,2025-10-22T00:00:00Z,2025-12-28T00:00:00Z
ORD-00327,CUS-0955,2025-04-08,PROD-033,2,249.21,498.42,USD,bank_transfer,paid,shipped,express,TRACK-K6ILSIDB,2025-04-12,,2025-04-08T00:00:00Z,2025-07-07T00:00:00Z
ORD-00328,CUS-0296,2025-04-26,PROD-071,4,489.66,1958.64,USD,bank_transfer,refunded,returned,standard,TRACK-3HZCD3GE,2025-05-04,2025-05-06,2025-04-26T00:00:00Z,2025-06-10T00:00:00Z
ORD-00329,CUS-0157,2024-07-10,PROD-069,2,271.07,542.14,USD,credit_card,paid,delayed,standard,TRACK-41SASCEB,2024-07-16,,2024-07-10T00:00:00Z,2025-03-14T00:00:00Z
ORD-00330,CUS-0883,2025-01-11,PROD-078,5,251.87,1259.35,USD,credit_card,paid,delayed,express,TRACK-IGDIX1CN,2025-01-13,,2025-01-11T00:00:00Z,2025-09-03T00:00:00Z
ORD-00331,CUS-0542,2025-11-24,PROD-063,4,328.94,1315.76,USD,debit_card,paid,delivered,next_day,TRACK-OS87MVZ0,2025-11-25,2025-11-27,2025-11-24T00:00:00Z,2025-12-20T00:00:00Z
ORD-00332,CUS-0171,2025-05-26,PROD-065,2,339.44,678.88,USD,bank_transfer,refunded,cancelled,standard,TRACK-VNKVONNL,2025-06-01,,2025-05-26T00:00:00Z,2025-05-30T00:00:00Z
ORD-00333,CUS-0221,2025-10-15,PROD-056,2,520.14,1040.28,USD,debit_card,paid,out_for_delivery,express,TRACK-20XKIAIP,2025-10-18,,2025-10-15T00:00:00Z,2025-12-13T00:00:00Z
ORD-00334,CUS-0730,2025-01-15,PROD-060,2,420.27,840.54,USD,debit_card,paid,out_for_delivery,express,TRACK-8IFXDNM6,2025-01-19,,2025-01-15T00:00:00Z,2025-02-23T00:00:00Z
ORD-00335,CUS-0613,2024-12-29,PROD-038,5,302.64,1513.20,USD,credit_card,paid,delivered,standard,TRACK-75RMG7F9,2025-01-04,2025-01-06,2024-12-29T00:00:00Z,2025-01-10T00:00:00Z
ORD-00336,CUS-0522,2025-10-07,PROD-028,5,249.80,1249.00,USD,bank_transfer,paid,shipped,express,TRACK-O2QWKBSE,2025-10-10,,2025-10-07T00:00:00Z,2025-12-08T00:00:00Z
ORD-00337,CUS-0444,2025-06-10,PROD-098,1,168.10,168.10,USD,credit_card,paid,delivered,express,TRACK-0UC87NXP,2025-06-14,2025-06-16,2025-06-10T00:00:00Z,2025-07-16T00:00:00Z
ORD-00338,CUS-0781,2024-04-05,PROD-026,5,295.00,1475.00,USD,paypal,paid,shipped,express,TRACK-HBAEPG25,2024-04-08,,2024-04-05T00:00:00Z,2025-11-07T00:00:00Z
ORD-00339,CUS-0262,2024-01-01,PROD-027,1,795.29,795.29,USD,credit_card,paid,confirmed,standard,TRACK-JRCQ97RC,2024-01-09,,2024-01-01T00:00:00Z,2025-09-23T00:00:00Z
ORD-00340,CUS-0746,2025-04-25,PROD-048,3,127.33,381.99,USD,paypal,paid,delivered,express,TRACK-63LXSY4V,2025-04-29,2025-05-01,2025-04-25T00:00:00Z,2025-11-10T00:00:00Z
ORD-00341,CUS-0919,2024-08-19,PROD-032,1,126.22,126.22,USD,credit_card,paid,out_for_delivery,standard,TRACK-LSR0O8K5,2024-08-24,,2024-08-19T00:00:00Z,2025-05-30T00:00:00Z
ORD-00342,CUS-0229,2024-09-11,PROD-029,4,868.72,3474.88,USD,crypto,refunded,returned,next_day,TRACK-TN0PLCFR,2024-09-12,2024-09-12,2024-09-11T00:00:00Z,2025-02-18T00:00:00Z
ORD-00343,CUS-0949,2025-03-22,PROD-008,4,1441.53,5766.12,USD,credit_card,refunded,cancelled,express,TRACK-RB7EI5R8,2025-03-26,,2025-03-22T00:00:00Z,2025-10-15T00:00:00Z
ORD-00344,CUS-0441,2024-10-20,PROD-031,2,88.52,177.04,USD,credit_card,paid,delivered,standard,TRACK-MVV4DC0F,2024-10-28,2024-10-31,2024-10-20T00:00:00Z,2025-11-30T00:00:00Z
ORD-00345,CUS-0828,2025-10-25,PROD-090,2,289.84,579.68,USD,credit_card,refunded,refunded,express,TRACK-GE9NY3MU,2025-10-27,2025-10-28,2025-10-25T00:00:00Z,2025-12-06T00:00:00Z
ORD-00346,CUS-0103,2025-08-19,PROD-005,1,925.08,925.08,USD,credit_card,refunded,refunded,standard,TRACK-263RJK4C,2025-08-28,2025-08-30,2025-08-19T00:00:00Z,2025-09-04T00:00:00Z
ORD-00347,CUS-0474,2024-09-23,PROD-078,2,251.87,503.74,USD,debit_card,paid,delivered,next_day,TRACK-SRIKOMFR,2024-09-24,2024-09-27,2024-09-23T00:00:00Z,2025-06-10T00:00:00Z
ORD-00348,CUS-0314,2025-10-31,PROD-038,4,302.64,1210.56,USD,credit_card,paid,out_for_delivery,standard,TRACK-24XHQZBC,2025-11-05,,2025-10-31T00:00:00Z,2025-11-06T00:00:00Z
ORD-00349,CUS-0460,2024-06-01,PROD-017,1,657.92,657.92,USD,credit_card,paid,shipped,standard,TRACK-YUZPEX7T,2024-06-10,,2024-06-01T00:00:00Z,2025-01-01T00:00:00Z
ORD-00350,CUS-0918,2025-11-02,PROD-061,1,118.46,118.46,USD,bank_transfer,paid,shipped,express,TRACK-GCB4JGRX,2025-11-05,,2025-11-02T00:00:00Z,2025-12-27T00:00:00Z
ORD-00351,CUS-0332,2024-05-16,PROD-058,3,354.13,1062.39,USD,credit_card,paid,delivered,next_day,TRACK-PL6UZA28,2024-05-17,2024-05-20,2024-05-16T00:00:00Z,2025-09-26T00:00:00Z
ORD-00352,CUS-0897,2024-05-31,PROD-043,1,53.52,53.52,USD,credit_card,refunded,returned,express,TRACK-V86ZP1WZ,2024-06-04,2024-06-06,2024-05-31T00:00:00Z,2024-06-02T00:00:00Z
ORD-00353,CUS-0108,2025-05-28,PROD-062,2,282.17,564.34,USD,debit_card,paid,processing,standard,TRACK-Y40JOTV7,2025-06-03,,2025-05-28T00:00:00Z,2025-12-11T00:00:00Z
ORD-00354,CUS-0973,2024-02-10,PROD-094,4,179.49,717.96,USD,paypal,partially_refunded,refunded,express,TRACK-9QKAV8C3,2024-02-13,2024-02-16,2024-02-10T00:00:00Z,2025-09-17T00:00:00Z
ORD-00355,CUS-0237,2025-08-28,PROD-041,2,22.71,45.42,USD,debit_card,paid,out_for_delivery,standard,TRACK-643YUOAI,2025-09-03,,2025-08-28T00:00:00Z,2025-09-27T00:00:00Z
ORD-00356,CUS-0407,2025-03-16,PROD-001,1,2193.82,2193.82,USD,debit_card,partially_refunded,refunded,express,TRACK-3TPS82XL,2025-03-20,2025-03-20,2025-03-16T00:00:00Z,2025-07-03T00:00:00Z
ORD-00357,CUS-0547,2025-07-19,PROD-085,3,152.73,458.19,USD,debit_card,paid,delayed,standard,TRACK-7O0GXAPL,2025-07-25,,2025-07-19T00:00:00Z,2025-07-24T00:00:00Z
ORD-00358,CUS-0102,2024-09-21,PROD-017,2,657.92,1315.84,USD,credit_card,paid,delivered,next_day,TRACK-JFP0N1K9,2024-09-22,2024-09-22,2024-09-21T00:00:00Z,2024-12-09T00:00:00Z
ORD-00359,CUS-0895,2024-01-04,PROD-016,2,551.74,1103.48,USD,credit_card,paid,placed,standard,TRACK-EQE12QEY,2024-01-11,,2024-01-04T00:00:00Z,2025-01-02T00:00:00Z
ORD-00360,CUS-0808,2024-12-27,PROD-012,2,922.70,1845.40,USD,credit_card,paid,shipped,standard,TRACK-TJA622DC,2025-01-02,,2024-12-27T00:00:00Z,2025-03-19T00:00:00Z
ORD-00361,CUS-0535,2025-07-01,PROD-089,2,304.67,609.34,USD,credit_card,paid,out_for_delivery,international,TRACK-WB42P31O,2025-07-16,,2025-07-01T00:00:00Z,2025-12-06T00:00:00Z
ORD-00362,CUS-0653,2025-08-23,PROD-062,1,282.17,282.17,USD,credit_card,refunded,refunded,next_day,TRACK-72UQLN6B,2025-08-24,2025-08-25,2025-08-23T00:00:00Z,2025-11-21T00:00:00Z
ORD-00363,CUS-0018,2025-01-16,PROD-086,3,272.87,818.61,USD,paypal,paid,out_for_delivery,standard,TRACK-85D4VUEE,2025-01-24,,2025-01-16T00:00:00Z,2025-10-25T00:00:00Z
ORD-00364,CUS-0744,2024-12-14,PROD-098,1,168.10,168.10,USD,paypal,paid,delivered,standard,TRACK-2WITPBD7,2024-12-24,2024-12-25,2024-12-14T00:00:00Z,2025-04-25T00:00:00Z
ORD-00365,CUS-0836,2024-06-05,PROD-049,3,49.02,147.06,USD,bank_transfer,paid,shipped,express,TRACK-99NR0OAK,2024-06-07,,2024-06-05T00:00:00Z,2024-09-08T00:00:00Z
ORD-00366,CUS-0891,2025-06-21,PROD-018,5,1487.38,7436.90,USD,credit_card,paid,delivered,standard,TRACK-NDJM5GH2,2025-06-27,2025-06-27,2025-06-21T00:00:00Z,2025-09-08T00:00:00Z
ORD-00367,CUS-0862,2025-07-17,PROD-098,5,168.10,840.50,USD,credit_card,refunded,returned,next_day,TRACK-TUYKTK61,2025-07-18,2025-07-18,2025-07-17T00:00:00Z,2025-11-01T00:00:00Z
ORD-00368,CUS-0096,2024-12-07,PROD-085,3,152.73,458.19,USD,paypal,paid,delivered,standard,TRACK-C8VDRQNT,2024-12-14,2024-12-15,2024-12-07T00:00:00Z,2025-09-20T00:00:00Z
ORD-00369,CUS-0917,2024-03-24,PROD-032,3,126.22,378.66,USD,paypal,paid,confirmed,next_day,TRACK-7ZD3Q0E0,2024-03-25,,2024-03-24T00:00:00Z,2025-08-27T00:00:00Z
ORD-00370,CUS-0245,2024-01-06,PROD-053,5,574.29,2871.45,USD,credit_card,paid,cancelled,next_day,TRACK-1GTCHYGT,2024-01-07,,2024-01-06T00:00:00Z,2024-05-24T00:00:00Z
ORD-00371,CUS-0415,2025-02-25,PROD-076,5,158.70,793.50,USD,credit_card,paid,shipped,standard,TRACK-W6ZJVAEV,2025-03-07,,2025-02-25T00:00:00Z,2025-05-01T00:00:00Z
ORD-00372,CUS-0591,2025-10-18,PROD-024,5,522.20,2611.00,USD,credit_card,paid,confirmed,next_day,TRACK-IZIIBCO8,2025-10-19,,2025-10-18T00:00:00Z,2025-11-01T00:00:00Z
ORD-00373,CUS-0589,2025-10-29,PROD-001,2,2193.82,4387.64,USD,debit_card,paid,delivered,next_day,TRACK-ADHF025L,2025-10-30,2025-11-02,2025-10-29T00:00:00Z,2025-12-03T00:00:00Z
ORD-00374,CUS-0455,2024-07-25,PROD-085,2,152.73,305.46,USD,credit_card,paid,processing,standard,TRACK-GX8IRJBA,2024-08-02,,2024-07-25T00:00:00Z,2024-09-25T00:00:00Z
ORD-00375,CUS-0801,2025-04-14,PROD-008,5,1441.53,7207.65,USD,credit_card,paid,shipped,express,TRACK-DKKG1R1C,2025-04-17,,2025-04-14T00:00:00Z,2025-09-16T00:00:00Z
ORD-00376,CUS-0660,2025-04-05,PROD-029,2,868.72,1737.44,USD,paypal,paid,delivered,standard,TRACK-48JRPE2X,2025-04-13,2025-04-14,2025-04-05T00:00:00Z,2025-12-21T00:00:00Z
ORD-00377,CUS-0658,2024-04-22,PROD-019,3,1140.33,3420.99,USD,credit_card,paid,delivered,express,TRACK-JD5SLOC8,2024-04-24,2024-04-25,2024-04-22T00:00:00Z,2025-01-05T00:00:00Z
ORD-00378,CUS-0830,2025-11-15,PROD-032,5,126.22,631.10,USD,credit_card,paid,cancelled,express,TRACK-7W9A8LYT,2025-11-19,,2025-11-15T00:00:00Z,2025-11-15T00:00:00Z
ORD-00379,CUS-0493,2024-07-10,PROD-025,1,499.30,499.30,USD,credit_card,paid,delivered,next_day,TRACK-1J2VWY8U,2024-07-11,2024-07-13,2024-07-10T00:00:00Z,2025-08-03T00:00:00Z
ORD-00380,CUS-0484,2024-07-19,PROD-080,2,255.93,511.86,USD,credit_card,paid,shipped,standard,TRACK-M1TRPUYD,2024-07-25,,2024-07-19T00:00:00Z,2025-09-12T00:00:00Z
ORD-00381,CUS-0888,2024-07-28,PROD-006,4,1049.94,4199.76,USD,credit_card,paid,out_for_delivery,next_day,TRACK-CY9PE0HD,2024-07-29,,2024-07-28T00:00:00Z,2024-08-08T00:00:00Z
ORD-00382,CUS-0941,2025-02-22,PROD-076,1,158.70,158.70,USD,debit_card,partially_refunded,refunded,standard,TRACK-D7WDJV07,2025-02-28,2025-02-28,2025-02-22T00:00:00Z,2025-07-13T00:00:00Z
ORD-00383,CUS-0555,2025-11-04,PROD-022,1,500.24,500.24,USD,paypal,partially_refunded,returned,standard,TRACK-25DSIUAZ,2025-11-11,2025-11-14,2025-11-04T00:00:00Z,2025-12-18T00:00:00Z
ORD-00384,CUS-0169,2024-04-09,PROD-004,5,2579.89,12899.45,USD,debit_card,paid,placed,standard,TRACK-GF00HHEQ,2024-04-19,,2024-04-09T00:00:00Z,2024-11-26T00:00:00Z
ORD-00385,CUS-0634,2024-02-02,PROD-018,1,1487.38,1487.38,USD,debit_card,paid,delivered,next_day,TRACK-HW5KYFC6,2024-02-03,2024-02-06,2024-02-02T00:00:00Z,2024-02-09T00:00:00Z
ORD-00386,CUS-0176,2024-02-05,PROD-048,5,127.33,636.65,USD,bank_transfer,paid,confirmed,express,TRACK-D1HFDI3J,2024-02-09,,2024-02-05T00:00:00Z,2025-08-26T00:00:00Z
ORD-00387,CUS-0906,2025-06-27,PROD-087,5,89.66,448.30,USD,credit_card,partially_refunded,returned,express,TRACK-F9TU8PV2,2025-06-30,2025-07-02,2025-06-27T00:00:00Z,2025-11-29T00:00:00Z
ORD-00388,CUS-0220,2024-01-21,PROD-094,2,179.49,358.98,USD,credit_card,paid,out_for_delivery,standard,TRACK-1QDU2EB0,2024-01-30,,2024-01-21T00:00:00Z,2025-08-16T00:00:00Z
ORD-00389,CUS-0491,2025-10-27,PROD-051,5,450.36,2251.80,USD,debit_card,paid,delivered,standard,TRACK-BG52IB4T,2025-11-01,2025-11-02,2025-10-27T00:00:00Z,2025-11-06T00:00:00Z
ORD-00390,CUS-0348,2025-07-04,PROD-068,1,296.26,296.26,USD,debit_card,paid,shipped,standard,TRACK-T3BR4F2Z,2025-07-09,,2025-07-04T00:00:00Z,2025-08-10T00:00:00Z
ORD-00391,CUS-0640,2024-03-14,PROD-057,4,81.68,326.72,USD,bank_transfer,paid,delivered,express,TRACK-C1QY9MBA,2024-03-16,2024-03-16,2024-03-14T00:00:00Z,2024-04-14T00:00:00Z
ORD-00392,CUS-0086,2024-06-17,PROD-042,5,22.38,111.90,USD,credit_card,pending,placed,express,TRACK-8D2TN20V,2024-06-21,,2024-06-17T00:00:00Z,2025-06-13T00:00:00Z
ORD-00393,CUS-0321,2025-11-19,PROD-049,1,49.02,49.02,USD,debit_card,paid,delayed,express,TRACK-X1JD3VUR,2025-11-22,,2025-11-19T00:00:00Z,2025-11-23T00:00:00Z
ORD-00394,CUS-0155,2024-10-22,PROD-023,5,955.05,4775.25,USD,paypal,paid,delivered,standard,TRACK-LQSQBBX5,2024-10-30,2024-11-01,2024-10-22T00:00:00Z,2025-04-14T00:00:00Z
ORD-00395,CUS-0091,2025-06-12,PROD-047,3,81.88,245.64,USD,paypal,paid,delivered,express,TRACK-NEO2S9NB,2025-06-15,2025-06-16,2025-06-12T00:00:00Z,2025-09-16T00:00:00Z
ORD-00396,CUS-0748,2025-07-19,PROD-006,1,1049.94,1049.94,USD,credit_card,paid,delivered,standard,TRACK-OIVWQM91,2025-07-29,2025-07-30,2025-07-19T00:00:00Z,2025-08-04T00:00:00Z
ORD-00397,CUS-0063,2024-02-18,PROD-035,1,297.43,297.43,USD,debit_card,failed,cancelled,express,TRACK-EUTAWJ4G,2024-02-21,,2024-02-18T00:00:00Z,2024-10-29T00:00:00Z
ORD-00398,CUS-0529,2025-01-22,PROD-025,2,499.30,998.60,USD,debit_card,paid,delivered,standard,TRACK-OIYFOY0S,2025-02-01,2025-02-03,2025-01-22T00:00:00Z,2025-06-23T00:00:00Z
ORD-00399,CUS-0163,2024-09-05,PROD-003,4,986.69,3946.76,USD,credit_card,paid,delayed,standard,TRACK-N0THL2C5,2024-09-13,,2024-09-05T00:00:00Z,2025-07-25T00:00:00Z
ORD-00400,CUS-0400,2024-12-29,PROD-021,3,373.51,1120.53,USD,credit_card,paid,delayed,standard,TRACK-G2ZNTGG5,2025-01-08,,2024-12-29T00:00:00Z,2025-12-06T00:00:00Z
ORD-00401,CUS-0087,2025-01-21,PROD-061,3,118.46,355.38,USD,paypal,paid,out_for_delivery,standard,TRACK-5S8T6AID,2025-01-27,,2025-01-21T00:00:00Z,2025-10-04T00:00:00Z
ORD-00402,CUS-0532,2024-10-09,PROD-023,3,955.05,2865.15,USD,credit_card,paid,delivered,standard,TRACK-Q3CYBYC4,2024-10-15,2024-10-16,2024-10-09T00:00:00Z,2025-01-23T00:00:00Z
ORD-00403,CUS-0994,2024-12-29,PROD-098,2,168.10,336.20,USD,debit_card,failed,cancelled,express,TRACK-LZOHFDDV,2025-01-02,,2024-12-29T00:00:00Z,2025-03-02T00:00:00Z
ORD-00404,CUS-0558,2025-09-13,PROD-007,2,2312.54,4625.08,USD,credit_card,paid,processing,standard,TRACK-WHHOLI54,2025-09-23,,2025-09-13T00:00:00Z,2025-09-23T00:00:00Z
ORD-00405,CUS-0941,2025-09-18,PROD-097,5,43.21,216.05,USD,credit_card,paid,out_for_delivery,standard,TRACK-9D842ZSA,2025-09-24,,2025-09-18T00:00:00Z,2026-01-01T00:00:00Z
ORD-00406,CUS-0028,2025-08-23,PROD-004,1,2579.89,2579.89,USD,bank_transfer,paid,shipped,express,TRACK-EEV7INRZ,2025-08-26,,2025-08-23T00:00:00Z,2025-11-03T00:00:00Z
ORD-00407,CUS-0843,2024-05-02,PROD-077,4,484.12,1936.48,USD,credit_card,refunded,returned,express,TRACK-N2ECLCES,2024-05-06,2024-05-08,2024-05-02T00:00:00Z,2025-11-05T00:00:00Z
ORD-00408,CUS-0300,2024-08-24,PROD-029,4,868.72,3474.88,USD,credit_card,paid,delivered,standard,TRACK-4V1OG07V,2024-09-02,2024-09-03,2024-08-24T00:00:00Z,2024-12-24T00:00:00Z
ORD-00409,CUS-0463,2024-12-09,PROD-036,3,341.40,1024.20,USD,paypal,paid,out_for_delivery,standard,TRACK-JB00ET7B,2024-12-16,,2024-12-09T00:00:00Z,2024-12-19T00:00:00Z
ORD-00410,CUS-0797,2024-08-31,PROD-044,4,26.86,107.44,USD,debit_card,partially_refunded,returned,express,TRACK-80SD0P47,2024-09-02,2024-09-02,2024-08-31T00:00:00Z,2025-11-27T00:00:00Z
ORD-00411,CUS-0209,2025-02-03,PROD-047,4,81.88,327.52,USD,credit_card,refunded,returned,international,TRACK-AFQL0DGH,2025-02-23,2025-02-25,2025-02-03T00:00:00Z,2025-09-11T00:00:00Z
ORD-00412,CUS-0522,2024-07-06,PROD-071,4,489.66,1958.64,USD,credit_card,paid,delivered,express,TRACK-WR1XFHSJ,2024-07-10,2024-07-10,2024-07-06T00:00:00Z,2025-03-10T00:00:00Z
ORD-00413,CUS-0312,2024-01-06,PROD-071,5,489.66,2448.30,USD,credit_card,refunded,refunded,standard,TRACK-KRYT6EBI,2024-01-13,2024-01-13,2024-01-06T00:00:00Z,2024-04-19T00:00:00Z
ORD-00414,CUS-0684,2025-04-07,PROD-048,1,127.33,127.33,USD,paypal,paid,delivered,standard,TRACK-S9UCKU7Z,2025-04-15,2025-04-17,2025-04-07T00:00:00Z,2025-06-30T00:00:00Z
ORD-00415,CUS-0413,2025-09-04,PROD-097,5,43.21,216.05,USD,credit_card,paid,delivered,next_day,TRACK-PW35X3X1,2025-09-05,2025-09-08,2025-09-04T00:00:00Z,2025-12-26T00:00:00Z
ORD-00416,CUS-0535,2024-05-28,PROD-038,5,302.64,1513.20,USD,credit_card,paid,delayed,express,TRACK-N8ILDASL,2024-06-01,,2024-05-28T00:00:00Z,2024-11-23T00:00:00Z
ORD-00417,CUS-0912,2024-04-20,PROD-025,2,499.30,998.60,USD,debit_card,refunded,cancelled,standard,TRACK-21PU8BWA,2024-04-29,,2024-04-20T00:00:00Z,2024-09-25T00:00:00Z
ORD-00418,CUS-0408,2024-04-30,PROD-082,4,235.36,941.44,USD,paypal,paid,delayed,standard,TRACK-XGHU9IVL,2024-05-10,,2024-04-30T00:00:00Z,2025-05-05T00:00:00Z
ORD-00419,CUS-0666,2025-06-16,PROD-032,2,126.22,252.44,USD,credit_card,paid,delivered,express,TRACK-1493685E,2025-06-18,2025-06-21,2025-06-16T00:00:00Z,2025-06-23T00:00:00Z
ORD-00420,CUS-0563,2025-02-19,PROD-019,5,1140.33,5701.65,USD,credit_card,paid,delayed,express,TRACK-YPJ2NNOC,2025-02-21,,2025-02-19T00:00:00Z,2025-12-03T00:00:00Z
ORD-00421,CUS-0494,2024-04-10,PROD-055,2,407.21,814.42,USD,crypto,paid,delayed,express,TRACK-LM7E41OF,2024-04-14,,2024-04-10T00:00:00Z,2025-02-22T00:00:00Z
ORD-00422,CUS-0871,2024-10-05,PROD-066,1,77.92,77.92,USD,bank_transfer,refunded,cancelled,express,TRACK-1AYSV6O9,2024-10-07,,2024-10-05T00:00:00Z,2025-04-21T00:00:00Z
ORD-00423,CUS-0516,2024-03-17,PROD-026,1,295.00,295.00,USD,bank_transfer,paid,delivered,express,TRACK-M84BCTWK,2024-03-20,2024-03-20,2024-03-17T00:00:00Z,2025-02-09T00:00:00Z
ORD-00424,CUS-0056,2025-02-21,PROD-059,2,284.59,569.18,USD,debit_card,paid,cancelled,standard,TRACK-58XWBNWJ,2025-03-01,,2025-02-21T00:00:00Z,2025-10-05T00:00:00Z
ORD-00425,CUS-0614,2025-02-04,PROD-037,2,290.16,580.32,USD,bank_transfer,paid,placed,standard,TRACK-01OEEA20,2025-02-12,,2025-02-04T00:00:00Z,2025-12-21T00:00:00Z
ORD-00426,CUS-0846,2025-01-28,PROD-061,1,118.46,118.46,USD,credit_card,refunded,refunded,international,TRACK-1A7YJ8HQ,2025-02-09,2025-02-10,2025-01-28T00:00:00Z,2025-07-30T00:00:00Z
ORD-00427,CUS-0733,2024-07-26,PROD-022,3,500.24,1500.72,USD,debit_card,partially_refunded,returned,standard,TRACK-Q7QH96YC,2024-08-01,2024-08-01,2024-07-26T00:00:00Z,2024-11-18T00:00:00Z
ORD-00428,CUS-0225,2025-03-08,PROD-097,2,43.21,86.42,USD,credit_card,paid,cancelled,standard,TRACK-ERUMEHCY,2025-03-15,,2025-03-08T00:00:00Z,2025-07-21T00:00:00Z
ORD-00429,CUS-0607,2024-06-21,PROD-007,5,2312.54,11562.70,USD,credit_card,paid,shipped,standard,TRACK-5KB3PKBQ,2024-07-01,,2024-06-21T00:00:00Z,2024-10-03T00:00:00Z
ORD-00430,CUS-0408,2025-07-01,PROD-061,1,118.46,118.46,USD,credit_card,partially_refunded,returned,next_day,TRACK-2YGGAFDR,2025-07-02,2025-07-03,2025-07-01T00:00:00Z,2025-12-08T00:00:00Z
ORD-00431,CUS-0199,2025-06-15,PROD-034,4,347.18,1388.72,USD,credit_card,paid,confirmed,express,TRACK-M32YP15I,2025-06-19,,2025-06-15T00:00:00Z,2025-07-14T00:00:00Z
ORD-00432,CUS-0869,2024-06-30,PROD-066,5,77.92,389.60,USD,debit_card,paid,delivered,standard,TRACK-OMUQ0RZT,2024-07-10,2024-07-13,2024-06-30T00:00:00Z,2024-10-29T00:00:00Z
ORD-00433,CUS-0465,2025-12-17,PROD-062,1,282.17,282.17,USD,paypal,paid,out_for_delivery,express,TRACK-IO2F2NAT,2025-12-19,,2025-12-17T00:00:00Z,2025-12-22T00:00:00Z
ORD-00434,CUS-0185,2025-10-06,PROD-029,3,868.72,2606.16,USD,debit_card,paid,shipped,standard,TRACK-DO5N1TQD,2025-10-13,,2025-10-06T00:00:00Z,2025-12-17T00:00:00Z
ORD-00435,CUS-0154,2024-03-15,PROD-094,5,179.49,897.45,USD,credit_card,paid,delivered,standard,TRACK-CULOQVBV,2024-03-25,2024-03-27,2024-03-15T00:00:00Z,2025-05-29T00:00:00Z
ORD-00436,CUS-0639,2025-07-08,PROD-078,3,251.87,755.61,USD,debit_card,paid,delayed,standard,TRACK-8E7428YI,2025-07-17,,2025-07-08T00:00:00Z,2025-12-08T00:00:00Z
ORD-00437,CUS-0734,2024-09-13,PROD-089,5,304.67,1523.35,USD,bank_transfer,refunded,refunded,standard,TRACK-5M0SWXKQ,2024-09-22,2024-09-25,2024-09-13T00:00:00Z,2025-12-24T00:00:00Z
ORD-00438,CUS-0037,2025-11-01,PROD-089,4,304.67,1218.68,USD,debit_card,pending,placed,standard,TRACK-6OOH1XAW,2025-11-08,,2025-11-01T00:00:00Z,2025-12-20T00:00:00Z
ORD-00439,CUS-0080,2024-03-06,PROD-079,4,363.45,1453.80,USD,credit_card,paid,out_for_delivery,express,TRACK-RT4UPR44,2024-03-08,,2024-03-06T00:00:00Z,2025-08-16T00:00:00Z
ORD-00440,CUS-0591,2025-05-20,PROD-026,1,295.00,295.00,USD,paypal,paid,delayed,express,TRACK-LSOGWIBJ,2025-05-22,,2025-05-20T00:00:00Z,2025-12-28T00:00:00Z
ORD-00441,CUS-0370,2025-02-03,PROD-097,4,43.21,172.84,USD,credit_card,paid,delivered,standard,TRACK-YUBEKT2M,2025-02-10,2025-02-12,2025-02-03T00:00:00Z,2025-05-07T00:00:00Z
ORD-00442,CUS-0957,2025-02-06,PROD-068,4,296.26,1185.04,USD,credit_card,paid,delivered,standard,TRACK-F3WGI8Y0,2025-02-13,2025-02-16,2025-02-06T00:00:00Z,2025-05-16T00:00:00Z
ORD-00443,CUS-0560,2024-04-15,PROD-074,3,76.36,229.08,USD,debit_card,paid,out_for_delivery,standard,TRACK-CYLTM9R6,2024-04-22,,2024-04-15T00:00:00Z,2024-10-03T00:00:00Z
ORD-00444,CUS-0992,2024-06-24,PROD-074,4,76.36,305.44,USD,debit_card,refunded,refunded,next_day,TRACK-IT2NI9SU,2024-06-25,2024-06-28,2024-06-24T00:00:00Z,2025-07-03T00:00:00Z
ORD-00445,CUS-0027,2025-05-16,PROD-083,5,189.30,946.50,USD,credit_card,paid,shipped,standard,TRACK-8UALRY3I,2025-05-22,,2025-05-16T00:00:00Z,2025-10-23T00:00:00Z
ORD-00446,CUS-0639,2025-11-22,PROD-016,5,551.74,2758.70,USD,debit_card,refunded,cancelled,standard,TRACK-6VFH3MI2,2025-11-27,,2025-11-22T00:00:00Z,2025-12-05T00:00:00Z
ORD-00447,CUS-0404,2024-03-31,PROD-040,3,337.08,1011.24,USD,credit_card,paid,shipped,standard,TRACK-LLD0N53R,2024-04-09,,2024-03-31T00:00:00Z,2024-11-29T00:00:00Z
ORD-00448,CUS-0818,2025-04-03,PROD-055,3,407.21,1221.63,USD,debit_card,paid,placed,standard,TRACK-ZXD82BMQ,2025-04-12,,2025-04-03T00:00:00Z,2025-06-04T00:00:00Z
ORD-00449,CUS-0713,2025-06-20,PROD-076,4,158.70,634.80,USD,credit_card,paid,delivered,express,TRACK-0ERJE4S4,2025-06-23,2025-06-26,2025-06-20T00:00:00Z,2025-07-25T00:00:00Z
ORD-00450,CUS-0958,2025-07-24,PROD-043,4,53.52,214.08,USD,credit_card,paid,out_for_delivery,standard,TRACK-5VO1TK5E,2025-08-03,,2025-07-24T00:00:00Z,2025-12-01T00:00:00Z
ORD-00451,CUS-0346,2025-11-16,PROD-095,3,106.35,319.05,USD,credit_card,paid,delivered,standard,TRACK-0PN524KS,2025-11-23,2025-11-23,2025-11-16T00:00:00Z,2025-12-30T00:00:00Z
ORD-00452,CUS-0439,2024-01-27,PROD-043,2,53.52,107.04,USD,credit_card,refunded,returned,standard,TRACK-B2NIXI8E,2024-02-01,2024-02-03,2024-01-27T00:00:00Z,2024-04-06T00:00:00Z
ORD-00453,CUS-0214,2024-11-27,PROD-001,3,2193.82,6581.46,USD,debit_card,paid,out_for_delivery,express,TRACK-HWTGDK4S,2024-11-30,,2024-11-27T00:00:00Z,2025-09-23T00:00:00Z
ORD-00454,CUS-0635,2025-05-17,PROD-092,2,102.76,205.52,USD,credit_card,paid,out_for_delivery,next_day,TRACK-9HQWP8XF,2025-05-18,,2025-05-17T00:00:00Z,2025-06-19T00:00:00Z
ORD-00455,CUS-0376,2025-12-21,PROD-066,2,77.92,155.84,USD,credit_card,partially_refunded,returned,standard,TRACK-8CH3Z3DE,2025-12-26,2025-12-27,2025-12-21T00:00:00Z,2025-12-30T00:00:00Z
ORD-00456,CUS-0147,2024-01-08,PROD-083,3,189.30,567.90,USD,crypto,paid,delivered,standard,TRACK-NADIJFZQ,2024-01-13,2024-01-14,2024-01-08T00:00:00Z,2025-05-04T00:00:00Z
ORD-00457,CUS-0414,2025-12-24,PROD-067,1,317.35,317.35,USD,paypal,paid,delivered,standard,TRACK-26RL0NWR,2026-01-01,2025-12-31,2025-12-24T00:00:00Z,2025-12-24T00:00:00Z
ORD-00458,CUS-0334,2025-09-25,PROD-019,1,1140.33,1140.33,USD,paypal,paid,delivered,international,TRACK-40NXIDB5,2025-10-19,2025-10-19,2025-09-25T00:00:00Z,2025-11-24T00:00:00Z
ORD-00459,CUS-0180,2025-04-13,PROD-009,2,788.22,1576.44,USD,paypal,paid,processing,next_day,TRACK-07X887LG,2025-04-14,,2025-04-13T00:00:00Z,2025-07-31T00:00:00Z
ORD-00460,CUS-0759,2024-06-24,PROD-053,1,574.29,574.29,USD,paypal,paid,delivered,standard,TRACK-XVXITIFX,2024-07-04,2024-07-05,2024-06-24T00:00:00Z,2025-12-29T00:00:00Z
ORD-00461,CUS-0209,2025-07-23,PROD-041,3,22.71,68.13,USD,credit_card,paid,shipped,standard,TRACK-RX05H3K7,2025-08-01,,2025-07-23T00:00:00Z,2025-09-27T00:00:00Z
ORD-00462,CUS-0887,2025-08-14,PROD-033,4,249.21,996.84,USD,credit_card,paid,delivered,next_day,TRACK-E6V4UAUP,2025-08-15,2025-08-16,2025-08-14T00:00:00Z,2025-11-06T00:00:00Z
ORD-00463,CUS-0253,2025-09-02,PROD-086,4,272.87,1091.48,USD,credit_card,paid,delayed,express,TRACK-ZHZ3E88S,2025-09-04,,2025-09-02T00:00:00Z,2025-09-05T00:00:00Z
ORD-00464,CUS-0832,2024-04-10,PROD-087,2,89.66,179.32,USD,debit_card,paid,delayed,express,TRACK-00BGBB1R,2024-04-14,,2024-04-10T00:00:00Z,2025-09-23T00:00:00Z
ORD-00465,CUS-0516,2025-08-05,PROD-065,4,339.44,1357.76,USD,credit_card,paid,shipped,standard,TRACK-YZ5YMIT7,2025-08-10,,2025-08-05T00:00:00Z,2025-08-09T00:00:00Z
ORD-00466,CUS-0285,2024-08-29,PROD-039,4,482.81,1931.24,USD,crypto,paid,delivered,express,TRACK-4UDC4FH0,2024-08-31,2024-08-31,2024-08-29T00:00:00Z,2024-11-13T00:00:00Z
ORD-00467,CUS-0659,2024-06-20,PROD-074,5,76.36,381.80,USD,paypal,paid,delivered,next_day,TRACK-AKRX0GWH,2024-06-21,2024-06-21,2024-06-20T00:00:00Z,2025-08-19T00:00:00Z
ORD-00468,CUS-0482,2024-08-03,PROD-011,5,1007.07,5035.35,USD,debit_card,paid,out_for_delivery,express,TRACK-8FBFFHEY,2024-08-07,,2024-08-03T00:00:00Z,2025-09-26T00:00:00Z
ORD-00469,CUS-0478,2025-11-07,PROD-097,2,43.21,86.42,USD,bank_transfer,pending,placed,standard,TRACK-EOEGEZQ0,2025-11-17,,2025-11-07T00:00:00Z,2025-12-10T00:00:00Z
ORD-00470,CUS-0779,2024-09-11,PROD-057,2,81.68,163.36,USD,credit_card,refunded,returned,standard,TRACK-KGNHAGXX,2024-09-18,2024-09-18,2024-09-11T00:00:00Z,2025-10-07T00:00:00Z
ORD-00471,CUS-0804,2024-06-29,PROD-037,1,290.16,290.16,USD,debit_card,pending,placed,express,TRACK-YWFMAX9F,2024-07-02,,2024-06-29T00:00:00Z,2024-11-07T00:00:00Z
ORD-00472,CUS-0018,2024-07-17,PROD-076,3,158.70,476.10,USD,credit_card,partially_refunded,refunded,next_day,TRACK-N230A7ZU,2024-07-18,2024-07-20,2024-07-17T00:00:00Z,2025-12-07T00:00:00Z
ORD-00473,CUS-0844,2024-04-09,PROD-003,2,986.69,1973.38,USD,credit_card,refunded,refunded,standard,TRACK-JPMLNL7H,2024-04-14,2024-04-16,2024-04-09T00:00:00Z,2024-09-15T00:00:00Z
ORD-00474,CUS-0027,2025-05-08,PROD-019,1,1140.33,1140.33,USD,debit_card,paid,out_for_delivery,standard,TRACK-WRUKFWPZ,2025-05-13,,2025-05-08T00:00:00Z,2025-08-25T00:00:00Z
ORD-00475,CUS-0883,2024-01-23,PROD-076,4,158.70,634.80,USD,paypal,paid,processing,standard,TRACK-4T8DL8F5,2024-02-02,,2024-01-23T00:00:00Z,2024-01-30T00:00:00Z
ORD-00476,CUS-0228,2025-12-28,PROD-090,3,289.84,869.52,USD,paypal,pending,placed,standard,TRACK-AN68U1QP,2025-12-31,,2025-12-28T00:00:00Z,2025-12-28T00:00:00Z
ORD-00477,CUS-0380,2025-08-27,PROD-057,3,81.68,245.04,USD,paypal,paid,shipped,express,TRACK-48J4E3QA,2025-08-29,,2025-08-27T00:00:00Z,2025-09-11T00:00:00Z
ORD-00478,CUS-0788,2025-06-10,PROD-016,1,551.74,551.74,USD,debit_card,pending,placed,next_day,TRACK-2TDO1DFS,2025-06-11,,2025-06-10T00:00:00Z,2025-06-13T00:00:00Z
ORD-00479,CUS-0530,2025-11-17,PROD-013,3,1278.38,3835.14,USD,credit_card,paid,out_for_delivery,standard,TRACK-V5DMCDSO,2025-11-22,,2025-11-17T00:00:00Z,2025-11-20T00:00:00Z
ORD-00480,CUS-0474,2024-08-22,PROD-092,3,102.76,308.28,USD,debit_card,pending,placed,standard,TRACK-NTJK2GZA,2024-08-31,,2024-08-22T00:00:00Z,2024-11-23T00:00:00Z
ORD-00481,CUS-0358,2025-06-24,PROD-069,3,271.07,813.21,USD,credit_card,paid,out_for_delivery,next_day,TRACK-PJBEAHY5,2025-06-25,,2025-06-24T00:00:00Z,2025-11-26T00:00:00Z
ORD-00482,CUS-0413,2025-03-26,PROD-021,3,373.51,1120.53,USD,debit_card,failed,cancelled,express,TRACK-3CVS3ZRB,2025-03-29,,2025-03-26T00:00:00Z,2025-10-24T00:00:00Z
ORD-00483,CUS-0436,2024-11-14,PROD-013,3,1278.38,3835.14,USD,paypal,paid,delivered,standard,TRACK-12BVXEJA,2024-11-24,2024-11-26,2024-11-14T00:00:00Z,2025-03-14T00:00:00Z
ORD-00484,CUS-0557,2025-07-19,PROD-099,1,110.41,110.41,USD,credit_card,paid,cancelled,international,TRACK-ZZZULYZL,2025-08-03,,2025-07-19T00:00:00Z,2025-09-22T00:00:00Z
ORD-00485,CUS-0626,2025-05-28,PROD-078,1,251.87,251.87,USD,credit_card,failed,cancelled,next_day,TRACK-337OV9WX,2025-05-29,,2025-05-28T00:00:00Z,2025-09-23T00:00:00Z
ORD-00486,CUS-0605,2025-12-02,PROD-057,1,81.68,81.68,USD,paypal,failed,cancelled,express,TRACK-UKONDHKB,2025-12-05,,2025-12-02T00:00:00Z,2025-12-10T00:00:00Z
ORD-00487,CUS-0255,2024-06-27,PROD-030,3,342.95,1028.85,USD,credit_card,paid,out_for_delivery,standard,TRACK-08YVU69Q,2024-07-02,,2024-06-27T00:00:00Z,2025-03-24T00:00:00Z
ORD-00488,CUS-0170,2025-11-07,PROD-056,2,520.14,1040.28,USD,paypal,paid,placed,standard,TRACK-S3TGDBFX,2025-11-12,,2025-11-07T00:00:00Z,2025-12-28T00:00:00Z
ORD-00489,CUS-0677,2024-09-22,PROD-081,1,150.38,150.38,USD,credit_card,paid,cancelled,standard,TRACK-IY1UV52Q,2024-09-28,,2024-09-22T00:00:00Z,2024-11-03T00:00:00Z
ORD-00490,CUS-1000,2024-01-23,PROD-057,5,81.68,408.40,USD,credit_card,paid,delivered,express,TRACK-87S34876,2024-01-26,2024-01-27,2024-01-23T00:00:00Z,2024-05-25T00:00:00Z
ORD-00491,CUS-0463,2025-06-18,PROD-046,5,67.55,337.75,USD,debit_card,paid,delivered,standard,TRACK-UPSPAG3J,2025-06-23,2025-06-26,2025-06-18T00:00:00Z,2025-09-07T00:00:00Z
ORD-00492,CUS-0485,2024-04-05,PROD-086,2,272.87,545.74,USD,credit_card,failed,cancelled,express,TRACK-DVDXDF6Y,2024-04-09,,2024-04-05T00:00:00Z,2024-09-21T00:00:00Z
ORD-00493,CUS-0615,2025-03-09,PROD-086,5,272.87,1364.35,USD,bank_transfer,refunded,returned,express,TRACK-0O7Y4XBB,2025-03-12,2025-03-13,2025-03-09T00:00:00Z,2025-05-08T00:00:00Z
ORD-00494,CUS-0265,2025-08-17,PROD-012,4,922.70,3690.80,USD,bank_transfer,paid,confirmed,express,TRACK-B6XGK6YU,2025-08-20,,2025-08-17T00:00:00Z,2025-11-21T00:00:00Z
ORD-00495,CUS-0363,2025-04-16,PROD-014,5,474.04,2370.20,USD,debit_card,paid,delayed,next_day,TRACK-YOKBVPX4,2025-04-17,,2025-04-16T00:00:00Z,2025-10-29T00:00:00Z
ORD-00496,CUS-0560,2024-09-28,PROD-032,5,126.22,631.10,USD,paypal,paid,out_for_delivery,standard,TRACK-QLCAUDF9,2024-10-05,,2024-09-28T00:00:00Z,2025-10-22T00:00:00Z
ORD-00497,CUS-0249,2025-02-20,PROD-081,3,150.38,451.14,USD,credit_card,paid,delivered,standard,TRACK-A882JOZI,2025-02-25,2025-02-28,2025-02-20T00:00:00Z,2025-07-02T00:00:00Z
ORD-00498,CUS-0405,2024-06-03,PROD-062,5,282.17,1410.85,USD,credit_card,paid,out_for_delivery,express,TRACK-CA3DC9E6,2024-06-07,,2024-06-03T00:00:00Z,2025-06-04T00:00:00Z
ORD-00499,CUS-0678,2025-09-06,PROD-097,2,43.21,86.42,USD,paypal,refunded,refunded,next_day,TRACK-OIROAGI7,2025-09-07,2025-09-09,2025-09-06T00:00:00Z,2025-11-10T00:00:00Z
ORD-00500,CUS-0097,2024-12-06,PROD-052,1,580.62,580.62,USD,paypal,partially_refunded,returned,standard,TRACK-1RJWPX5Z,2024-12-13,2024-12-13,2024-12-06T00:00:00Z,2025-07-07T00:00:00Z
ORD-00501,CUS-0412,2025-04-26,PROD-009,4,788.22,3152.88,USD,debit_card,refunded,returned,international,TRACK-SZVUTBT6,2025-05-06,2025-05-09,2025-04-26T00:00:00Z,2025-11-25T00:00:00Z
ORD-00502,CUS-0565,2024-04-09,PROD-019,3,1140.33,3420.99,USD,debit_card,paid,placed,express,TRACK-S924W7W8,2024-04-13,,2024-04-09T00:00:00Z,2025-12-31T00:00:00Z
ORD-00503,CUS-0680,2025-09-24,PROD-069,2,271.07,542.14,USD,credit_card,paid,delivered,express,TRACK-OWP7NL6D,2025-09-27,2025-09-29,2025-09-24T00:00:00Z,2025-12-17T00:00:00Z
ORD-00504,CUS-0051,2024-05-07,PROD-015,5,987.77,4938.85,USD,credit_card,paid,confirmed,express,TRACK-YCYRNZNZ,2024-05-10,,2024-05-07T00:00:00Z,2024-07-18T00:00:00Z
ORD-00505,CUS-0486,2025-03-08,PROD-011,1,1007.07,1007.07,USD,paypal,paid,processing,express,TRACK-T13HLOZE,2025-03-12,,2025-03-08T00:00:00Z,2025-07-19T00:00:00Z
ORD-00506,CUS-0336,2025-09-05,PROD-048,1,127.33,127.33,USD,debit_card,paid,shipped,standard,TRACK-BVXKETUG,2025-09-12,,2025-09-05T00:00:00Z,2025-10-23T00:00:00Z
ORD-00507,CUS-0699,2025-07-24,PROD-036,5,341.40,1707.00,USD,bank_transfer,paid,out_for_delivery,express,TRACK-OLPF37L5,2025-07-27,,2025-07-24T00:00:00Z,2025-11-14T00:00:00Z
ORD-00508,CUS-0349,2024-01-30,PROD-069,5,271.07,1355.35,USD,debit_card,paid,out_for_delivery,standard,TRACK-18GSVPI2,2024-02-06,,2024-01-30T00:00:00Z,2025-02-23T00:00:00Z
ORD-00509,CUS-0803,2025-10-10,PROD-017,2,657.92,1315.84,USD,debit_card,paid,delayed,standard,TRACK-ZBOMVIBZ,2025-10-20,,2025-10-10T00:00:00Z,2025-10-30T00:00:00Z
ORD-00510,CUS-0877,2024-05-01,PROD-024,2,522.20,1044.40,USD,credit_card,paid,confirmed,standard,TRACK-82P5YRO1,2024-05-10,,2024-05-01T00:00:00Z,2025-06-04T00:00:00Z
ORD-00511,CUS-0029,2024-03-21,PROD-014,2,474.04,948.08,USD,bank_transfer,paid,shipped,standard,TRACK-D643J2X9,2024-03-26,,2024-03-21T00:00:00Z,2025-09-21T00:00:00Z
ORD-00512,CUS-0016,2025-04-30,PROD-014,5,474.04,2370.20,USD,debit_card,paid,delivered,express,TRACK-RRUHCU5M,2025-05-02,2025-05-04,2025-04-30T00:00:00Z,2025-06-03T00:00:00Z
ORD-00513,CUS-0736,2024-09-26,PROD-053,2,574.29,1148.58,USD,credit_card,paid,delivered,express,TRACK-C07BTI1R,2024-09-28,2024-10-01,2024-09-26T00:00:00Z,2025-09-17T00:00:00Z
ORD-00514,CUS-0603,2025-01-30,PROD-094,5,179.49,897.45,USD,credit_card,paid,placed,next_day,TRACK-G98GEYZI,2025-01-31,,2025-01-30T00:00:00Z,2025-06-08T00:00:00Z
ORD-00515,CUS-0371,2024-10-01,PROD-097,1,43.21,43.21,USD,credit_card,paid,placed,standard,TRACK-KNXMFH5E,2024-10-07,,2024-10-01T00:00:00Z,2025-10-01T00:00:00Z
ORD-00516,CUS-0459,2025-07-04,PROD-037,5,290.16,1450.80,USD,credit_card,paid,delayed,next_day,TRACK-9YW3DP11,2025-07-05,,2025-07-04T00:00:00Z,2025-12-21T00:00:00Z
ORD-00517,CUS-0301,2025-10-18,PROD-083,2,189.30,378.60,USD,credit_card,paid,out_for_delivery,standard,TRACK-G3TY36MA,2025-10-27,,2025-10-18T00:00:00Z,2025-10-26T00:00:00Z
ORD-00518,CUS-0622,2024-09-09,PROD-050,1,81.10,81.10,USD,paypal,paid,shipped,next_day,TRACK-WBV2IZSF,2024-09-10,,2024-09-09T00:00:00Z,2025-12-10T00:00:00Z
ORD-00519,CUS-0235,2024-08-23,PROD-043,3,53.52,160.56,USD,credit_card,pending,placed,express,TRACK-C5PSSCP9,2024-08-26,,2024-08-23T00:00:00Z,2024-12-31T00:00:00Z
ORD-00520,CUS-0939,2025-01-03,PROD-086,3,272.87,818.61,USD,credit_card,paid,shipped,standard,TRACK-3HTNCVHZ,2025-01-12,,2025-01-03T00:00:00Z,2025-01-10T00:00:00Z
ORD-00521,CUS-0658,2025-10-28,PROD-088,3,191.92,575.76,USD,debit_card,paid,processing,express,TRACK-ET8SJTNW,2025-11-01,,2025-10-28T00:00:00Z,2026-01-01T00:00:00Z
ORD-00522,CUS-0796,2025-12-08,PROD-020,5,848.04,4240.20,USD,bank_transfer,paid,placed,express,TRACK-UERJQENB,2025-12-10,,2025-12-08T00:00:00Z,2025-12-27T00:00:00Z
ORD-00523,CUS-0554,2025-01-25,PROD-096,3,93.24,279.72,USD,paypal,paid,confirmed,standard,TRACK-63XVFIUD,2025-01-30,,2025-01-25T00:00:00Z,2025-12-28T00:00:00Z
ORD-00524,CUS-0563,2024-01-31,PROD-064,4,384.19,1536.76,USD,credit_card,refunded,returned,express,TRACK-HG57ZUHF,2024-02-02,2024-02-02,2024-01-31T00:00:00Z,2024-08-07T00:00:00Z
ORD-00525,CUS-0236,2024-01-03,PROD-023,1,955.05,955.05,USD,bank_transfer,paid,placed,express,TRACK-PE6SWYU2,2024-01-06,,2024-01-03T00:00:00Z,2025-02-01T00:00:00Z
ORD-00526,CUS-0125,2025-07-14,PROD-002,1,2846.71,2846.71,USD,paypal,refunded,cancelled,standard,TRACK-NDC06KLI,2025-07-19,,2025-07-14T00:00:00Z,2025-11-21T00:00:00Z
ORD-00527,CUS-0774,2025-05-09,PROD-007,3,2312.54,6937.62,USD,credit_card,paid,out_for_delivery,international,TRACK-1TELO9LY,2025-05-22,,2025-05-09T00:00:00Z,2025-05-09T00:00:00Z
ORD-00528,CUS-0204,2024-01-18,PROD-094,4,179.49,717.96,USD,credit_card,failed,cancelled,standard,TRACK-A3KL0N4L,2024-01-28,,2024-01-18T00:00:00Z,2025-04-08T00:00:00Z
ORD-00529,CUS-0444,2025-02-03,PROD-086,4,272.87,1091.48,USD,credit_card,paid,shipped,standard,TRACK-AX6KDD49,2025-02-09,,2025-02-03T00:00:00Z,2025-02-03T00:00:00Z
ORD-00530,CUS-0828,2025-07-08,PROD-058,3,354.13,1062.39,USD,debit_card,paid,confirmed,express,TRACK-36JWBWNU,2025-07-10,,2025-07-08T00:00:00Z,2025-10-23T00:00:00Z
ORD-00531,CUS-0562,2024-10-28,PROD-026,5,295.00,1475.00,USD,debit_card,paid,confirmed,express,TRACK-0UONQAIP,2024-11-01,,2024-10-28T00:00:00Z,2025-09-18T00:00:00Z
ORD-00532,CUS-0580,2025-04-28,PROD-016,5,551.74,2758.70,USD,credit_card,partially_refunded,refunded,express,TRACK-CB2PN4U6,2025-04-30,2025-05-01,2025-04-28T00:00:00Z,2025-05-03T00:00:00Z
ORD-00533,CUS-0966,2024-05-15,PROD-012,4,922.70,3690.80,USD,credit_card,partially_refunded,returned,express,TRACK-4WU3GA9T,2024-05-17,2024-05-19,2024-05-15T00:00:00Z,2024-07-28T00:00:00Z
ORD-00534,CUS-0803,2025-01-04,PROD-060,3,420.27,1260.81,USD,credit_card,paid,delivered,standard,TRACK-QQZYEKV2,2025-01-09,2025-01-10,2025-01-04T00:00:00Z,2025-02-20T00:00:00Z
ORD-00535,CUS-0624,2025-08-29,PROD-092,4,102.76,411.04,USD,credit_card,partially_refunded,returned,standard,TRACK-GF7MVQ35,2025-09-05,2025-09-07,2025-08-29T00:00:00Z,2025-12-24T00:00:00Z
ORD-00536,CUS-0136,2025-07-20,PROD-014,3,474.04,1422.12,USD,credit_card,paid,delivered,standard,TRACK-R4L2E4F4,2025-07-27,2025-07-30,2025-07-20T00:00:00Z,2025-12-14T00:00:00Z
ORD-00537,CUS-0019,2024-02-20,PROD-094,1,179.49,179.49,USD,debit_card,paid,delivered,standard,TRACK-76O8QHE4,2024-02-28,2024-02-29,2024-02-20T00:00:00Z,2024-08-04T00:00:00Z
ORD-00538,CUS-0942,2025-09-17,PROD-072,3,172.02,516.06,USD,debit_card,partially_refunded,returned,standard,TRACK-CRX6SFJQ,2025-09-22,2025-09-23,2025-09-17T00:00:00Z,2025-09-26T00:00:00Z
ORD-00539,CUS-0399,2025-01-17,PROD-070,1,55.18,55.18,USD,debit_card,paid,out_for_delivery,standard,TRACK-27X1CENA,2025-01-23,,2025-01-17T00:00:00Z,2025-03-13T00:00:00Z
ORD-00540,CUS-0836,2024-03-29,PROD-085,3,152.73,458.19,USD,credit_card,paid,processing,standard,TRACK-0BN85P3E,2024-04-03,,2024-03-29T00:00:00Z,2025-07-15T00:00:00Z
ORD-00541,CUS-0073,2025-08-30,PROD-056,3,520.14,1560.42,USD,credit_card,paid,delivered,standard,TRACK-8JZ9DS2U,2025-09-06,2025-09-08,2025-08-30T00:00:00Z,2025-12-11T00:00:00Z
ORD-00542,CUS-0662,2025-08-04,PROD-019,5,1140.33,5701.65,USD,credit_card,paid,out_for_delivery,express,TRACK-TH4MVKQE,2025-08-08,,2025-08-04T00:00:00Z,2025-12-13T00:00:00Z
ORD-00543,CUS-0948,2025-04-30,PROD-019,2,1140.33,2280.66,USD,credit_card,paid,cancelled,standard,TRACK-H11BLF1X,2025-05-08,,2025-04-30T00:00:00Z,2025-10-22T00:00:00Z
ORD-00544,CUS-0188,2025-04-24,PROD-009,3,788.22,2364.66,USD,credit_card,paid,processing,next_day,TRACK-MJ13M7PC,2025-04-25,,2025-04-24T00:00:00Z,2025-12-30T00:00:00Z
ORD-00545,CUS-0559,2024-02-09,PROD-056,4,520.14,2080.56,USD,credit_card,paid,out_for_delivery,express,TRACK-T9967ST8,2024-02-12,,2024-02-09T00:00:00Z,2025-03-06T00:00:00Z
ORD-00546,CUS-0944,2024-11-01,PROD-081,4,150.38,601.52,USD,credit_card,refunded,returned,standard,TRACK-MQPJBMWM,2024-11-08,2024-11-11,2024-11-01T00:00:00Z,2025-02-14T00:00:00Z
ORD-00547,CUS-0579,2024-01-10,PROD-024,5,522.20,2611.00,USD,credit_card,paid,placed,international,TRACK-LBWLA9DI,2024-01-22,,2024-01-10T00:00:00Z,2025-04-27T00:00:00Z
ORD-00548,CUS-0798,2025-02-01,PROD-065,1,339.44,339.44,USD,debit_card,paid,delivered,next_day,TRACK-ALK7YBZG,2025-02-02,2025-02-02,2025-02-01T00:00:00Z,2025-12-15T00:00:00Z
ORD-00549,CUS-0380,2024-11-18,PROD-030,3,342.95,1028.85,USD,credit_card,paid,delivered,standard,TRACK-Y96YG626,2024-11-25,2024-11-25,2024-11-18T00:00:00Z,2025-02-06T00:00:00Z
ORD-00550,CUS-0881,2025-12-17,PROD-054,1,511.50,511.50,USD,paypal,pending,placed,standard,TRACK-HZG58XYJ,2025-12-27,,2025-12-17T00:00:00Z,2025-12-27T00:00:00Z
ORD-00551,CUS-0033,2024-10-16,PROD-057,1,81.68,81.68,USD,credit_card,partially_refunded,refunded,standard,TRACK-1Z4QT7ZV,2024-10-23,2024-10-23,2024-10-16T00:00:00Z,2025-09-22T00:00:00Z
ORD-00552,CUS-0770,2024-02-19,PROD-009,1,788.22,788.22,USD,credit_card,partially_refunded,refunded,next_day,TRACK-W81AYUAM,2024-02-20,2024-02-20,2024-02-19T00:00:00Z,2025-05-02T00:00:00Z
ORD-00553,CUS-0047,2025-09-18,PROD-065,3,339.44,1018.32,USD,credit_card,paid,placed,next_day,TRACK-WDHX5WGT,2025-09-19,,2025-09-18T00:00:00Z,2025-12-24T00:00:00Z
ORD-00554,CUS-0769,2025-01-17,PROD-032,5,126.22,631.10,USD,paypal,paid,shipped,standard,TRACK-NCC8UUXO,2025-01-25,,2025-01-17T00:00:00Z,2025-02-16T00:00:00Z
ORD-00555,CUS-0076,2025-01-31,PROD-070,4,55.18,220.72,USD,paypal,paid,out_for_delivery,standard,TRACK-269SYE6H,2025-02-06,,2025-01-31T00:00:00Z,2025-06-27T00:00:00Z
ORD-00556,CUS-0315,2025-12-16,PROD-075,3,343.41,1030.23,USD,credit_card,refunded,cancelled,standard,TRACK-OQ14MAFM,2025-12-21,,2025-12-16T00:00:00Z,2025-12-31T00:00:00Z
ORD-00557,CUS-0218,2024-11-16,PROD-049,3,49.02,147.06,USD,credit_card,paid,confirmed,express,TRACK-GDTGCG8Z,2024-11-18,,2024-11-16T00:00:00Z,2025-12-25T00:00:00Z
ORD-00558,CUS-0227,2024-12-04,PROD-040,1,337.08,337.08,USD,debit_card,pending,placed,express,TRACK-B6PYMA1T,2024-12-07,,2024-12-04T00:00:00Z,2025-04-12T00:00:00Z
ORD-00559,CUS-0249,2024-06-04,PROD-002,1,2846.71,2846.71,USD,paypal,paid,placed,express,TRACK-HE7KY87Q,2024-06-08,,2024-06-04T00:00:00Z,2025-12-12T00:00:00Z
ORD-00560,CUS-0462,2025-08-02,PROD-042,2,22.38,44.76,USD,debit_card,paid,placed,standard,TRACK-GB8IY525,2025-08-08,,2025-08-02T00:00:00Z,2025-11-04T00:00:00Z
ORD-00561,CUS-0363,2024-07-10,PROD-067,1,317.35,317.35,USD,credit_card,paid,shipped,express,TRACK-6ZE6E24I,2024-07-14,,2024-07-10T00:00:00Z,2025-01-11T00:00:00Z
ORD-00562,CUS-0194,2025-12-18,PROD-056,2,520.14,1040.28,USD,credit_card,pending,placed,standard,TRACK-M62S60YU,2025-12-26,,2025-12-18T00:00:00Z,2025-12-30T00:00:00Z
ORD-00563,CUS-0115,2025-03-23,PROD-065,2,339.44,678.88,USD,paypal,paid,delivered,standard,TRACK-TCVL0YQZ,2025-03-28,2025-03-31,2025-03-23T00:00:00Z,2025-12-12T00:00:00Z
ORD-00564,CUS-0046,2024-02-21,PROD-091,3,84.12,252.36,USD,debit_card,partially_refunded,returned,express,TRACK-1Z4C9VF6,2024-02-24,2024-02-25,2024-02-21T00:00:00Z,2024-11-29T00:00:00Z
ORD-00565,CUS-0340,2024-02-24,PROD-040,1,337.08,337.08,USD,paypal,refunded,refunded,standard,TRACK-0RAGHKE7,2024-03-01,2024-03-02,2024-02-24T00:00:00Z,2024-08-01T00:00:00Z
ORD-00566,CUS-0061,2024-03-31,PROD-033,3,249.21,747.63,USD,paypal,paid,shipped,standard,TRACK-X0740C98,2024-04-09,,2024-03-31T00:00:00Z,2024-10-17T00:00:00Z
ORD-00567,CUS-0718,2025-11-20,PROD-002,2,2846.71,5693.42,USD,debit_card,paid,delivered,next_day,TRACK-ABHB7ZHE,2025-11-21,2025-11-24,2025-11-20T00:00:00Z,2025-12-12T00:00:00Z
ORD-00568,CUS-0871,2025-12-13,PROD-017,1,657.92,657.92,USD,credit_card,paid,processing,next_day,TRACK-G61SP5OO,2025-12-14,,2025-12-13T00:00:00Z,2025-12-14T00:00:00Z
ORD-00569,CUS-0353,2025-09-01,PROD-092,2,102.76,205.52,USD,debit_card,partially_refunded,returned,express,TRACK-QOVVI1YX,2025-09-05,2025-09-05,2025-09-01T00:00:00Z,2025-11-27T00:00:00Z
ORD-00570,CUS-0905,2024-03-16,PROD-088,4,191.92,767.68,USD,debit_card,paid,shipped,express,TRACK-B8U8H7BI,2024-03-20,,2024-03-16T00:00:00Z,2024-12-23T00:00:00Z
ORD-00571,CUS-0069,2025-01-31,PROD-080,4,255.93,1023.72,USD,debit_card,paid,confirmed,express,TRACK-C57PACO5,2025-02-03,,2025-01-31T00:00:00Z,2025-09-23T00:00:00Z
ORD-00572,CUS-0977,2024-02-11,PROD-097,4,43.21,172.84,USD,credit_card,paid,processing,express,TRACK-7DSONKK1,2024-02-14,,2024-02-11T00:00:00Z,2025-12-13T00:00:00Z
ORD-00573,CUS-0038,2025-03-17,PROD-057,4,81.68,326.72,USD,credit_card,partially_refunded,refunded,express,TRACK-1ZUMKVGG,2025-03-19,2025-03-22,2025-03-17T00:00:00Z,2025-10-25T00:00:00Z
ORD-00574,CUS-0904,2024-03-31,PROD-016,3,551.74,1655.22,USD,debit_card,partially_refunded,refunded,standard,TRACK-2X707TLY,2024-04-05,2024-04-05,2024-03-31T00:00:00Z,2025-08-17T00:00:00Z
ORD-00575,CUS-0972,2025-12-04,PROD-077,5,484.12,2420.60,USD,credit_card,paid,placed,standard,TRACK-X06ZXUNH,2025-12-13,,2025-12-04T00:00:00Z,2025-12-29T00:00:00Z
ORD-00576,CUS-0246,2024-10-15,PROD-018,4,1487.38,5949.52,USD,bank_transfer,refunded,refunded,standard,TRACK-YNII88BY,2024-10-20,2024-10-20,2024-10-15T00:00:00Z,2025-12-16T00:00:00Z
ORD-00577,CUS-0375,2025-06-25,PROD-086,4,272.87,1091.48,USD,debit_card,paid,out_for_delivery,standard,TRACK-9J52OYYR,2025-07-03,,2025-06-25T00:00:00Z,2025-11-22T00:00:00Z
ORD-00578,CUS-0730,2024-10-01,PROD-093,3,61.11,183.33,USD,credit_card,partially_refunded,refunded,standard,TRACK-PU9JN01N,2024-10-06,2024-10-09,2024-10-01T00:00:00Z,2025-02-21T00:00:00Z
ORD-00579,CUS-0130,2024-06-30,PROD-011,3,1007.07,3021.21,USD,credit_card,paid,shipped,standard,TRACK-T6U777LD,2024-07-07,,2024-06-30T00:00:00Z,2025-08-12T00:00:00Z
ORD-00580,CUS-0611,2024-11-26,PROD-019,3,1140.33,3420.99,USD,credit_card,paid,delivered,express,TRACK-KQE7A5JI,2024-11-30,2024-11-30,2024-11-26T00:00:00Z,2025-02-26T00:00:00Z
ORD-00581,CUS-0395,2024-10-19,PROD-016,1,551.74,551.74,USD,bank_transfer,partially_refunded,refunded,next_day,TRACK-TH2FOE15,2024-10-20,2024-10-21,2024-10-19T00:00:00Z,2025-12-07T00:00:00Z
ORD-00582,CUS-0058,2025-08-03,PROD-058,4,354.13,1416.52,USD,debit_card,paid,processing,international,TRACK-QD66BX0R,2025-08-29,,2025-08-03T00:00:00Z,2025-09-14T00:00:00Z
ORD-00583,CUS-0146,2024-03-22,PROD-016,3,551.74,1655.22,USD,credit_card,paid,delivered,express,TRACK-D7KFN8K6,2024-03-25,2024-03-28,2024-03-22T00:00:00Z,2024-12-20T00:00:00Z
ORD-00584,CUS-0865,2025-10-28,PROD-088,4,191.92,767.68,USD,credit_card,paid,placed,standard,TRACK-XFX3AT25,2025-11-03,,2025-10-28T00:00:00Z,2025-12-23T00:00:00Z
ORD-00585,CUS-0474,2024-05-15,PROD-058,5,354.13,1770.65,USD,paypal,paid,out_for_delivery,next_day,TRACK-LGQE6XB1,2024-05-16,,2024-05-15T00:00:00Z,2025-05-15T00:00:00Z
ORD-00586,CUS-0835,2025-03-25,PROD-020,5,848.04,4240.20,USD,credit_card,paid,placed,standard,TRACK-XXBAF4GE,2025-04-01,,2025-03-25T00:00:00Z,2025-09-04T00:00:00Z
ORD-00587,CUS-0475,2024-07-18,PROD-085,1,152.73,152.73,USD,debit_card,paid,out_for_delivery,express,TRACK-K8YE71TW,2024-07-20,,2024-07-18T00:00:00Z,2025-01-02T00:00:00Z
ORD-00588,CUS-0931,2024-07-22,PROD-005,1,925.08,925.08,USD,debit_card,paid,processing,express,TRACK-MZSO6AXU,2024-07-26,,2024-07-22T00:00:00Z,2025-03-31T00:00:00Z
ORD-00589,CUS-0353,2025-01-17,PROD-017,5,657.92,3289.60,USD,debit_card,paid,shipped,next_day,TRACK-Y6FFY3IW,2025-01-18,,2025-01-17T00:00:00Z,2025-11-21T00:00:00Z
ORD-00590,CUS-0623,2024-01-02,PROD-023,3,955.05,2865.15,USD,credit_card,paid,shipped,express,TRACK-Y32HMEPD,2024-01-05,,2024-01-02T00:00:00Z,2025-04-26T00:00:00Z
ORD-00591,CUS-0407,2024-02-20,PROD-012,5,922.70,4613.50,USD,debit_card,refunded,refunded,express,TRACK-GV2ESF4N,2024-02-22,2024-02-22,2024-02-20T00:00:00Z,2024-06-26T00:00:00Z
ORD-00592,CUS-0160,2024-04-12,PROD-051,3,450.36,1351.08,USD,bank_transfer,paid,delivered,express,TRACK-I8YWGD4X,2024-04-16,2024-04-19,2024-04-12T00:00:00Z,2025-01-05T00:00:00Z
ORD-00593,CUS-0547,2025-02-16,PROD-034,4,347.18,1388.72,USD,debit_card,paid,processing,express,TRACK-1EH8HYF8,2025-02-20,,2025-02-16T00:00:00Z,2025-02-24T00:00:00Z
ORD-00594,CUS-0650,2025-09-14,PROD-014,3,474.04,1422.12,USD,bank_transfer,paid,shipped,standard,TRACK-M94UZXY4,2025-09-20,,2025-09-14T00:00:00Z,2025-10-29T00:00:00Z
ORD-00595,CUS-0415,2025-01-21,PROD-008,2,1441.53,2883.06,USD,paypal,paid,cancelled,standard,TRACK-HX6I62R2,2025-01-26,,2025-01-21T00:00:00Z,2025-03-20T00:00:00Z
ORD-00596,CUS-0545,2024-10-05,PROD-008,4,1441.53,5766.12,USD,credit_card,paid,delivered,express,TRACK-J3AYIUKE,2024-10-09,2024-10-11,2024-10-05T00:00:00Z,2024-10-11T00:00:00Z
ORD-00597,CUS-0910,2024-03-14,PROD-085,2,152.73,305.46,USD,credit_card,paid,delayed,standard,TRACK-OC2XI3RN,2024-03-19,,2024-03-14T00:00:00Z,2024-12-22T00:00:00Z
ORD-00598,CUS-0810,2024-02-16,PROD-061,3,118.46,355.38,USD,credit_card,paid,shipped,express,TRACK-CGWCD9JC,2024-02-20,,2024-02-16T00:00:00Z,2025-01-18T00:00:00Z
ORD-00599,CUS-0439,2024-01-18,PROD-035,5,297.43,1487.15,USD,credit_card,refunded,returned,express,TRACK-ZVHLTMGR,2024-01-20,2024-01-21,2024-01-18T00:00:00Z,2024-10-03T00:00:00Z
ORD-00600,CUS-0173,2024-06-11,PROD-056,1,520.14,520.14,USD,debit_card,paid,placed,standard,TRACK-EXFCHIZ6,2024-06-20,,2024-06-11T00:00:00Z,2025-09-27T00:00:00Z
ORD-00601,CUS-0545,2025-10-24,PROD-073,4,114.42,457.68,USD,credit_card,paid,out_for_delivery,express,TRACK-8RCP6I29,2025-10-26,,2025-10-24T00:00:00Z,2025-12-19T00:00:00Z
ORD-00602,CUS-0668,2025-11-22,PROD-050,1,81.10,81.10,USD,paypal,paid,out_for_delivery,standard,TRACK-Z8TRTM47,2025-12-02,,2025-11-22T00:00:00Z,2025-12-28T00:00:00Z
ORD-00603,CUS-0922,2025-12-10,PROD-090,3,289.84,869.52,USD,credit_card,paid,processing,express,TRACK-D1LG8Y2W,2025-12-12,,2025-12-10T00:00:00Z,2025-12-13T00:00:00Z
ORD-00604,CUS-0149,2024-06-11,PROD-006,1,1049.94,1049.94,USD,bank_transfer,paid,delivered,standard,TRACK-41RN9UQ7,2024-06-19,2024-06-19,2024-06-11T00:00:00Z,2024-08-01T00:00:00Z
ORD-00605,CUS-0002,2025-03-06,PROD-018,5,1487.38,7436.90,USD,debit_card,paid,out_for_delivery,standard,TRACK-LXPOUV75,2025-03-11,,2025-03-06T00:00:00Z,2025-06-17T00:00:00Z
ORD-00606,CUS-0395,2025-03-12,PROD-045,1,111.96,111.96,USD,debit_card,paid,shipped,standard,TRACK-BOMZQB09,2025-03-21,,2025-03-12T00:00:00Z,2025-06-15T00:00:00Z
ORD-00607,CUS-0986,2025-03-27,PROD-060,1,420.27,420.27,USD,credit_card,paid,confirmed,next_day,TRACK-UMUNLBNQ,2025-03-28,,2025-03-27T00:00:00Z,2025-06-26T00:00:00Z
ORD-00608,CUS-0377,2024-04-22,PROD-045,2,111.96,223.92,USD,paypal,paid,delivered,express,TRACK-OHK94W6W,2024-04-26,2024-04-28,2024-04-22T00:00:00Z,2025-05-29T00:00:00Z
ORD-00609,CUS-0358,2025-02-27,PROD-037,4,290.16,1160.64,USD,paypal,paid,processing,standard,TRACK-157KHZ22,2025-03-06,,2025-02-27T00:00:00Z,2025-04-30T00:00:00Z
ORD-00610,CUS-0406,2025-09-09,PROD-073,5,114.42,572.10,USD,credit_card,paid,processing,express,TRACK-IZ4JQI55,2025-09-12,,2025-09-09T00:00:00Z,2025-11-15T00:00:00Z
ORD-00611,CUS-0778,2025-11-04,PROD-087,5,89.66,448.30,USD,paypal,paid,confirmed,standard,TRACK-BLPVR79Y,2025-11-13,,2025-11-04T00:00:00Z,2025-12-23T00:00:00Z
ORD-00612,CUS-0904,2025-08-19,PROD-067,3,317.35,952.05,USD,credit_card,pending,placed,standard,TRACK-891QCG41,2025-08-27,,2025-08-19T00:00:00Z,2025-11-04T00:00:00Z
ORD-00613,CUS-0921,2024-12-22,PROD-067,2,317.35,634.70,USD,credit_card,paid,shipped,next_day,TRACK-2NRV4EIB,2024-12-23,,2024-12-22T00:00:00Z,2025-10-08T00:00:00Z
ORD-00614,CUS-0444,2025-01-25,PROD-039,1,482.81,482.81,USD,credit_card,paid,confirmed,express,TRACK-IBA65D2H,2025-01-28,,2025-01-25T00:00:00Z,2025-08-14T00:00:00Z
ORD-00615,CUS-0886,2025-06-25,PROD-046,5,67.55,337.75,USD,credit_card,paid,shipped,standard,TRACK-UW48TP37,2025-07-04,,2025-06-25T00:00:00Z,2025-07-12T00:00:00Z
ORD-00616,CUS-0268,2025-01-04,PROD-091,5,84.12,420.60,USD,credit_card,paid,shipped,standard,TRACK-ZOHC7TBH,2025-01-10,,2025-01-04T00:00:00Z,2025-07-31T00:00:00Z
ORD-00617,CUS-0162,2024-05-18,PROD-086,1,272.87,272.87,USD,bank_transfer,refunded,cancelled,standard,TRACK-QGOXAIQU,2024-05-27,,2024-05-18T00:00:00Z,2025-06-27T00:00:00Z
ORD-00618,CUS-0801,2024-01-29,PROD-070,1,55.18,55.18,USD,paypal,paid,delivered,next_day,TRACK-LZF4NUB5,2024-01-30,2024-01-30,2024-01-29T00:00:00Z,2025-12-07T00:00:00Z
ORD-00619,CUS-0996,2025-03-24,PROD-063,3,328.94,986.82,USD,credit_card,paid,placed,standard,TRACK-9K4CI248,2025-03-30,,2025-03-24T00:00:00Z,2025-08-14T00:00:00Z
ORD-00620,CUS-0433,2024-12-12,PROD-051,2,450.36,900.72,USD,credit_card,paid,out_for_delivery,standard,TRACK-011HE9WI,2024-12-18,,2024-12-12T00:00:00Z,2025-02-18T00:00:00Z
ORD-00621,CUS-0339,2025-08-10,PROD-052,1,580.62,580.62,USD,debit_card,paid,processing,standard,TRACK-IHJQCYYP,2025-08-18,,2025-08-10T00:00:00Z,2025-08-12T00:00:00Z
ORD-00622,CUS-0449,2024-05-25,PROD-055,4,407.21,1628.84,USD,bank_transfer,paid,delivered,standard,TRACK-1L6CKNC7,2024-05-31,2024-06-01,2024-05-25T00:00:00Z,2025-12-15T00:00:00Z
ORD-00623,CUS-0789,2025-05-14,PROD-034,2,347.18,694.36,USD,crypto,paid,processing,standard,TRACK-J72BTQ82,2025-05-24,,2025-05-14T00:00:00Z,2025-05-18T00:00:00Z
ORD-00624,CUS-0094,2024-06-15,PROD-059,2,284.59,569.18,USD,debit_card,paid,delivered,standard,TRACK-K5C3Z6J5,2024-06-23,2024-06-23,2024-06-15T00:00:00Z,2025-11-04T00:00:00Z
ORD-00625,CUS-0329,2025-02-27,PROD-034,1,347.18,347.18,USD,paypal,paid,delivered,express,TRACK-7GJNXI5P,2025-03-03,2025-03-06,2025-02-27T00:00:00Z,2025-05-13T00:00:00Z
ORD-00626,CUS-0348,2024-03-06,PROD-065,2,339.44,678.88,USD,bank_transfer,paid,confirmed,express,TRACK-B82MOTZ6,2024-03-10,,2024-03-06T00:00:00Z,2024-08-03T00:00:00Z
ORD-00627,CUS-0970,2025-05-12,PROD-032,2,126.22,252.44,USD,credit_card,paid,delivered,express,TRACK-U72DD9EQ,2025-05-16,2025-05-16,2025-05-12T00:00:00Z,2025-11-06T00:00:00Z
ORD-00628,CUS-0355,2025-07-20,PROD-089,4,304.67,1218.68,USD,credit_card,paid,cancelled,express,TRACK-B69C45RY,2025-07-24,,2025-07-20T00:00:00Z,2025-12-20T00:00:00Z
ORD-00629,CUS-0155,2024-04-16,PROD-046,5,67.55,337.75,USD,bank_transfer,partially_refunded,refunded,next_day,TRACK-MV06DDG6,2024-04-17,2024-04-20,2024-04-16T00:00:00Z,2025-01-01T00:00:00Z
ORD-00630,CUS-0256,2025-07-24,PROD-029,4,868.72,3474.88,USD,debit_card,paid,processing,standard,TRACK-MKFNNL3V,2025-08-03,,2025-07-24T00:00:00Z,2025-09-11T00:00:00Z
ORD-00631,CUS-0931,2024-01-02,PROD-025,5,499.30,2496.50,USD,credit_card,refunded,cancelled,standard,TRACK-KP6ASSSU,2024-01-09,,2024-01-02T00:00:00Z,2024-10-05T00:00:00Z
ORD-00632,CUS-0476,2024-06-19,PROD-003,1,986.69,986.69,USD,paypal,paid,cancelled,next_day,TRACK-NSMW5GYR,2024-06-20,,2024-06-19T00:00:00Z,2024-12-22T00:00:00Z
ORD-00633,CUS-0407,2025-10-11,PROD-055,2,407.21,814.42,USD,credit_card,paid,confirmed,express,TRACK-0OJQRLG6,2025-10-15,,2025-10-11T00:00:00Z,2025-10-13T00:00:00Z
ORD-00634,CUS-0429,2025-02-12,PROD-011,3,1007.07,3021.21,USD,credit_card,paid,delivered,standard,TRACK-3EXU7FKC,2025-02-20,2025-02-21,2025-02-12T00:00:00Z,2025-04-30T00:00:00Z
ORD-00635,CUS-0606,2024-11-19,PROD-041,5,22.71,113.55,USD,credit_card,paid,out_for_delivery,express,TRACK-IY3XGWK1,2024-11-21,,2024-11-19T00:00:00Z,2025-06-27T00:00:00Z
ORD-00636,CUS-0387,2024-12-09,PROD-010,3,1931.10,5793.30,USD,bank_transfer,paid,delivered,standard,TRACK-XTDHDX1B,2024-12-16,2024-12-17,2024-12-09T00:00:00Z,2025-02-27T00:00:00Z
ORD-00637,CUS-0066,2024-03-26,PROD-083,2,189.30,378.60,USD,debit_card,refunded,cancelled,standard,TRACK-2NKX5ZT5,2024-04-04,,2024-03-26T00:00:00Z,2025-09-25T00:00:00Z
ORD-00638,CUS-0512,2024-11-01,PROD-052,1,580.62,580.62,USD,credit_card,paid,confirmed,express,TRACK-DLUCLLE4,2024-11-03,,2024-11-01T00:00:00Z,2025-12-12T00:00:00Z
ORD-00639,CUS-0398,2025-08-06,PROD-023,5,955.05,4775.25,USD,crypto,partially_refunded,returned,express,TRACK-WR3S18WK,2025-08-09,2025-08-11,2025-08-06T00:00:00Z,2025-09-05T00:00:00Z
ORD-00640,CUS-0611,2024-05-12,PROD-056,2,520.14,1040.28,USD,credit_card,paid,shipped,standard,TRACK-EF73GGAY,2024-05-17,,2024-05-12T00:00:00Z,2024-10-26T00:00:00Z
ORD-00641,CUS-0627,2025-06-28,PROD-033,2,249.21,498.42,USD,debit_card,paid,delayed,standard,TRACK-KRS51ZEQ,2025-07-07,,2025-06-28T00:00:00Z,2025-08-06T00:00:00Z
ORD-00642,CUS-0846,2025-02-20,PROD-098,5,168.10,840.50,USD,debit_card,paid,delivered,express,TRACK-JYDFZDTC,2025-02-23,2025-02-26,2025-02-20T00:00:00Z,2025-03-02T00:00:00Z
ORD-00643,CUS-0756,2024-06-21,PROD-089,1,304.67,304.67,USD,credit_card,paid,placed,standard,TRACK-0TGO5AWL,2024-06-27,,2024-06-21T00:00:00Z,2025-02-26T00:00:00Z
ORD-00644,CUS-0908,2024-08-28,PROD-068,5,296.26,1481.30,USD,debit_card,paid,delivered,standard,TRACK-TFP3G21C,2024-09-05,2024-09-08,2024-08-28T00:00:00Z,2025-08-20T00:00:00Z
ORD-00645,CUS-0443,2025-04-13,PROD-021,4,373.51,1494.04,USD,debit_card,refunded,returned,standard,TRACK-49H5VN28,2025-04-19,2025-04-22,2025-04-13T00:00:00Z,2025-05-25T00:00:00Z
ORD-00646,CUS-0518,2025-10-12,PROD-044,1,26.86,26.86,USD,credit_card,partially_refunded,returned,standard,TRACK-ODPK1ACF,2025-10-21,2025-10-22,2025-10-12T00:00:00Z,2025-11-09T00:00:00Z
ORD-00647,CUS-0735,2024-06-05,PROD-078,1,251.87,251.87,USD,debit_card,paid,delivered,express,TRACK-0I6QV4TL,2024-06-09,2024-06-09,2024-06-05T00:00:00Z,2025-10-11T00:00:00Z
ORD-00648,CUS-0505,2024-04-07,PROD-050,1,81.10,81.10,USD,credit_card,paid,out_for_delivery,next_day,TRACK-03GW7S43,2024-04-08,,2024-04-07T00:00:00Z,2024-06-22T00:00:00Z
ORD-00649,CUS-0637,2025-04-23,PROD-017,5,657.92,3289.60,USD,credit_card,paid,out_for_delivery,express,TRACK-E7ZMVUTI,2025-04-27,,2025-04-23T00:00:00Z,2025-07-21T00:00:00Z
ORD-00650,CUS-0677,2024-07-01,PROD-064,1,384.19,384.19,USD,credit_card,refunded,refunded,next_day,TRACK-ON8ONG5U,2024-07-02,2024-07-02,2024-07-01T00:00:00Z,2025-05-28T00:00:00Z
ORD-00651,CUS-0459,2024-11-11,PROD-027,5,795.29,3976.45,USD,paypal,paid,delivered,express,TRACK-6FLVYWAP,2024-11-14,2024-11-15,2024-11-11T00:00:00Z,2025-09-18T00:00:00Z
ORD-00652,CUS-0024,2024-10-01,PROD-057,4,81.68,326.72,USD,paypal,paid,confirmed,express,TRACK-OV9CPWRU,2024-10-05,,2024-10-01T00:00:00Z,2025-05-23T00:00:00Z
ORD-00653,CUS-0315,2025-11-27,PROD-088,4,191.92,767.68,USD,credit_card,paid,shipped,standard,TRACK-Y4KJ8GVS,2025-12-04,,2025-11-27T00:00:00Z,2025-12-23T00:00:00Z
ORD-00654,CUS-0474,2024-10-22,PROD-032,4,126.22,504.88,USD,credit_card,paid,delivered,next_day,TRACK-MOU3DN1T,2024-10-23,2024-10-25,2024-10-22T00:00:00Z,2025-04-01T00:00:00Z
ORD-00655,CUS-0011,2024-06-19,PROD-078,5,251.87,1259.35,USD,paypal,refunded,cancelled,standard,TRACK-8E5BO8BO,2024-06-28,,2024-06-19T00:00:00Z,2024-08-20T00:00:00Z
ORD-00656,CUS-0019,2024-07-02,PROD-070,3,55.18,165.54,USD,credit_card,paid,delivered,standard,TRACK-MDHUTT52,2024-07-09,2024-07-12,2024-07-02T00:00:00Z,2025-03-01T00:00:00Z
ORD-00657,CUS-0634,2025-04-30,PROD-077,3,484.12,1452.36,USD,credit_card,paid,cancelled,standard,TRACK-TO5A7QNA,2025-05-05,,2025-04-30T00:00:00Z,2025-05-11T00:00:00Z
ORD-00658,CUS-0696,2025-02-03,PROD-045,4,111.96,447.84,USD,debit_card,paid,confirmed,international,TRACK-VXA8MKU1,2025-02-19,,2025-02-03T00:00:00Z,2025-11-07T00:00:00Z
ORD-00659,CUS-0681,2025-03-18,PROD-038,4,302.64,1210.56,USD,paypal,paid,delivered,express,TRACK-166XTF52,2025-03-20,2025-03-20,2025-03-18T00:00:00Z,2025-06-30T00:00:00Z
ORD-00660,CUS-0438,2025-12-05,PROD-048,1,127.33,127.33,USD,debit_card,paid,placed,standard,TRACK-K8EVBRX8,2025-12-14,,2025-12-05T00:00:00Z,2025-12-31T00:00:00Z
ORD-00661,CUS-0939,2024-06-17,PROD-048,3,127.33,381.99,USD,credit_card,partially_refunded,returned,standard,TRACK-2ELMV5E7,2024-06-23,2024-06-24,2024-06-17T00:00:00Z,2024-10-22T00:00:00Z
ORD-00662,CUS-0624,2024-12-05,PROD-002,2,2846.71,5693.42,USD,credit_card,paid,processing,next_day,TRACK-XK2JL6KK,2024-12-06,,2024-12-05T00:00:00Z,2025-06-13T00:00:00Z
ORD-00663,CUS-0612,2025-09-07,PROD-029,4,868.72,3474.88,USD,credit_card,paid,shipped,standard,TRACK-43TLRCEL,2025-09-14,,2025-09-07T00:00:00Z,2025-09-20T00:00:00Z
ORD-00664,CUS-0171,2025-09-02,PROD-090,1,289.84,289.84,USD,paypal,pending,placed,express,TRACK-EGD572I2,2025-09-04,,2025-09-02T00:00:00Z,2025-10-31T00:00:00Z
ORD-00665,CUS-0507,2025-03-11,PROD-021,3,373.51,1120.53,USD,credit_card,paid,delivered,express,TRACK-0WUZLLGY,2025-03-13,2025-03-15,2025-03-11T00:00:00Z,2025-08-18T00:00:00Z
ORD-00666,CUS-0104,2024-04-28,PROD-052,5,580.62,2903.10,USD,debit_card,paid,shipped,standard,TRACK-WQB6TWNV,2024-05-05,,2024-04-28T00:00:00Z,2025-08-06T00:00:00Z
ORD-00667,CUS-0315,2025-04-27,PROD-035,2,297.43,594.86,USD,debit_card,paid,delayed,next_day,TRACK-H1K504K3,2025-04-28,,2025-04-27T00:00:00Z,2025-05-27T00:00:00Z
ORD-00668,CUS-0365,2024-11-03,PROD-075,5,343.41,1717.05,USD,debit_card,paid,out_for_delivery,standard,TRACK-K6HMRTIE,2024-11-09,,2024-11-03T00:00:00Z,2024-12-15T00:00:00Z
ORD-00669,CUS-0895,2025-12-05,PROD-009,2,788.22,1576.44,USD,paypal,paid,processing,next_day,TRACK-SVG7SS63,2025-12-06,,2025-12-05T00:00:00Z,2025-12-07T00:00:00Z
ORD-00670,CUS-0362,2025-05-06,PROD-023,5,955.05,4775.25,USD,credit_card,paid,out_for_delivery,standard,TRACK-KTGYLEYO,2025-05-16,,2025-05-06T00:00:00Z,2025-12-29T00:00:00Z
ORD-00671,CUS-0336,2024-08-19,PROD-094,4,179.49,717.96,USD,debit_card,paid,cancelled,standard,TRACK-DUDPRK5R,2024-08-29,,2024-08-19T00:00:00Z,2025-04-02T00:00:00Z
ORD-00672,CUS-0761,2024-06-15,PROD-049,5,49.02,245.10,USD,credit_card,paid,cancelled,standard,TRACK-9I3EVJN2,2024-06-22,,2024-06-15T00:00:00Z,2024-08-07T00:00:00Z
ORD-00673,CUS-0625,2025-08-11,PROD-076,5,158.70,793.50,USD,paypal,paid,delayed,next_day,TRACK-BBVMIA63,2025-08-12,,2025-08-11T00:00:00Z,2025-11-06T00:00:00Z
ORD-00674,CUS-0168,2025-12-22,PROD-013,1,1278.38,1278.38,USD,paypal,paid,delivered,express,TRACK-XKKXO0SS,2025-12-26,2025-12-29,2025-12-22T00:00:00Z,2025-12-27T00:00:00Z
ORD-00675,CUS-0449,2025-07-28,PROD-022,3,500.24,1500.72,USD,debit_card,failed,cancelled,standard,TRACK-WU1ESEVG,2025-08-02,,2025-07-28T00:00:00Z,2025-12-24T00:00:00Z
ORD-00676,CUS-0474,2025-07-05,PROD-094,5,179.49,897.45,USD,debit_card,paid,delivered,next_day,TRACK-443KTX6Q,2025-07-06,2025-07-06,2025-07-05T00:00:00Z,2025-07-08T00:00:00Z
ORD-00677,CUS-0949,2025-08-17,PROD-043,5,53.52,267.60,USD,debit_card,paid,shipped,standard,TRACK-7322HR5S,2025-08-25,,2025-08-17T00:00:00Z,2025-09-12T00:00:00Z
ORD-00678,CUS-0085,2024-08-10,PROD-024,1,522.20,522.20,USD,credit_card,paid,processing,express,TRACK-MPT1UV94,2024-08-12,,2024-08-10T00:00:00Z,2025-12-06T00:00:00Z
ORD-00679,CUS-0939,2025-08-13,PROD-044,1,26.86,26.86,USD,debit_card,refunded,returned,next_day,TRACK-2X54U44Q,2025-08-14,2025-08-14,2025-08-13T00:00:00Z,2025-11-01T00:00:00Z
ORD-00680,CUS-0152,2025-03-11,PROD-072,4,172.02,688.08,USD,crypto,paid,delivered,standard,TRACK-3NWX0TAZ,2025-03-21,2025-03-21,2025-03-11T00:00:00Z,2025-08-21T00:00:00Z
ORD-00681,CUS-0200,2025-11-20,PROD-017,4,657.92,2631.68,USD,paypal,pending,placed,standard,TRACK-U2CI4EUR,2025-11-26,,2025-11-20T00:00:00Z,2025-12-10T00:00:00Z
ORD-00682,CUS-0358,2024-09-06,PROD-016,4,551.74,2206.96,USD,credit_card,pending,placed,next_day,TRACK-T324ZBL5,2024-09-07,,2024-09-06T00:00:00Z,2024-12-23T00:00:00Z
ORD-00683,CUS-0732,2024-07-30,PROD-060,4,420.27,1681.08,USD,bank_transfer,paid,placed,next_day,TRACK-2TH1FPHM,2024-07-31,,2024-07-30T00:00:00Z,2025-09-13T00:00:00Z
ORD-00684,CUS-0582,2024-08-02,PROD-032,3,126.22,378.66,USD,credit_card,paid,processing,express,TRACK-CAML518D,2024-08-06,,2024-08-02T00:00:00Z,2025-11-06T00:00:00Z
ORD-00685,CUS-0682,2024-03-29,PROD-032,3,126.22,378.66,USD,credit_card,failed,cancelled,standard,TRACK-VUM2ENI8,2024-04-07,,2024-03-29T00:00:00Z,2024-08-13T00:00:00Z
ORD-00686,CUS-0859,2024-09-02,PROD-066,4,77.92,311.68,USD,debit_card,paid,out_for_delivery,express,TRACK-BFV9XOMI,2024-09-04,,2024-09-02T00:00:00Z,2024-10-14T00:00:00Z
ORD-00687,CUS-0387,2024-09-19,PROD-033,1,249.21,249.21,USD,credit_card,paid,cancelled,express,TRACK-C6WZ8L6M,2024-09-23,,2024-09-19T00:00:00Z,2025-04-16T00:00:00Z
ORD-00688,CUS-0849,2024-02-13,PROD-034,3,347.18,1041.54,USD,credit_card,refunded,refunded,standard,TRACK-YTE9AFPP,2024-02-22,2024-02-22,2024-02-13T00:00:00Z,2025-11-22T00:00:00Z
ORD-00689,CUS-0266,2024-10-04,PROD-087,4,89.66,358.64,USD,paypal,paid,confirmed,international,TRACK-UV27UUBR,2024-10-22,,2024-10-04T00:00:00Z,2025-10-26T00:00:00Z
ORD-00690,CUS-0882,2025-09-13,PROD-085,1,152.73,152.73,USD,crypto,paid,delivered,standard,TRACK-S1KWQJL8,2025-09-18,2025-09-19,2025-09-13T00:00:00Z,2025-10-25T00:00:00Z
ORD-00691,CUS-0551,2025-04-09,PROD-096,2,93.24,186.48,USD,credit_card,refunded,cancelled,express,TRACK-JHXPTUED,2025-04-12,,2025-04-09T00:00:00Z,2025-04-26T00:00:00Z
ORD-00692,CUS-0208,2024-08-01,PROD-040,5,337.08,1685.40,USD,credit_card,paid,delivered,express,TRACK-6SHQXMS0,2024-08-03,2024-08-06,2024-08-01T00:00:00Z,2025-11-30T00:00:00Z
ORD-00693,CUS-0461,2024-09-14,PROD-002,1,2846.71,2846.71,USD,debit_card,paid,processing,standard,TRACK-VWE8G358,2024-09-20,,2024-09-14T00:00:00Z,2024-11-18T00:00:00Z
ORD-00694,CUS-0406,2024-12-23,PROD-018,3,1487.38,4462.14,USD,debit_card,paid,delayed,standard,TRACK-7C45IDBX,2024-12-31,,2024-12-23T00:00:00Z,2025-03-01T00:00:00Z
ORD-00695,CUS-0008,2024-10-13,PROD-035,1,297.43,297.43,USD,credit_card,paid,placed,next_day,TRACK-VZDHJ9IT,2024-10-14,,2024-10-13T00:00:00Z,2024-11-12T00:00:00Z
ORD-00696,CUS-0637,2025-09-22,PROD-062,3,282.17,846.51,USD,debit_card,pending,placed,standard,TRACK-1TQV0R09,2025-10-01,,2025-09-22T00:00:00Z,2025-10-18T00:00:00Z
ORD-00697,CUS-0188,2025-01-17,PROD-023,1,955.05,955.05,USD,credit_card,partially_refunded,refunded,standard,TRACK-GA3YYGDT,2025-01-26,2025-01-26,2025-01-17T00:00:00Z,2025-04-25T00:00:00Z
ORD-00698,CUS-0313,2025-06-22,PROD-049,4,49.02,196.08,USD,paypal,paid,placed,standard,TRACK-BATQXC72,2025-06-27,,2025-06-22T00:00:00Z,2025-09-15T00:00:00Z
ORD-00699,CUS-0799,2025-02-04,PROD-031,4,88.52,354.08,USD,credit_card,paid,delivered,standard,TRACK-UH8VAQVB,2025-02-09,2025-02-12,2025-02-04T00:00:00Z,2025-04-14T00:00:00Z
ORD-00700,CUS-0342,2024-01-13,PROD-073,1,114.42,114.42,USD,paypal,paid,delayed,standard,TRACK-WD1BQFDT,2024-01-21,,2024-01-13T00:00:00Z,2024-02-24T00:00:00Z
ORD-00701,CUS-0762,2025-04-28,PROD-066,1,77.92,77.92,USD,credit_card,paid,delivered,express,TRACK-FE2J5ZKO,2025-04-30,2025-05-03,2025-04-28T00:00:00Z,2025-09-20T00:00:00Z
ORD-00702,CUS-0172,2024-03-11,PROD-071,4,489.66,1958.64,USD,credit_card,failed,cancelled,standard,TRACK-LO9FIK47,2024-03-17,,2024-03-11T00:00:00Z,2025-03-15T00:00:00Z
ORD-00703,CUS-0148,2025-10-25,PROD-012,4,922.70,3690.80,USD,bank_transfer,paid,placed,standard,TRACK-HV1F070V,2025-11-01,,2025-10-25T00:00:00Z,2025-12-21T00:00:00Z
ORD-00704,CUS-0817,2024-07-03,PROD-061,4,118.46,473.84,USD,bank_transfer,paid,delivered,standard,TRACK-YPWLIEOX,2024-07-12,2024-07-14,2024-07-03T00:00:00Z,2024-07-27T00:00:00Z
ORD-00705,CUS-0994,2024-05-17,PROD-087,3,89.66,268.98,USD,debit_card,partially_refunded,refunded,express,TRACK-TEBDUD8T,2024-05-19,2024-05-20,2024-05-17T00:00:00Z,2025-11-21T00:00:00Z
ORD-00706,CUS-0902,2025-12-20,PROD-052,3,580.62,1741.86,USD,credit_card,paid,delivered,express,TRACK-5JU26SPH,2025-12-23,2025-12-23,2025-12-20T00:00:00Z,2025-12-28T00:00:00Z
ORD-00707,CUS-0539,2024-11-15,PROD-035,4,297.43,1189.72,USD,credit_card,paid,shipped,express,TRACK-0PX99DBK,2024-11-19,,2024-11-15T00:00:00Z,2024-12-28T00:00:00Z
ORD-00708,CUS-0448,2024-02-14,PROD-039,1,482.81,482.81,USD,credit_card,paid,out_for_delivery,next_day,TRACK-0T369O8W,2024-02-15,,2024-02-14T00:00:00Z,2025-01-12T00:00:00Z
ORD-00709,CUS-0236,2025-07-07,PROD-036,3,341.40,1024.20,USD,credit_card,paid,delivered,standard,TRACK-Q8SEUTLP,2025-07-13,2025-07-13,2025-07-07T00:00:00Z,2025-07-23T00:00:00Z
ORD-00710,CUS-0171,2025-05-18,PROD-026,2,295.00,590.00,USD,debit_card,failed,cancelled,standard,TRACK-AHHCASIK,2025-05-28,,2025-05-18T00:00:00Z,2025-09-11T00:00:00Z
ORD-00711,CUS-0246,2024-04-23,PROD-076,5,158.70,793.50,USD,credit_card,pending,placed,standard,TRACK-JOAU4DU0,2024-04-29,,2024-04-23T00:00:00Z,2024-09-12T00:00:00Z
ORD-00712,CUS-0702,2024-07-25,PROD-064,4,384.19,1536.76,USD,debit_card,paid,delivered,express,TRACK-Y8UQZBA2,2024-07-28,2024-07-30,2024-07-25T00:00:00Z,2024-10-17T00:00:00Z
ORD-00713,CUS-0966,2025-03-11,PROD-071,4,489.66,1958.64,USD,debit_card,partially_refunded,refunded,standard,TRACK-BAV4VJHP,2025-03-16,2025-03-17,2025-03-11T00:00:00Z,2025-04-22T00:00:00Z
ORD-00714,CUS-0952,2025-06-19,PROD-013,1,1278.38,1278.38,USD,credit_card,paid,shipped,next_day,TRACK-VXYLFU2F,2025-06-20,,2025-06-19T00:00:00Z,2025-08-06T00:00:00Z
ORD-00715,CUS-0652,2025-11-11,PROD-034,1,347.18,347.18,USD,credit_card,pending,placed,standard,TRACK-1JOQNUVK,2025-11-21,,2025-11-11T00:00:00Z,2025-12-06T00:00:00Z
ORD-00716,CUS-0443,2024-05-31,PROD-057,1,81.68,81.68,USD,credit_card,pending,placed,standard,TRACK-5Z3ZTDS7,2024-06-10,,2024-05-31T00:00:00Z,2025-11-07T00:00:00Z
ORD-00717,CUS-0458,2024-10-22,PROD-077,1,484.12,484.12,USD,paypal,paid,confirmed,express,TRACK-FTSCJLEI,2024-10-25,,2024-10-22T00:00:00Z,2025-01-28T00:00:00Z
ORD-00718,CUS-0422,2024-06-12,PROD-040,2,337.08,674.16,USD,credit_card,paid,shipped,express,TRACK-AKFD18TL,2024-06-16,,2024-06-12T00:00:00Z,2025-08-14T00:00:00Z
ORD-00719,CUS-0961,2025-10-05,PROD-009,2,788.22,1576.44,USD,credit_card,paid,delayed,standard,TRACK-MAX6EBQG,2025-10-10,,2025-10-05T00:00:00Z,2025-11-28T00:00:00Z
ORD-00720,CUS-0419,2024-02-25,PROD-004,1,2579.89,2579.89,USD,paypal,paid,confirmed,standard,TRACK-SQB00G9E,2024-03-06,,2024-02-25T00:00:00Z,2025-05-07T00:00:00Z
ORD-00721,CUS-0071,2024-04-01,PROD-045,2,111.96,223.92,USD,credit_card,paid,placed,express,TRACK-ZA0PL810,2024-04-04,,2024-04-01T00:00:00Z,2025-04-26T00:00:00Z
ORD-00722,CUS-0743,2024-11-08,PROD-006,2,1049.94,2099.88,USD,bank_transfer,partially_refunded,returned,express,TRACK-94K3AWLA,2024-11-11,2024-11-12,2024-11-08T00:00:00Z,2025-04-15T00:00:00Z
ORD-00723,CUS-0504,2024-09-22,PROD-020,2,848.04,1696.08,USD,credit_card,paid,shipped,express,TRACK-C9TFLDY3,2024-09-26,,2024-09-22T00:00:00Z,2025-04-11T00:00:00Z
ORD-00724,CUS-0464,2025-06-05,PROD-001,4,2193.82,8775.28,USD,debit_card,paid,cancelled,standard,TRACK-77284JC7,2025-06-13,,2025-06-05T00:00:00Z,2025-10-22T00:00:00Z
ORD-00725,CUS-0453,2024-10-03,PROD-066,5,77.92,389.60,USD,credit_card,paid,shipped,express,TRACK-3XUXNB9D,2024-10-07,,2024-10-03T00:00:00Z,2025-06-16T00:00:00Z
ORD-00726,CUS-0580,2024-11-04,PROD-062,2,282.17,564.34,USD,credit_card,paid,confirmed,standard,TRACK-53LLP0NF,2024-11-09,,2024-11-04T00:00:00Z,2024-12-18T00:00:00Z
ORD-00727,CUS-0345,2025-03-19,PROD-082,3,235.36,706.08,USD,credit_card,paid,delivered,international,TRACK-MMUG8XJK,2025-03-31,2025-03-31,2025-03-19T00:00:00Z,2025-11-26T00:00:00Z
ORD-00728,CUS-0793,2025-07-13,PROD-026,5,295.00,1475.00,USD,credit_card,pending,placed,express,TRACK-I4PLMVK5,2025-07-17,,2025-07-13T00:00:00Z,2025-07-29T00:00:00Z
ORD-00729,CUS-0541,2024-10-10,PROD-067,5,317.35,1586.75,USD,debit_card,paid,cancelled,standard,TRACK-9O5A439G,2024-10-16,,2024-10-10T00:00:00Z,2025-03-18T00:00:00Z
ORD-00730,CUS-0201,2024-10-12,PROD-085,1,152.73,152.73,USD,credit_card,refunded,cancelled,standard,TRACK-5EOL0TA8,2024-10-20,,2024-10-12T00:00:00Z,2024-12-02T00:00:00Z
ORD-00731,CUS-0731,2025-10-19,PROD-094,5,179.49,897.45,USD,credit_card,paid,shipped,standard,TRACK-HCZDQ3W6,2025-10-24,,2025-10-19T00:00:00Z,2025-10-30T00:00:00Z
ORD-00732,CUS-0827,2024-02-03,PROD-036,1,341.40,341.40,USD,crypto,paid,processing,express,TRACK-3I1RD31T,2024-02-05,,2024-02-03T00:00:00Z,2024-05-20T00:00:00Z
ORD-00733,CUS-0906,2025-02-01,PROD-081,2,150.38,300.76,USD,debit_card,paid,delayed,standard,TRACK-YW1BSDX4,2025-02-11,,2025-02-01T00:00:00Z,2025-10-27T00:00:00Z
ORD-00734,CUS-0337,2024-01-10,PROD-047,1,81.88,81.88,USD,bank_transfer,paid,placed,standard,TRACK-ITZA7UY4,2024-01-19,,2024-01-10T00:00:00Z,2024-01-13T00:00:00Z
ORD-00735,CUS-0483,2025-04-24,PROD-018,5,1487.38,7436.90,USD,credit_card,paid,delayed,next_day,TRACK-IEOPTS2Q,2025-04-25,,2025-04-24T00:00:00Z,2025-05-27T00:00:00Z
ORD-00736,CUS-0916,2025-11-24,PROD-026,5,295.00,1475.00,USD,debit_card,paid,cancelled,next_day,TRACK-9JREHMIQ,2025-11-25,,2025-11-24T00:00:00Z,2025-12-29T00:00:00Z
ORD-00737,CUS-0885,2024-01-08,PROD-014,2,474.04,948.08,USD,paypal,paid,delayed,express,TRACK-A0T2Q8BG,2024-01-11,,2024-01-08T00:00:00Z,2024-11-03T00:00:00Z
ORD-00738,CUS-0199,2024-05-18,PROD-099,2,110.41,220.82,USD,credit_card,refunded,cancelled,standard,TRACK-8EV2NYNM,2024-05-26,,2024-05-18T00:00:00Z,2025-06-29T00:00:00Z
ORD-00739,CUS-0683,2024-01-21,PROD-061,4,118.46,473.84,USD,credit_card,paid,cancelled,next_day,TRACK-MPYI46N0,2024-01-22,,2024-01-21T00:00:00Z,2024-04-21T00:00:00Z
ORD-00740,CUS-0330,2024-04-28,PROD-008,4,1441.53,5766.12,USD,credit_card,refunded,returned,standard,TRACK-CRAHB73S,2024-05-05,2024-05-06,2024-04-28T00:00:00Z,2024-11-30T00:00:00Z
ORD-00741,CUS-0720,2025-12-12,PROD-096,1,93.24,93.24,USD,credit_card,paid,delivered,standard,TRACK-UK4SHA60,2025-12-21,2025-12-21,2025-12-12T00:00:00Z,2025-12-22T00:00:00Z
ORD-00742,CUS-0879,2024-02-17,PROD-030,2,342.95,685.90,USD,paypal,paid,confirmed,standard,TRACK-NZ1Z9ZO2,2024-02-23,,2024-02-17T00:00:00Z,2025-11-07T00:00:00Z
ORD-00743,CUS-0884,2024-08-26,PROD-043,3,53.52,160.56,USD,credit_card,paid,delivered,standard,TRACK-AAE16P1F,2024-09-04,2024-09-07,2024-08-26T00:00:00Z,2025-02-05T00:00:00Z
ORD-00744,CUS-0484,2025-07-19,PROD-032,3,126.22,378.66,USD,debit_card,paid,shipped,international,TRACK-6ETCQR3E,2025-08-16,,2025-07-19T00:00:00Z,2025-12-10T00:00:00Z
ORD-00745,CUS-0510,2024-04-10,PROD-065,3,339.44,1018.32,USD,credit_card,paid,shipped,standard,TRACK-N7BYVF0A,2024-04-17,,2024-04-10T00:00:00Z,2025-06-29T00:00:00Z
ORD-00746,CUS-0777,2025-01-13,PROD-095,3,106.35,319.05,USD,credit_card,paid,out_for_delivery,express,TRACK-QBCDQCSE,2025-01-16,,2025-01-13T00:00:00Z,2025-12-12T00:00:00Z
ORD-00747,CUS-0493,2025-10-18,PROD-069,2,271.07,542.14,USD,credit_card,paid,out_for_delivery,next_day,TRACK-CDL9T15K,2025-10-19,,2025-10-18T00:00:00Z,2025-11-25T00:00:00Z
ORD-00748,CUS-0516,2025-12-23,PROD-042,4,22.38,89.52,USD,credit_card,paid,delivered,standard,TRACK-BUL1OT96,2025-12-29,2025-12-31,2025-12-23T00:00:00Z,2025-12-30T00:00:00Z
ORD-00749,CUS-0427,2024-09-13,PROD-055,2,407.21,814.42,USD,debit_card,paid,placed,next_day,TRACK-HRC4HM08,2024-09-14,,2024-09-13T00:00:00Z,2025-05-14T00:00:00Z
ORD-00750,CUS-0428,2024-05-21,PROD-089,3,304.67,914.01,USD,paypal,paid,delivered,standard,TRACK-6PSRB6Y2,2024-05-30,2024-06-02,2024-05-21T00:00:00Z,2025-01-15T00:00:00Z
ORD-00751,CUS-0181,2025-12-11,PROD-008,3,1441.53,4324.59,USD,bank_transfer,paid,delayed,international,TRACK-IA2Y7VFH,2025-12-31,,2025-12-11T00:00:00Z,2025-12-13T00:00:00Z
ORD-00752,CUS-0980,2025-09-02,PROD-042,4,22.38,89.52,USD,debit_card,paid,out_for_delivery,standard,TRACK-1LY0OCRV,2025-09-10,,2025-09-02T00:00:00Z,2025-12-01T00:00:00Z
ORD-00753,CUS-0348,2024-09-17,PROD-045,2,111.96,223.92,USD,credit_card,paid,out_for_delivery,standard,TRACK-V5I2J4R4,2024-09-27,,2024-09-17T00:00:00Z,2025-05-08T00:00:00Z
ORD-00754,CUS-0747,2024-07-03,PROD-027,1,795.29,795.29,USD,debit_card,paid,delivered,standard,TRACK-7FD143XR,2024-07-12,2024-07-12,2024-07-03T00:00:00Z,2024-10-20T00:00:00Z
ORD-00755,CUS-0434,2024-02-28,PROD-022,3,500.24,1500.72,USD,paypal,paid,confirmed,express,TRACK-NK4OTBGD,2024-03-02,,2024-02-28T00:00:00Z,2024-03-07T00:00:00Z
ORD-00756,CUS-0213,2024-07-02,PROD-075,2,343.41,686.82,USD,debit_card,pending,placed,international,TRACK-O8UTD9JY,2024-07-20,,2024-07-02T00:00:00Z,2024-09-19T00:00:00Z
ORD-00757,CUS-0063,2025-07-13,PROD-055,1,407.21,407.21,USD,paypal,failed,cancelled,express,TRACK-5173C7Q2,2025-07-16,,2025-07-13T00:00:00Z,2025-07-15T00:00:00Z
ORD-00758,CUS-0964,2024-10-25,PROD-005,5,925.08,4625.40,USD,credit_card,paid,processing,standard,TRACK-OQJKU45P,2024-11-03,,2024-10-25T00:00:00Z,2025-11-29T00:00:00Z
ORD-00759,CUS-0455,2024-09-04,PROD-056,5,520.14,2600.70,USD,credit_card,pending,placed,express,TRACK-BO7JFM03,2024-09-08,,2024-09-04T00:00:00Z,2024-10-29T00:00:00Z
ORD-00760,CUS-0716,2024-08-12,PROD-078,5,251.87,1259.35,USD,paypal,paid,processing,express,TRACK-Z9RTD6EN,2024-08-15,,2024-08-12T00:00:00Z,2024-09-05T00:00:00Z
ORD-00761,CUS-0306,2025-07-30,PROD-099,4,110.41,441.64,USD,paypal,paid,placed,next_day,TRACK-POLG5TK9,2025-07-31,,2025-07-30T00:00:00Z,2025-12-02T00:00:00Z
ORD-00762,CUS-0272,2025-10-03,PROD-080,5,255.93,1279.65,USD,credit_card,paid,shipped,express,TRACK-0STKA091,2025-10-05,,2025-10-03T00:00:00Z,2025-10-08T00:00:00Z
ORD-00763,CUS-0559,2025-11-12,PROD-002,1,2846.71,2846.71,USD,credit_card,paid,delivered,standard,TRACK-VF16185I,2025-11-17,2025-11-19,2025-11-12T00:00:00Z,2025-12-16T00:00:00Z
ORD-00764,CUS-0587,2025-08-21,PROD-005,2,925.08,1850.16,USD,credit_card,paid,confirmed,standard,TRACK-MGHAGMB3,2025-08-31,,2025-08-21T00:00:00Z,2025-11-17T00:00:00Z
ORD-00765,CUS-0874,2024-04-26,PROD-008,5,1441.53,7207.65,USD,paypal,refunded,returned,standard,TRACK-K2YB4U33,2024-05-03,2024-05-04,2024-04-26T00:00:00Z,2024-11-10T00:00:00Z
ORD-00766,CUS-0774,2024-09-08,PROD-100,2,46.48,92.96,USD,credit_card,failed,cancelled,standard,TRACK-OFPATM0T,2024-09-18,,2024-09-08T00:00:00Z,2024-11-09T00:00:00Z
ORD-00767,CUS-0130,2024-10-03,PROD-035,1,297.43,297.43,USD,credit_card,paid,confirmed,express,TRACK-C21O6WW8,2024-10-05,,2024-10-03T00:00:00Z,2025-02-04T00:00:00Z
ORD-00768,CUS-0991,2025-02-15,PROD-064,2,384.19,768.38,USD,debit_card,paid,placed,standard,TRACK-VKCAG1JD,2025-02-21,,2025-02-15T00:00:00Z,2025-08-09T00:00:00Z
ORD-00769,CUS-0638,2025-08-23,PROD-013,2,1278.38,2556.76,USD,credit_card,paid,processing,express,TRACK-CIRIO74J,2025-08-26,,2025-08-23T00:00:00Z,2025-12-31T00:00:00Z
ORD-00770,CUS-0645,2024-09-14,PROD-052,4,580.62,2322.48,USD,debit_card,paid,confirmed,standard,TRACK-Z6PQ1AUF,2024-09-24,,2024-09-14T00:00:00Z,2025-12-20T00:00:00Z
ORD-00771,CUS-0276,2024-05-20,PROD-041,3,22.71,68.13,USD,credit_card,pending,placed,next_day,TRACK-DMILADH1,2024-05-21,,2024-05-20T00:00:00Z,2024-09-04T00:00:00Z
ORD-00772,CUS-0307,2025-11-13,PROD-031,1,88.52,88.52,USD,credit_card,paid,delivered,express,TRACK-RVWJVEYJ,2025-11-15,2025-11-16,2025-11-13T00:00:00Z,2025-12-15T00:00:00Z
ORD-00773,CUS-0559,2025-12-26,PROD-031,3,88.52,265.56,USD,credit_card,paid,delivered,next_day,TRACK-L72V08KT,2025-12-27,2025-12-30,2025-12-26T00:00:00Z,2025-12-29T00:00:00Z
ORD-00774,CUS-0505,2025-01-26,PROD-082,5,235.36,1176.80,USD,credit_card,paid,processing,standard,TRACK-51V9PD57,2025-02-01,,2025-01-26T00:00:00Z,2025-09-22T00:00:00Z
ORD-00775,CUS-0734,2025-11-12,PROD-070,3,55.18,165.54,USD,bank_transfer,partially_refunded,refunded,standard,TRACK-5MS20T3T,2025-11-19,2025-11-22,2025-11-12T00:00:00Z,2026-01-01T00:00:00Z
ORD-00776,CUS-0490,2025-02-18,PROD-018,2,1487.38,2974.76,USD,credit_card,paid,placed,express,TRACK-RX2N75WL,2025-02-21,,2025-02-18T00:00:00Z,2025-12-14T00:00:00Z
ORD-00777,CUS-0402,2025-07-22,PROD-022,2,500.24,1000.48,USD,debit_card,paid,confirmed,standard,TRACK-ADG0XWG5,2025-07-29,,2025-07-22T00:00:00Z,2025-09-04T00:00:00Z
ORD-00778,CUS-0566,2024-07-12,PROD-053,5,574.29,2871.45,USD,credit_card,paid,delayed,standard,TRACK-XD82IJKU,2024-07-21,,2024-07-12T00:00:00Z,2024-07-25T00:00:00Z
ORD-00779,CUS-0621,2025-11-01,PROD-090,4,289.84,1159.36,USD,debit_card,paid,shipped,next_day,TRACK-PEOJ3M48,2025-11-02,,2025-11-01T00:00:00Z,2025-11-28T00:00:00Z
ORD-00780,CUS-0199,2024-03-09,PROD-024,4,522.20,2088.80,USD,credit_card,paid,cancelled,standard,TRACK-AIC0DHNH,2024-03-18,,2024-03-09T00:00:00Z,2024-07-24T00:00:00Z
ORD-00781,CUS-0165,2025-04-19,PROD-039,1,482.81,482.81,USD,debit_card,pending,placed,standard,TRACK-4ZPATQXL,2025-04-26,,2025-04-19T00:00:00Z,2025-06-14T00:00:00Z
ORD-00782,CUS-0946,2025-03-04,PROD-088,1,191.92,191.92,USD,credit_card,paid,out_for_delivery,express,TRACK-5OHS7AUI,2025-03-06,,2025-03-04T00:00:00Z,2025-07-20T00:00:00Z
ORD-00783,CUS-0434,2025-03-31,PROD-012,4,922.70,3690.80,USD,debit_card,paid,delivered,standard,TRACK-YH5HOA7W,2025-04-07,2025-04-07,2025-03-31T00:00:00Z,2025-08-31T00:00:00Z
ORD-00784,CUS-0141,2024-04-11,PROD-026,4,295.00,1180.00,USD,debit_card,paid,shipped,standard,TRACK-E0QQXNN8,2024-04-16,,2024-04-11T00:00:00Z,2024-11-10T00:00:00Z
ORD-00785,CUS-0810,2025-09-10,PROD-033,3,249.21,747.63,USD,debit_card,paid,processing,standard,TRACK-353R4DTA,2025-09-15,,2025-09-10T00:00:00Z,2025-11-28T00:00:00Z
ORD-00786,CUS-0631,2024-07-12,PROD-073,2,114.42,228.84,USD,credit_card,paid,shipped,standard,TRACK-BGUQJJ1G,2024-07-19,,2024-07-12T00:00:00Z,2025-09-23T00:00:00Z
ORD-00787,CUS-0800,2024-07-20,PROD-043,5,53.52,267.60,USD,debit_card,paid,cancelled,standard,TRACK-Q1AMKT0N,2024-07-26,,2024-07-20T00:00:00Z,2024-08-31T00:00:00Z
ORD-00788,CUS-0288,2025-04-23,PROD-089,2,304.67,609.34,USD,debit_card,paid,processing,express,TRACK-0JX9AMSM,2025-04-26,,2025-04-23T00:00:00Z,2025-10-29T00:00:00Z
ORD-00789,CUS-0967,2024-06-27,PROD-035,1,297.43,297.43,USD,debit_card,paid,shipped,standard,TRACK-I2V4B2RC,2024-07-07,,2024-06-27T00:00:00Z,2024-08-17T00:00:00Z
ORD-00790,CUS-0313,2025-10-25,PROD-063,4,328.94,1315.76,USD,debit_card,paid,delivered,standard,TRACK-HS6JHB0C,2025-11-02,2025-11-04,2025-10-25T00:00:00Z,2025-11-26T00:00:00Z
ORD-00791,CUS-0918,2025-04-23,PROD-054,2,511.50,1023.00,USD,debit_card,paid,delivered,standard,TRACK-1O762NKY,2025-05-02,2025-05-04,2025-04-23T00:00:00Z,2025-10-31T00:00:00Z
ORD-00792,CUS-0624,2024-02-04,PROD-074,1,76.36,76.36,USD,debit_card,paid,confirmed,express,TRACK-7G4ASMZX,2024-02-08,,2024-02-04T00:00:00Z,2024-02-24T00:00:00Z
ORD-00793,CUS-0298,2025-01-07,PROD-031,4,88.52,354.08,USD,debit_card,paid,delayed,express,TRACK-B6IIJPSH,2025-01-10,,2025-01-07T00:00:00Z,2025-12-03T00:00:00Z
ORD-00794,CUS-0451,2024-08-04,PROD-086,1,272.87,272.87,USD,paypal,failed,cancelled,next_day,TRACK-26TE0P5R,2024-08-05,,2024-08-04T00:00:00Z,2025-05-18T00:00:00Z
ORD-00795,CUS-0795,2025-09-21,PROD-011,1,1007.07,1007.07,USD,paypal,paid,delayed,express,TRACK-SSLSLV3N,2025-09-23,,2025-09-21T00:00:00Z,2025-11-13T00:00:00Z
ORD-00796,CUS-0210,2025-11-27,PROD-039,2,482.81,965.62,USD,paypal,paid,delivered,next_day,TRACK-W419A42W,2025-11-28,2025-11-28,2025-11-27T00:00:00Z,2025-12-16T00:00:00Z
ORD-00797,CUS-0585,2024-05-22,PROD-018,1,1487.38,1487.38,USD,credit_card,paid,delivered,standard,TRACK-J4PZC5YP,2024-05-30,2024-06-02,2024-05-22T00:00:00Z,2024-11-29T00:00:00Z
ORD-00798,CUS-0860,2024-03-12,PROD-008,4,1441.53,5766.12,USD,credit_card,paid,delayed,express,TRACK-7Y5R7UG4,2024-03-16,,2024-03-12T00:00:00Z,2025-10-13T00:00:00Z
ORD-00799,CUS-0836,2024-06-12,PROD-069,4,271.07,1084.28,USD,debit_card,paid,confirmed,standard,TRACK-PL5H2QQ6,2024-06-17,,2024-06-12T00:00:00Z,2025-08-19T00:00:00Z
ORD-00800,CUS-0843,2025-09-17,PROD-040,3,337.08,1011.24,USD,credit_card,paid,confirmed,express,TRACK-KBZVYX9D,2025-09-19,,2025-09-17T00:00:00Z,2025-10-25T00:00:00Z
ORD-00801,CUS-0704,2025-09-07,PROD-082,1,235.36,235.36,USD,credit_card,paid,confirmed,standard,TRACK-1VPANGW3,2025-09-15,,2025-09-07T00:00:00Z,2025-09-07T00:00:00Z
ORD-00802,CUS-0377,2025-09-13,PROD-034,5,347.18,1735.90,USD,paypal,paid,confirmed,standard,TRACK-I60K23Z2,2025-09-23,,2025-09-13T00:00:00Z,2025-12-27T00:00:00Z
ORD-00803,CUS-0759,2025-04-22,PROD-010,5,1931.10,9655.50,USD,debit_card,paid,confirmed,express,TRACK-S7NNXXYM,2025-04-26,,2025-04-22T00:00:00Z,2025-09-17T00:00:00Z
ORD-00804,CUS-0885,2024-02-23,PROD-097,1,43.21,43.21,USD,crypto,paid,shipped,standard,TRACK-5U0F4SLH,2024-03-02,,2024-02-23T00:00:00Z,2024-04-10T00:00:00Z
ORD-00805,CUS-0118,2024-02-25,PROD-061,5,118.46,592.30,USD,debit_card,partially_refunded,refunded,next_day,TRACK-KQBBWBX5,2024-02-26,2024-02-26,2024-02-25T00:00:00Z,2024-08-06T00:00:00Z
ORD-00806,CUS-0412,2025-06-25,PROD-020,2,848.04,1696.08,USD,credit_card,paid,delivered,express,TRACK-TX134L8X,2025-06-27,2025-06-30,2025-06-25T00:00:00Z,2025-11-04T00:00:00Z
ORD-00807,CUS-0520,2025-08-16,PROD-085,3,152.73,458.19,USD,credit_card,refunded,refunded,next_day,TRACK-XWDPA7YZ,2025-08-17,2025-08-20,2025-08-16T00:00:00Z,2025-09-28T00:00:00Z
ORD-00808,CUS-0820,2025-02-19,PROD-061,4,118.46,473.84,USD,credit_card,paid,confirmed,express,TRACK-BEAWQW29,2025-02-22,,2025-02-19T00:00:00Z,2025-07-04T00:00:00Z
ORD-00809,CUS-0288,2024-08-11,PROD-035,3,297.43,892.29,USD,bank_transfer,failed,cancelled,next_day,TRACK-XXMS3RAG,2024-08-12,,2024-08-11T00:00:00Z,2025-08-28T00:00:00Z
ORD-00810,CUS-0303,2025-11-04,PROD-085,2,152.73,305.46,USD,credit_card,paid,shipped,next_day,TRACK-5HVV7FIN,2025-11-05,,2025-11-04T00:00:00Z,2025-11-15T00:00:00Z
ORD-00811,CUS-0565,2025-08-06,PROD-035,4,297.43,1189.72,USD,bank_transfer,paid,out_for_delivery,next_day,TRACK-CVXQE1IL,2025-08-07,,2025-08-06T00:00:00Z,2025-10-23T00:00:00Z
ORD-00812,CUS-0044,2024-12-29,PROD-046,2,67.55,135.10,USD,paypal,paid,delivered,express,TRACK-J1Z322KA,2024-12-31,2025-01-03,2024-12-29T00:00:00Z,2025-05-17T00:00:00Z
ORD-00813,CUS-0861,2025-07-13,PROD-066,2,77.92,155.84,USD,credit_card,paid,confirmed,next_day,TRACK-U9IN7OFH,2025-07-14,,2025-07-13T00:00:00Z,2025-09-10T00:00:00Z
ORD-00814,CUS-0439,2025-01-25,PROD-005,4,925.08,3700.32,USD,credit_card,paid,cancelled,international,TRACK-WTKCNL38,2025-02-09,,2025-01-25T00:00:00Z,2025-02-19T00:00:00Z
ORD-00815,CUS-0975,2024-07-09,PROD-033,5,249.21,1246.05,USD,credit_card,paid,delivered,standard,TRACK-FOWAPCQ7,2024-07-18,2024-07-21,2024-07-09T00:00:00Z,2025-01-18T00:00:00Z
ORD-00816,CUS-0914,2025-01-21,PROD-045,5,111.96,559.80,USD,bank_transfer,refunded,refunded,express,TRACK-6V8TH105,2025-01-24,2025-01-27,2025-01-21T00:00:00Z,2025-10-01T00:00:00Z
ORD-00817,CUS-0462,2024-07-10,PROD-079,3,363.45,1090.35,USD,credit_card,partially_refunded,returned,standard,TRACK-KISB8363,2024-07-15,2024-07-17,2024-07-10T00:00:00Z,2026-01-01T00:00:00Z
ORD-00818,CUS-0764,2025-09-05,PROD-025,1,499.30,499.30,USD,paypal,paid,confirmed,standard,TRACK-OB6KB9Z7,2025-09-11,,2025-09-05T00:00:00Z,2025-12-06T00:00:00Z
ORD-00819,CUS-0765,2024-11-08,PROD-009,2,788.22,1576.44,USD,debit_card,failed,cancelled,next_day,TRACK-7CKASUL6,2024-11-09,,2024-11-08T00:00:00Z,2025-07-06T00:00:00Z
ORD-00820,CUS-0136,2025-08-28,PROD-005,5,925.08,4625.40,USD,credit_card,paid,delivered,next_day,TRACK-LYK0YZKA,2025-08-29,2025-08-30,2025-08-28T00:00:00Z,2025-11-02T00:00:00Z
ORD-00821,CUS-0188,2024-12-10,PROD-030,2,342.95,685.90,USD,credit_card,paid,placed,express,TRACK-P7D7UWE7,2024-12-14,,2024-12-10T00:00:00Z,2025-11-07T00:00:00Z
ORD-00822,CUS-0878,2025-02-15,PROD-048,5,127.33,636.65,USD,credit_card,paid,confirmed,standard,TRACK-DXI7QODS,2025-02-24,,2025-02-15T00:00:00Z,2025-10-18T00:00:00Z
ORD-00823,CUS-0157,2025-10-29,PROD-097,3,43.21,129.63,USD,paypal,refunded,cancelled,standard,TRACK-I7REFICG,2025-11-08,,2025-10-29T00:00:00Z,2025-12-08T00:00:00Z
ORD-00824,CUS-0871,2024-04-09,PROD-052,1,580.62,580.62,USD,credit_card,paid,placed,express,TRACK-HGR8CP11,2024-04-11,,2024-04-09T00:00:00Z,2024-09-06T00:00:00Z
ORD-00825,CUS-0712,2025-09-28,PROD-043,5,53.52,267.60,USD,debit_card,paid,delivered,standard,TRACK-VSGQG034,2025-10-05,2025-10-07,2025-09-28T00:00:00Z,2025-11-03T00:00:00Z
ORD-00826,CUS-0564,2024-01-01,PROD-078,3,251.87,755.61,USD,debit_card,paid,out_for_delivery,standard,TRACK-P8OEI975,2024-01-11,,2024-01-01T00:00:00Z,2025-02-27T00:00:00Z
ORD-00827,CUS-0330,2025-09-14,PROD-010,1,1931.10,1931.10,USD,debit_card,paid,delayed,next_day,TRACK-B7U2MRIX,2025-09-15,,2025-09-14T00:00:00Z,2025-11-28T00:00:00Z
ORD-00828,CUS-0356,2024-10-01,PROD-011,3,1007.07,3021.21,USD,credit_card,paid,shipped,standard,TRACK-B3UMAM00,2024-10-06,,2024-10-01T00:00:00Z,2025-12-02T00:00:00Z
ORD-00829,CUS-0463,2024-10-04,PROD-034,5,347.18,1735.90,USD,credit_card,paid,shipped,standard,TRACK-IX7BRRBA,2024-10-10,,2024-10-04T00:00:00Z,2025-10-06T00:00:00Z
ORD-00830,CUS-0319,2024-11-15,PROD-041,1,22.71,22.71,USD,debit_card,paid,delivered,standard,TRACK-9I7ZFCTY,2024-11-24,2024-11-27,2024-11-15T00:00:00Z,2025-12-13T00:00:00Z
ORD-00831,CUS-0165,2024-02-10,PROD-099,2,110.41,220.82,USD,credit_card,paid,delivered,express,TRACK-TYK80XTA,2024-02-13,2024-02-15,2024-02-10T00:00:00Z,2025-10-24T00:00:00Z
ORD-00832,CUS-0715,2024-04-02,PROD-044,4,26.86,107.44,USD,credit_card,paid,shipped,express,TRACK-ZHHIZEBG,2024-04-05,,2024-04-02T00:00:00Z,2024-12-27T00:00:00Z
ORD-00833,CUS-0871,2025-05-30,PROD-003,5,986.69,4933.45,USD,debit_card,partially_refunded,returned,express,TRACK-BZVR8VBY,2025-06-01,2025-06-01,2025-05-30T00:00:00Z,2025-12-30T00:00:00Z
ORD-00834,CUS-0741,2025-10-06,PROD-089,3,304.67,914.01,USD,credit_card,refunded,cancelled,standard,TRACK-H4FODMJM,2025-10-11,,2025-10-06T00:00:00Z,2025-10-26T00:00:00Z
ORD-00835,CUS-0820,2024-09-03,PROD-052,2,580.62,1161.24,USD,paypal,paid,delivered,standard,TRACK-VOKQY9FL,2024-09-12,2024-09-15,2024-09-03T00:00:00Z,2024-09-06T00:00:00Z
ORD-00836,CUS-0488,2024-10-06,PROD-062,3,282.17,846.51,USD,debit_card,paid,delivered,standard,TRACK-RZ25YYEX,2024-10-12,2024-10-12,2024-10-06T00:00:00Z,2025-10-25T00:00:00Z
ORD-00837,CUS-0066,2025-02-03,PROD-038,1,302.64,302.64,USD,credit_card,paid,cancelled,standard,TRACK-0UP229EO,2025-02-09,,2025-02-03T00:00:00Z,2025-11-25T00:00:00Z
ORD-00838,CUS-0385,2025-01-07,PROD-001,2,2193.82,4387.64,USD,credit_card,refunded,refunded,international,TRACK-N0KERTQH,2025-01-29,2025-02-01,2025-01-07T00:00:00Z,2025-06-25T00:00:00Z
ORD-00839,CUS-0951,2025-02-06,PROD-007,2,2312.54,4625.08,USD,paypal,paid,placed,standard,TRACK-PAB05DWJ,2025-02-11,,2025-02-06T00:00:00Z,2025-11-12T00:00:00Z
ORD-00840,CUS-0602,2024-01-12,PROD-016,2,551.74,1103.48,USD,crypto,paid,delivered,express,TRACK-EF2IBNAJ,2024-01-14,2024-01-15,2024-01-12T00:00:00Z,2025-04-27T00:00:00Z
ORD-00841,CUS-0776,2025-08-05,PROD-048,4,127.33,509.32,USD,credit_card,paid,delivered,standard,TRACK-IEXGOBZP,2025-08-11,2025-08-14,2025-08-05T00:00:00Z,2025-12-09T00:00:00Z
ORD-00842,CUS-0957,2025-11-08,PROD-038,3,302.64,907.92,USD,credit_card,paid,shipped,standard,TRACK-9VEL08KK,2025-11-15,,2025-11-08T00:00:00Z,2025-12-10T00:00:00Z
ORD-00843,CUS-0093,2025-07-24,PROD-016,1,551.74,551.74,USD,credit_card,paid,delivered,standard,TRACK-ZVMMH541,2025-08-01,2025-08-04,2025-07-24T00:00:00Z,2025-09-04T00:00:00Z
ORD-00844,CUS-0612,2025-01-14,PROD-088,2,191.92,383.84,USD,debit_card,paid,confirmed,express,TRACK-RLOA8O34,2025-01-17,,2025-01-14T00:00:00Z,2025-08-18T00:00:00Z
ORD-00845,CUS-0032,2024-01-11,PROD-058,3,354.13,1062.39,USD,credit_card,paid,out_for_delivery,next_day,TRACK-FP7AH2CS,2024-01-12,,2024-01-11T00:00:00Z,2024-03-23T00:00:00Z
ORD-00846,CUS-0384,2025-11-28,PROD-026,1,295.00,295.00,USD,debit_card,pending,placed,next_day,TRACK-08P3LBSU,2025-11-29,,2025-11-28T00:00:00Z,2025-12-06T00:00:00Z
ORD-00847,CUS-0184,2024-11-05,PROD-033,1,249.21,249.21,USD,paypal,paid,processing,express,TRACK-LPJZ80ND,2024-11-08,,2024-11-05T00:00:00Z,2025-07-02T00:00:00Z
ORD-00848,CUS-0598,2024-11-22,PROD-007,4,2312.54,9250.16,USD,debit_card,paid,confirmed,next_day,TRACK-CXSUO874,2024-11-23,,2024-11-22T00:00:00Z,2025-09-15T00:00:00Z
ORD-00849,CUS-0220,2024-12-04,PROD-055,4,407.21,1628.84,USD,crypto,refunded,returned,standard,TRACK-5ZRWUO8N,2024-12-12,2024-12-12,2024-12-04T00:00:00Z,2025-03-09T00:00:00Z
ORD-00850,CUS-0994,2025-12-11,PROD-032,4,126.22,504.88,USD,credit_card,paid,cancelled,standard,TRACK-TIAXUFVP,2025-12-17,,2025-12-11T00:00:00Z,2025-12-17T00:00:00Z
ORD-00851,CUS-0871,2025-12-07,PROD-019,5,1140.33,5701.65,USD,bank_transfer,paid,delivered,standard,TRACK-2EU4KB57,2025-12-14,2025-12-15,2025-12-07T00:00:00Z,2025-12-12T00:00:00Z
ORD-00852,CUS-0836,2025-04-16,PROD-051,4,450.36,1801.44,USD,credit_card,paid,delivered,express,TRACK-XJP7WZIT,2025-04-19,2025-04-20,2025-04-16T00:00:00Z,2025-06-24T00:00:00Z
ORD-00853,CUS-0245,2024-07-05,PROD-088,1,191.92,191.92,USD,paypal,paid,delivered,standard,TRACK-YAPG1GKE,2024-07-12,2024-07-15,2024-07-05T00:00:00Z,2024-09-15T00:00:00Z
ORD-00854,CUS-0620,2025-06-21,PROD-076,2,158.70,317.40,USD,credit_card,refunded,returned,next_day,TRACK-R35LJM6C,2025-06-22,2025-06-25,2025-06-21T00:00:00Z,2025-10-10T00:00:00Z
ORD-00855,CUS-0583,2025-09-15,PROD-089,5,304.67,1523.35,USD,bank_transfer,pending,placed,standard,TRACK-BZOKIYG1,2025-09-25,,2025-09-15T00:00:00Z,2025-12-23T00:00:00Z
ORD-00856,CUS-0155,2025-05-19,PROD-017,4,657.92,2631.68,USD,credit_card,paid,out_for_delivery,standard,TRACK-HC5S88OK,2025-05-27,,2025-05-19T00:00:00Z,2025-12-10T00:00:00Z
ORD-00857,CUS-0454,2024-07-31,PROD-001,5,2193.82,10969.10,USD,paypal,paid,shipped,standard,TRACK-NBWGSKWD,2024-08-05,,2024-07-31T00:00:00Z,2025-11-27T00:00:00Z
ORD-00858,CUS-0811,2024-10-31,PROD-091,1,84.12,84.12,USD,paypal,paid,confirmed,express,TRACK-JY5R1SPP,2024-11-03,,2024-10-31T00:00:00Z,2024-11-01T00:00:00Z
ORD-00859,CUS-0863,2024-06-12,PROD-056,1,520.14,520.14,USD,credit_card,refunded,cancelled,next_day,TRACK-O2XM43O8,2024-06-13,,2024-06-12T00:00:00Z,2025-08-07T00:00:00Z
ORD-00860,CUS-0747,2024-10-16,PROD-010,5,1931.10,9655.50,USD,paypal,paid,out_for_delivery,standard,TRACK-VXHSHV1Y,2024-10-26,,2024-10-16T00:00:00Z,2025-12-19T00:00:00Z
ORD-00861,CUS-0555,2024-10-11,PROD-091,5,84.12,420.60,USD,paypal,paid,delayed,standard,TRACK-VZPVWLL5,2024-10-20,,2024-10-11T00:00:00Z,2025-11-24T00:00:00Z
ORD-00862,CUS-0678,2024-05-26,PROD-027,4,795.29,3181.16,USD,paypal,paid,delayed,express,TRACK-KE09JNEF,2024-05-30,,2024-05-26T00:00:00Z,2025-11-23T00:00:00Z
ORD-00863,CUS-0825,2024-03-17,PROD-084,1,52.10,52.10,USD,credit_card,paid,shipped,standard,TRACK-UMJACYPZ,2024-03-23,,2024-03-17T00:00:00Z,2024-09-30T00:00:00Z
ORD-00864,CUS-0837,2025-06-27,PROD-076,3,158.70,476.10,USD,credit_card,partially_refunded,returned,standard,TRACK-37FOQSR4,2025-07-06,2025-07-07,2025-06-27T00:00:00Z,2025-08-18T00:00:00Z
ORD-00865,CUS-0462,2025-10-20,PROD-068,5,296.26,1481.30,USD,paypal,paid,delivered,standard,TRACK-LT4CSNC0,2025-10-30,2025-11-01,2025-10-20T00:00:00Z,2025-12-06T00:00:00Z
ORD-00866,CUS-0411,2025-04-23,PROD-040,5,337.08,1685.40,USD,credit_card,paid,delivered,standard,TRACK-O1LPPJ1N,2025-05-03,2025-05-04,2025-04-23T00:00:00Z,2025-11-28T00:00:00Z
ORD-00867,CUS-0636,2024-06-06,PROD-057,2,81.68,163.36,USD,credit_card,paid,shipped,standard,TRACK-BTUFDOAP,2024-06-13,,2024-06-06T00:00:00Z,2025-09-09T00:00:00Z
ORD-00868,CUS-0701,2025-02-20,PROD-065,3,339.44,1018.32,USD,credit_card,paid,shipped,next_day,TRACK-78L1MRD8,2025-02-21,,2025-02-20T00:00:00Z,2025-10-18T00:00:00Z
ORD-00869,CUS-0442,2024-01-06,PROD-036,1,341.40,341.40,USD,credit_card,paid,placed,standard,TRACK-S334KCCN,2024-01-13,,2024-01-06T00:00:00Z,2024-04-24T00:00:00Z
ORD-00870,CUS-0158,2024-09-19,PROD-023,3,955.05,2865.15,USD,debit_card,paid,shipped,international,TRACK-SW7A23HO,2024-10-16,,2024-09-19T00:00:00Z,2024-09-27T00:00:00Z
ORD-00871,CUS-0525,2024-08-26,PROD-100,3,46.48,139.44,USD,credit_card,refunded,cancelled,next_day,TRACK-CAIG5K7F,2024-08-27,,2024-08-26T00:00:00Z,2025-05-15T00:00:00Z
ORD-00872,CUS-0659,2024-03-03,PROD-053,2,574.29,1148.58,USD,paypal,paid,placed,next_day,TRACK-BWTBV50H,2024-03-04,,2024-03-03T00:00:00Z,2025-10-16T00:00:00Z
ORD-00873,CUS-0013,2025-03-19,PROD-075,1,343.41,343.41,USD,credit_card,failed,cancelled,express,TRACK-R43UR4MF,2025-03-22,,2025-03-19T00:00:00Z,2025-07-04T00:00:00Z
ORD-00874,CUS-0372,2025-09-16,PROD-050,3,81.10,243.30,USD,debit_card,paid,delivered,standard,TRACK-LBH1NYKS,2025-09-21,2025-09-23,2025-09-16T00:00:00Z,2025-12-06T00:00:00Z
ORD-00875,CUS-0655,2025-08-09,PROD-029,3,868.72,2606.16,USD,credit_card,paid,delivered,standard,TRACK-VWTF9AZJ,2025-08-15,2025-08-15,2025-08-09T00:00:00Z,2025-09-01T00:00:00Z
ORD-00876,CUS-0363,2025-09-06,PROD-068,2,296.26,592.52,USD,debit_card,paid,shipped,standard,TRACK-V5Q4FIUP,2025-09-14,,2025-09-06T00:00:00Z,2025-10-12T00:00:00Z
ORD-00877,CUS-0546,2025-04-16,PROD-056,3,520.14,1560.42,USD,paypal,paid,delivered,standard,TRACK-XC609YZH,2025-04-25,2025-04-26,2025-04-16T00:00:00Z,2025-09-26T00:00:00Z
ORD-00878,CUS-0806,2025-06-16,PROD-083,4,189.30,757.20,USD,bank_transfer,paid,delivered,standard,TRACK-DPI1G6BX,2025-06-26,2025-06-29,2025-06-16T00:00:00Z,2025-11-22T00:00:00Z
ORD-00879,CUS-0775,2024-06-18,PROD-036,4,341.40,1365.60,USD,paypal,paid,out_for_delivery,express,TRACK-KSD9GAO4,2024-06-20,,2024-06-18T00:00:00Z,2024-09-14T00:00:00Z
ORD-00880,CUS-0381,2025-06-26,PROD-012,1,922.70,922.70,USD,debit_card,paid,out_for_delivery,express,TRACK-F2533UOT,2025-06-28,,2025-06-26T00:00:00Z,2025-08-04T00:00:00Z
ORD-00881,CUS-0242,2025-04-16,PROD-018,2,1487.38,2974.76,USD,credit_card,paid,processing,express,TRACK-EW8AFGQ3,2025-04-18,,2025-04-16T00:00:00Z,2025-11-21T00:00:00Z
ORD-00882,CUS-0324,2025-07-09,PROD-035,4,297.43,1189.72,USD,credit_card,paid,placed,express,TRACK-9UZC2PLH,2025-07-13,,2025-07-09T00:00:00Z,2025-11-25T00:00:00Z
ORD-00883,CUS-0554,2025-12-02,PROD-080,1,255.93,255.93,USD,bank_transfer,paid,cancelled,standard,TRACK-QCULVUKS,2025-12-11,,2025-12-02T00:00:00Z,2025-12-24T00:00:00Z
ORD-00884,CUS-0643,2024-06-20,PROD-050,4,81.10,324.40,USD,credit_card,refunded,cancelled,express,TRACK-JSOS58YO,2024-06-22,,2024-06-20T00:00:00Z,2025-08-02T00:00:00Z
ORD-00885,CUS-0698,2024-07-03,PROD-014,1,474.04,474.04,USD,paypal,refunded,returned,next_day,TRACK-40T3D7XT,2024-07-04,2024-07-07,2024-07-03T00:00:00Z,2024-10-11T00:00:00Z
ORD-00886,CUS-0524,2024-05-17,PROD-099,1,110.41,110.41,USD,crypto,paid,delivered,express,TRACK-AOZ4V5BV,2024-05-19,2024-05-22,2024-05-17T00:00:00Z,2024-10-14T00:00:00Z
ORD-00887,CUS-0604,2024-05-27,PROD-072,4,172.02,688.08,USD,credit_card,paid,delivered,standard,TRACK-I6S7PK67,2024-06-02,2024-06-04,2024-05-27T00:00:00Z,2025-07-31T00:00:00Z
ORD-00888,CUS-0503,2025-04-16,PROD-042,5,22.38,111.90,USD,crypto,paid,delivered,express,TRACK-259GMQ2P,2025-04-20,2025-04-20,2025-04-16T00:00:00Z,2025-07-12T00:00:00Z
ORD-00889,CUS-0861,2024-08-11,PROD-085,1,152.73,152.73,USD,paypal,paid,shipped,standard,TRACK-WY1P6MXS,2024-08-20,,2024-08-11T00:00:00Z,2025-07-22T00:00:00Z
ORD-00890,CUS-0899,2024-08-15,PROD-095,5,106.35,531.75,USD,paypal,paid,shipped,standard,TRACK-JL9TDCC5,2024-08-20,,2024-08-15T00:00:00Z,2025-11-28T00:00:00Z
ORD-00891,CUS-0719,2024-06-05,PROD-014,2,474.04,948.08,USD,paypal,partially_refunded,refunded,standard,TRACK-HTPL131V,2024-06-15,2024-06-15,2024-06-05T00:00:00Z,2025-08-27T00:00:00Z
ORD-00892,CUS-0900,2025-09-24,PROD-058,4,354.13,1416.52,USD,credit_card,paid,delivered,standard,TRACK-I92WMSJ9,2025-10-03,2025-10-05,2025-09-24T00:00:00Z,2025-12-30T00:00:00Z
ORD-00893,CUS-0238,2025-03-09,PROD-099,4,110.41,441.64,USD,debit_card,refunded,refunded,standard,TRACK-P7WR1SHE,2025-03-18,2025-03-21,2025-03-09T00:00:00Z,2025-10-26T00:00:00Z
ORD-00894,CUS-0724,2025-09-07,PROD-021,2,373.51,747.02,USD,paypal,paid,delivered,standard,TRACK-DOU0ZE3L,2025-09-14,2025-09-16,2025-09-07T00:00:00Z,2025-09-27T00:00:00Z
ORD-00895,CUS-0842,2024-08-20,PROD-030,2,342.95,685.90,USD,debit_card,paid,shipped,standard,TRACK-40CM0TU2,2024-08-25,,2024-08-20T00:00:00Z,2025-11-29T00:00:00Z
ORD-00896,CUS-0213,2024-10-25,PROD-039,4,482.81,1931.24,USD,bank_transfer,paid,cancelled,standard,TRACK-N0MWMKCW,2024-11-01,,2024-10-25T00:00:00Z,2025-09-02T00:00:00Z
ORD-00897,CUS-0118,2024-03-06,PROD-055,4,407.21,1628.84,USD,credit_card,pending,placed,standard,TRACK-6CXOTX76,2024-03-11,,2024-03-06T00:00:00Z,2025-01-07T00:00:00Z
ORD-00898,CUS-0858,2025-11-14,PROD-036,4,341.40,1365.60,USD,credit_card,paid,shipped,standard,TRACK-ZJUY3K0E,2025-11-24,,2025-11-14T00:00:00Z,2025-12-18T00:00:00Z
ORD-00899,CUS-0415,2025-11-11,PROD-037,2,290.16,580.32,USD,paypal,refunded,refunded,standard,TRACK-P4M7B0VZ,2025-11-17,2025-11-17,2025-11-11T00:00:00Z,2025-11-23T00:00:00Z
ORD-00900,CUS-0426,2025-04-08,PROD-049,4,49.02,196.08,USD,credit_card,paid,confirmed,international,TRACK-NOPCFLOI,2025-04-23,,2025-04-08T00:00:00Z,2025-06-15T00:00:00Z
ORD-00901,CUS-0813,2024-05-16,PROD-017,2,657.92,1315.84,USD,bank_transfer,paid,shipped,express,TRACK-TC908T6R,2024-05-20,,2024-05-16T00:00:00Z,2024-06-01T00:00:00Z
ORD-00902,CUS-0097,2025-04-08,PROD-061,5,118.46,592.30,USD,debit_card,pending,placed,next_day,TRACK-K3EKWH1M,2025-04-09,,2025-04-08T00:00:00Z,2025-09-10T00:00:00Z
ORD-00903,CUS-0872,2025-01-04,PROD-051,4,450.36,1801.44,USD,paypal,refunded,returned,standard,TRACK-3DNREHU2,2025-01-11,2025-01-14,2025-01-04T00:00:00Z,2025-11-24T00:00:00Z
ORD-00904,CUS-0343,2025-08-19,PROD-046,2,67.55,135.10,USD,credit_card,paid,delivered,express,TRACK-YN53KBH4,2025-08-23,2025-08-25,2025-08-19T00:00:00Z,2025-10-03T00:00:00Z
ORD-00905,CUS-0761,2024-12-17,PROD-043,1,53.52,53.52,USD,paypal,paid,delivered,standard,TRACK-32JKY5OF,2024-12-26,2024-12-27,2024-12-17T00:00:00Z,2024-12-17T00:00:00Z
ORD-00906,CUS-0308,2024-09-03,PROD-061,2,118.46,236.92,USD,paypal,paid,placed,standard,TRACK-N0DYK3FD,2024-09-10,,2024-09-03T00:00:00Z,2025-10-08T00:00:00Z
ORD-00907,CUS-0603,2025-06-22,PROD-059,5,284.59,1422.95,USD,credit_card,paid,out_for_delivery,standard,TRACK-HEYKUKPX,2025-06-30,,2025-06-22T00:00:00Z,2025-10-31T00:00:00Z
ORD-00908,CUS-0199,2025-12-16,PROD-007,5,2312.54,11562.70,USD,credit_card,paid,cancelled,standard,TRACK-C0T8DHDD,2025-12-21,,2025-12-16T00:00:00Z,2025-12-23T00:00:00Z
ORD-00909,CUS-0444,2025-07-01,PROD-062,4,282.17,1128.68,USD,debit_card,paid,confirmed,standard,TRACK-8A2CQBYW,2025-07-08,,2025-07-01T00:00:00Z,2025-09-16T00:00:00Z
ORD-00910,CUS-0132,2025-04-10,PROD-043,1,53.52,53.52,USD,credit_card,paid,out_for_delivery,express,TRACK-XA53XI3C,2025-04-13,,2025-04-10T00:00:00Z,2025-07-19T00:00:00Z
ORD-00911,CUS-0013,2024-02-04,PROD-052,1,580.62,580.62,USD,credit_card,paid,processing,standard,TRACK-GS59YMZY,2024-02-10,,2024-02-04T00:00:00Z,2024-11-25T00:00:00Z
ORD-00912,CUS-0759,2024-04-08,PROD-013,3,1278.38,3835.14,USD,debit_card,paid,delayed,standard,TRACK-ORDCLVFD,2024-04-16,,2024-04-08T00:00:00Z,2024-12-19T00:00:00Z
ORD-00913,CUS-0211,2025-06-15,PROD-095,2,106.35,212.70,USD,paypal,paid,confirmed,standard,TRACK-KBL5VGGN,2025-06-21,,2025-06-15T00:00:00Z,2025-06-22T00:00:00Z
ORD-00914,CUS-0098,2025-09-20,PROD-085,1,152.73,152.73,USD,credit_card,refunded,cancelled,international,TRACK-HTHUGXNS,2025-10-03,,2025-09-20T00:00:00Z,2025-10-10T00:00:00Z
ORD-00915,CUS-0250,2025-09-04,PROD-094,3,179.49,538.47,USD,credit_card,paid,shipped,express,TRACK-YLHGO1KP,2025-09-06,,2025-09-04T00:00:00Z,2025-10-07T00:00:00Z
ORD-00916,CUS-0598,2025-03-16,PROD-066,4,77.92,311.68,USD,credit_card,paid,processing,standard,TRACK-00VMPQYW,2025-03-22,,2025-03-16T00:00:00Z,2025-12-22T00:00:00Z
ORD-00917,CUS-0653,2025-01-04,PROD-081,2,150.38,300.76,USD,credit_card,paid,delivered,standard,TRACK-M4DY99O3,2025-01-13,2025-01-13,2025-01-04T00:00:00Z,2025-09-10T00:00:00Z
ORD-00918,CUS-0783,2024-06-10,PROD-050,3,81.10,243.30,USD,paypal,paid,delayed,next_day,TRACK-SWOKJ2NI,2024-06-11,,2024-06-10T00:00:00Z,2025-06-24T00:00:00Z
ORD-00919,CUS-0164,2025-03-28,PROD-037,3,290.16,870.48,USD,bank_transfer,partially_refunded,returned,express,TRACK-ZYMUZZO1,2025-04-01,2025-04-03,2025-03-28T00:00:00Z,2025-08-02T00:00:00Z
ORD-00920,CUS-0158,2024-07-26,PROD-038,4,302.64,1210.56,USD,paypal,paid,out_for_delivery,express,TRACK-FDRFQX78,2024-07-30,,2024-07-26T00:00:00Z,2025-03-12T00:00:00Z
ORD-00921,CUS-0332,2024-08-05,PROD-035,3,297.43,892.29,USD,paypal,paid,out_for_delivery,standard,TRACK-SPYA2OTK,2024-08-13,,2024-08-05T00:00:00Z,2025-04-04T00:00:00Z
ORD-00922,CUS-0631,2025-07-13,PROD-078,1,251.87,251.87,USD,credit_card,paid,out_for_delivery,standard,TRACK-4YSD6SHQ,2025-07-18,,2025-07-13T00:00:00Z,2025-07-18T00:00:00Z
ORD-00923,CUS-0510,2025-04-30,PROD-027,2,795.29,1590.58,USD,credit_card,paid,shipped,express,TRACK-Y117JW38,2025-05-04,,2025-04-30T00:00:00Z,2025-09-19T00:00:00Z
ORD-00924,CUS-0918,2025-01-30,PROD-018,3,1487.38,4462.14,USD,credit_card,paid,delivered,standard,TRACK-EEK2VK1O,2025-02-06,2025-02-08,2025-01-30T00:00:00Z,2025-11-22T00:00:00Z
ORD-00925,CUS-0852,2024-06-17,PROD-082,4,235.36,941.44,USD,credit_card,failed,cancelled,standard,TRACK-1H3VQ0V3,2024-06-27,,2024-06-17T00:00:00Z,2024-06-28T00:00:00Z
ORD-00926,CUS-0221,2025-08-09,PROD-051,3,450.36,1351.08,USD,debit_card,paid,delivered,next_day,TRACK-CYGO6ZUD,2025-08-10,2025-08-13,2025-08-09T00:00:00Z,2025-08-15T00:00:00Z
ORD-00927,CUS-0422,2025-07-17,PROD-088,2,191.92,383.84,USD,credit_card,paid,processing,standard,TRACK-VB8DM1AO,2025-07-27,,2025-07-17T00:00:00Z,2025-12-09T00:00:00Z
ORD-00928,CUS-0617,2025-08-22,PROD-035,1,297.43,297.43,USD,credit_card,paid,delayed,standard,TRACK-HI8H7PR2,2025-09-01,,2025-08-22T00:00:00Z,2025-09-16T00:00:00Z
ORD-00929,CUS-0289,2025-07-30,PROD-006,5,1049.94,5249.70,USD,credit_card,paid,delayed,standard,TRACK-DCCPVB96,2025-08-04,,2025-07-30T00:00:00Z,2025-11-09T00:00:00Z
ORD-00930,CUS-0011,2025-08-15,PROD-037,5,290.16,1450.80,USD,credit_card,paid,delivered,standard,TRACK-1BL6F6FU,2025-08-23,2025-08-26,2025-08-15T00:00:00Z,2025-11-26T00:00:00Z
ORD-00931,CUS-0938,2024-02-03,PROD-070,1,55.18,55.18,USD,credit_card,paid,cancelled,standard,TRACK-IF81J67K,2024-02-10,,2024-02-03T00:00:00Z,2024-04-04T00:00:00Z
ORD-00932,CUS-0215,2024-07-21,PROD-041,1,22.71,22.71,USD,credit_card,paid,out_for_delivery,next_day,TRACK-R9D47D7N,2024-07-22,,2024-07-21T00:00:00Z,2025-06-17T00:00:00Z
ORD-00933,CUS-0807,2024-04-11,PROD-062,1,282.17,282.17,USD,paypal,paid,delayed,standard,TRACK-HEZUL4AE,2024-04-19,,2024-04-11T00:00:00Z,2024-04-15T00:00:00Z
ORD-00934,CUS-0166,2025-07-22,PROD-067,1,317.35,317.35,USD,credit_card,paid,shipped,standard,TRACK-ET4KERZ1,2025-07-31,,2025-07-22T00:00:00Z,2025-11-10T00:00:00Z
ORD-00935,CUS-0488,2025-01-12,PROD-066,4,77.92,311.68,USD,debit_card,paid,shipped,express,TRACK-GCT8BWK8,2025-01-16,,2025-01-12T00:00:00Z,2025-03-15T00:00:00Z
ORD-00936,CUS-0802,2024-10-20,PROD-074,2,76.36,152.72,USD,debit_card,paid,processing,standard,TRACK-EKBZCMLO,2024-10-30,,2024-10-20T00:00:00Z,2025-09-23T00:00:00Z
ORD-00937,CUS-0190,2024-03-09,PROD-050,4,81.10,324.40,USD,bank_transfer,paid,delivered,standard,TRACK-M9GX06AW,2024-03-16,2024-03-19,2024-03-09T00:00:00Z,2024-05-14T00:00:00Z
ORD-00938,CUS-0957,2025-04-22,PROD-091,5,84.12,420.60,USD,credit_card,paid,delivered,next_day,TRACK-WS6MOKU8,2025-04-23,2025-04-24,2025-04-22T00:00:00Z,2025-04-29T00:00:00Z
ORD-00939,CUS-0379,2025-08-28,PROD-014,3,474.04,1422.12,USD,bank_transfer,paid,out_for_delivery,standard,TRACK-77HNS54G,2025-09-07,,2025-08-28T00:00:00Z,2025-09-08T00:00:00Z
ORD-00940,CUS-0467,2025-02-03,PROD-020,4,848.04,3392.16,USD,paypal,paid,confirmed,next_day,TRACK-NNJ5RXC4,2025-02-04,,2025-02-03T00:00:00Z,2025-06-23T00:00:00Z
ORD-00941,CUS-0114,2024-01-06,PROD-029,4,868.72,3474.88,USD,debit_card,paid,delivered,express,TRACK-5J2S2DA8,2024-01-09,2024-01-12,2024-01-06T00:00:00Z,2025-09-10T00:00:00Z
ORD-00942,CUS-0061,2024-10-05,PROD-087,1,89.66,89.66,USD,credit_card,paid,out_for_delivery,express,TRACK-FQGSEM2F,2024-10-07,,2024-10-05T00:00:00Z,2025-07-14T00:00:00Z
ORD-00943,CUS-0152,2024-06-28,PROD-024,5,522.20,2611.00,USD,credit_card,paid,confirmed,standard,TRACK-TQ5SMVVB,2024-07-05,,2024-06-28T00:00:00Z,2024-08-06T00:00:00Z
ORD-00944,CUS-0744,2025-07-21,PROD-097,3,43.21,129.63,USD,credit_card,paid,out_for_delivery,standard,TRACK-I6DEIY38,2025-07-28,,2025-07-21T00:00:00Z,2025-10-10T00:00:00Z
ORD-00945,CUS-0991,2025-03-29,PROD-100,2,46.48,92.96,USD,debit_card,paid,confirmed,next_day,TRACK-TE32PEZX,2025-03-30,,2025-03-29T00:00:00Z,2025-04-18T00:00:00Z
ORD-00946,CUS-0614,2025-04-20,PROD-098,5,168.10,840.50,USD,credit_card,paid,processing,standard,TRACK-7AC6DK57,2025-04-26,,2025-04-20T00:00:00Z,2025-05-29T00:00:00Z
ORD-00947,CUS-0628,2024-05-09,PROD-043,5,53.52,267.60,USD,credit_card,paid,delayed,standard,TRACK-7JQOQ0WT,2024-05-15,,2024-05-09T00:00:00Z,2025-10-13T00:00:00Z
ORD-00948,CUS-0691,2025-09-16,PROD-072,2,172.02,344.04,USD,paypal,pending,placed,international,TRACK-M9UZA9QV,2025-09-29,,2025-09-16T00:00:00Z,2025-10-04T00:00:00Z
ORD-00949,CUS-0100,2025-11-07,PROD-029,5,868.72,4343.60,USD,credit_card,paid,delivered,next_day,TRACK-Q763OULL,2025-11-08,2025-11-10,2025-11-07T00:00:00Z,2025-12-08T00:00:00Z
ORD-00950,CUS-0804,2025-08-29,PROD-048,5,127.33,636.65,USD,paypal,paid,shipped,international,TRACK-A1G6AP8U,2025-09-09,,2025-08-29T00:00:00Z,2025-10-06T00:00:00Z
ORD-00951,CUS-0368,2025-06-16,PROD-020,5,848.04,4240.20,USD,credit_card,failed,cancelled,standard,TRACK-N0NPIQJP,2025-06-21,,2025-06-16T00:00:00Z,2025-09-26T00:00:00Z
ORD-00952,CUS-0326,2025-03-30,PROD-019,4,1140.33,4561.32,USD,bank_transfer,pending,placed,express,TRACK-XCVTFHAK,2025-04-02,,2025-03-30T00:00:00Z,2025-10-20T00:00:00Z
ORD-00953,CUS-0631,2024-06-13,PROD-079,5,363.45,1817.25,USD,credit_card,failed,cancelled,standard,TRACK-K1R6L5AK,2024-06-19,,2024-06-13T00:00:00Z,2024-11-04T00:00:00Z
ORD-00954,CUS-0923,2024-06-27,PROD-033,2,249.21,498.42,USD,credit_card,paid,shipped,standard,TRACK-1JQEDLI5,2024-07-06,,2024-06-27T00:00:00Z,2025-05-28T00:00:00Z
ORD-00955,CUS-0548,2024-11-18,PROD-044,4,26.86,107.44,USD,bank_transfer,paid,shipped,express,TRACK-7N4UNFFQ,2024-11-20,,2024-11-18T00:00:00Z,2025-03-07T00:00:00Z
ORD-00956,CUS-0227,2024-05-27,PROD-085,5,152.73,763.65,USD,credit_card,paid,delayed,next_day,TRACK-VM74LT3S,2024-05-28,,2024-05-27T00:00:00Z,2024-07-13T00:00:00Z
ORD-00957,CUS-0287,2024-05-23,PROD-003,5,986.69,4933.45,USD,credit_card,paid,out_for_delivery,standard,TRACK-6YVPDKFE,2024-05-29,,2024-05-23T00:00:00Z,2025-03-28T00:00:00Z
ORD-00958,CUS-0090,2025-04-20,PROD-053,5,574.29,2871.45,USD,debit_card,refunded,returned,standard,TRACK-MIGOVR9A,2025-04-26,2025-04-27,2025-04-20T00:00:00Z,2025-05-06T00:00:00Z
ORD-00959,CUS-0995,2024-05-04,PROD-028,2,249.80,499.60,USD,paypal,paid,delivered,express,TRACK-BT7MGBDV,2024-05-06,2024-05-07,2024-05-04T00:00:00Z,2025-01-08T00:00:00Z
ORD-00960,CUS-0217,2025-09-25,PROD-048,2,127.33,254.66,USD,credit_card,paid,out_for_delivery,express,TRACK-DCCAZXPN,2025-09-27,,2025-09-25T00:00:00Z,2025-11-12T00:00:00Z
ORD-00961,CUS-0733,2025-11-24,PROD-092,3,102.76,308.28,USD,credit_card,paid,delivered,standard,TRACK-SN8L0UW6,2025-11-30,2025-11-30,2025-11-24T00:00:00Z,2025-12-16T00:00:00Z
ORD-00962,CUS-0745,2024-05-19,PROD-028,2,249.80,499.60,USD,credit_card,paid,placed,next_day,TRACK-WQ21KNPK,2024-05-20,,2024-05-19T00:00:00Z,2025-08-16T00:00:00Z
ORD-00963,CUS-0014,2024-05-01,PROD-095,5,106.35,531.75,USD,credit_card,paid,shipped,international,TRACK-MYZDCQR8,2024-05-24,,2024-05-01T00:00:00Z,2024-06-29T00:00:00Z
ORD-00964,CUS-0353,2025-11-05,PROD-023,4,955.05,3820.20,USD,bank_transfer,paid,delivered,international,TRACK-PE2FDZLT,2025-11-28,2025-11-28,2025-11-05T00:00:00Z,2025-12-14T00:00:00Z
ORD-00965,CUS-0062,2024-05-15,PROD-020,2,848.04,1696.08,USD,credit_card,pending,placed,express,TRACK-RT7AWRPM,2024-05-17,,2024-05-15T00:00:00Z,2024-12-04T00:00:00Z
ORD-00966,CUS-0701,2024-05-06,PROD-063,5,328.94,1644.70,USD,credit_card,paid,shipped,standard,TRACK-CE3SKSO6,2024-05-11,,2024-05-06T00:00:00Z,2025-02-22T00:00:00Z
ORD-00967,CUS-0867,2025-09-12,PROD-020,3,848.04,2544.12,USD,credit_card,paid,processing,standard,TRACK-B0QM6UT6,2025-09-18,,2025-09-12T00:00:00Z,2025-12-10T00:00:00Z
ORD-00968,CUS-0715,2024-07-31,PROD-010,2,1931.10,3862.20,USD,credit_card,paid,shipped,standard,TRACK-VW4NH81T,2024-08-07,,2024-07-31T00:00:00Z,2025-12-15T00:00:00Z
ORD-00969,CUS-0675,2024-07-25,PROD-071,4,489.66,1958.64,USD,debit_card,paid,out_for_delivery,express,TRACK-C967FD2Y,2024-07-27,,2024-07-25T00:00:00Z,2025-07-21T00:00:00Z
ORD-00970,CUS-0168,2025-03-14,PROD-090,4,289.84,1159.36,USD,credit_card,paid,shipped,express,TRACK-Q2H5CFGK,2025-03-17,,2025-03-14T00:00:00Z,2025-07-19T00:00:00Z
ORD-00971,CUS-0501,2025-11-19,PROD-047,4,81.88,327.52,USD,credit_card,paid,shipped,international,TRACK-NQOTSVFK,2025-12-17,,2025-11-19T00:00:00Z,2025-12-12T00:00:00Z
ORD-00972,CUS-0851,2024-01-23,PROD-016,3,551.74,1655.22,USD,paypal,paid,out_for_delivery,standard,TRACK-L8U8PN74,2024-01-29,,2024-01-23T00:00:00Z,2024-03-18T00:00:00Z
ORD-00973,CUS-0888,2024-05-09,PROD-054,4,511.50,2046.00,USD,credit_card,paid,cancelled,express,TRACK-G80ZWVHY,2024-05-12,,2024-05-09T00:00:00Z,2024-07-22T00:00:00Z
ORD-00974,CUS-0135,2024-04-22,PROD-074,3,76.36,229.08,USD,paypal,paid,out_for_delivery,next_day,TRACK-NAFH6Q9Y,2024-04-23,,2024-04-22T00:00:00Z,2024-04-28T00:00:00Z
ORD-00975,CUS-0294,2025-05-19,PROD-045,5,111.96,559.80,USD,credit_card,paid,out_for_delivery,standard,TRACK-N5KXQHXT,2025-05-24,,2025-05-19T00:00:00Z,2025-09-11T00:00:00Z
ORD-00976,CUS-0569,2024-05-27,PROD-088,2,191.92,383.84,USD,debit_card,paid,processing,next_day,TRACK-0FCUZLZO,2024-05-28,,2024-05-27T00:00:00Z,2025-08-25T00:00:00Z
ORD-00977,CUS-0013,2024-07-20,PROD-051,4,450.36,1801.44,USD,credit_card,paid,delivered,next_day,TRACK-F59SHE95,2024-07-21,2024-07-22,2024-07-20T00:00:00Z,2024-09-08T00:00:00Z
ORD-00978,CUS-0913,2025-11-23,PROD-093,5,61.11,305.55,USD,paypal,paid,shipped,standard,TRACK-E315H9H4,2025-12-03,,2025-11-23T00:00:00Z,2025-12-17T00:00:00Z
ORD-00979,CUS-0024,2024-06-19,PROD-066,5,77.92,389.60,USD,credit_card,paid,delivered,express,TRACK-0WZN4XJ7,2024-06-22,2024-06-23,2024-06-19T00:00:00Z,2025-07-03T00:00:00Z
ORD-00980,CUS-0940,2024-10-13,PROD-054,5,511.50,2557.50,USD,credit_card,paid,delivered,standard,TRACK-EGJN567N,2024-10-23,2024-10-23,2024-10-13T00:00:00Z,2024-12-07T00:00:00Z
ORD-00981,CUS-0921,2024-10-25,PROD-043,4,53.52,214.08,USD,paypal,paid,confirmed,standard,TRACK-2TYZC5HS,2024-11-03,,2024-10-25T00:00:00Z,2025-09-17T00:00:00Z
ORD-00982,CUS-0776,2024-02-06,PROD-094,3,179.49,538.47,USD,credit_card,paid,shipped,standard,TRACK-CCIMNSCH,2024-02-13,,2024-02-06T00:00:00Z,2025-07-24T00:00:00Z
ORD-00983,CUS-0650,2024-04-15,PROD-084,3,52.10,156.30,USD,credit_card,paid,delivered,standard,TRACK-RQMBBXDO,2024-04-22,2024-04-25,2024-04-15T00:00:00Z,2025-07-17T00:00:00Z
ORD-00984,CUS-0113,2025-04-06,PROD-063,5,328.94,1644.70,USD,paypal,paid,shipped,standard,TRACK-8VFQ6D6S,2025-04-15,,2025-04-06T00:00:00Z,2025-07-19T00:00:00Z
ORD-00985,CUS-0496,2024-04-15,PROD-090,4,289.84,1159.36,USD,debit_card,paid,placed,express,TRACK-7P29EUQ3,2024-04-18,,2024-04-15T00:00:00Z,2025-11-29T00:00:00Z
ORD-00986,CUS-0754,2025-06-17,PROD-092,2,102.76,205.52,USD,paypal,paid,delivered,standard,TRACK-ORBLB8TN,2025-06-24,2025-06-26,2025-06-17T00:00:00Z,2025-11-02T00:00:00Z
ORD-00987,CUS-0069,2024-12-22,PROD-076,4,158.70,634.80,USD,credit_card,paid,shipped,next_day,TRACK-FNNIIX1S,2024-12-23,,2024-12-22T00:00:00Z,2025-03-13T00:00:00Z
ORD-00988,CUS-0398,2025-11-06,PROD-052,2,580.62,1161.24,USD,crypto,paid,placed,standard,TRACK-UCL37PR5,2025-11-11,,2025-11-06T00:00:00Z,2025-11-18T00:00:00Z
ORD-00989,CUS-0007,2025-06-11,PROD-020,3,848.04,2544.12,USD,bank_transfer,paid,processing,express,TRACK-G1PUXJCN,2025-06-15,,2025-06-11T00:00:00Z,2025-06-26T00:00:00Z
ORD-00990,CUS-0169,2024-05-08,PROD-041,5,22.71,113.55,USD,credit_card,paid,shipped,standard,TRACK-P8AT37A6,2024-05-16,,2024-05-08T00:00:00Z,2024-05-16T00:00:00Z
ORD-00991,CUS-0655,2024-08-17,PROD-059,5,284.59,1422.95,USD,paypal,refunded,cancelled,express,TRACK-2Q78E5SF,2024-08-19,,2024-08-17T00:00:00Z,2025-08-27T00:00:00Z
ORD-00992,CUS-0493,2025-05-31,PROD-084,4,52.10,208.40,USD,paypal,paid,processing,international,TRACK-VA6FBF4F,2025-06-19,,2025-05-31T00:00:00Z,2025-08-13T00:00:00Z
ORD-00993,CUS-0501,2025-11-25,PROD-028,1,249.80,249.80,USD,debit_card,paid,shipped,next_day,TRACK-R3X9DW7Z,2025-11-26,,2025-11-25T00:00:00Z,2025-12-02T00:00:00Z
ORD-00994,CUS-0695,2025-08-19,PROD-075,4,343.41,1373.64,USD,debit_card,paid,confirmed,standard,TRACK-ZP1OQKV0,2025-08-27,,2025-08-19T00:00:00Z,2025-10-18T00:00:00Z
ORD-00995,CUS-0200,2024-09-29,PROD-037,1,290.16,290.16,USD,credit_card,paid,placed,standard,TRACK-F3KEYYN2,2024-10-08,,2024-09-29T00:00:00Z,2025-09-19T00:00:00Z
ORD-00996,CUS-0187,2024-03-31,PROD-017,5,657.92,3289.60,USD,debit_card,paid,placed,standard,TRACK-9ZQNKYP1,2024-04-07,,2024-03-31T00:00:00Z,2025-11-21T00:00:00Z
ORD-00997,CUS-0118,2024-12-02,PROD-011,1,1007.07,1007.07,USD,paypal,paid,delivered,standard,TRACK-BO3FASEM,2024-12-11,2024-12-12,2024-12-02T00:00:00Z,2025-04-14T00:00:00Z
ORD-00998,CUS-0865,2024-12-10,PROD-060,5,420.27,2101.35,USD,credit_card,paid,out_for_delivery,express,TRACK-7HLSZM6V,2024-12-12,,2024-12-10T00:00:00Z,2025-09-28T00:00:00Z
ORD-00999,CUS-0413,2025-08-06,PROD-061,1,118.46,118.46,USD,credit_card,failed,cancelled,standard,TRACK-8Z79NK33,2025-08-11,,2025-08-06T00:00:00Z,2025-08-29T00:00:00Z
ORD-01000,CUS-0966,2025-12-10,PROD-064,2,384.19,768.38,USD,debit_card,failed,cancelled,express,TRACK-N2FOL4VF,2025-12-14,,2025-12-10T00:00:00Z,2025-12-31T00:00:00Z
ORD-01001,CUS-0132,2024-01-03,PROD-038,1,302.64,302.64,USD,credit_card,paid,cancelled,next_day,TRACK-YFTXDXNA,2024-01-04,,2024-01-03T00:00:00Z,2025-08-28T00:00:00Z
ORD-01002,CUS-0025,2024-12-12,PROD-072,3,172.02,516.06,USD,debit_card,paid,processing,standard,TRACK-RE8HCX09,2024-12-19,,2024-12-12T00:00:00Z,2025-11-12T00:00:00Z
ORD-01003,CUS-0932,2025-01-25,PROD-028,5,249.80,1249.00,USD,debit_card,paid,delivered,standard,TRACK-3DC0VSVI,2025-02-03,2025-02-06,2025-01-25T00:00:00Z,2025-03-24T00:00:00Z
ORD-01004,CUS-0745,2024-11-13,PROD-001,5,2193.82,10969.10,USD,paypal,refunded,refunded,express,TRACK-X8M8CT71,2024-11-17,2024-11-17,2024-11-13T00:00:00Z,2025-11-26T00:00:00Z
ORD-01005,CUS-0236,2024-09-25,PROD-007,2,2312.54,4625.08,USD,debit_card,paid,delivered,express,TRACK-PIPG6A2C,2024-09-27,2024-09-30,2024-09-25T00:00:00Z,2024-10-29T00:00:00Z
ORD-01006,CUS-0358,2025-08-08,PROD-098,3,168.10,504.30,USD,credit_card,paid,delayed,next_day,TRACK-91456H95,2025-08-09,,2025-08-08T00:00:00Z,2025-08-17T00:00:00Z
ORD-01007,CUS-0358,2025-07-15,PROD-088,2,191.92,383.84,USD,bank_transfer,paid,delivered,next_day,TRACK-I5P7VWKF,2025-07-16,2025-07-16,2025-07-15T00:00:00Z,2025-10-01T00:00:00Z
ORD-01008,CUS-0144,2025-03-08,PROD-086,5,272.87,1364.35,USD,debit_card,paid,processing,express,TRACK-0MB0ORR5,2025-03-12,,2025-03-08T00:00:00Z,2025-11-08T00:00:00Z
ORD-01009,CUS-0408,2025-11-04,PROD-017,5,657.92,3289.60,USD,debit_card,paid,delivered,standard,TRACK-OIT6YA0O,2025-11-14,2025-11-15,2025-11-04T00:00:00Z,2025-11-29T00:00:00Z
ORD-01010,CUS-0177,2024-06-11,PROD-076,2,158.70,317.40,USD,credit_card,paid,out_for_delivery,express,TRACK-P3SUYQO8,2024-06-14,,2024-06-11T00:00:00Z,2024-12-19T00:00:00Z
ORD-01011,CUS-0564,2025-09-08,PROD-083,5,189.30,946.50,USD,credit_card,refunded,refunded,express,TRACK-KV3UDLWR,2025-09-10,2025-09-13,2025-09-08T00:00:00Z,2025-11-24T00:00:00Z
ORD-01012,CUS-0857,2025-01-24,PROD-064,3,384.19,1152.57,USD,credit_card,pending,placed,express,TRACK-N0ABCZ7E,2025-01-27,,2025-01-24T00:00:00Z,2025-08-10T00:00:00Z
ORD-01013,CUS-0338,2025-07-18,PROD-062,5,282.17,1410.85,USD,paypal,paid,processing,standard,TRACK-8F855MDT,2025-07-23,,2025-07-18T00:00:00Z,2025-08-16T00:00:00Z
ORD-01014,CUS-0862,2025-06-22,PROD-040,4,337.08,1348.32,USD,credit_card,paid,placed,international,TRACK-BZGJZG8U,2025-07-17,,2025-06-22T00:00:00Z,2025-12-02T00:00:00Z
ORD-01015,CUS-0475,2025-10-03,PROD-007,2,2312.54,4625.08,USD,debit_card,paid,delivered,international,TRACK-FHE0FWCS,2025-11-02,2025-11-02,2025-10-03T00:00:00Z,2025-11-07T00:00:00Z
ORD-01016,CUS-0176,2024-01-24,PROD-074,4,76.36,305.44,USD,credit_card,paid,delivered,express,TRACK-M9F4OHEU,2024-01-27,2024-01-28,2024-01-24T00:00:00Z,2024-02-06T00:00:00Z
ORD-01017,CUS-0802,2025-10-16,PROD-064,2,384.19,768.38,USD,paypal,pending,placed,standard,TRACK-26XPJ2QI,2025-10-26,,2025-10-16T00:00:00Z,2025-11-21T00:00:00Z
ORD-01018,CUS-0026,2024-11-30,PROD-090,4,289.84,1159.36,USD,bank_transfer,refunded,returned,next_day,TRACK-1K88NO1R,2024-12-01,2024-12-01,2024-11-30T00:00:00Z,2025-06-12T00:00:00Z
ORD-01019,CUS-0556,2024-08-01,PROD-064,3,384.19,1152.57,USD,debit_card,paid,delivered,standard,TRACK-7HLCNPTT,2024-08-09,2024-08-11,2024-08-01T00:00:00Z,2025-02-20T00:00:00Z
ORD-01020,CUS-0683,2024-10-01,PROD-096,5,93.24,466.20,USD,credit_card,paid,processing,standard,TRACK-U4X7X8W4,2024-10-09,,2024-10-01T00:00:00Z,2025-05-11T00:00:00Z
ORD-01021,CUS-0402,2025-06-14,PROD-039,3,482.81,1448.43,USD,debit_card,paid,processing,standard,TRACK-43RSASVI,2025-06-24,,2025-06-14T00:00:00Z,2025-12-28T00:00:00Z
ORD-01022,CUS-0824,2025-07-28,PROD-079,2,363.45,726.90,USD,credit_card,paid,delivered,next_day,TRACK-JI9PVMTM,2025-07-29,2025-07-31,2025-07-28T00:00:00Z,2025-08-12T00:00:00Z
ORD-01023,CUS-0370,2024-02-02,PROD-093,5,61.11,305.55,USD,paypal,paid,confirmed,standard,TRACK-OF3BHG9V,2024-02-08,,2024-02-02T00:00:00Z,2024-03-19T00:00:00Z
ORD-01024,CUS-0714,2025-04-02,PROD-060,2,420.27,840.54,USD,debit_card,partially_refunded,returned,standard,TRACK-4VJ2MWYI,2025-04-07,2025-04-07,2025-04-02T00:00:00Z,2025-06-11T00:00:00Z
ORD-01025,CUS-0344,2024-12-25,PROD-072,1,172.02,172.02,USD,credit_card,paid,shipped,next_day,TRACK-EZA9AGUL,2024-12-26,,2024-12-25T00:00:00Z,2025-04-20T00:00:00Z
ORD-01026,CUS-0906,2024-05-22,PROD-009,4,788.22,3152.88,USD,credit_card,paid,delivered,international,TRACK-YYIIR41G,2024-06-04,2024-06-04,2024-05-22T00:00:00Z,2025-01-21T00:00:00Z
ORD-01027,CUS-0673,2025-08-12,PROD-046,1,67.55,67.55,USD,credit_card,paid,shipped,standard,TRACK-OGQJT4NG,2025-08-22,,2025-08-12T00:00:00Z,2025-09-09T00:00:00Z
ORD-01028,CUS-0709,2025-06-20,PROD-007,3,2312.54,6937.62,USD,paypal,paid,out_for_delivery,express,TRACK-GZMK8J19,2025-06-24,,2025-06-20T00:00:00Z,2025-07-10T00:00:00Z
ORD-01029,CUS-0599,2024-11-27,PROD-030,1,342.95,342.95,USD,credit_card,paid,placed,standard,TRACK-3LYYZ7PR,2024-12-06,,2024-11-27T00:00:00Z,2025-06-27T00:00:00Z
ORD-01030,CUS-0467,2024-09-10,PROD-026,4,295.00,1180.00,USD,credit_card,paid,shipped,standard,TRACK-9FDLR8Z1,2024-09-20,,2024-09-10T00:00:00Z,2025-10-04T00:00:00Z
ORD-01031,CUS-0436,2024-04-13,PROD-033,2,249.21,498.42,USD,paypal,paid,delayed,standard,TRACK-SSS2PFV7,2024-04-21,,2024-04-13T00:00:00Z,2024-12-08T00:00:00Z
ORD-01032,CUS-0086,2025-03-17,PROD-078,2,251.87,503.74,USD,debit_card,pending,placed,express,TRACK-V8PRCMZZ,2025-03-21,,2025-03-17T00:00:00Z,2025-05-29T00:00:00Z
ORD-01033,CUS-0940,2025-11-24,PROD-017,4,657.92,2631.68,USD,credit_card,paid,out_for_delivery,next_day,TRACK-288H23TU,2025-11-25,,2025-11-24T00:00:00Z,2025-12-13T00:00:00Z
ORD-01034,CUS-0515,2024-04-02,PROD-045,3,111.96,335.88,USD,credit_card,paid,delivered,standard,TRACK-FVIKBYT2,2024-04-08,2024-04-08,2024-04-02T00:00:00Z,2024-12-19T00:00:00Z
ORD-01035,CUS-0136,2025-01-05,PROD-061,3,118.46,355.38,USD,debit_card,paid,out_for_delivery,express,TRACK-GVDLV0WG,2025-01-07,,2025-01-05T00:00:00Z,2025-04-18T00:00:00Z
ORD-01036,CUS-0663,2024-09-11,PROD-039,4,482.81,1931.24,USD,credit_card,partially_refunded,returned,standard,TRACK-6DBXF9RE,2024-09-21,2024-09-21,2024-09-11T00:00:00Z,2024-09-19T00:00:00Z
ORD-01037,CUS-0418,2025-11-30,PROD-019,5,1140.33,5701.65,USD,debit_card,paid,confirmed,next_day,TRACK-7VO2MCQ4,2025-12-01,,2025-11-30T00:00:00Z,2025-12-07T00:00:00Z
ORD-01038,CUS-0863,2024-05-24,PROD-055,5,407.21,2036.05,USD,credit_card,pending,placed,next_day,TRACK-SIWFVIUC,2024-05-25,,2024-05-24T00:00:00Z,2025-08-20T00:00:00Z
ORD-01039,CUS-0224,2025-04-16,PROD-087,4,89.66,358.64,USD,paypal,paid,delayed,standard,TRACK-1MUYRPK4,2025-04-26,,2025-04-16T00:00:00Z,2025-05-27T00:00:00Z
ORD-01040,CUS-0383,2024-02-27,PROD-026,3,295.00,885.00,USD,credit_card,paid,shipped,standard,TRACK-A9A1N3IR,2024-03-07,,2024-02-27T00:00:00Z,2024-10-02T00:00:00Z
ORD-01041,CUS-0763,2025-10-15,PROD-040,3,337.08,1011.24,USD,debit_card,refunded,returned,express,TRACK-LO1BXBA2,2025-10-17,2025-10-19,2025-10-15T00:00:00Z,2025-12-12T00:00:00Z
ORD-01042,CUS-0696,2024-10-31,PROD-045,1,111.96,111.96,USD,credit_card,paid,delivered,next_day,TRACK-F2TDCITE,2024-11-01,2024-11-02,2024-10-31T00:00:00Z,2024-11-24T00:00:00Z
ORD-01043,CUS-0893,2024-11-17,PROD-097,1,43.21,43.21,USD,credit_card,paid,processing,standard,TRACK-NDLFDTTN,2024-11-23,,2024-11-17T00:00:00Z,2024-12-03T00:00:00Z
ORD-01044,CUS-0790,2024-07-20,PROD-071,1,489.66,489.66,USD,credit_card,partially_refunded,returned,express,TRACK-E2OOATYY,2024-07-24,2024-07-27,2024-07-20T00:00:00Z,2025-08-13T00:00:00Z
ORD-01045,CUS-0615,2025-04-22,PROD-002,5,2846.71,14233.55,USD,credit_card,paid,delivered,standard,TRACK-XPGBMCZD,2025-04-27,2025-04-30,2025-04-22T00:00:00Z,2025-08-16T00:00:00Z
ORD-01046,CUS-0117,2024-09-04,PROD-056,3,520.14,1560.42,USD,paypal,paid,delivered,standard,TRACK-2Y4LGQTC,2024-09-09,2024-09-09,2024-09-04T00:00:00Z,2025-01-17T00:00:00Z
ORD-01047,CUS-0818,2024-11-07,PROD-083,3,189.30,567.90,USD,credit_card,paid,shipped,standard,TRACK-PRWMOEGP,2024-11-12,,2024-11-07T00:00:00Z,2025-06-19T00:00:00Z
ORD-01048,CUS-0457,2025-12-01,PROD-094,1,179.49,179.49,USD,crypto,paid,delivered,next_day,TRACK-SOFPVOEO,2025-12-02,2025-12-05,2025-12-01T00:00:00Z,2025-12-29T00:00:00Z
ORD-01049,CUS-0557,2024-01-26,PROD-029,3,868.72,2606.16,USD,paypal,paid,shipped,standard,TRACK-QH4S03B0,2024-02-01,,2024-01-26T00:00:00Z,2025-11-27T00:00:00Z
ORD-01050,CUS-0950,2024-10-22,PROD-092,4,102.76,411.04,USD,crypto,partially_refunded,refunded,standard,TRACK-25GP0A8D,2024-10-30,2024-11-02,2024-10-22T00:00:00Z,2024-12-10T00:00:00Z
ORD-01051,CUS-0701,2024-06-27,PROD-039,1,482.81,482.81,USD,debit_card,paid,shipped,standard,TRACK-SEOTP5OR,2024-07-04,,2024-06-27T00:00:00Z,2025-05-13T00:00:00Z
ORD-01052,CUS-0387,2025-08-01,PROD-069,4,271.07,1084.28,USD,debit_card,paid,delivered,express,TRACK-7HT2IBTR,2025-08-05,2025-08-06,2025-08-01T00:00:00Z,2025-09-28T00:00:00Z
ORD-01053,CUS-0707,2024-12-18,PROD-011,5,1007.07,5035.35,USD,credit_card,refunded,refunded,international,TRACK-89VXG7NV,2025-01-05,2025-01-05,2024-12-18T00:00:00Z,2025-05-02T00:00:00Z
ORD-01054,CUS-0052,2025-12-03,PROD-049,2,49.02,98.04,USD,paypal,paid,delivered,standard,TRACK-TGSKEGDE,2025-12-13,2025-12-16,2025-12-03T00:00:00Z,2025-12-04T00:00:00Z
ORD-01055,CUS-0869,2024-12-08,PROD-062,4,282.17,1128.68,USD,credit_card,paid,delivered,next_day,TRACK-20X3RKWW,2024-12-09,2024-12-09,2024-12-08T00:00:00Z,2025-02-28T00:00:00Z
ORD-01056,CUS-0953,2024-04-19,PROD-018,4,1487.38,5949.52,USD,debit_card,paid,confirmed,standard,TRACK-TOMPSDWX,2024-04-24,,2024-04-19T00:00:00Z,2024-07-06T00:00:00Z
ORD-01057,CUS-0505,2025-10-09,PROD-028,3,249.80,749.40,USD,bank_transfer,paid,out_for_delivery,standard,TRACK-DO3GQ83Q,2025-10-15,,2025-10-09T00:00:00Z,2025-12-01T00:00:00Z
ORD-01058,CUS-0106,2025-09-03,PROD-054,3,511.50,1534.50,USD,debit_card,paid,delivered,standard,TRACK-RUCU6SYV,2025-09-12,2025-09-12,2025-09-03T00:00:00Z,2025-11-09T00:00:00Z
ORD-01059,CUS-0971,2025-12-15,PROD-022,1,500.24,500.24,USD,paypal,paid,confirmed,standard,TRACK-XAC9M2ZE,2025-12-21,,2025-12-15T00:00:00Z,2025-12-21T00:00:00Z
ORD-01060,CUS-0432,2024-09-04,PROD-016,1,551.74,551.74,USD,debit_card,paid,out_for_delivery,express,TRACK-LU1BY4IY,2024-09-08,,2024-09-04T00:00:00Z,2025-09-22T00:00:00Z
ORD-01061,CUS-0303,2025-06-12,PROD-048,3,127.33,381.99,USD,bank_transfer,paid,delivered,standard,TRACK-Z63IVV1E,2025-06-20,2025-06-22,2025-06-12T00:00:00Z,2025-08-06T00:00:00Z
ORD-01062,CUS-0619,2024-06-06,PROD-081,2,150.38,300.76,USD,debit_card,partially_refunded,returned,standard,TRACK-PJ4ZGU5W,2024-06-13,2024-06-16,2024-06-06T00:00:00Z,2024-12-06T00:00:00Z
ORD-01063,CUS-0927,2025-12-21,PROD-014,2,474.04,948.08,USD,credit_card,paid,delivered,express,TRACK-3ETIVMDH,2025-12-25,2025-12-27,2025-12-21T00:00:00Z,2025-12-24T00:00:00Z
ORD-01064,CUS-0097,2025-02-02,PROD-041,2,22.71,45.42,USD,paypal,paid,delayed,express,TRACK-I62VS01W,2025-02-06,,2025-02-02T00:00:00Z,2025-09-09T00:00:00Z
ORD-01065,CUS-0713,2024-11-09,PROD-085,3,152.73,458.19,USD,credit_card,partially_refunded,returned,standard,TRACK-W6B9W5ZQ,2024-11-19,2024-11-20,2024-11-09T00:00:00Z,2025-10-08T00:00:00Z
ORD-01066,CUS-0969,2024-04-05,PROD-098,4,168.10,672.40,USD,paypal,paid,out_for_delivery,standard,TRACK-CH8Q7QRE,2024-04-13,,2024-04-05T00:00:00Z,2024-11-22T00:00:00Z
ORD-01067,CUS-0724,2024-01-12,PROD-038,2,302.64,605.28,USD,credit_card,paid,shipped,next_day,TRACK-GG4JYS2Z,2024-01-13,,2024-01-12T00:00:00Z,2025-03-08T00:00:00Z
ORD-01068,CUS-0690,2024-07-08,PROD-032,2,126.22,252.44,USD,credit_card,paid,out_for_delivery,standard,TRACK-6DTXLJK8,2024-07-15,,2024-07-08T00:00:00Z,2024-08-08T00:00:00Z
ORD-01069,CUS-0162,2024-10-13,PROD-089,2,304.67,609.34,USD,credit_card,failed,cancelled,standard,TRACK-ZLOZ7E0P,2024-10-18,,2024-10-13T00:00:00Z,2025-05-14T00:00:00Z
ORD-01070,CUS-0281,2025-09-19,PROD-002,5,2846.71,14233.55,USD,credit_card,paid,shipped,standard,TRACK-RGTZ6QL3,2025-09-25,,2025-09-19T00:00:00Z,2025-10-30T00:00:00Z
ORD-01071,CUS-0096,2025-10-10,PROD-088,5,191.92,959.60,USD,paypal,pending,placed,standard,TRACK-4Y3CXLLJ,2025-10-20,,2025-10-10T00:00:00Z,2025-12-24T00:00:00Z
ORD-01072,CUS-0180,2025-10-11,PROD-005,2,925.08,1850.16,USD,debit_card,paid,processing,standard,TRACK-ZPX9V1UI,2025-10-20,,2025-10-11T00:00:00Z,2025-10-22T00:00:00Z
ORD-01073,CUS-0583,2024-04-05,PROD-033,1,249.21,249.21,USD,credit_card,paid,delivered,express,TRACK-2GY422KK,2024-04-09,2024-04-10,2024-04-05T00:00:00Z,2024-04-07T00:00:00Z
ORD-01074,CUS-0388,2025-11-20,PROD-055,2,407.21,814.42,USD,bank_transfer,paid,delivered,standard,TRACK-JG3YTIIH,2025-11-27,2025-11-27,2025-11-20T00:00:00Z,2025-12-23T00:00:00Z
ORD-01075,CUS-0391,2025-09-18,PROD-056,3,520.14,1560.42,USD,credit_card,paid,delivered,express,TRACK-P33GIUNW,2025-09-20,2025-09-22,2025-09-18T00:00:00Z,2025-09-20T00:00:00Z
ORD-01076,CUS-0461,2024-07-28,PROD-035,3,297.43,892.29,USD,debit_card,refunded,cancelled,express,TRACK-5F1U6SWN,2024-07-31,,2024-07-28T00:00:00Z,2024-08-05T00:00:00Z
ORD-01077,CUS-0255,2025-03-13,PROD-073,5,114.42,572.10,USD,credit_card,failed,cancelled,standard,TRACK-LLD5OBQ2,2025-03-22,,2025-03-13T00:00:00Z,2025-03-15T00:00:00Z
ORD-01078,CUS-0039,2025-08-29,PROD-098,5,168.10,840.50,USD,debit_card,paid,shipped,standard,TRACK-T8HJK0XY,2025-09-07,,2025-08-29T00:00:00Z,2025-10-23T00:00:00Z
ORD-01079,CUS-0461,2025-07-05,PROD-076,5,158.70,793.50,USD,credit_card,paid,delivered,express,TRACK-AZQ4X55P,2025-07-07,2025-07-07,2025-07-05T00:00:00Z,2025-12-11T00:00:00Z
ORD-01080,CUS-0451,2024-03-23,PROD-011,1,1007.07,1007.07,USD,credit_card,refunded,refunded,express,TRACK-J8Z8DO3P,2024-03-27,2024-03-29,2024-03-23T00:00:00Z,2025-03-04T00:00:00Z
ORD-01081,CUS-0079,2025-06-01,PROD-070,4,55.18,220.72,USD,paypal,refunded,refunded,standard,TRACK-RKU0GKH8,2025-06-10,2025-06-13,2025-06-01T00:00:00Z,2025-10-11T00:00:00Z
ORD-01082,CUS-0336,2024-10-11,PROD-003,3,986.69,2960.07,USD,bank_transfer,paid,delayed,standard,TRACK-X2OZ2IMB,2024-10-21,,2024-10-11T00:00:00Z,2025-02-23T00:00:00Z
ORD-01083,CUS-0923,2025-07-28,PROD-023,4,955.05,3820.20,USD,bank_transfer,pending,placed,standard,TRACK-2E84L9YI,2025-08-04,,2025-07-28T00:00:00Z,2025-11-30T00:00:00Z
ORD-01084,CUS-0439,2024-06-25,PROD-096,4,93.24,372.96,USD,credit_card,failed,cancelled,express,TRACK-9CO1SKI0,2024-06-29,,2024-06-25T00:00:00Z,2025-07-24T00:00:00Z
ORD-01085,CUS-0201,2025-06-08,PROD-042,3,22.38,67.14,USD,paypal,paid,processing,next_day,TRACK-4AC1PUVD,2025-06-09,,2025-06-08T00:00:00Z,2025-11-21T00:00:00Z
ORD-01086,CUS-0214,2024-10-28,PROD-001,5,2193.82,10969.10,USD,credit_card,refunded,cancelled,next_day,TRACK-RMNR6NOB,2024-10-29,,2024-10-28T00:00:00Z,2025-11-14T00:00:00Z
ORD-01087,CUS-0433,2024-09-16,PROD-028,3,249.80,749.40,USD,credit_card,paid,delivered,standard,TRACK-WJSV0ZIT,2024-09-26,2024-09-27,2024-09-16T00:00:00Z,2025-01-07T00:00:00Z
ORD-01088,CUS-0380,2025-11-26,PROD-057,4,81.68,326.72,USD,credit_card,pending,placed,express,TRACK-545K5Q5G,2025-11-29,,2025-11-26T00:00:00Z,2025-12-20T00:00:00Z
ORD-01089,CUS-0251,2025-03-31,PROD-051,5,450.36,2251.80,USD,paypal,paid,shipped,standard,TRACK-S6T5RR28,2025-04-07,,2025-03-31T00:00:00Z,2025-08-17T00:00:00Z
ORD-01090,CUS-0701,2025-10-27,PROD-037,2,290.16,580.32,USD,debit_card,partially_refunded,refunded,standard,TRACK-V4QQJ3A1,2025-11-02,2025-11-05,2025-10-27T00:00:00Z,2025-12-25T00:00:00Z
ORD-01091,CUS-0430,2025-05-01,PROD-072,3,172.02,516.06,USD,crypto,pending,placed,standard,TRACK-8RQCVMKC,2025-05-09,,2025-05-01T00:00:00Z,2025-06-23T00:00:00Z
ORD-01092,CUS-0668,2024-07-31,PROD-100,1,46.48,46.48,USD,credit_card,paid,delivered,standard,TRACK-2XB402NM,2024-08-09,2024-08-10,2024-07-31T00:00:00Z,2025-05-24T00:00:00Z
ORD-01093,CUS-0740,2024-12-17,PROD-034,2,347.18,694.36,USD,credit_card,paid,delivered,standard,TRACK-XPI865EO,2024-12-22,2024-12-22,2024-12-17T00:00:00Z,2025-04-29T00:00:00Z
ORD-01094,CUS-0478,2025-08-07,PROD-004,1,2579.89,2579.89,USD,debit_card,pending,placed,standard,TRACK-V1NPCYVU,2025-08-17,,2025-08-07T00:00:00Z,2025-10-26T00:00:00Z
ORD-01095,CUS-0083,2025-07-14,PROD-012,1,922.70,922.70,USD,debit_card,paid,delivered,standard,TRACK-S0Q7OC0Q,2025-07-22,2025-07-22,2025-07-14T00:00:00Z,2025-12-25T00:00:00Z
ORD-01096,CUS-0783,2025-02-22,PROD-083,5,189.30,946.50,USD,paypal,paid,out_for_delivery,standard,TRACK-KQVOX2N5,2025-03-04,,2025-02-22T00:00:00Z,2025-03-02T00:00:00Z
ORD-01097,CUS-0759,2025-12-30,PROD-048,2,127.33,254.66,USD,bank_transfer,paid,shipped,standard,TRACK-9VAXCZZY,2025-12-31,,2025-12-30T00:00:00Z,2025-12-30T00:00:00Z
ORD-01098,CUS-0589,2024-07-09,PROD-091,4,84.12,336.48,USD,debit_card,paid,out_for_delivery,standard,TRACK-4L4YWP6C,2024-07-14,,2024-07-09T00:00:00Z,2024-09-15T00:00:00Z
ORD-01099,CUS-0222,2025-06-28,PROD-012,4,922.70,3690.80,USD,credit_card,paid,shipped,standard,TRACK-RQIT4J0S,2025-07-04,,2025-06-28T00:00:00Z,2025-10-22T00:00:00Z
ORD-01100,CUS-0307,2024-05-11,PROD-039,1,482.81,482.81,USD,credit_card,paid,processing,express,TRACK-JD70Y6IS,2024-05-15,,2024-05-11T00:00:00Z,2025-05-11T00:00:00Z
ORD-01101,CUS-0085,2025-11-29,PROD-069,4,271.07,1084.28,USD,debit_card,paid,out_for_delivery,express,TRACK-RDDHNSGF,2025-12-03,,2025-11-29T00:00:00Z,2025-12-11T00:00:00Z
ORD-01102,CUS-0274,2024-11-21,PROD-054,5,511.50,2557.50,USD,paypal,failed,cancelled,standard,TRACK-871NGETL,2024-11-30,,2024-11-21T00:00:00Z,2024-12-20T00:00:00Z
ORD-01103,CUS-0829,2025-06-19,PROD-074,3,76.36,229.08,USD,debit_card,paid,delivered,next_day,TRACK-2CG99L34,2025-06-20,2025-06-20,2025-06-19T00:00:00Z,2025-10-14T00:00:00Z
ORD-01104,CUS-0354,2025-09-27,PROD-098,2,168.10,336.20,USD,credit_card,paid,processing,standard,TRACK-7DHT8D61,2025-10-07,,2025-09-27T00:00:00Z,2025-10-22T00:00:00Z
ORD-01105,CUS-0984,2024-03-07,PROD-069,3,271.07,813.21,USD,credit_card,refunded,cancelled,standard,TRACK-EV3LFY5U,2024-03-17,,2024-03-07T00:00:00Z,2024-04-29T00:00:00Z
ORD-01106,CUS-0861,2024-04-14,PROD-076,2,158.70,317.40,USD,debit_card,paid,placed,standard,TRACK-QGDD0DIL,2024-04-24,,2024-04-14T00:00:00Z,2025-04-20T00:00:00Z
ORD-01107,CUS-0201,2024-03-05,PROD-007,3,2312.54,6937.62,USD,debit_card,paid,processing,standard,TRACK-CLAPDZ6W,2024-03-15,,2024-03-05T00:00:00Z,2025-03-09T00:00:00Z
ORD-01108,CUS-0629,2024-11-06,PROD-071,3,489.66,1468.98,USD,paypal,paid,shipped,express,TRACK-0ZI2L5EU,2024-11-08,,2024-11-06T00:00:00Z,2025-09-04T00:00:00Z
ORD-01109,CUS-0101,2025-02-20,PROD-019,5,1140.33,5701.65,USD,paypal,paid,cancelled,standard,TRACK-MBLCW0DP,2025-02-25,,2025-02-20T00:00:00Z,2025-09-03T00:00:00Z
ORD-01110,CUS-0657,2025-12-07,PROD-049,5,49.02,245.10,USD,credit_card,pending,placed,international,TRACK-540WFJ2E,2025-12-31,,2025-12-07T00:00:00Z,2025-12-20T00:00:00Z
ORD-01111,CUS-0845,2024-05-08,PROD-065,2,339.44,678.88,USD,credit_card,paid,delivered,next_day,TRACK-3MWG24UN,2024-05-09,2024-05-10,2024-05-08T00:00:00Z,2025-10-31T00:00:00Z
ORD-01112,CUS-0199,2024-10-04,PROD-081,4,150.38,601.52,USD,debit_card,paid,delivered,next_day,TRACK-DAMIXW78,2024-10-05,2024-10-07,2024-10-04T00:00:00Z,2024-12-09T00:00:00Z
ORD-01113,CUS-0779,2025-07-18,PROD-017,4,657.92,2631.68,USD,credit_card,pending,placed,standard,TRACK-FBXQ4UW0,2025-07-25,,2025-07-18T00:00:00Z,2025-12-07T00:00:00Z
ORD-01114,CUS-0475,2024-05-28,PROD-016,5,551.74,2758.70,USD,paypal,paid,shipped,standard,TRACK-M63L952A,2024-06-03,,2024-05-28T00:00:00Z,2025-11-07T00:00:00Z
ORD-01115,CUS-0410,2025-01-24,PROD-003,1,986.69,986.69,USD,paypal,paid,shipped,standard,TRACK-G7GA245J,2025-02-01,,2025-01-24T00:00:00Z,2025-11-30T00:00:00Z
ORD-01116,CUS-0990,2024-02-12,PROD-044,5,26.86,134.30,USD,credit_card,pending,placed,next_day,TRACK-S0SP8JB6,2024-02-13,,2024-02-12T00:00:00Z,2025-11-15T00:00:00Z
ORD-01117,CUS-0862,2025-03-17,PROD-046,2,67.55,135.10,USD,credit_card,paid,processing,express,TRACK-RSS0NP99,2025-03-21,,2025-03-17T00:00:00Z,2025-04-23T00:00:00Z
ORD-01118,CUS-0211,2025-11-05,PROD-050,1,81.10,81.10,USD,credit_card,paid,out_for_delivery,standard,TRACK-5EV5925U,2025-11-10,,2025-11-05T00:00:00Z,2025-12-05T00:00:00Z
ORD-01119,CUS-0851,2024-10-10,PROD-076,4,158.70,634.80,USD,bank_transfer,refunded,returned,international,TRACK-UASHEZJ9,2024-11-07,2024-11-09,2024-10-10T00:00:00Z,2025-02-12T00:00:00Z
ORD-01120,CUS-0574,2025-08-06,PROD-022,3,500.24,1500.72,USD,paypal,paid,shipped,express,TRACK-ZEQUBNLE,2025-08-08,,2025-08-06T00:00:00Z,2025-11-05T00:00:00Z
ORD-01121,CUS-0904,2025-02-22,PROD-012,4,922.70,3690.80,USD,debit_card,paid,processing,standard,TRACK-3LHXOAU5,2025-03-03,,2025-02-22T00:00:00Z,2025-11-19T00:00:00Z
ORD-01122,CUS-0767,2025-02-27,PROD-099,3,110.41,331.23,USD,credit_card,paid,shipped,next_day,TRACK-F6NXXX5F,2025-02-28,,2025-02-27T00:00:00Z,2025-11-28T00:00:00Z
ORD-01123,CUS-0923,2024-04-23,PROD-001,5,2193.82,10969.10,USD,debit_card,paid,processing,standard,TRACK-NB6SP0Y3,2024-05-01,,2024-04-23T00:00:00Z,2025-09-12T00:00:00Z
ORD-01124,CUS-0515,2025-09-17,PROD-003,4,986.69,3946.76,USD,credit_card,paid,shipped,express,TRACK-H90U3RFI,2025-09-21,,2025-09-17T00:00:00Z,2025-09-27T00:00:00Z
ORD-01125,CUS-0961,2024-11-26,PROD-062,3,282.17,846.51,USD,bank_transfer,paid,delivered,next_day,TRACK-LW7ZRTQJ,2024-11-27,2024-11-27,2024-11-26T00:00:00Z,2025-10-17T00:00:00Z
ORD-01126,CUS-0299,2025-01-30,PROD-068,2,296.26,592.52,USD,debit_card,paid,out_for_delivery,standard,TRACK-14X2WPMJ,2025-02-07,,2025-01-30T00:00:00Z,2025-07-11T00:00:00Z
ORD-01127,CUS-0074,2025-01-01,PROD-099,4,110.41,441.64,USD,bank_transfer,paid,shipped,standard,TRACK-WPVI06B8,2025-01-08,,2025-01-01T00:00:00Z,2025-09-16T00:00:00Z
ORD-01128,CUS-0838,2024-03-03,PROD-024,1,522.20,522.20,USD,credit_card,paid,shipped,standard,TRACK-4D0UXF7F,2024-03-12,,2024-03-03T00:00:00Z,2025-09-08T00:00:00Z
ORD-01129,CUS-0811,2024-08-08,PROD-096,3,93.24,279.72,USD,paypal,paid,delayed,express,TRACK-GNTUSJXB,2024-08-10,,2024-08-08T00:00:00Z,2024-09-11T00:00:00Z
ORD-01130,CUS-0282,2024-07-27,PROD-002,2,2846.71,5693.42,USD,credit_card,refunded,returned,standard,TRACK-4MH0N5O9,2024-08-04,2024-08-04,2024-07-27T00:00:00Z,2025-06-26T00:00:00Z
ORD-01131,CUS-0268,2025-03-02,PROD-035,1,297.43,297.43,USD,credit_card,paid,shipped,express,TRACK-FOWP473O,2025-03-06,,2025-03-02T00:00:00Z,2025-11-10T00:00:00Z
ORD-01132,CUS-0140,2025-10-06,PROD-007,3,2312.54,6937.62,USD,debit_card,paid,delivered,express,TRACK-74KUDYZ3,2025-10-09,2025-10-12,2025-10-06T00:00:00Z,2025-12-25T00:00:00Z
ORD-01133,CUS-0948,2024-06-06,PROD-088,5,191.92,959.60,USD,paypal,paid,shipped,standard,TRACK-GD5ML524,2024-06-12,,2024-06-06T00:00:00Z,2025-02-12T00:00:00Z
ORD-01134,CUS-0882,2025-11-20,PROD-003,4,986.69,3946.76,USD,credit_card,paid,out_for_delivery,standard,TRACK-TDFGJ7NR,2025-11-29,,2025-11-20T00:00:00Z,2025-12-08T00:00:00Z
ORD-01135,CUS-0767,2024-01-03,PROD-051,4,450.36,1801.44,USD,debit_card,paid,delivered,international,TRACK-333C2UUD,2024-01-29,2024-01-29,2024-01-03T00:00:00Z,2025-05-11T00:00:00Z
ORD-01136,CUS-0384,2024-03-11,PROD-048,2,127.33,254.66,USD,debit_card,paid,delivered,next_day,TRACK-JDL2MYPJ,2024-03-12,2024-03-13,2024-03-11T00:00:00Z,2024-11-16T00:00:00Z
ORD-01137,CUS-0530,2025-10-21,PROD-100,3,46.48,139.44,USD,paypal,paid,delivered,express,TRACK-JQM2UBAL,2025-10-25,2025-10-27,2025-10-21T00:00:00Z,2025-11-16T00:00:00Z
ORD-01138,CUS-0654,2024-08-15,PROD-040,4,337.08,1348.32,USD,debit_card,paid,delivered,next_day,TRACK-RMOU803J,2024-08-16,2024-08-16,2024-08-15T00:00:00Z,2025-03-10T00:00:00Z
ORD-01139,CUS-0970,2024-09-03,PROD-089,3,304.67,914.01,USD,credit_card,failed,cancelled,standard,TRACK-MQEBBELJ,2024-09-11,,2024-09-03T00:00:00Z,2025-09-30T00:00:00Z
ORD-01140,CUS-0295,2024-09-26,PROD-079,2,363.45,726.90,USD,credit_card,paid,delivered,next_day,TRACK-JTEMN8MJ,2024-09-27,2024-09-28,2024-09-26T00:00:00Z,2025-02-11T00:00:00Z
ORD-01141,CUS-0664,2025-10-11,PROD-094,4,179.49,717.96,USD,credit_card,paid,shipped,express,TRACK-T5NHXF4T,2025-10-14,,2025-10-11T00:00:00Z,2025-12-20T00:00:00Z
ORD-01142,CUS-0019,2025-11-21,PROD-100,5,46.48,232.40,USD,crypto,paid,delayed,standard,TRACK-RV3NSXOF,2025-11-30,,2025-11-21T00:00:00Z,2025-12-07T00:00:00Z
ORD-01143,CUS-0644,2024-04-30,PROD-082,2,235.36,470.72,USD,debit_card,paid,out_for_delivery,standard,TRACK-H02WPKQJ,2024-05-09,,2024-04-30T00:00:00Z,2024-08-06T00:00:00Z
ORD-01144,CUS-0261,2025-05-19,PROD-094,5,179.49,897.45,USD,credit_card,paid,out_for_delivery,next_day,TRACK-IKUZU9SH,2025-05-20,,2025-05-19T00:00:00Z,2025-08-22T00:00:00Z
ORD-01145,CUS-0732,2025-02-16,PROD-099,1,110.41,110.41,USD,debit_card,paid,confirmed,standard,TRACK-G3DCMYXB,2025-02-21,,2025-02-16T00:00:00Z,2025-03-06T00:00:00Z
ORD-01146,CUS-0963,2025-04-16,PROD-050,5,81.10,405.50,USD,credit_card,paid,delayed,standard,TRACK-URPV7LYO,2025-04-26,,2025-04-16T00:00:00Z,2025-06-11T00:00:00Z
ORD-01147,CUS-0768,2025-08-15,PROD-047,2,81.88,163.76,USD,bank_transfer,paid,delivered,international,TRACK-2VQYMHP9,2025-09-05,2025-09-07,2025-08-15T00:00:00Z,2025-12-27T00:00:00Z
ORD-01148,CUS-0609,2024-02-16,PROD-053,4,574.29,2297.16,USD,credit_card,pending,placed,standard,TRACK-TH28IMDG,2024-02-21,,2024-02-16T00:00:00Z,2024-11-20T00:00:00Z
ORD-01149,CUS-0195,2025-09-10,PROD-007,4,2312.54,9250.16,USD,debit_card,partially_refunded,returned,standard,TRACK-RLWP47LZ,2025-09-20,2025-09-23,2025-09-10T00:00:00Z,2025-12-17T00:00:00Z
ORD-01150,CUS-0840,2025-12-12,PROD-009,3,788.22,2364.66,USD,debit_card,paid,delivered,standard,TRACK-H19YX6YI,2025-12-19,2025-12-22,2025-12-12T00:00:00Z,2025-12-29T00:00:00Z
ORD-01151,CUS-0834,2025-02-03,PROD-020,1,848.04,848.04,USD,debit_card,paid,delivered,standard,TRACK-G9O6QVJ2,2025-02-08,2025-02-09,2025-02-03T00:00:00Z,2025-10-28T00:00:00Z
ORD-01152,CUS-0400,2025-08-20,PROD-055,1,407.21,407.21,USD,credit_card,pending,placed,next_day,TRACK-EH2CWF52,2025-08-21,,2025-08-20T00:00:00Z,2025-09-16T00:00:00Z
ORD-01153,CUS-0600,2025-10-19,PROD-063,5,328.94,1644.70,USD,debit_card,paid,delivered,standard,TRACK-435O1L8W,2025-10-26,2025-10-29,2025-10-19T00:00:00Z,2025-11-15T00:00:00Z
ORD-01154,CUS-0186,2025-12-03,PROD-048,3,127.33,381.99,USD,credit_card,paid,shipped,standard,TRACK-DD1T46MH,2025-12-11,,2025-12-03T00:00:00Z,2025-12-19T00:00:00Z
ORD-01155,CUS-0990,2025-12-04,PROD-003,3,986.69,2960.07,USD,debit_card,paid,confirmed,standard,TRACK-TXTYH40S,2025-12-09,,2025-12-04T00:00:00Z,2025-12-28T00:00:00Z
ORD-01156,CUS-0920,2025-05-23,PROD-036,1,341.40,341.40,USD,credit_card,paid,shipped,next_day,TRACK-EBCXIIJC,2025-05-24,,2025-05-23T00:00:00Z,2025-06-20T00:00:00Z
ORD-01157,CUS-0190,2024-06-22,PROD-057,5,81.68,408.40,USD,debit_card,paid,processing,standard,TRACK-AAR17QR0,2024-06-27,,2024-06-22T00:00:00Z,2025-10-29T00:00:00Z
ORD-01158,CUS-0446,2025-07-10,PROD-014,2,474.04,948.08,USD,debit_card,paid,delayed,standard,TRACK-FVAPR4WG,2025-07-15,,2025-07-10T00:00:00Z,2025-08-16T00:00:00Z
ORD-01159,CUS-0043,2025-07-12,PROD-037,5,290.16,1450.80,USD,paypal,failed,cancelled,express,TRACK-BKS3II3F,2025-07-15,,2025-07-12T00:00:00Z,2025-10-04T00:00:00Z
ORD-01160,CUS-0815,2024-09-19,PROD-052,5,580.62,2903.10,USD,paypal,paid,out_for_delivery,standard,TRACK-DWOL61VA,2024-09-26,,2024-09-19T00:00:00Z,2024-10-05T00:00:00Z
ORD-01161,CUS-0989,2025-12-27,PROD-073,4,114.42,457.68,USD,paypal,paid,delivered,standard,TRACK-KMXE8QBT,2025-12-31,2025-12-31,2025-12-27T00:00:00Z,2025-12-31T00:00:00Z
ORD-01162,CUS-0103,2025-02-10,PROD-025,5,499.30,2496.50,USD,bank_transfer,paid,confirmed,express,TRACK-QAJELIVW,2025-02-13,,2025-02-10T00:00:00Z,2025-04-21T00:00:00Z
ORD-01163,CUS-0800,2024-06-24,PROD-044,4,26.86,107.44,USD,credit_card,paid,delayed,standard,TRACK-GP01TSNJ,2024-06-29,,2024-06-24T00:00:00Z,2025-02-16T00:00:00Z
ORD-01164,CUS-0204,2025-01-11,PROD-099,5,110.41,552.05,USD,debit_card,paid,processing,express,TRACK-3G4WANI2,2025-01-13,,2025-01-11T00:00:00Z,2025-06-19T00:00:00Z
ORD-01165,CUS-0347,2025-01-21,PROD-033,5,249.21,1246.05,USD,debit_card,paid,processing,next_day,TRACK-ZE50K61F,2025-01-22,,2025-01-21T00:00:00Z,2025-05-26T00:00:00Z
ORD-01166,CUS-0194,2025-08-08,PROD-012,3,922.70,2768.10,USD,debit_card,paid,shipped,next_day,TRACK-URU7M1VD,2025-08-09,,2025-08-08T00:00:00Z,2025-08-28T00:00:00Z
ORD-01167,CUS-0878,2025-12-17,PROD-063,1,328.94,328.94,USD,credit_card,paid,processing,standard,TRACK-OQCUCJ7N,2025-12-24,,2025-12-17T00:00:00Z,2025-12-29T00:00:00Z
ORD-01168,CUS-0260,2024-08-25,PROD-070,5,55.18,275.90,USD,credit_card,paid,delivered,standard,TRACK-INJ1Q3Q5,2024-09-02,2024-09-02,2024-08-25T00:00:00Z,2025-03-11T00:00:00Z
ORD-01169,CUS-0287,2024-11-13,PROD-029,3,868.72,2606.16,USD,bank_transfer,partially_refunded,refunded,next_day,TRACK-W44XRIIG,2024-11-14,2024-11-17,2024-11-13T00:00:00Z,2025-11-17T00:00:00Z
ORD-01170,CUS-0743,2024-12-07,PROD-058,4,354.13,1416.52,USD,credit_card,partially_refunded,returned,standard,TRACK-EAT64VZ9,2024-12-17,2024-12-18,2024-12-07T00:00:00Z,2025-09-10T00:00:00Z
ORD-01171,CUS-0095,2025-01-31,PROD-045,1,111.96,111.96,USD,debit_card,failed,cancelled,standard,TRACK-RQ2V73ZK,2025-02-08,,2025-01-31T00:00:00Z,2025-04-01T00:00:00Z
ORD-01172,CUS-0108,2024-02-22,PROD-014,4,474.04,1896.16,USD,debit_card,partially_refunded,refunded,express,TRACK-LQK0PQS2,2024-02-24,2024-02-25,2024-02-22T00:00:00Z,2025-10-04T00:00:00Z
ORD-01173,CUS-0216,2025-06-03,PROD-038,3,302.64,907.92,USD,credit_card,paid,shipped,next_day,TRACK-AHAS8N40,2025-06-04,,2025-06-03T00:00:00Z,2025-09-22T00:00:00Z
ORD-01174,CUS-0389,2025-08-27,PROD-093,5,61.11,305.55,USD,debit_card,paid,processing,next_day,TRACK-ZOHEOTB1,2025-08-28,,2025-08-27T00:00:00Z,2025-12-17T00:00:00Z
ORD-01175,CUS-0912,2025-03-25,PROD-059,5,284.59,1422.95,USD,bank_transfer,paid,shipped,standard,TRACK-1HU3FIQG,2025-04-04,,2025-03-25T00:00:00Z,2025-11-07T00:00:00Z
ORD-01176,CUS-0072,2024-03-28,PROD-086,1,272.87,272.87,USD,credit_card,refunded,refunded,standard,TRACK-ETPG2O8X,2024-04-03,2024-04-05,2024-03-28T00:00:00Z,2024-09-11T00:00:00Z
ORD-01177,CUS-0238,2025-12-01,PROD-025,2,499.30,998.60,USD,paypal,pending,placed,standard,TRACK-W7JN2364,2025-12-09,,2025-12-01T00:00:00Z,2025-12-17T00:00:00Z
ORD-01178,CUS-0725,2025-11-27,PROD-030,1,342.95,342.95,USD,credit_card,paid,shipped,standard,TRACK-XGP5LFKE,2025-12-04,,2025-11-27T00:00:00Z,2025-12-27T00:00:00Z
ORD-01179,CUS-0733,2024-02-03,PROD-007,4,2312.54,9250.16,USD,bank_transfer,failed,cancelled,standard,TRACK-T3MT2MD8,2024-02-13,,2024-02-03T00:00:00Z,2025-07-19T00:00:00Z
ORD-01180,CUS-0803,2024-09-19,PROD-002,2,2846.71,5693.42,USD,credit_card,paid,shipped,standard,TRACK-6TAIP1KE,2024-09-26,,2024-09-19T00:00:00Z,2025-05-22T00:00:00Z
ORD-01181,CUS-0571,2025-07-17,PROD-055,5,407.21,2036.05,USD,credit_card,paid,delivered,express,TRACK-TAGIVEE5,2025-07-20,2025-07-20,2025-07-17T00:00:00Z,2025-12-23T00:00:00Z
ORD-01182,CUS-0993,2024-11-29,PROD-092,5,102.76,513.80,USD,debit_card,paid,out_for_delivery,express,TRACK-781XTQSR,2024-12-03,,2024-11-29T00:00:00Z,2025-03-12T00:00:00Z
ORD-01183,CUS-0847,2024-03-19,PROD-090,3,289.84,869.52,USD,credit_card,failed,cancelled,express,TRACK-NOUE6ULE,2024-03-21,,2024-03-19T00:00:00Z,2024-10-04T00:00:00Z
ORD-01184,CUS-0779,2025-07-08,PROD-024,5,522.20,2611.00,USD,bank_transfer,paid,delivered,express,TRACK-ALZGRMC7,2025-07-10,2025-07-11,2025-07-08T00:00:00Z,2025-12-22T00:00:00Z
ORD-01185,CUS-0771,2024-03-25,PROD-001,4,2193.82,8775.28,USD,debit_card,paid,shipped,standard,TRACK-8CJRE5C5,2024-04-01,,2024-03-25T00:00:00Z,2025-05-24T00:00:00Z
ORD-01186,CUS-0135,2024-11-23,PROD-060,1,420.27,420.27,USD,debit_card,paid,delayed,standard,TRACK-GYUJGB5O,2024-12-01,,2024-11-23T00:00:00Z,2025-12-20T00:00:00Z
ORD-01187,CUS-0350,2025-07-09,PROD-038,2,302.64,605.28,USD,credit_card,paid,processing,express,TRACK-8SR6YHTX,2025-07-12,,2025-07-09T00:00:00Z,2025-07-31T00:00:00Z
ORD-01188,CUS-0886,2024-12-09,PROD-034,4,347.18,1388.72,USD,credit_card,refunded,refunded,standard,TRACK-ERJXMZWQ,2024-12-14,2024-12-16,2024-12-09T00:00:00Z,2025-12-13T00:00:00Z
ORD-01189,CUS-0110,2025-03-18,PROD-073,4,114.42,457.68,USD,credit_card,paid,delivered,express,TRACK-YAECEEUT,2025-03-22,2025-03-24,2025-03-18T00:00:00Z,2025-07-17T00:00:00Z
ORD-01190,CUS-0233,2024-06-01,PROD-091,5,84.12,420.60,USD,paypal,paid,out_for_delivery,standard,TRACK-3U41VSVD,2024-06-10,,2024-06-01T00:00:00Z,2025-06-16T00:00:00Z
ORD-01191,CUS-0937,2024-05-07,PROD-042,1,22.38,22.38,USD,credit_card,paid,out_for_delivery,standard,TRACK-2XCV96Q3,2024-05-15,,2024-05-07T00:00:00Z,2024-08-28T00:00:00Z
ORD-01192,CUS-0811,2024-07-06,PROD-040,3,337.08,1011.24,USD,paypal,paid,delivered,express,TRACK-3UFEVSTY,2024-07-08,2024-07-10,2024-07-06T00:00:00Z,2025-10-30T00:00:00Z
ORD-01193,CUS-0746,2024-08-29,PROD-058,4,354.13,1416.52,USD,credit_card,paid,delivered,express,TRACK-R5JGLWMK,2024-09-01,2024-09-04,2024-08-29T00:00:00Z,2025-07-04T00:00:00Z
ORD-01194,CUS-0998,2025-01-05,PROD-049,4,49.02,196.08,USD,bank_transfer,paid,confirmed,express,TRACK-14ISYBF6,2025-01-07,,2025-01-05T00:00:00Z,2025-04-30T00:00:00Z
ORD-01195,CUS-0277,2025-10-24,PROD-069,1,271.07,271.07,USD,debit_card,paid,delivered,standard,TRACK-KUPBBBKV,2025-11-01,2025-11-03,2025-10-24T00:00:00Z,2025-11-22T00:00:00Z
ORD-01196,CUS-0490,2024-05-10,PROD-054,3,511.50,1534.50,USD,credit_card,failed,cancelled,standard,TRACK-Z83EJFBO,2024-05-19,,2024-05-10T00:00:00Z,2024-07-03T00:00:00Z
ORD-01197,CUS-0610,2024-03-27,PROD-098,3,168.10,504.30,USD,debit_card,refunded,returned,standard,TRACK-YFI7EQ3O,2024-04-01,2024-04-03,2024-03-27T00:00:00Z,2025-02-26T00:00:00Z
ORD-01198,CUS-0432,2024-01-14,PROD-074,1,76.36,76.36,USD,credit_card,paid,delivered,express,TRACK-J72HLS0Q,2024-01-17,2024-01-18,2024-01-14T00:00:00Z,2025-08-25T00:00:00Z
ORD-01199,CUS-0552,2024-09-05,PROD-082,3,235.36,706.08,USD,credit_card,paid,delivered,next_day,TRACK-OY22CM5A,2024-09-06,2024-09-07,2024-09-05T00:00:00Z,2025-04-13T00:00:00Z
ORD-01200,CUS-0788,2024-11-04,PROD-021,4,373.51,1494.04,USD,debit_card,paid,delivered,standard,TRACK-OAZFUUZW,2024-11-12,2024-11-14,2024-11-04T00:00:00Z,2025-05-31T00:00:00Z
ORD-01201,CUS-0070,2024-11-15,PROD-083,3,189.30,567.90,USD,credit_card,paid,confirmed,express,TRACK-R4ZLXB7G,2024-11-17,,2024-11-15T00:00:00Z,2025-06-08T00:00:00Z
ORD-01202,CUS-0635,2025-09-05,PROD-064,2,384.19,768.38,USD,paypal,paid,delivered,international,TRACK-CP83JUWL,2025-09-22,2025-09-25,2025-09-05T00:00:00Z,2025-09-07T00:00:00Z
ORD-01203,CUS-0284,2024-08-05,PROD-041,5,22.71,113.55,USD,credit_card,paid,cancelled,standard,TRACK-GQYMH33D,2024-08-11,,2024-08-05T00:00:00Z,2024-08-25T00:00:00Z
ORD-01204,CUS-0957,2024-08-26,PROD-062,3,282.17,846.51,USD,debit_card,paid,shipped,next_day,TRACK-6YB9PDGK,2024-08-27,,2024-08-26T00:00:00Z,2025-12-16T00:00:00Z
ORD-01205,CUS-0260,2025-10-10,PROD-003,5,986.69,4933.45,USD,credit_card,paid,delivered,standard,TRACK-ZQBIB6OE,2025-10-16,2025-10-18,2025-10-10T00:00:00Z,2025-10-13T00:00:00Z
ORD-01206,CUS-0500,2024-04-01,PROD-091,3,84.12,252.36,USD,credit_card,partially_refunded,refunded,express,TRACK-4BV8WZJF,2024-04-05,2024-04-07,2024-04-01T00:00:00Z,2025-05-08T00:00:00Z
ORD-01207,CUS-0313,2024-03-21,PROD-010,5,1931.10,9655.50,USD,credit_card,paid,delivered,standard,TRACK-34EI2BRS,2024-03-30,2024-03-30,2024-03-21T00:00:00Z,2025-03-09T00:00:00Z
ORD-01208,CUS-0926,2024-12-23,PROD-003,2,986.69,1973.38,USD,debit_card,paid,delivered,standard,TRACK-WJ1CZQLR,2024-12-30,2025-01-01,2024-12-23T00:00:00Z,2025-02-23T00:00:00Z
ORD-01209,CUS-0916,2025-03-18,PROD-051,2,450.36,900.72,USD,paypal,paid,confirmed,express,TRACK-WEJI4P0E,2025-03-20,,2025-03-18T00:00:00Z,2025-12-17T00:00:00Z
ORD-01210,CUS-0673,2025-03-18,PROD-047,2,81.88,163.76,USD,debit_card,paid,shipped,standard,TRACK-5APCBFLU,2025-03-26,,2025-03-18T00:00:00Z,2025-09-17T00:00:00Z
ORD-01211,CUS-0684,2025-03-06,PROD-084,5,52.10,260.50,USD,credit_card,paid,out_for_delivery,standard,TRACK-LYYP6S0V,2025-03-11,,2025-03-06T00:00:00Z,2025-04-15T00:00:00Z
ORD-01212,CUS-0939,2025-03-03,PROD-037,1,290.16,290.16,USD,paypal,paid,cancelled,standard,TRACK-VRSSDVB2,2025-03-11,,2025-03-03T00:00:00Z,2025-04-30T00:00:00Z
ORD-01213,CUS-0396,2025-07-22,PROD-032,5,126.22,631.10,USD,paypal,paid,confirmed,express,TRACK-RTMSY77B,2025-07-25,,2025-07-22T00:00:00Z,2025-07-31T00:00:00Z
ORD-01214,CUS-0677,2025-01-25,PROD-076,3,158.70,476.10,USD,paypal,refunded,refunded,standard,TRACK-RSA8ZFAW,2025-02-03,2025-02-03,2025-01-25T00:00:00Z,2025-06-22T00:00:00Z
ORD-01215,CUS-0459,2025-10-09,PROD-020,2,848.04,1696.08,USD,paypal,paid,out_for_delivery,standard,TRACK-PAS0ZBTB,2025-10-17,,2025-10-09T00:00:00Z,2025-12-04T00:00:00Z
ORD-01216,CUS-0976,2025-09-04,PROD-067,5,317.35,1586.75,USD,paypal,paid,delivered,express,TRACK-NXMKTO6J,2025-09-07,2025-09-09,2025-09-04T00:00:00Z,2025-09-08T00:00:00Z
ORD-01217,CUS-0967,2025-01-23,PROD-056,5,520.14,2600.70,USD,debit_card,paid,delivered,express,TRACK-QCU16DKP,2025-01-26,2025-01-28,2025-01-23T00:00:00Z,2025-05-09T00:00:00Z
ORD-01218,CUS-0311,2024-04-01,PROD-032,5,126.22,631.10,USD,credit_card,paid,placed,standard,TRACK-VFZET8P1,2024-04-07,,2024-04-01T00:00:00Z,2025-07-25T00:00:00Z
ORD-01219,CUS-0721,2025-05-08,PROD-062,2,282.17,564.34,USD,credit_card,pending,placed,standard,TRACK-NYRVFONT,2025-05-18,,2025-05-08T00:00:00Z,2025-05-11T00:00:00Z
ORD-01220,CUS-0873,2024-05-27,PROD-014,3,474.04,1422.12,USD,paypal,paid,delivered,standard,TRACK-88KLX9K9,2024-06-05,2024-06-05,2024-05-27T00:00:00Z,2025-12-25T00:00:00Z
ORD-01221,CUS-0601,2024-08-01,PROD-071,5,489.66,2448.30,USD,credit_card,failed,cancelled,next_day,TRACK-QSRLDHH2,2024-08-02,,2024-08-01T00:00:00Z,2025-04-12T00:00:00Z
ORD-01222,CUS-0539,2025-11-18,PROD-029,1,868.72,868.72,USD,paypal,pending,placed,standard,TRACK-IFL79R9K,2025-11-26,,2025-11-18T00:00:00Z,2025-12-24T00:00:00Z
ORD-01223,CUS-0985,2025-02-26,PROD-083,3,189.30,567.90,USD,crypto,partially_refunded,refunded,international,TRACK-NSRHDVNF,2025-03-12,2025-03-15,2025-02-26T00:00:00Z,2025-08-12T00:00:00Z
ORD-01224,CUS-0648,2024-02-27,PROD-052,1,580.62,580.62,USD,credit_card,paid,confirmed,standard,TRACK-BI8BNQ49,2024-03-03,,2024-02-27T00:00:00Z,2025-03-01T00:00:00Z
ORD-01225,CUS-0081,2025-01-12,PROD-085,5,152.73,763.65,USD,debit_card,paid,delivered,standard,TRACK-3DSW1S6M,2025-01-20,2025-01-23,2025-01-12T00:00:00Z,2025-02-03T00:00:00Z
ORD-01226,CUS-0727,2024-04-27,PROD-070,2,55.18,110.36,USD,credit_card,paid,processing,standard,TRACK-RT1RWVNG,2024-05-02,,2024-04-27T00:00:00Z,2024-09-17T00:00:00Z
ORD-01227,CUS-0486,2025-09-18,PROD-051,3,450.36,1351.08,USD,bank_transfer,failed,cancelled,standard,TRACK-KAF9YFT4,2025-09-24,,2025-09-18T00:00:00Z,2025-09-27T00:00:00Z
ORD-01228,CUS-0251,2024-08-28,PROD-060,4,420.27,1681.08,USD,credit_card,paid,placed,standard,TRACK-IC4DTZNN,2024-09-06,,2024-08-28T00:00:00Z,2025-12-12T00:00:00Z
ORD-01229,CUS-0270,2025-09-10,PROD-016,2,551.74,1103.48,USD,bank_transfer,paid,delivered,express,TRACK-ADJ725U0,2025-09-12,2025-09-13,2025-09-10T00:00:00Z,2025-10-20T00:00:00Z
ORD-01230,CUS-0868,2025-11-04,PROD-049,5,49.02,245.10,USD,credit_card,paid,confirmed,standard,TRACK-0OT1K8HC,2025-11-09,,2025-11-04T00:00:00Z,2025-12-22T00:00:00Z
ORD-01231,CUS-0072,2024-04-16,PROD-067,1,317.35,317.35,USD,credit_card,refunded,refunded,standard,TRACK-A97ZILE5,2024-04-26,2024-04-26,2024-04-16T00:00:00Z,2025-03-01T00:00:00Z
ORD-01232,CUS-0462,2025-05-29,PROD-005,3,925.08,2775.24,USD,credit_card,paid,out_for_delivery,express,TRACK-0236QK3Q,2025-05-31,,2025-05-29T00:00:00Z,2025-06-03T00:00:00Z
ORD-01233,CUS-0203,2024-09-25,PROD-014,3,474.04,1422.12,USD,bank_transfer,paid,delayed,standard,TRACK-JR8FL9V2,2024-10-03,,2024-09-25T00:00:00Z,2025-02-09T00:00:00Z
ORD-01234,CUS-0028,2024-08-07,PROD-029,4,868.72,3474.88,USD,bank_transfer,paid,shipped,express,TRACK-WW8QVIVZ,2024-08-10,,2024-08-07T00:00:00Z,2025-05-29T00:00:00Z
ORD-01235,CUS-0092,2025-10-07,PROD-024,4,522.20,2088.80,USD,debit_card,refunded,refunded,standard,TRACK-4AG1QICX,2025-10-12,2025-10-14,2025-10-07T00:00:00Z,2025-11-26T00:00:00Z
ORD-01236,CUS-0248,2025-12-02,PROD-012,1,922.70,922.70,USD,debit_card,paid,placed,next_day,TRACK-LODLONKC,2025-12-03,,2025-12-02T00:00:00Z,2025-12-11T00:00:00Z
ORD-01237,CUS-0974,2025-02-13,PROD-067,4,317.35,1269.40,USD,debit_card,paid,delivered,express,TRACK-NWVSJJCA,2025-02-17,2025-02-18,2025-02-13T00:00:00Z,2025-04-08T00:00:00Z
ORD-01238,CUS-0026,2025-04-11,PROD-007,4,2312.54,9250.16,USD,debit_card,pending,placed,express,TRACK-R85XL6V3,2025-04-13,,2025-04-11T00:00:00Z,2025-06-02T00:00:00Z
ORD-01239,CUS-0114,2025-03-28,PROD-010,1,1931.10,1931.10,USD,paypal,paid,delivered,international,TRACK-PBBWGDKD,2025-04-18,2025-04-20,2025-03-28T00:00:00Z,2025-10-30T00:00:00Z
ORD-01240,CUS-0459,2024-08-20,PROD-036,2,341.40,682.80,USD,credit_card,paid,processing,next_day,TRACK-SX097NFU,2024-08-21,,2024-08-20T00:00:00Z,2025-04-22T00:00:00Z
ORD-01241,CUS-0795,2024-01-28,PROD-088,2,191.92,383.84,USD,credit_card,paid,delivered,standard,TRACK-IA7BW2VN,2024-02-05,2024-02-07,2024-01-28T00:00:00Z,2025-02-26T00:00:00Z
ORD-01242,CUS-0735,2025-09-20,PROD-015,4,987.77,3951.08,USD,credit_card,paid,delivered,express,TRACK-I9HUKP6J,2025-09-23,2025-09-24,2025-09-20T00:00:00Z,2025-12-30T00:00:00Z
ORD-01243,CUS-0765,2024-12-23,PROD-072,5,172.02,860.10,USD,credit_card,paid,shipped,standard,TRACK-8IW5XNQD,2025-01-02,,2024-12-23T00:00:00Z,2025-04-25T00:00:00Z
ORD-01244,CUS-0281,2024-07-24,PROD-074,1,76.36,76.36,USD,credit_card,partially_refunded,returned,express,TRACK-O7PNUD53,2024-07-27,2024-07-28,2024-07-24T00:00:00Z,2024-11-25T00:00:00Z
ORD-01245,CUS-0398,2024-12-13,PROD-018,1,1487.38,1487.38,USD,debit_card,paid,shipped,express,TRACK-UG51OO3T,2024-12-17,,2024-12-13T00:00:00Z,2024-12-20T00:00:00Z
ORD-01246,CUS-0105,2025-11-09,PROD-038,3,302.64,907.92,USD,debit_card,paid,shipped,standard,TRACK-4IZJEZ90,2025-11-17,,2025-11-09T00:00:00Z,2025-12-26T00:00:00Z
ORD-01247,CUS-0598,2025-01-05,PROD-020,3,848.04,2544.12,USD,credit_card,paid,confirmed,next_day,TRACK-BA7OBBC8,2025-01-06,,2025-01-05T00:00:00Z,2025-12-12T00:00:00Z
ORD-01248,CUS-0790,2024-02-26,PROD-096,1,93.24,93.24,USD,credit_card,failed,cancelled,standard,TRACK-O4QU280W,2024-03-02,,2024-02-26T00:00:00Z,2024-05-25T00:00:00Z
ORD-01249,CUS-0876,2024-01-02,PROD-030,1,342.95,342.95,USD,debit_card,paid,delivered,express,TRACK-SXG4XNUB,2024-01-06,2024-01-09,2024-01-02T00:00:00Z,2024-05-11T00:00:00Z
ORD-01250,CUS-0202,2024-08-11,PROD-087,1,89.66,89.66,USD,credit_card,paid,placed,express,TRACK-EY7QWWO6,2024-08-14,,2024-08-11T00:00:00Z,2025-08-17T00:00:00Z
ORD-01251,CUS-0430,2025-09-12,PROD-009,2,788.22,1576.44,USD,credit_card,paid,confirmed,standard,TRACK-1TEFO1S9,2025-09-19,,2025-09-12T00:00:00Z,2025-11-12T00:00:00Z
ORD-01252,CUS-0394,2025-10-15,PROD-009,2,788.22,1576.44,USD,credit_card,refunded,cancelled,standard,TRACK-O1YPISLW,2025-10-24,,2025-10-15T00:00:00Z,2025-12-06T00:00:00Z
ORD-01253,CUS-0868,2025-03-20,PROD-060,3,420.27,1260.81,USD,credit_card,pending,placed,standard,TRACK-IUCUIGM2,2025-03-29,,2025-03-20T00:00:00Z,2025-10-11T00:00:00Z
ORD-01254,CUS-0825,2024-04-14,PROD-059,2,284.59,569.18,USD,debit_card,paid,shipped,express,TRACK-IUVWL47L,2024-04-18,,2024-04-14T00:00:00Z,2025-01-02T00:00:00Z
ORD-01255,CUS-0265,2025-12-01,PROD-039,5,482.81,2414.05,USD,credit_card,paid,shipped,standard,TRACK-20PZTS55,2025-12-06,,2025-12-01T00:00:00Z,2025-12-15T00:00:00Z
ORD-01256,CUS-0227,2025-03-12,PROD-006,3,1049.94,3149.82,USD,debit_card,pending,placed,standard,TRACK-UR4LMY2C,2025-03-22,,2025-03-12T00:00:00Z,2025-06-05T00:00:00Z
ORD-01257,CUS-0799,2025-06-27,PROD-062,4,282.17,1128.68,USD,credit_card,refunded,returned,standard,TRACK-7UYA088Q,2025-07-02,2025-07-05,2025-06-27T00:00:00Z,2025-12-29T00:00:00Z
ORD-01258,CUS-0990,2025-02-08,PROD-051,1,450.36,450.36,USD,debit_card,paid,processing,standard,TRACK-LKTAWMWU,2025-02-16,,2025-02-08T00:00:00Z,2025-06-04T00:00:00Z
ORD-01259,CUS-0739,2025-08-07,PROD-059,2,284.59,569.18,USD,credit_card,paid,delivered,standard,TRACK-94LMUXFZ,2025-08-14,2025-08-14,2025-08-07T00:00:00Z,2025-08-23T00:00:00Z
ORD-01260,CUS-0491,2024-08-09,PROD-087,4,89.66,358.64,USD,bank_transfer,partially_refunded,refunded,standard,TRACK-HSFM8QPD,2024-08-16,2024-08-18,2024-08-09T00:00:00Z,2025-10-18T00:00:00Z
ORD-01261,CUS-0165,2024-07-31,PROD-027,1,795.29,795.29,USD,paypal,paid,delayed,express,TRACK-BOI0SF8W,2024-08-04,,2024-07-31T00:00:00Z,2024-12-20T00:00:00Z
ORD-01262,CUS-0524,2024-08-16,PROD-060,2,420.27,840.54,USD,debit_card,paid,delayed,standard,TRACK-5YSHGPZ9,2024-08-23,,2024-08-16T00:00:00Z,2025-02-10T00:00:00Z
ORD-01263,CUS-0153,2024-01-03,PROD-024,4,522.20,2088.80,USD,debit_card,paid,confirmed,standard,TRACK-W4TEQ3CY,2024-01-09,,2024-01-03T00:00:00Z,2025-09-21T00:00:00Z
ORD-01264,CUS-0715,2024-08-02,PROD-056,4,520.14,2080.56,USD,credit_card,paid,shipped,standard,TRACK-W0MDZANC,2024-08-11,,2024-08-02T00:00:00Z,2025-06-08T00:00:00Z
ORD-01265,CUS-0706,2024-09-19,PROD-069,2,271.07,542.14,USD,debit_card,paid,confirmed,standard,TRACK-HBHAQELF,2024-09-29,,2024-09-19T00:00:00Z,2025-01-15T00:00:00Z
ORD-01266,CUS-0003,2024-07-13,PROD-091,3,84.12,252.36,USD,paypal,paid,delivered,next_day,TRACK-J9LHEPU4,2024-07-14,2024-07-14,2024-07-13T00:00:00Z,2024-11-04T00:00:00Z
ORD-01267,CUS-0893,2025-12-27,PROD-054,4,511.50,2046.00,USD,credit_card,paid,processing,express,TRACK-42W4QYAH,2025-12-29,,2025-12-27T00:00:00Z,2025-12-29T00:00:00Z
ORD-01268,CUS-0286,2024-03-06,PROD-033,1,249.21,249.21,USD,bank_transfer,paid,shipped,express,TRACK-OUAYK2LA,2024-03-09,,2024-03-06T00:00:00Z,2024-06-11T00:00:00Z
ORD-01269,CUS-0502,2024-11-02,PROD-053,2,574.29,1148.58,USD,paypal,paid,delivered,express,TRACK-3GAEDMLA,2024-11-06,2024-11-09,2024-11-02T00:00:00Z,2025-08-22T00:00:00Z
ORD-01270,CUS-0723,2024-04-11,PROD-054,2,511.50,1023.00,USD,paypal,paid,confirmed,standard,TRACK-ZNZZE2TB,2024-04-20,,2024-04-11T00:00:00Z,2024-10-25T00:00:00Z
ORD-01271,CUS-0467,2025-03-31,PROD-083,3,189.30,567.90,USD,paypal,paid,processing,standard,TRACK-084L9GM5,2025-04-06,,2025-03-31T00:00:00Z,2025-10-03T00:00:00Z
ORD-01272,CUS-0048,2024-04-19,PROD-099,1,110.41,110.41,USD,debit_card,paid,confirmed,standard,TRACK-13LY4QZT,2024-04-25,,2024-04-19T00:00:00Z,2024-05-30T00:00:00Z
ORD-01273,CUS-0227,2025-03-31,PROD-011,3,1007.07,3021.21,USD,credit_card,paid,delivered,standard,TRACK-8A6M66SZ,2025-04-09,2025-04-12,2025-03-31T00:00:00Z,2025-11-07T00:00:00Z
ORD-01274,CUS-0070,2024-05-14,PROD-040,2,337.08,674.16,USD,paypal,paid,delivered,standard,TRACK-NZ81XN5B,2024-05-24,2024-05-26,2024-05-14T00:00:00Z,2025-07-04T00:00:00Z
ORD-01275,CUS-0454,2025-03-31,PROD-042,4,22.38,89.52,USD,debit_card,paid,delivered,standard,TRACK-DGQVTAKL,2025-04-08,2025-04-09,2025-03-31T00:00:00Z,2025-08-06T00:00:00Z
ORD-01276,CUS-0333,2025-11-30,PROD-099,1,110.41,110.41,USD,paypal,paid,placed,standard,TRACK-T948U6B1,2025-12-07,,2025-11-30T00:00:00Z,2025-12-10T00:00:00Z
ORD-01277,CUS-0186,2024-07-29,PROD-015,2,987.77,1975.54,USD,paypal,paid,shipped,express,TRACK-VNASJP0E,2024-08-02,,2024-07-29T00:00:00Z,2025-03-18T00:00:00Z
ORD-01278,CUS-0008,2025-05-22,PROD-088,3,191.92,575.76,USD,debit_card,paid,shipped,standard,TRACK-000U1R54,2025-05-28,,2025-05-22T00:00:00Z,2025-06-17T00:00:00Z
ORD-01279,CUS-0649,2025-12-13,PROD-043,4,53.52,214.08,USD,debit_card,refunded,returned,standard,TRACK-SRTSM3S0,2025-12-22,2025-12-25,2025-12-13T00:00:00Z,2025-12-16T00:00:00Z
ORD-01280,CUS-0560,2024-09-21,PROD-099,2,110.41,220.82,USD,credit_card,partially_refunded,refunded,express,TRACK-ZB6UXQRK,2024-09-25,2024-09-27,2024-09-21T00:00:00Z,2025-02-28T00:00:00Z
ORD-01281,CUS-0474,2025-10-19,PROD-088,3,191.92,575.76,USD,credit_card,failed,cancelled,standard,TRACK-D8QU30EX,2025-10-26,,2025-10-19T00:00:00Z,2025-11-17T00:00:00Z
ORD-01282,CUS-0305,2025-04-07,PROD-099,3,110.41,331.23,USD,paypal,refunded,refunded,next_day,TRACK-O70IU7HW,2025-04-08,2025-04-10,2025-04-07T00:00:00Z,2025-05-04T00:00:00Z
ORD-01283,CUS-0474,2025-12-21,PROD-078,5,251.87,1259.35,USD,debit_card,partially_refunded,refunded,express,TRACK-4Q17RO9T,2025-12-24,2025-12-27,2025-12-21T00:00:00Z,2025-12-25T00:00:00Z
ORD-01284,CUS-0844,2024-11-09,PROD-028,1,249.80,249.80,USD,paypal,paid,out_for_delivery,next_day,TRACK-H9XDYQ8D,2024-11-10,,2024-11-09T00:00:00Z,2025-10-01T00:00:00Z
ORD-01285,CUS-0881,2024-11-19,PROD-025,1,499.30,499.30,USD,debit_card,paid,delivered,standard,TRACK-RTNFGZSK,2024-11-25,2024-11-26,2024-11-19T00:00:00Z,2025-09-12T00:00:00Z
ORD-01286,CUS-0602,2024-12-14,PROD-078,2,251.87,503.74,USD,credit_card,partially_refunded,refunded,next_day,TRACK-10I187YO,2024-12-15,2024-12-16,2024-12-14T00:00:00Z,2025-08-05T00:00:00Z
ORD-01287,CUS-0244,2025-12-12,PROD-041,3,22.71,68.13,USD,paypal,failed,cancelled,express,TRACK-QJYG8IRC,2025-12-15,,2025-12-12T00:00:00Z,2025-12-22T00:00:00Z
ORD-01288,CUS-0908,2025-08-22,PROD-005,2,925.08,1850.16,USD,debit_card,paid,delivered,standard,TRACK-NZ9B9BOQ,2025-08-27,2025-08-28,2025-08-22T00:00:00Z,2025-11-09T00:00:00Z
ORD-01289,CUS-0272,2025-07-31,PROD-047,3,81.88,245.64,USD,bank_transfer,paid,delayed,express,TRACK-EFTIXDWR,2025-08-04,,2025-07-31T00:00:00Z,2025-08-03T00:00:00Z
ORD-01290,CUS-0863,2024-11-28,PROD-054,1,511.50,511.50,USD,credit_card,paid,out_for_delivery,express,TRACK-DF56TIZA,2024-12-01,,2024-11-28T00:00:00Z,2025-04-22T00:00:00Z
ORD-01291,CUS-0430,2025-12-12,PROD-072,3,172.02,516.06,USD,debit_card,paid,processing,standard,TRACK-7NL7UB8H,2025-12-19,,2025-12-12T00:00:00Z,2025-12-12T00:00:00Z
ORD-01292,CUS-0512,2025-05-13,PROD-064,5,384.19,1920.95,USD,paypal,paid,delivered,next_day,TRACK-L2IEO9UV,2025-05-14,2025-05-16,2025-05-13T00:00:00Z,2025-12-09T00:00:00Z
ORD-01293,CUS-0421,2024-01-30,PROD-005,5,925.08,4625.40,USD,paypal,paid,confirmed,next_day,TRACK-3ONX3F86,2024-01-31,,2024-01-30T00:00:00Z,2024-02-16T00:00:00Z
ORD-01294,CUS-0189,2024-07-07,PROD-088,2,191.92,383.84,USD,credit_card,paid,placed,standard,TRACK-8YOQVP7Q,2024-07-17,,2024-07-07T00:00:00Z,2025-06-20T00:00:00Z
ORD-01295,CUS-0695,2024-06-25,PROD-014,1,474.04,474.04,USD,credit_card,pending,placed,standard,TRACK-LBPRFEGC,2024-07-05,,2024-06-25T00:00:00Z,2025-02-23T00:00:00Z
ORD-01296,CUS-0774,2024-08-24,PROD-088,5,191.92,959.60,USD,credit_card,paid,delivered,standard,TRACK-0F72VE4I,2024-09-01,2024-09-01,2024-08-24T00:00:00Z,2024-11-20T00:00:00Z
ORD-01297,CUS-0942,2024-02-13,PROD-054,1,511.50,511.50,USD,credit_card,refunded,returned,standard,TRACK-SXQKQBKU,2024-02-21,2024-02-24,2024-02-13T00:00:00Z,2025-08-26T00:00:00Z
ORD-01298,CUS-0956,2024-03-04,PROD-019,4,1140.33,4561.32,USD,credit_card,paid,processing,standard,TRACK-YSY089G9,2024-03-13,,2024-03-04T00:00:00Z,2024-12-27T00:00:00Z
ORD-01299,CUS-0265,2025-12-21,PROD-054,4,511.50,2046.00,USD,credit_card,paid,shipped,express,TRACK-L0JO4PYA,2025-12-24,,2025-12-21T00:00:00Z,2025-12-28T00:00:00Z
ORD-01300,CUS-0160,2025-10-04,PROD-089,3,304.67,914.01,USD,debit_card,partially_refunded,returned,standard,TRACK-NHTZQTTA,2025-10-09,2025-10-11,2025-10-04T00:00:00Z,2025-11-13T00:00:00Z
ORD-01301,CUS-0491,2025-04-14,PROD-060,1,420.27,420.27,USD,debit_card,refunded,refunded,standard,TRACK-6SV8FLOC,2025-04-23,2025-04-24,2025-04-14T00:00:00Z,2025-06-28T00:00:00Z
ORD-01302,CUS-0916,2025-12-04,PROD-052,1,580.62,580.62,USD,bank_transfer,paid,delivered,international,TRACK-NEAM5CSP,2025-12-24,2025-12-27,2025-12-04T00:00:00Z,2025-12-26T00:00:00Z
ORD-01303,CUS-0408,2025-06-11,PROD-070,1,55.18,55.18,USD,debit_card,paid,delayed,standard,TRACK-Y8OLQ54W,2025-06-17,,2025-06-11T00:00:00Z,2025-11-07T00:00:00Z
ORD-01304,CUS-0537,2024-05-06,PROD-025,2,499.30,998.60,USD,paypal,paid,delayed,standard,TRACK-EYINYCOA,2024-05-15,,2024-05-06T00:00:00Z,2024-08-01T00:00:00Z
ORD-01305,CUS-0632,2025-11-28,PROD-072,3,172.02,516.06,USD,credit_card,paid,delivered,express,TRACK-P7EAS0O5,2025-11-30,2025-12-02,2025-11-28T00:00:00Z,2025-11-30T00:00:00Z
ORD-01306,CUS-0492,2025-10-26,PROD-060,1,420.27,420.27,USD,paypal,paid,delivered,standard,TRACK-QKKI9U0V,2025-11-03,2025-11-04,2025-10-26T00:00:00Z,2025-12-02T00:00:00Z
ORD-01307,CUS-0423,2025-11-16,PROD-011,1,1007.07,1007.07,USD,credit_card,paid,shipped,standard,TRACK-D7UAYBDT,2025-11-23,,2025-11-16T00:00:00Z,2026-01-01T00:00:00Z
ORD-01308,CUS-0181,2025-01-16,PROD-002,1,2846.71,2846.71,USD,paypal,paid,confirmed,next_day,TRACK-KRY7IYGC,2025-01-17,,2025-01-16T00:00:00Z,2025-04-14T00:00:00Z
ORD-01309,CUS-0635,2025-01-08,PROD-061,5,118.46,592.30,USD,bank_transfer,paid,delayed,express,TRACK-JQYX7X5P,2025-01-12,,2025-01-08T00:00:00Z,2025-08-27T00:00:00Z
ORD-01310,CUS-0767,2024-09-17,PROD-040,2,337.08,674.16,USD,crypto,paid,shipped,standard,TRACK-XY1JXCDK,2024-09-24,,2024-09-17T00:00:00Z,2025-09-20T00:00:00Z
ORD-01311,CUS-0217,2024-10-25,PROD-057,1,81.68,81.68,USD,debit_card,partially_refunded,refunded,standard,TRACK-69I79152,2024-11-02,2024-11-05,2024-10-25T00:00:00Z,2025-07-25T00:00:00Z
ORD-01312,CUS-0118,2025-11-23,PROD-096,4,93.24,372.96,USD,credit_card,paid,delayed,standard,TRACK-4LRD2KX2,2025-12-02,,2025-11-23T00:00:00Z,2026-01-01T00:00:00Z
ORD-01313,CUS-0741,2025-06-12,PROD-051,5,450.36,2251.80,USD,debit_card,paid,placed,express,TRACK-WSH3MOKB,2025-06-15,,2025-06-12T00:00:00Z,2025-08-16T00:00:00Z
ORD-01314,CUS-0272,2024-01-28,PROD-043,5,53.52,267.60,USD,paypal,paid,delivered,express,TRACK-PGNIFPVD,2024-01-30,2024-01-30,2024-01-28T00:00:00Z,2024-03-26T00:00:00Z
ORD-01315,CUS-0933,2025-06-14,PROD-090,3,289.84,869.52,USD,credit_card,refunded,cancelled,express,TRACK-JY6VY0V3,2025-06-16,,2025-06-14T00:00:00Z,2025-09-13T00:00:00Z
ORD-01316,CUS-0847,2025-02-25,PROD-074,1,76.36,76.36,USD,credit_card,paid,delivered,standard,TRACK-BX0HJ7T5,2025-03-02,2025-03-03,2025-02-25T00:00:00Z,2025-09-27T00:00:00Z
ORD-01317,CUS-0272,2024-12-20,PROD-020,5,848.04,4240.20,USD,paypal,partially_refunded,refunded,next_day,TRACK-7A4K33S5,2024-12-21,2024-12-24,2024-12-20T00:00:00Z,2025-02-10T00:00:00Z
ORD-01318,CUS-0736,2024-05-24,PROD-079,1,363.45,363.45,USD,credit_card,failed,cancelled,express,TRACK-8J0KKAGI,2024-05-27,,2024-05-24T00:00:00Z,2025-09-29T00:00:00Z
ORD-01319,CUS-0739,2024-09-15,PROD-071,4,489.66,1958.64,USD,debit_card,refunded,refunded,standard,TRACK-JCGMBJ2W,2024-09-21,2024-09-24,2024-09-15T00:00:00Z,2025-12-01T00:00:00Z
ORD-01320,CUS-0966,2025-09-26,PROD-055,5,407.21,2036.05,USD,credit_card,paid,delivered,express,TRACK-Q9S7LKS5,2025-09-29,2025-09-29,2025-09-26T00:00:00Z,2025-10-31T00:00:00Z
ORD-01321,CUS-0005,2025-09-17,PROD-015,2,987.77,1975.54,USD,paypal,paid,delivered,express,TRACK-99O6ALVG,2025-09-20,2025-09-22,2025-09-17T00:00:00Z,2025-09-25T00:00:00Z
ORD-01322,CUS-0716,2024-08-01,PROD-075,3,343.41,1030.23,USD,bank_transfer,paid,shipped,standard,TRACK-SAFK9KKV,2024-08-09,,2024-08-01T00:00:00Z,2025-07-24T00:00:00Z
ORD-01323,CUS-0417,2024-03-12,PROD-016,3,551.74,1655.22,USD,paypal,paid,out_for_delivery,express,TRACK-EE75C7QX,2024-03-15,,2024-03-12T00:00:00Z,2024-11-25T00:00:00Z
ORD-01324,CUS-0531,2024-11-19,PROD-004,2,2579.89,5159.78,USD,bank_transfer,paid,confirmed,standard,TRACK-EEWKIHPY,2024-11-29,,2024-11-19T00:00:00Z,2025-12-08T00:00:00Z
ORD-01325,CUS-0931,2024-03-10,PROD-063,5,328.94,1644.70,USD,credit_card,paid,out_for_delivery,next_day,TRACK-FK5MGC3E,2024-03-11,,2024-03-10T00:00:00Z,2024-10-10T00:00:00Z
ORD-01326,CUS-0557,2024-01-15,PROD-090,4,289.84,1159.36,USD,debit_card,paid,delivered,standard,TRACK-UR1BOCZK,2024-01-24,2024-01-26,2024-01-15T00:00:00Z,2025-02-28T00:00:00Z
ORD-01327,CUS-0386,2024-12-28,PROD-030,4,342.95,1371.80,USD,debit_card,paid,shipped,standard,TRACK-C7F4YGF7,2025-01-07,,2024-12-28T00:00:00Z,2025-12-23T00:00:00Z
ORD-01328,CUS-0554,2025-03-19,PROD-049,5,49.02,245.10,USD,credit_card,paid,placed,express,TRACK-JVZSLT69,2025-03-23,,2025-03-19T00:00:00Z,2025-11-03T00:00:00Z
ORD-01329,CUS-0905,2024-12-02,PROD-005,2,925.08,1850.16,USD,credit_card,pending,placed,next_day,TRACK-HY3T5Q21,2024-12-03,,2024-12-02T00:00:00Z,2025-03-19T00:00:00Z
ORD-01330,CUS-0764,2024-01-18,PROD-021,2,373.51,747.02,USD,paypal,failed,cancelled,express,TRACK-PK270TE8,2024-01-22,,2024-01-18T00:00:00Z,2024-12-29T00:00:00Z
ORD-01331,CUS-0191,2024-05-27,PROD-061,5,118.46,592.30,USD,bank_transfer,paid,out_for_delivery,standard,TRACK-90FS6QIJ,2024-06-01,,2024-05-27T00:00:00Z,2024-06-03T00:00:00Z
ORD-01332,CUS-0417,2025-11-12,PROD-024,5,522.20,2611.00,USD,credit_card,paid,processing,standard,TRACK-JW319WNI,2025-11-20,,2025-11-12T00:00:00Z,2025-11-24T00:00:00Z
ORD-01333,CUS-0977,2024-05-12,PROD-084,4,52.10,208.40,USD,crypto,paid,out_for_delivery,next_day,TRACK-1CLMMVH7,2024-05-13,,2024-05-12T00:00:00Z,2025-08-28T00:00:00Z
ORD-01334,CUS-0226,2025-10-13,PROD-096,2,93.24,186.48,USD,credit_card,paid,confirmed,standard,TRACK-337AZ2B0,2025-10-19,,2025-10-13T00:00:00Z,2025-11-25T00:00:00Z
ORD-01335,CUS-0346,2025-02-24,PROD-038,5,302.64,1513.20,USD,paypal,paid,delivered,next_day,TRACK-Y9269XKD,2025-02-25,2025-02-28,2025-02-24T00:00:00Z,2025-11-26T00:00:00Z
ORD-01336,CUS-0875,2025-01-03,PROD-009,5,788.22,3941.10,USD,debit_card,paid,out_for_delivery,standard,TRACK-OXIO25NA,2025-01-10,,2025-01-03T00:00:00Z,2025-12-12T00:00:00Z
ORD-01337,CUS-0950,2025-11-18,PROD-034,4,347.18,1388.72,USD,paypal,paid,out_for_delivery,standard,TRACK-HZWCYKVM,2025-11-26,,2025-11-18T00:00:00Z,2025-12-16T00:00:00Z
ORD-01338,CUS-0030,2025-11-06,PROD-002,4,2846.71,11386.84,USD,credit_card,refunded,returned,next_day,TRACK-W7UV48PB,2025-11-07,2025-11-10,2025-11-06T00:00:00Z,2025-12-16T00:00:00Z
ORD-01339,CUS-0569,2024-11-26,PROD-077,2,484.12,968.24,USD,bank_transfer,pending,placed,next_day,TRACK-B4ISYI8R,2024-11-27,,2024-11-26T00:00:00Z,2025-06-06T00:00:00Z
ORD-01340,CUS-0148,2024-08-17,PROD-070,2,55.18,110.36,USD,credit_card,paid,shipped,express,TRACK-WL51CTAE,2024-08-19,,2024-08-17T00:00:00Z,2025-04-08T00:00:00Z
ORD-01341,CUS-0287,2024-11-29,PROD-026,4,295.00,1180.00,USD,paypal,paid,out_for_delivery,standard,TRACK-WQF1CLNV,2024-12-09,,2024-11-29T00:00:00Z,2025-06-05T00:00:00Z
ORD-01342,CUS-0474,2025-08-18,PROD-090,3,289.84,869.52,USD,debit_card,paid,shipped,express,TRACK-MMU9AM6I,2025-08-22,,2025-08-18T00:00:00Z,2025-09-21T00:00:00Z
ORD-01343,CUS-0577,2025-10-08,PROD-091,1,84.12,84.12,USD,credit_card,paid,out_for_delivery,standard,TRACK-S58KCIMF,2025-10-15,,2025-10-08T00:00:00Z,2025-12-31T00:00:00Z
ORD-01344,CUS-0919,2024-05-26,PROD-047,1,81.88,81.88,USD,credit_card,refunded,refunded,international,TRACK-1OL5VZD3,2024-06-16,2024-06-19,2024-05-26T00:00:00Z,2025-03-24T00:00:00Z
ORD-01345,CUS-0328,2024-03-02,PROD-020,2,848.04,1696.08,USD,credit_card,pending,placed,express,TRACK-W15QA0TK,2024-03-04,,2024-03-02T00:00:00Z,2025-03-08T00:00:00Z
ORD-01346,CUS-0700,2024-06-25,PROD-031,1,88.52,88.52,USD,paypal,paid,delayed,next_day,TRACK-95K0GH1I,2024-06-26,,2024-06-25T00:00:00Z,2024-07-17T00:00:00Z
ORD-01347,CUS-0590,2024-04-02,PROD-033,2,249.21,498.42,USD,credit_card,paid,delayed,standard,TRACK-36N3FRLU,2024-04-12,,2024-04-02T00:00:00Z,2025-01-16T00:00:00Z
ORD-01348,CUS-0948,2025-09-14,PROD-062,3,282.17,846.51,USD,bank_transfer,pending,placed,standard,TRACK-LOD6D8E2,2025-09-24,,2025-09-14T00:00:00Z,2025-10-13T00:00:00Z
ORD-01349,CUS-0269,2025-12-28,PROD-065,3,339.44,1018.32,USD,credit_card,paid,out_for_delivery,standard,TRACK-H1WY6POG,2025-12-31,,2025-12-28T00:00:00Z,2025-12-29T00:00:00Z
ORD-01350,CUS-0119,2024-04-29,PROD-099,2,110.41,220.82,USD,credit_card,pending,placed,express,TRACK-DZHDIDVK,2024-05-01,,2024-04-29T00:00:00Z,2025-10-19T00:00:00Z
ORD-01351,CUS-0974,2024-02-21,PROD-078,5,251.87,1259.35,USD,debit_card,paid,delivered,express,TRACK-ZUYKMG3D,2024-02-25,2024-02-25,2024-02-21T00:00:00Z,2024-07-27T00:00:00Z
ORD-01352,CUS-0072,2024-08-10,PROD-086,2,272.87,545.74,USD,credit_card,paid,shipped,express,TRACK-0ZD8IP5O,2024-08-12,,2024-08-10T00:00:00Z,2025-12-21T00:00:00Z
ORD-01353,CUS-0948,2025-12-13,PROD-092,1,102.76,102.76,USD,credit_card,refunded,returned,standard,TRACK-4HTUW52R,2025-12-18,2025-12-20,2025-12-13T00:00:00Z,2025-12-16T00:00:00Z
ORD-01354,CUS-0245,2024-07-29,PROD-093,2,61.11,122.22,USD,credit_card,pending,placed,standard,TRACK-8JNBRJS1,2024-08-05,,2024-07-29T00:00:00Z,2025-12-18T00:00:00Z
ORD-01355,CUS-0465,2025-12-21,PROD-045,2,111.96,223.92,USD,paypal,paid,shipped,next_day,TRACK-QI31HO4X,2025-12-22,,2025-12-21T00:00:00Z,2025-12-29T00:00:00Z
ORD-01356,CUS-0746,2024-04-05,PROD-010,1,1931.10,1931.10,USD,credit_card,paid,shipped,next_day,TRACK-19881UN1,2024-04-06,,2024-04-05T00:00:00Z,2025-06-13T00:00:00Z
ORD-01357,CUS-0409,2024-01-24,PROD-060,1,420.27,420.27,USD,credit_card,paid,shipped,express,TRACK-K658OV5E,2024-01-26,,2024-01-24T00:00:00Z,2025-12-30T00:00:00Z
ORD-01358,CUS-0473,2024-01-30,PROD-008,4,1441.53,5766.12,USD,credit_card,paid,confirmed,next_day,TRACK-L32U5CXU,2024-01-31,,2024-01-30T00:00:00Z,2024-10-11T00:00:00Z
ORD-01359,CUS-0187,2024-11-01,PROD-028,2,249.80,499.60,USD,credit_card,failed,cancelled,standard,TRACK-62K5TSG5,2024-11-07,,2024-11-01T00:00:00Z,2025-06-28T00:00:00Z
ORD-01360,CUS-0344,2024-01-06,PROD-077,5,484.12,2420.60,USD,credit_card,paid,out_for_delivery,standard,TRACK-S664FN80,2024-01-13,,2024-01-06T00:00:00Z,2024-04-30T00:00:00Z
ORD-01361,CUS-0217,2024-04-27,PROD-080,5,255.93,1279.65,USD,debit_card,refunded,refunded,standard,TRACK-7SF1PT6T,2024-05-05,2024-05-06,2024-04-27T00:00:00Z,2025-11-24T00:00:00Z
ORD-01362,CUS-0862,2024-07-16,PROD-082,2,235.36,470.72,USD,bank_transfer,refunded,refunded,standard,TRACK-JIJNLP2S,2024-07-26,2024-07-29,2024-07-16T00:00:00Z,2025-04-14T00:00:00Z
ORD-01363,CUS-0101,2024-08-24,PROD-051,4,450.36,1801.44,USD,debit_card,paid,delayed,standard,TRACK-BIQMGPOE,2024-08-31,,2024-08-24T00:00:00Z,2025-01-25T00:00:00Z
ORD-01364,CUS-0005,2024-04-15,PROD-066,1,77.92,77.92,USD,debit_card,paid,delivered,standard,TRACK-JCPTZZZ6,2024-04-20,2024-04-23,2024-04-15T00:00:00Z,2025-05-10T00:00:00Z
ORD-01365,CUS-0122,2024-11-10,PROD-014,4,474.04,1896.16,USD,credit_card,refunded,returned,standard,TRACK-CSF0ALMW,2024-11-18,2024-11-20,2024-11-10T00:00:00Z,2025-02-07T00:00:00Z
ORD-01366,CUS-0760,2025-05-27,PROD-051,2,450.36,900.72,USD,credit_card,paid,shipped,international,TRACK-J424IQ93,2025-06-12,,2025-05-27T00:00:00Z,2025-12-17T00:00:00Z
ORD-01367,CUS-0693,2025-10-09,PROD-035,3,297.43,892.29,USD,paypal,paid,shipped,standard,TRACK-4MOPA94D,2025-10-17,,2025-10-09T00:00:00Z,2025-10-26T00:00:00Z
ORD-01368,CUS-0156,2024-06-02,PROD-064,2,384.19,768.38,USD,debit_card,partially_refunded,refunded,express,TRACK-QJED48Q5,2024-06-04,2024-06-07,2024-06-02T00:00:00Z,2025-01-25T00:00:00Z
ORD-01369,CUS-0548,2025-11-04,PROD-048,1,127.33,127.33,USD,credit_card,partially_refunded,refunded,next_day,TRACK-WA2GBZUO,2025-11-05,2025-11-07,2025-11-04T00:00:00Z,2025-12-08T00:00:00Z
ORD-01370,CUS-0117,2024-07-12,PROD-009,4,788.22,3152.88,USD,credit_card,failed,cancelled,international,TRACK-1AJSJJ58,2024-08-05,,2024-07-12T00:00:00Z,2024-07-27T00:00:00Z
ORD-01371,CUS-0708,2024-06-25,PROD-054,4,511.50,2046.00,USD,debit_card,partially_refunded,returned,next_day,TRACK-XMZKG8JW,2024-06-26,2024-06-29,2024-06-25T00:00:00Z,2025-05-28T00:00:00Z
ORD-01372,CUS-0301,2024-03-27,PROD-018,4,1487.38,5949.52,USD,credit_card,paid,cancelled,standard,TRACK-4EMS8E80,2024-04-06,,2024-03-27T00:00:00Z,2025-06-27T00:00:00Z
ORD-01373,CUS-0210,2024-11-09,PROD-035,4,297.43,1189.72,USD,credit_card,paid,delivered,standard,TRACK-ZLGLEOHI,2024-11-15,2024-11-18,2024-11-09T00:00:00Z,2025-11-18T00:00:00Z
ORD-01374,CUS-0527,2025-05-13,PROD-078,1,251.87,251.87,USD,debit_card,paid,delivered,next_day,TRACK-4BQQ8DYW,2025-05-14,2025-05-16,2025-05-13T00:00:00Z,2025-08-24T00:00:00Z
ORD-01375,CUS-0975,2024-09-02,PROD-010,1,1931.10,1931.10,USD,bank_transfer,paid,cancelled,standard,TRACK-UD7KW642,2024-09-09,,2024-09-02T00:00:00Z,2025-02-28T00:00:00Z
ORD-01376,CUS-0793,2025-07-08,PROD-020,2,848.04,1696.08,USD,credit_card,paid,delivered,express,TRACK-GTQMOR9E,2025-07-10,2025-07-10,2025-07-08T00:00:00Z,2025-10-22T00:00:00Z
ORD-01377,CUS-0907,2025-01-22,PROD-042,3,22.38,67.14,USD,credit_card,paid,delivered,next_day,TRACK-R3MU50CS,2025-01-23,2025-01-26,2025-01-22T00:00:00Z,2025-10-16T00:00:00Z
ORD-01378,CUS-0810,2024-10-11,PROD-077,1,484.12,484.12,USD,paypal,refunded,returned,express,TRACK-0E9EKOJZ,2024-10-13,2024-10-13,2024-10-11T00:00:00Z,2025-12-23T00:00:00Z
ORD-01379,CUS-0517,2024-03-02,PROD-031,5,88.52,442.60,USD,bank_transfer,paid,out_for_delivery,standard,TRACK-G15R83Y7,2024-03-12,,2024-03-02T00:00:00Z,2025-02-09T00:00:00Z
ORD-01380,CUS-0994,2024-07-08,PROD-091,2,84.12,168.24,USD,credit_card,paid,out_for_delivery,next_day,TRACK-Y8U40QCU,2024-07-09,,2024-07-08T00:00:00Z,2024-12-05T00:00:00Z
ORD-01381,CUS-0349,2024-06-25,PROD-032,3,126.22,378.66,USD,paypal,refunded,returned,standard,TRACK-10TB81OU,2024-07-04,2024-07-04,2024-06-25T00:00:00Z,2025-08-17T00:00:00Z
ORD-01382,CUS-0682,2025-02-25,PROD-052,1,580.62,580.62,USD,debit_card,paid,confirmed,express,TRACK-MZH93XMC,2025-02-28,,2025-02-25T00:00:00Z,2025-11-23T00:00:00Z
ORD-01383,CUS-0137,2024-01-02,PROD-014,1,474.04,474.04,USD,debit_card,paid,processing,international,TRACK-R304ABIS,2024-01-13,,2024-01-02T00:00:00Z,2025-10-09T00:00:00Z
ORD-01384,CUS-0525,2025-03-02,PROD-097,4,43.21,172.84,USD,debit_card,paid,delayed,express,TRACK-IB22ZU6S,2025-03-05,,2025-03-02T00:00:00Z,2025-07-18T00:00:00Z
ORD-01385,CUS-0609,2025-11-19,PROD-020,4,848.04,3392.16,USD,credit_card,paid,out_for_delivery,standard,TRACK-T57GOCRK,2025-11-26,,2025-11-19T00:00:00Z,2025-12-14T00:00:00Z
ORD-01386,CUS-0325,2024-05-16,PROD-057,4,81.68,326.72,USD,credit_card,paid,out_for_delivery,standard,TRACK-YDVFD9JR,2024-05-23,,2024-05-16T00:00:00Z,2024-06-26T00:00:00Z
ORD-01387,CUS-0199,2024-12-07,PROD-040,2,337.08,674.16,USD,credit_card,paid,delayed,standard,TRACK-G9O9IH4O,2024-12-14,,2024-12-07T00:00:00Z,2025-03-04T00:00:00Z
ORD-01388,CUS-0976,2025-03-29,PROD-048,2,127.33,254.66,USD,credit_card,paid,processing,express,TRACK-619Q1J10,2025-03-31,,2025-03-29T00:00:00Z,2025-05-12T00:00:00Z
ORD-01389,CUS-0444,2024-12-17,PROD-066,2,77.92,155.84,USD,bank_transfer,paid,delivered,standard,TRACK-Q0NEZH1U,2024-12-22,2024-12-22,2024-12-17T00:00:00Z,2025-06-18T00:00:00Z
ORD-01390,CUS-0861,2025-02-13,PROD-027,4,795.29,3181.16,USD,debit_card,paid,delivered,standard,TRACK-GRI9ETMO,2025-02-22,2025-02-23,2025-02-13T00:00:00Z,2025-04-25T00:00:00Z
ORD-01391,CUS-0917,2025-05-24,PROD-029,2,868.72,1737.44,USD,debit_card,paid,processing,international,TRACK-UDIIQ1Z5,2025-06-03,,2025-05-24T00:00:00Z,2025-11-17T00:00:00Z
ORD-01392,CUS-0599,2024-05-25,PROD-040,2,337.08,674.16,USD,credit_card,paid,shipped,standard,TRACK-HQJG5HEW,2024-06-03,,2024-05-25T00:00:00Z,2025-11-22T00:00:00Z
ORD-01393,CUS-0288,2025-02-12,PROD-047,1,81.88,81.88,USD,paypal,paid,confirmed,next_day,TRACK-RT7JHDSZ,2025-02-13,,2025-02-12T00:00:00Z,2025-08-21T00:00:00Z
ORD-01394,CUS-0771,2025-11-24,PROD-088,1,191.92,191.92,USD,bank_transfer,paid,out_for_delivery,express,TRACK-UNA9WK4M,2025-11-27,,2025-11-24T00:00:00Z,2025-12-03T00:00:00Z
ORD-01395,CUS-0099,2025-05-16,PROD-048,5,127.33,636.65,USD,debit_card,paid,delayed,express,TRACK-WFKLZWQX,2025-05-20,,2025-05-16T00:00:00Z,2025-09-26T00:00:00Z
ORD-01396,CUS-0543,2025-09-23,PROD-047,2,81.88,163.76,USD,paypal,paid,shipped,standard,TRACK-SUWUHQ6Q,2025-10-03,,2025-09-23T00:00:00Z,2025-11-28T00:00:00Z
ORD-01397,CUS-0884,2025-11-24,PROD-028,2,249.80,499.60,USD,paypal,paid,placed,standard,TRACK-IDS13PMN,2025-11-29,,2025-11-24T00:00:00Z,2025-11-25T00:00:00Z
ORD-01398,CUS-0131,2024-01-12,PROD-043,4,53.52,214.08,USD,credit_card,paid,out_for_delivery,next_day,TRACK-XOYBXIKP,2024-01-13,,2024-01-12T00:00:00Z,2024-11-11T00:00:00Z
ORD-01399,CUS-0849,2025-08-13,PROD-073,5,114.42,572.10,USD,debit_card,paid,out_for_delivery,standard,TRACK-UMW6ASGF,2025-08-21,,2025-08-13T00:00:00Z,2025-09-25T00:00:00Z
ORD-01400,CUS-0157,2024-11-29,PROD-014,3,474.04,1422.12,USD,credit_card,paid,delivered,express,TRACK-IYKU9IVW,2024-12-03,2024-12-05,2024-11-29T00:00:00Z,2025-03-11T00:00:00Z
ORD-01401,CUS-0570,2024-12-22,PROD-073,3,114.42,343.26,USD,bank_transfer,paid,delayed,standard,TRACK-OPXNCCRB,2024-12-28,,2024-12-22T00:00:00Z,2025-02-06T00:00:00Z
ORD-01402,CUS-0017,2024-05-29,PROD-085,4,152.73,610.92,USD,credit_card,partially_refunded,refunded,next_day,TRACK-NY9MO2HZ,2024-05-30,2024-05-31,2024-05-29T00:00:00Z,2024-12-24T00:00:00Z
ORD-01403,CUS-0292,2025-04-07,PROD-065,3,339.44,1018.32,USD,bank_transfer,paid,delivered,express,TRACK-9PO2UBAT,2025-04-10,2025-04-13,2025-04-07T00:00:00Z,2025-04-18T00:00:00Z
ORD-01404,CUS-0766,2024-07-31,PROD-057,2,81.68,163.36,USD,paypal,paid,out_for_delivery,standard,TRACK-7Q15WHQM,2024-08-07,,2024-07-31T00:00:00Z,2025-05-13T00:00:00Z
ORD-01405,CUS-0094,2025-03-17,PROD-062,1,282.17,282.17,USD,paypal,paid,delayed,express,TRACK-YVR7K7ZX,2025-03-21,,2025-03-17T00:00:00Z,2025-05-11T00:00:00Z
ORD-01406,CUS-0015,2024-12-24,PROD-037,4,290.16,1160.64,USD,crypto,paid,cancelled,standard,TRACK-P84JRH8I,2025-01-01,,2024-12-24T00:00:00Z,2025-10-01T00:00:00Z
ORD-01407,CUS-0904,2025-12-29,PROD-008,3,1441.53,4324.59,USD,debit_card,paid,confirmed,express,TRACK-BLP7DGT6,2025-12-31,,2025-12-29T00:00:00Z,2026-01-01T00:00:00Z
ORD-01408,CUS-0093,2025-06-25,PROD-076,5,158.70,793.50,USD,credit_card,paid,delivered,express,TRACK-J3MVOLHB,2025-06-27,2025-06-29,2025-06-25T00:00:00Z,2025-08-02T00:00:00Z
ORD-01409,CUS-0246,2025-06-07,PROD-006,5,1049.94,5249.70,USD,debit_card,paid,delivered,next_day,TRACK-OOVXJI1I,2025-06-08,2025-06-10,2025-06-07T00:00:00Z,2025-09-18T00:00:00Z
ORD-01410,CUS-0610,2024-06-30,PROD-043,1,53.52,53.52,USD,debit_card,paid,processing,standard,TRACK-YN3SCSBL,2024-07-07,,2024-06-30T00:00:00Z,2025-04-23T00:00:00Z
ORD-01411,CUS-0391,2024-01-01,PROD-055,3,407.21,1221.63,USD,credit_card,paid,delivered,standard,TRACK-HOPQ0UX5,2024-01-09,2024-01-09,2024-01-01T00:00:00Z,2024-06-30T00:00:00Z
ORD-01412,CUS-0119,2024-02-15,PROD-044,2,26.86,53.72,USD,credit_card,paid,delivered,next_day,TRACK-OLM2ZZZW,2024-02-16,2024-02-16,2024-02-15T00:00:00Z,2024-12-20T00:00:00Z
ORD-01413,CUS-0126,2025-06-17,PROD-041,5,22.71,113.55,USD,credit_card,paid,processing,standard,TRACK-N4OZODIL,2025-06-27,,2025-06-17T00:00:00Z,2025-12-30T00:00:00Z
ORD-01414,CUS-0884,2024-06-20,PROD-004,5,2579.89,12899.45,USD,credit_card,paid,shipped,express,TRACK-GSD5BGKM,2024-06-23,,2024-06-20T00:00:00Z,2025-12-26T00:00:00Z
ORD-01415,CUS-0095,2025-07-26,PROD-048,1,127.33,127.33,USD,credit_card,paid,shipped,next_day,TRACK-3VV1E6W0,2025-07-27,,2025-07-26T00:00:00Z,2025-10-25T00:00:00Z
ORD-01416,CUS-0345,2025-08-12,PROD-016,1,551.74,551.74,USD,credit_card,paid,delivered,next_day,TRACK-3I7OPS2R,2025-08-13,2025-08-16,2025-08-12T00:00:00Z,2025-12-27T00:00:00Z
ORD-01417,CUS-0012,2024-11-14,PROD-083,5,189.30,946.50,USD,paypal,refunded,refunded,next_day,TRACK-F48UZ27N,2024-11-15,2024-11-18,2024-11-14T00:00:00Z,2025-01-04T00:00:00Z
ORD-01418,CUS-0615,2024-03-26,PROD-055,2,407.21,814.42,USD,paypal,refunded,refunded,standard,TRACK-3CHUFEU7,2024-04-02,2024-04-02,2024-03-26T00:00:00Z,2024-05-18T00:00:00Z
ORD-01419,CUS-0967,2025-05-04,PROD-028,1,249.80,249.80,USD,bank_transfer,partially_refunded,returned,express,TRACK-NUNZJAOC,2025-05-06,2025-05-09,2025-05-04T00:00:00Z,2025-06-06T00:00:00Z
ORD-01420,CUS-0739,2025-10-27,PROD-005,2,925.08,1850.16,USD,debit_card,partially_refunded,returned,express,TRACK-9NCLYGEP,2025-10-31,2025-10-31,2025-10-27T00:00:00Z,2025-11-06T00:00:00Z
ORD-01421,CUS-0921,2025-11-14,PROD-016,2,551.74,1103.48,USD,bank_transfer,paid,cancelled,next_day,TRACK-25WVHCLV,2025-11-15,,2025-11-14T00:00:00Z,2025-12-16T00:00:00Z
ORD-01422,CUS-0788,2025-08-17,PROD-064,2,384.19,768.38,USD,credit_card,pending,placed,standard,TRACK-EKXVTYZ9,2025-08-22,,2025-08-17T00:00:00Z,2025-11-24T00:00:00Z
ORD-01423,CUS-0649,2025-08-07,PROD-014,4,474.04,1896.16,USD,credit_card,refunded,cancelled,standard,TRACK-MMDFBHPS,2025-08-15,,2025-08-07T00:00:00Z,2025-09-02T00:00:00Z
ORD-01424,CUS-0965,2025-07-24,PROD-089,1,304.67,304.67,USD,credit_card,paid,shipped,international,TRACK-2OBTCW6J,2025-08-20,,2025-07-24T00:00:00Z,2025-10-01T00:00:00Z
ORD-01425,CUS-0436,2024-11-29,PROD-073,3,114.42,343.26,USD,paypal,paid,shipped,standard,TRACK-BOV3036B,2024-12-05,,2024-11-29T00:00:00Z,2025-07-20T00:00:00Z
ORD-01426,CUS-0269,2025-02-11,PROD-044,4,26.86,107.44,USD,credit_card,paid,delivered,standard,TRACK-YW6MXRF9,2025-02-16,2025-02-18,2025-02-11T00:00:00Z,2025-12-24T00:00:00Z
ORD-01427,CUS-0674,2024-10-24,PROD-003,5,986.69,4933.45,USD,paypal,paid,shipped,next_day,TRACK-PPLG1TQ1,2024-10-25,,2024-10-24T00:00:00Z,2024-12-06T00:00:00Z
ORD-01428,CUS-0900,2024-12-19,PROD-077,2,484.12,968.24,USD,credit_card,paid,placed,standard,TRACK-RSWE9YNS,2024-12-28,,2024-12-19T00:00:00Z,2025-02-25T00:00:00Z
ORD-01429,CUS-0990,2025-01-31,PROD-088,2,191.92,383.84,USD,credit_card,paid,delivered,express,TRACK-8D1N1TP1,2025-02-03,2025-02-04,2025-01-31T00:00:00Z,2025-08-23T00:00:00Z
ORD-01430,CUS-0898,2025-08-31,PROD-071,4,489.66,1958.64,USD,debit_card,paid,out_for_delivery,standard,TRACK-ENFRRYBC,2025-09-07,,2025-08-31T00:00:00Z,2025-12-30T00:00:00Z
ORD-01431,CUS-0136,2024-03-29,PROD-027,2,795.29,1590.58,USD,paypal,paid,shipped,standard,TRACK-GHF3OBS0,2024-04-07,,2024-03-29T00:00:00Z,2025-02-08T00:00:00Z
ORD-01432,CUS-0615,2024-03-05,PROD-050,4,81.10,324.40,USD,credit_card,paid,confirmed,standard,TRACK-8C1AM0IH,2024-03-10,,2024-03-05T00:00:00Z,2024-07-04T00:00:00Z
ORD-01433,CUS-0528,2025-01-15,PROD-035,4,297.43,1189.72,USD,credit_card,pending,placed,standard,TRACK-XIEZEV57,2025-01-24,,2025-01-15T00:00:00Z,2025-05-27T00:00:00Z
ORD-01434,CUS-0911,2024-08-19,PROD-096,1,93.24,93.24,USD,paypal,paid,delayed,standard,TRACK-6XC53T2S,2024-08-26,,2024-08-19T00:00:00Z,2025-11-26T00:00:00Z
ORD-01435,CUS-0820,2025-11-28,PROD-026,4,295.00,1180.00,USD,credit_card,failed,cancelled,express,TRACK-1F5BF7PT,2025-11-30,,2025-11-28T00:00:00Z,2025-12-11T00:00:00Z
ORD-01436,CUS-0504,2025-08-02,PROD-080,5,255.93,1279.65,USD,debit_card,pending,placed,next_day,TRACK-ABYN5FO9,2025-08-03,,2025-08-02T00:00:00Z,2025-11-21T00:00:00Z
ORD-01437,CUS-0831,2025-11-26,PROD-028,3,249.80,749.40,USD,credit_card,paid,shipped,express,TRACK-QK7MEHZS,2025-11-30,,2025-11-26T00:00:00Z,2025-12-08T00:00:00Z
ORD-01438,CUS-0767,2025-05-20,PROD-097,2,43.21,86.42,USD,paypal,paid,shipped,standard,TRACK-0ELLCQSU,2025-05-26,,2025-05-20T00:00:00Z,2025-05-26T00:00:00Z
ORD-01439,CUS-0340,2024-09-12,PROD-006,3,1049.94,3149.82,USD,bank_transfer,paid,shipped,standard,TRACK-TSSQAJOP,2024-09-20,,2024-09-12T00:00:00Z,2024-10-04T00:00:00Z
ORD-01440,CUS-0546,2025-07-07,PROD-017,5,657.92,3289.60,USD,paypal,partially_refunded,refunded,standard,TRACK-Z3Q0EWLC,2025-07-13,2025-07-16,2025-07-07T00:00:00Z,2025-10-07T00:00:00Z
ORD-01441,CUS-0619,2024-04-15,PROD-025,3,499.30,1497.90,USD,credit_card,paid,delayed,next_day,TRACK-EEXB4Z7J,2024-04-16,,2024-04-15T00:00:00Z,2024-11-26T00:00:00Z
ORD-01442,CUS-0004,2024-05-04,PROD-082,1,235.36,235.36,USD,credit_card,refunded,cancelled,standard,TRACK-7MV5NLZL,2024-05-10,,2024-05-04T00:00:00Z,2024-07-13T00:00:00Z
ORD-01443,CUS-0610,2025-05-05,PROD-079,1,363.45,363.45,USD,credit_card,paid,cancelled,standard,TRACK-I3527FPW,2025-05-10,,2025-05-05T00:00:00Z,2025-05-11T00:00:00Z
ORD-01444,CUS-0769,2024-07-29,PROD-006,3,1049.94,3149.82,USD,debit_card,paid,processing,standard,TRACK-VR0TMTOC,2024-08-07,,2024-07-29T00:00:00Z,2025-12-29T00:00:00Z
ORD-01445,CUS-0095,2025-06-08,PROD-061,4,118.46,473.84,USD,paypal,pending,placed,standard,TRACK-NVRJQ9HE,2025-06-15,,2025-06-08T00:00:00Z,2025-06-19T00:00:00Z
ORD-01446,CUS-0976,2024-08-07,PROD-027,1,795.29,795.29,USD,bank_transfer,paid,confirmed,standard,TRACK-IVJB5AQY,2024-08-14,,2024-08-07T00:00:00Z,2025-03-18T00:00:00Z
ORD-01447,CUS-0817,2025-07-22,PROD-051,4,450.36,1801.44,USD,credit_card,paid,shipped,express,TRACK-0RAAOO91,2025-07-25,,2025-07-22T00:00:00Z,2025-07-22T00:00:00Z
ORD-01448,CUS-0689,2025-01-21,PROD-058,2,354.13,708.26,USD,debit_card,paid,confirmed,express,TRACK-4E82XEU7,2025-01-25,,2025-01-21T00:00:00Z,2025-10-23T00:00:00Z
ORD-01449,CUS-0169,2025-07-22,PROD-062,3,282.17,846.51,USD,debit_card,paid,delayed,standard,TRACK-PZHH46ZM,2025-07-31,,2025-07-22T00:00:00Z,2025-12-14T00:00:00Z
ORD-01450,CUS-0171,2024-02-07,PROD-085,4,152.73,610.92,USD,debit_card,paid,out_for_delivery,express,TRACK-BJMIGJ6H,2024-02-10,,2024-02-07T00:00:00Z,2024-11-16T00:00:00Z
ORD-01451,CUS-0593,2024-04-03,PROD-072,1,172.02,172.02,USD,credit_card,partially_refunded,refunded,express,TRACK-MFJE50QY,2024-04-06,2024-04-06,2024-04-03T00:00:00Z,2025-10-27T00:00:00Z
ORD-01452,CUS-0728,2024-08-18,PROD-093,4,61.11,244.44,USD,debit_card,paid,shipped,express,TRACK-DY0U7033,2024-08-22,,2024-08-18T00:00:00Z,2025-06-07T00:00:00Z
ORD-01453,CUS-0955,2024-06-19,PROD-034,1,347.18,347.18,USD,debit_card,paid,delivered,express,TRACK-UHD1O6OU,2024-06-21,2024-06-24,2024-06-19T00:00:00Z,2025-10-04T00:00:00Z
ORD-01454,CUS-0438,2025-05-19,PROD-067,4,317.35,1269.40,USD,credit_card,paid,out_for_delivery,express,TRACK-H2PH1DJV,2025-05-23,,2025-05-19T00:00:00Z,2025-07-14T00:00:00Z
ORD-01455,CUS-0794,2024-01-25,PROD-072,5,172.02,860.10,USD,credit_card,paid,delivered,standard,TRACK-G24GVA34,2024-01-30,2024-02-01,2024-01-25T00:00:00Z,2024-02-27T00:00:00Z
ORD-01456,CUS-0097,2024-03-24,PROD-010,2,1931.10,3862.20,USD,paypal,paid,delivered,standard,TRACK-L8LGH8RF,2024-03-29,2024-03-31,2024-03-24T00:00:00Z,2025-12-02T00:00:00Z
ORD-01457,CUS-0014,2024-01-03,PROD-012,5,922.70,4613.50,USD,credit_card,refunded,refunded,standard,TRACK-16JQVLW2,2024-01-12,2024-01-12,2024-01-03T00:00:00Z,2025-05-09T00:00:00Z
ORD-01458,CUS-0230,2025-11-08,PROD-068,1,296.26,296.26,USD,bank_transfer,paid,shipped,express,TRACK-7NXNGBYE,2025-11-10,,2025-11-08T00:00:00Z,2025-11-20T00:00:00Z
ORD-01459,CUS-0470,2025-03-18,PROD-024,3,522.20,1566.60,USD,credit_card,paid,processing,standard,TRACK-CSNU966W,2025-03-26,,2025-03-18T00:00:00Z,2025-09-20T00:00:00Z
ORD-01460,CUS-0371,2025-03-30,PROD-088,5,191.92,959.60,USD,credit_card,paid,processing,international,TRACK-5QEYLW4Q,2025-04-24,,2025-03-30T00:00:00Z,2025-07-01T00:00:00Z
ORD-01461,CUS-0748,2024-01-05,PROD-053,5,574.29,2871.45,USD,paypal,paid,out_for_delivery,standard,TRACK-OTTXT1B1,2024-01-12,,2024-01-05T00:00:00Z,2025-09-15T00:00:00Z
ORD-01462,CUS-0486,2024-12-21,PROD-026,5,295.00,1475.00,USD,credit_card,paid,shipped,express,TRACK-533KHZH4,2024-12-24,,2024-12-21T00:00:00Z,2025-09-01T00:00:00Z
ORD-01463,CUS-0053,2025-01-26,PROD-022,2,500.24,1000.48,USD,debit_card,paid,confirmed,express,TRACK-4X51MO5J,2025-01-29,,2025-01-26T00:00:00Z,2025-09-10T00:00:00Z
ORD-01464,CUS-0672,2025-01-31,PROD-095,4,106.35,425.40,USD,paypal,paid,delivered,express,TRACK-W90M43I4,2025-02-03,2025-02-05,2025-01-31T00:00:00Z,2025-02-18T00:00:00Z
ORD-01465,CUS-0735,2024-05-12,PROD-082,3,235.36,706.08,USD,paypal,paid,placed,standard,TRACK-PGXUJ3SO,2024-05-18,,2024-05-12T00:00:00Z,2025-01-31T00:00:00Z
ORD-01466,CUS-0341,2024-08-30,PROD-004,4,2579.89,10319.56,USD,debit_card,failed,cancelled,standard,TRACK-T71RAIH0,2024-09-06,,2024-08-30T00:00:00Z,2025-06-23T00:00:00Z
ORD-01467,CUS-0194,2025-09-13,PROD-024,1,522.20,522.20,USD,credit_card,paid,processing,express,TRACK-N9SZJ2RQ,2025-09-15,,2025-09-13T00:00:00Z,2025-09-24T00:00:00Z
ORD-01468,CUS-0361,2025-01-30,PROD-001,2,2193.82,4387.64,USD,debit_card,paid,confirmed,next_day,TRACK-JBD25OS5,2025-01-31,,2025-01-30T00:00:00Z,2025-12-19T00:00:00Z
ORD-01469,CUS-0596,2024-07-29,PROD-056,2,520.14,1040.28,USD,debit_card,partially_refunded,returned,express,TRACK-KPY98OPB,2024-07-31,2024-08-01,2024-07-29T00:00:00Z,2025-02-15T00:00:00Z
ORD-01470,CUS-0842,2025-09-26,PROD-074,4,76.36,305.44,USD,paypal,paid,shipped,standard,TRACK-V2Z1K3BD,2025-10-02,,2025-09-26T00:00:00Z,2025-11-27T00:00:00Z
ORD-01471,CUS-0447,2025-05-09,PROD-006,5,1049.94,5249.70,USD,credit_card,paid,confirmed,express,TRACK-LO9J5RWH,2025-05-11,,2025-05-09T00:00:00Z,2025-12-15T00:00:00Z
ORD-01472,CUS-0855,2025-03-13,PROD-003,1,986.69,986.69,USD,paypal,paid,shipped,standard,TRACK-6QXJ8THM,2025-03-20,,2025-03-13T00:00:00Z,2025-06-14T00:00:00Z
ORD-01473,CUS-0420,2024-07-09,PROD-005,4,925.08,3700.32,USD,paypal,paid,placed,express,TRACK-QPQRW6T7,2024-07-11,,2024-07-09T00:00:00Z,2025-01-11T00:00:00Z
ORD-01474,CUS-0245,2025-02-12,PROD-093,1,61.11,61.11,USD,credit_card,paid,cancelled,standard,TRACK-ERJVV88D,2025-02-22,,2025-02-12T00:00:00Z,2025-06-19T00:00:00Z
ORD-01475,CUS-0511,2025-05-27,PROD-053,4,574.29,2297.16,USD,credit_card,pending,placed,express,TRACK-U1W14N53,2025-05-30,,2025-05-27T00:00:00Z,2025-09-30T00:00:00Z
ORD-01476,CUS-0037,2025-06-24,PROD-059,2,284.59,569.18,USD,credit_card,paid,delayed,next_day,TRACK-XP0SHAJ4,2025-06-25,,2025-06-24T00:00:00Z,2025-10-20T00:00:00Z
ORD-01477,CUS-0219,2024-12-02,PROD-056,3,520.14,1560.42,USD,paypal,paid,delivered,standard,TRACK-55WRSWG5,2024-12-11,2024-12-12,2024-12-02T00:00:00Z,2025-06-19T00:00:00Z
ORD-01478,CUS-0823,2024-09-08,PROD-033,1,249.21,249.21,USD,credit_card,paid,out_for_delivery,international,TRACK-S0SJJJBU,2024-10-06,,2024-09-08T00:00:00Z,2025-09-23T00:00:00Z
ORD-01479,CUS-0602,2024-01-25,PROD-028,2,249.80,499.60,USD,credit_card,refunded,refunded,express,TRACK-WNAZMPWB,2024-01-29,2024-01-31,2024-01-25T00:00:00Z,2024-08-23T00:00:00Z
ORD-01480,CUS-0854,2024-02-08,PROD-084,2,52.10,104.20,USD,credit_card,paid,delivered,express,TRACK-XOHAV66M,2024-02-11,2024-02-13,2024-02-08T00:00:00Z,2024-02-11T00:00:00Z
ORD-01481,CUS-0251,2025-03-26,PROD-004,5,2579.89,12899.45,USD,credit_card,paid,delivered,standard,TRACK-2J2CGQ7A,2025-04-01,2025-04-03,2025-03-26T00:00:00Z,2025-05-12T00:00:00Z
ORD-01482,CUS-0572,2024-01-05,PROD-042,1,22.38,22.38,USD,credit_card,paid,shipped,standard,TRACK-C8FB947E,2024-01-10,,2024-01-05T00:00:00Z,2025-06-29T00:00:00Z
ORD-01483,CUS-0896,2025-12-10,PROD-016,1,551.74,551.74,USD,credit_card,paid,delivered,standard,TRACK-6MTZHSP3,2025-12-19,2025-12-22,2025-12-10T00:00:00Z,2025-12-28T00:00:00Z
ORD-01484,CUS-0831,2024-06-02,PROD-068,3,296.26,888.78,USD,bank_transfer,failed,cancelled,next_day,TRACK-YI3NDFFY,2024-06-03,,2024-06-02T00:00:00Z,2025-11-11T00:00:00Z
ORD-01485,CUS-0892,2025-03-23,PROD-018,3,1487.38,4462.14,USD,paypal,paid,cancelled,standard,TRACK-5DM5NQPT,2025-04-01,,2025-03-23T00:00:00Z,2025-05-02T00:00:00Z
ORD-01486,CUS-0345,2025-08-28,PROD-044,1,26.86,26.86,USD,paypal,paid,processing,express,TRACK-EP03LK0Q,2025-08-30,,2025-08-28T00:00:00Z,2025-12-08T00:00:00Z
ORD-01487,CUS-0347,2025-12-26,PROD-002,3,2846.71,8540.13,USD,credit_card,paid,delivered,standard,TRACK-VEZLBUXK,2025-12-31,2025-12-31,2025-12-26T00:00:00Z,2025-12-27T00:00:00Z
ORD-01488,CUS-0940,2024-01-28,PROD-043,4,53.52,214.08,USD,debit_card,partially_refunded,returned,express,TRACK-7MMZ1H4S,2024-01-30,2024-01-30,2024-01-28T00:00:00Z,2024-06-13T00:00:00Z
ORD-01489,CUS-0680,2025-04-02,PROD-020,4,848.04,3392.16,USD,credit_card,paid,delayed,standard,TRACK-Q4W7JUGK,2025-04-12,,2025-04-02T00:00:00Z,2025-06-05T00:00:00Z
ORD-01490,CUS-0223,2025-04-03,PROD-066,2,77.92,155.84,USD,paypal,paid,cancelled,express,TRACK-3IVWACKL,2025-04-06,,2025-04-03T00:00:00Z,2025-08-26T00:00:00Z
ORD-01491,CUS-0561,2025-08-05,PROD-040,4,337.08,1348.32,USD,credit_card,paid,out_for_delivery,standard,TRACK-74DPHU2X,2025-08-13,,2025-08-05T00:00:00Z,2025-09-13T00:00:00Z
ORD-01492,CUS-0338,2025-08-23,PROD-047,2,81.88,163.76,USD,debit_card,paid,shipped,standard,TRACK-71PJ0AK2,2025-08-29,,2025-08-23T00:00:00Z,2025-09-29T00:00:00Z
ORD-01493,CUS-0696,2025-02-10,PROD-062,3,282.17,846.51,USD,credit_card,paid,processing,standard,TRACK-738YHD6W,2025-02-15,,2025-02-10T00:00:00Z,2025-08-02T00:00:00Z
ORD-01494,CUS-0290,2024-12-10,PROD-047,5,81.88,409.40,USD,paypal,paid,processing,standard,TRACK-MWM3728P,2024-12-19,,2024-12-10T00:00:00Z,2025-03-29T00:00:00Z
ORD-01495,CUS-0209,2025-11-04,PROD-048,4,127.33,509.32,USD,debit_card,paid,delivered,international,TRACK-OSU2MA90,2025-11-16,2025-11-16,2025-11-04T00:00:00Z,2025-11-30T00:00:00Z
ORD-01496,CUS-0778,2024-02-22,PROD-092,3,102.76,308.28,USD,credit_card,paid,processing,express,TRACK-D6YU1DZQ,2024-02-24,,2024-02-22T00:00:00Z,2025-03-28T00:00:00Z
ORD-01497,CUS-0570,2024-02-17,PROD-050,5,81.10,405.50,USD,credit_card,paid,delivered,standard,TRACK-5YPS859T,2024-02-27,2024-02-27,2024-02-17T00:00:00Z,2024-03-22T00:00:00Z
ORD-01498,CUS-0378,2025-07-19,PROD-048,2,127.33,254.66,USD,bank_transfer,paid,delivered,standard,TRACK-D4GFKBZY,2025-07-29,2025-07-30,2025-07-19T00:00:00Z,2025-09-12T00:00:00Z
ORD-01499,CUS-0964,2025-03-19,PROD-074,2,76.36,152.72,USD,paypal,paid,out_for_delivery,standard,TRACK-GAYIUQGX,2025-03-24,,2025-03-19T00:00:00Z,2025-12-16T00:00:00Z
ORD-01500,CUS-0630,2025-06-24,PROD-028,3,249.80,749.40,USD,bank_transfer,paid,shipped,express,TRACK-S1OQO0J4,2025-06-26,,2025-06-24T00:00:00Z,2025-06-26T00:00:00Z
ORD-01501,CUS-0557,2024-11-02,PROD-030,5,342.95,1714.75,USD,debit_card,paid,delivered,standard,TRACK-K0OKK0OJ,2024-11-07,2024-11-09,2024-11-02T00:00:00Z,2025-09-29T00:00:00Z
ORD-01502,CUS-0573,2025-12-01,PROD-025,2,499.30,998.60,USD,credit_card,paid,delayed,express,TRACK-3OP2LDYR,2025-12-04,,2025-12-01T00:00:00Z,2025-12-11T00:00:00Z
ORD-01503,CUS-0319,2025-06-23,PROD-050,4,81.10,324.40,USD,debit_card,paid,delivered,standard,TRACK-7J3H2WMD,2025-06-30,2025-07-02,2025-06-23T00:00:00Z,2025-10-04T00:00:00Z
ORD-01504,CUS-0319,2024-05-27,PROD-084,2,52.10,104.20,USD,debit_card,paid,delivered,standard,TRACK-7W2VATUN,2024-06-05,2024-06-08,2024-05-27T00:00:00Z,2025-07-29T00:00:00Z
ORD-01505,CUS-0684,2024-03-06,PROD-067,1,317.35,317.35,USD,paypal,paid,delivered,express,TRACK-GF2FXX9X,2024-03-09,2024-03-12,2024-03-06T00:00:00Z,2025-07-21T00:00:00Z
ORD-01506,CUS-0141,2024-02-23,PROD-024,2,522.20,1044.40,USD,bank_transfer,paid,out_for_delivery,standard,TRACK-RUJ9YCSR,2024-03-01,,2024-02-23T00:00:00Z,2025-08-09T00:00:00Z
ORD-01507,CUS-0987,2025-05-22,PROD-042,5,22.38,111.90,USD,debit_card,paid,processing,standard,TRACK-2LN26YQO,2025-06-01,,2025-05-22T00:00:00Z,2025-12-19T00:00:00Z
ORD-01508,CUS-0821,2025-05-29,PROD-059,4,284.59,1138.36,USD,paypal,paid,delivered,standard,TRACK-BMC06WRP,2025-06-08,2025-06-10,2025-05-29T00:00:00Z,2025-08-04T00:00:00Z
ORD-01509,CUS-0220,2024-08-17,PROD-054,2,511.50,1023.00,USD,paypal,paid,out_for_delivery,standard,TRACK-OJPGJJBK,2024-08-22,,2024-08-17T00:00:00Z,2025-05-05T00:00:00Z
ORD-01510,CUS-0442,2024-09-13,PROD-057,4,81.68,326.72,USD,debit_card,paid,delivered,standard,TRACK-EICUUSYX,2024-09-20,2024-09-23,2024-09-13T00:00:00Z,2025-07-31T00:00:00Z
ORD-01511,CUS-0104,2024-08-17,PROD-031,3,88.52,265.56,USD,debit_card,paid,cancelled,standard,TRACK-BDJGGGU5,2024-08-25,,2024-08-17T00:00:00Z,2025-03-15T00:00:00Z
ORD-01512,CUS-0728,2024-07-09,PROD-027,4,795.29,3181.16,USD,bank_transfer,paid,delivered,next_day,TRACK-Z2EHDO70,2024-07-10,2024-07-10,2024-07-09T00:00:00Z,2025-11-23T00:00:00Z
ORD-01513,CUS-0045,2025-01-07,PROD-005,2,925.08,1850.16,USD,paypal,paid,confirmed,standard,TRACK-TM6X4K3O,2025-01-16,,2025-01-07T00:00:00Z,2025-01-17T00:00:00Z
ORD-01514,CUS-0342,2025-04-29,PROD-017,1,657.92,657.92,USD,paypal,paid,delivered,standard,TRACK-WP82H6SG,2025-05-06,2025-05-06,2025-04-29T00:00:00Z,2025-08-30T00:00:00Z
ORD-01515,CUS-0491,2025-01-10,PROD-094,1,179.49,179.49,USD,debit_card,paid,processing,express,TRACK-CVF6FOVK,2025-01-12,,2025-01-10T00:00:00Z,2025-03-07T00:00:00Z
ORD-01516,CUS-0290,2024-09-01,PROD-058,2,354.13,708.26,USD,credit_card,pending,placed,standard,TRACK-VPIDOOOB,2024-09-07,,2024-09-01T00:00:00Z,2025-03-25T00:00:00Z
ORD-01517,CUS-0089,2024-12-30,PROD-053,3,574.29,1722.87,USD,bank_transfer,paid,delivered,express,TRACK-1JLMP76Y,2025-01-02,2025-01-05,2024-12-30T00:00:00Z,2025-01-28T00:00:00Z
ORD-01518,CUS-0148,2024-11-17,PROD-059,1,284.59,284.59,USD,credit_card,paid,placed,international,TRACK-477TBUL8,2024-11-29,,2024-11-17T00:00:00Z,2024-12-29T00:00:00Z
ORD-01519,CUS-0715,2024-04-03,PROD-067,4,317.35,1269.40,USD,credit_card,paid,out_for_delivery,next_day,TRACK-V38N2UIZ,2024-04-04,,2024-04-03T00:00:00Z,2024-04-20T00:00:00Z
ORD-01520,CUS-0645,2024-10-06,PROD-048,5,127.33,636.65,USD,credit_card,paid,shipped,express,TRACK-Z85PRCPK,2024-10-08,,2024-10-06T00:00:00Z,2025-10-02T00:00:00Z
ORD-01521,CUS-0541,2024-02-02,PROD-030,2,342.95,685.90,USD,credit_card,paid,shipped,express,TRACK-YOTM7LDA,2024-02-06,,2024-02-02T00:00:00Z,2024-12-09T00:00:00Z
ORD-01522,CUS-0071,2025-10-30,PROD-100,1,46.48,46.48,USD,debit_card,paid,shipped,standard,TRACK-TBLBHK10,2025-11-05,,2025-10-30T00:00:00Z,2025-11-24T00:00:00Z
ORD-01523,CUS-0783,2024-01-07,PROD-031,3,88.52,265.56,USD,credit_card,paid,out_for_delivery,international,TRACK-NKQ5A36E,2024-01-25,,2024-01-07T00:00:00Z,2025-04-12T00:00:00Z
ORD-01524,CUS-0952,2024-02-03,PROD-058,2,354.13,708.26,USD,credit_card,paid,placed,standard,TRACK-30PEGZ5G,2024-02-13,,2024-02-03T00:00:00Z,2024-09-07T00:00:00Z
ORD-01525,CUS-0943,2025-08-01,PROD-081,4,150.38,601.52,USD,crypto,paid,placed,standard,TRACK-TQVNMD8I,2025-08-11,,2025-08-01T00:00:00Z,2025-12-23T00:00:00Z
ORD-01526,CUS-0245,2025-12-19,PROD-004,1,2579.89,2579.89,USD,debit_card,partially_refunded,refunded,next_day,TRACK-N3DN1GZC,2025-12-20,2025-12-21,2025-12-19T00:00:00Z,2025-12-23T00:00:00Z
ORD-01527,CUS-0660,2024-01-29,PROD-064,5,384.19,1920.95,USD,paypal,paid,delivered,standard,TRACK-0BMZW753,2024-02-08,2024-02-10,2024-01-29T00:00:00Z,2024-08-23T00:00:00Z
ORD-01528,CUS-0954,2025-04-23,PROD-048,1,127.33,127.33,USD,debit_card,paid,delivered,standard,TRACK-5AJGATXP,2025-05-03,2025-05-04,2025-04-23T00:00:00Z,2025-05-21T00:00:00Z
ORD-01529,CUS-0595,2024-06-12,PROD-085,4,152.73,610.92,USD,credit_card,pending,placed,next_day,TRACK-X23CUS50,2024-06-13,,2024-06-12T00:00:00Z,2025-01-23T00:00:00Z
ORD-01530,CUS-0447,2025-08-24,PROD-001,1,2193.82,2193.82,USD,credit_card,paid,delivered,express,TRACK-AUXB59RO,2025-08-26,2025-08-26,2025-08-24T00:00:00Z,2025-12-20T00:00:00Z
ORD-01531,CUS-0477,2025-05-22,PROD-063,1,328.94,328.94,USD,credit_card,paid,placed,standard,TRACK-ZS5DUPX0,2025-05-30,,2025-05-22T00:00:00Z,2025-09-10T00:00:00Z
ORD-01532,CUS-0029,2025-04-05,PROD-063,2,328.94,657.88,USD,debit_card,paid,delivered,express,TRACK-NZUEVGB5,2025-04-07,2025-04-08,2025-04-05T00:00:00Z,2025-10-27T00:00:00Z
ORD-01533,CUS-0246,2025-08-05,PROD-094,4,179.49,717.96,USD,bank_transfer,paid,delayed,next_day,TRACK-TYGBRDQJ,2025-08-06,,2025-08-05T00:00:00Z,2025-12-17T00:00:00Z
ORD-01534,CUS-0427,2025-04-29,PROD-082,2,235.36,470.72,USD,debit_card,paid,shipped,standard,TRACK-T0RRS7KQ,2025-05-05,,2025-04-29T00:00:00Z,2025-12-06T00:00:00Z
ORD-01535,CUS-0629,2025-11-13,PROD-080,3,255.93,767.79,USD,credit_card,paid,delivered,standard,TRACK-HINUQEM1,2025-11-18,2025-11-19,2025-11-13T00:00:00Z,2025-12-27T00:00:00Z
ORD-01536,CUS-0390,2025-03-12,PROD-033,5,249.21,1246.05,USD,paypal,paid,confirmed,standard,TRACK-3EDPVGNY,2025-03-18,,2025-03-12T00:00:00Z,2025-04-20T00:00:00Z
ORD-01537,CUS-0252,2025-07-22,PROD-098,4,168.10,672.40,USD,debit_card,paid,delivered,standard,TRACK-LOE20RIL,2025-07-29,2025-07-30,2025-07-22T00:00:00Z,2025-09-03T00:00:00Z
ORD-01538,CUS-0055,2025-09-04,PROD-018,3,1487.38,4462.14,USD,credit_card,paid,delayed,express,TRACK-JSEUO4VK,2025-09-07,,2025-09-04T00:00:00Z,2025-10-31T00:00:00Z
ORD-01539,CUS-0237,2024-06-18,PROD-074,2,76.36,152.72,USD,debit_card,paid,confirmed,standard,TRACK-CXSM72UJ,2024-06-28,,2024-06-18T00:00:00Z,2025-07-05T00:00:00Z
ORD-01540,CUS-0857,2025-10-21,PROD-098,1,168.10,168.10,USD,credit_card,paid,shipped,express,TRACK-YRR4CKCE,2025-10-24,,2025-10-21T00:00:00Z,2025-11-28T00:00:00Z
ORD-01541,CUS-0657,2024-07-30,PROD-041,3,22.71,68.13,USD,credit_card,paid,processing,next_day,TRACK-CYRBV6QB,2024-07-31,,2024-07-30T00:00:00Z,2024-09-03T00:00:00Z
ORD-01542,CUS-0751,2025-01-24,PROD-025,5,499.30,2496.50,USD,debit_card,paid,delivered,standard,TRACK-QMP5JHDT,2025-02-01,2025-02-01,2025-01-24T00:00:00Z,2025-10-25T00:00:00Z
ORD-01543,CUS-0323,2024-01-17,PROD-042,4,22.38,89.52,USD,crypto,paid,delivered,standard,TRACK-I7XJ2CZA,2024-01-23,2024-01-26,2024-01-17T00:00:00Z,2025-09-15T00:00:00Z
ORD-01544,CUS-0486,2025-09-29,PROD-034,2,347.18,694.36,USD,paypal,paid,shipped,express,TRACK-F7A42S5W,2025-10-03,,2025-09-29T00:00:00Z,2025-12-20T00:00:00Z
ORD-01545,CUS-0117,2024-06-08,PROD-028,5,249.80,1249.00,USD,credit_card,paid,processing,express,TRACK-8LT25CDZ,2024-06-10,,2024-06-08T00:00:00Z,2025-04-10T00:00:00Z
ORD-01546,CUS-0470,2025-02-09,PROD-048,1,127.33,127.33,USD,credit_card,paid,delivered,express,TRACK-K7YNK76K,2025-02-11,2025-02-11,2025-02-09T00:00:00Z,2025-04-13T00:00:00Z
ORD-01547,CUS-0851,2024-12-15,PROD-030,3,342.95,1028.85,USD,credit_card,paid,delayed,express,TRACK-ZGXUA4DQ,2024-12-19,,2024-12-15T00:00:00Z,2025-04-11T00:00:00Z
ORD-01548,CUS-0283,2025-01-27,PROD-050,1,81.10,81.10,USD,debit_card,partially_refunded,returned,standard,TRACK-RBXP2IU4,2025-02-01,2025-02-01,2025-01-27T00:00:00Z,2025-11-18T00:00:00Z
ORD-01549,CUS-0793,2024-04-20,PROD-046,4,67.55,270.20,USD,debit_card,paid,processing,standard,TRACK-CW00AGKD,2024-04-27,,2024-04-20T00:00:00Z,2024-06-27T00:00:00Z
ORD-01550,CUS-0393,2024-02-12,PROD-066,5,77.92,389.60,USD,bank_transfer,paid,shipped,standard,TRACK-XD06JGYP,2024-02-19,,2024-02-12T00:00:00Z,2024-02-24T00:00:00Z
ORD-01551,CUS-0144,2024-12-14,PROD-067,5,317.35,1586.75,USD,credit_card,refunded,cancelled,standard,TRACK-6Z5TPWY0,2024-12-23,,2024-12-14T00:00:00Z,2025-09-29T00:00:00Z
ORD-01552,CUS-0061,2024-12-03,PROD-091,2,84.12,168.24,USD,debit_card,paid,delivered,standard,TRACK-VG35XDKU,2024-12-12,2024-12-14,2024-12-03T00:00:00Z,2025-01-29T00:00:00Z
ORD-01553,CUS-0298,2024-10-18,PROD-015,1,987.77,987.77,USD,credit_card,paid,delayed,standard,TRACK-38YOUGE4,2024-10-26,,2024-10-18T00:00:00Z,2025-01-04T00:00:00Z
ORD-01554,CUS-0006,2024-06-15,PROD-016,1,551.74,551.74,USD,debit_card,paid,confirmed,standard,TRACK-6FWSKLWS,2024-06-24,,2024-06-15T00:00:00Z,2025-08-01T00:00:00Z
ORD-01555,CUS-0373,2024-10-31,PROD-080,5,255.93,1279.65,USD,credit_card,pending,placed,express,TRACK-G2EXQY88,2024-11-03,,2024-10-31T00:00:00Z,2025-03-19T00:00:00Z
ORD-01556,CUS-0711,2025-08-13,PROD-082,1,235.36,235.36,USD,debit_card,partially_refunded,refunded,standard,TRACK-2ZUADGS5,2025-08-19,2025-08-19,2025-08-13T00:00:00Z,2025-11-24T00:00:00Z
ORD-01557,CUS-0849,2024-06-23,PROD-069,2,271.07,542.14,USD,debit_card,paid,shipped,express,TRACK-JZAE557O,2024-06-26,,2024-06-23T00:00:00Z,2024-09-14T00:00:00Z
ORD-01558,CUS-0645,2024-06-10,PROD-032,1,126.22,126.22,USD,credit_card,partially_refunded,refunded,standard,TRACK-785FTPBQ,2024-06-18,2024-06-18,2024-06-10T00:00:00Z,2024-10-25T00:00:00Z
ORD-01559,CUS-0634,2024-07-21,PROD-094,5,179.49,897.45,USD,debit_card,paid,delayed,express,TRACK-X6POQBT5,2024-07-24,,2024-07-21T00:00:00Z,2024-12-05T00:00:00Z
ORD-01560,CUS-0077,2025-04-04,PROD-006,3,1049.94,3149.82,USD,bank_transfer,paid,confirmed,standard,TRACK-4BIHB24A,2025-04-14,,2025-04-04T00:00:00Z,2025-12-12T00:00:00Z
ORD-01561,CUS-0990,2024-10-17,PROD-019,4,1140.33,4561.32,USD,credit_card,refunded,cancelled,standard,TRACK-JPKC0XTY,2024-10-26,,2024-10-17T00:00:00Z,2025-06-22T00:00:00Z
ORD-01562,CUS-0865,2025-12-27,PROD-056,2,520.14,1040.28,USD,paypal,paid,delivered,standard,TRACK-ZHX2G7U6,2025-12-31,2025-12-31,2025-12-27T00:00:00Z,2026-01-01T00:00:00Z
ORD-01563,CUS-0171,2025-04-15,PROD-100,5,46.48,232.40,USD,credit_card,paid,delivered,express,TRACK-A50BG5M6,2025-04-19,2025-04-20,2025-04-15T00:00:00Z,2025-10-20T00:00:00Z
ORD-01564,CUS-0593,2024-03-13,PROD-031,1,88.52,88.52,USD,paypal,paid,delivered,next_day,TRACK-UGCGIZZM,2024-03-14,2024-03-17,2024-03-13T00:00:00Z,2024-03-16T00:00:00Z
ORD-01565,CUS-0508,2025-01-18,PROD-062,1,282.17,282.17,USD,debit_card,paid,delivered,express,TRACK-76UXV2O2,2025-01-21,2025-01-24,2025-01-18T00:00:00Z,2025-08-19T00:00:00Z
ORD-01566,CUS-0722,2024-05-08,PROD-054,1,511.50,511.50,USD,credit_card,paid,processing,standard,TRACK-36MV3T0K,2024-05-14,,2024-05-08T00:00:00Z,2025-05-22T00:00:00Z
ORD-01567,CUS-0597,2024-12-10,PROD-043,1,53.52,53.52,USD,bank_transfer,paid,processing,standard,TRACK-Z0WMDOXM,2024-12-20,,2024-12-10T00:00:00Z,2025-01-29T00:00:00Z
ORD-01568,CUS-0027,2025-02-24,PROD-077,4,484.12,1936.48,USD,bank_transfer,paid,shipped,standard,TRACK-Y93POMV7,2025-03-03,,2025-02-24T00:00:00Z,2025-03-11T00:00:00Z
ORD-01569,CUS-0258,2025-05-18,PROD-009,2,788.22,1576.44,USD,bank_transfer,paid,out_for_delivery,standard,TRACK-FJPZ42Q8,2025-05-23,,2025-05-18T00:00:00Z,2025-07-07T00:00:00Z
ORD-01570,CUS-0905,2024-06-25,PROD-087,2,89.66,179.32,USD,credit_card,paid,delivered,express,TRACK-ESP553XU,2024-06-27,2024-06-29,2024-06-25T00:00:00Z,2025-09-21T00:00:00Z
ORD-01571,CUS-0760,2024-11-23,PROD-088,2,191.92,383.84,USD,paypal,refunded,refunded,standard,TRACK-6PLUI46H,2024-11-28,2024-11-30,2024-11-23T00:00:00Z,2025-03-08T00:00:00Z
ORD-01572,CUS-0245,2024-01-17,PROD-014,5,474.04,2370.20,USD,debit_card,paid,delivered,standard,TRACK-9BP12UJ3,2024-01-22,2024-01-23,2024-01-17T00:00:00Z,2024-04-23T00:00:00Z
ORD-01573,CUS-0522,2024-09-06,PROD-003,4,986.69,3946.76,USD,debit_card,paid,shipped,standard,TRACK-ZY7ESKZA,2024-09-11,,2024-09-06T00:00:00Z,2024-09-29T00:00:00Z
ORD-01574,CUS-0138,2024-09-25,PROD-067,4,317.35,1269.40,USD,credit_card,paid,placed,express,TRACK-Q2G1KVR6,2024-09-27,,2024-09-25T00:00:00Z,2025-08-31T00:00:00Z
ORD-01575,CUS-0132,2024-10-13,PROD-003,2,986.69,1973.38,USD,credit_card,paid,delivered,next_day,TRACK-RHHKDOCB,2024-10-14,2024-10-14,2024-10-13T00:00:00Z,2025-12-18T00:00:00Z
ORD-01576,CUS-0405,2024-03-08,PROD-001,1,2193.82,2193.82,USD,paypal,paid,delivered,standard,TRACK-HIN8QKBR,2024-03-14,2024-03-15,2024-03-08T00:00:00Z,2024-10-31T00:00:00Z
ORD-01577,CUS-0612,2025-03-09,PROD-046,4,67.55,270.20,USD,bank_transfer,paid,confirmed,standard,TRACK-R2CS16UU,2025-03-17,,2025-03-09T00:00:00Z,2025-12-17T00:00:00Z
ORD-01578,CUS-0928,2025-05-17,PROD-059,4,284.59,1138.36,USD,paypal,paid,out_for_delivery,express,TRACK-75HRXEHT,2025-05-21,,2025-05-17T00:00:00Z,2025-07-13T00:00:00Z
ORD-01579,CUS-0630,2025-10-20,PROD-059,2,284.59,569.18,USD,bank_transfer,paid,placed,standard,TRACK-BNVL0OS3,2025-10-30,,2025-10-20T00:00:00Z,2025-12-17T00:00:00Z
ORD-01580,CUS-0849,2024-08-16,PROD-093,3,61.11,183.33,USD,credit_card,paid,confirmed,express,TRACK-6B8UOLYI,2024-08-20,,2024-08-16T00:00:00Z,2025-02-10T00:00:00Z
ORD-01581,CUS-0898,2024-11-22,PROD-063,5,328.94,1644.70,USD,credit_card,paid,shipped,standard,TRACK-6D9WIOFN,2024-11-29,,2024-11-22T00:00:00Z,2025-09-25T00:00:00Z
ORD-01582,CUS-0196,2024-08-29,PROD-099,5,110.41,552.05,USD,bank_transfer,paid,processing,standard,TRACK-YLBOS46A,2024-09-03,,2024-08-29T00:00:00Z,2025-04-25T00:00:00Z
ORD-01583,CUS-0987,2024-03-17,PROD-082,3,235.36,706.08,USD,credit_card,paid,processing,express,TRACK-XGYMYMMH,2024-03-20,,2024-03-17T00:00:00Z,2024-12-31T00:00:00Z
ORD-01584,CUS-0960,2024-02-06,PROD-098,4,168.10,672.40,USD,paypal,paid,delayed,express,TRACK-ZYQZSS8V,2024-02-08,,2024-02-06T00:00:00Z,2024-06-23T00:00:00Z
ORD-01585,CUS-0999,2024-02-02,PROD-014,1,474.04,474.04,USD,credit_card,paid,out_for_delivery,standard,TRACK-YAJ1WR89,2024-02-08,,2024-02-02T00:00:00Z,2025-03-20T00:00:00Z
ORD-01586,CUS-0109,2025-03-30,PROD-089,3,304.67,914.01,USD,debit_card,paid,delivered,express,TRACK-Y6K7AYLP,2025-04-02,2025-04-02,2025-03-30T00:00:00Z,2025-10-30T00:00:00Z
ORD-01587,CUS-0264,2024-06-01,PROD-035,4,297.43,1189.72,USD,debit_card,paid,confirmed,standard,TRACK-K8RZUOC2,2024-06-06,,2024-06-01T00:00:00Z,2025-09-18T00:00:00Z
ORD-01588,CUS-0478,2024-01-15,PROD-100,2,46.48,92.96,USD,paypal,paid,processing,standard,TRACK-QBKK2BIL,2024-01-23,,2024-01-15T00:00:00Z,2025-03-23T00:00:00Z
ORD-01589,CUS-0792,2025-08-02,PROD-068,5,296.26,1481.30,USD,debit_card,paid,cancelled,standard,TRACK-V3CH1J8S,2025-08-07,,2025-08-02T00:00:00Z,2025-11-23T00:00:00Z
ORD-01590,CUS-0640,2025-05-27,PROD-077,5,484.12,2420.60,USD,debit_card,paid,delivered,standard,TRACK-OUKA4E7Y,2025-06-01,2025-06-01,2025-05-27T00:00:00Z,2025-09-13T00:00:00Z
ORD-01591,CUS-0787,2024-09-07,PROD-037,2,290.16,580.32,USD,credit_card,paid,processing,standard,TRACK-7Y3D2FNC,2024-09-15,,2024-09-07T00:00:00Z,2024-09-18T00:00:00Z
ORD-01592,CUS-0252,2024-09-04,PROD-035,4,297.43,1189.72,USD,credit_card,paid,shipped,next_day,TRACK-4MNYK922,2024-09-05,,2024-09-04T00:00:00Z,2024-12-20T00:00:00Z
ORD-01593,CUS-0390,2024-11-18,PROD-018,1,1487.38,1487.38,USD,credit_card,paid,cancelled,standard,TRACK-HCMDCV7A,2024-11-24,,2024-11-18T00:00:00Z,2025-05-31T00:00:00Z
ORD-01594,CUS-0012,2024-04-14,PROD-063,2,328.94,657.88,USD,debit_card,paid,delivered,next_day,TRACK-UBB5G9LF,2024-04-15,2024-04-18,2024-04-14T00:00:00Z,2024-12-20T00:00:00Z
ORD-01595,CUS-0767,2025-01-09,PROD-097,2,43.21,86.42,USD,credit_card,paid,delivered,next_day,TRACK-E1E3DYYW,2025-01-10,2025-01-12,2025-01-09T00:00:00Z,2025-03-22T00:00:00Z
ORD-01596,CUS-0424,2024-03-28,PROD-090,5,289.84,1449.20,USD,debit_card,paid,shipped,standard,TRACK-LP15TFTZ,2024-04-06,,2024-03-28T00:00:00Z,2024-05-28T00:00:00Z
ORD-01597,CUS-0547,2024-10-03,PROD-014,5,474.04,2370.20,USD,paypal,paid,delivered,next_day,TRACK-LB2EMNIM,2024-10-04,2024-10-04,2024-10-03T00:00:00Z,2025-01-16T00:00:00Z
ORD-01598,CUS-0972,2025-10-05,PROD-086,3,272.87,818.61,USD,paypal,refunded,cancelled,express,TRACK-SM7RBRXD,2025-10-09,,2025-10-05T00:00:00Z,2025-12-01T00:00:00Z
ORD-01599,CUS-0828,2025-01-04,PROD-028,3,249.80,749.40,USD,debit_card,paid,delayed,standard,TRACK-6MKZRRK6,2025-01-13,,2025-01-04T00:00:00Z,2025-05-19T00:00:00Z
ORD-01600,CUS-0814,2024-09-08,PROD-076,1,158.70,158.70,USD,bank_transfer,paid,shipped,standard,TRACK-3BAU57OT,2024-09-14,,2024-09-08T00:00:00Z,2025-08-17T00:00:00Z
ORD-01601,CUS-0469,2025-01-08,PROD-047,2,81.88,163.76,USD,credit_card,paid,out_for_delivery,express,TRACK-I59MXK2A,2025-01-10,,2025-01-08T00:00:00Z,2025-03-11T00:00:00Z
ORD-01602,CUS-0023,2024-01-25,PROD-033,4,249.21,996.84,USD,credit_card,paid,confirmed,standard,TRACK-J90VB1C4,2024-02-03,,2024-01-25T00:00:00Z,2024-06-17T00:00:00Z
ORD-01603,CUS-0863,2024-09-15,PROD-081,4,150.38,601.52,USD,credit_card,pending,placed,express,TRACK-8M72ZKEO,2024-09-17,,2024-09-15T00:00:00Z,2024-11-21T00:00:00Z
ORD-01604,CUS-0381,2025-10-26,PROD-008,2,1441.53,2883.06,USD,credit_card,paid,delivered,next_day,TRACK-1KYV7JJF,2025-10-27,2025-10-29,2025-10-26T00:00:00Z,2025-11-26T00:00:00Z
ORD-01605,CUS-0438,2025-05-26,PROD-012,5,922.70,4613.50,USD,credit_card,partially_refunded,returned,next_day,TRACK-J7LZ6ZMQ,2025-05-27,2025-05-27,2025-05-26T00:00:00Z,2025-09-17T00:00:00Z
ORD-01606,CUS-0743,2024-04-21,PROD-025,4,499.30,1997.20,USD,credit_card,paid,delivered,standard,TRACK-Y52PDI47,2024-04-28,2024-04-28,2024-04-21T00:00:00Z,2024-11-25T00:00:00Z
ORD-01607,CUS-0615,2025-02-07,PROD-027,2,795.29,1590.58,USD,paypal,paid,out_for_delivery,standard,TRACK-Q7JBX9K7,2025-02-14,,2025-02-07T00:00:00Z,2025-08-13T00:00:00Z
ORD-01608,CUS-0102,2024-06-16,PROD-011,5,1007.07,5035.35,USD,credit_card,paid,shipped,express,TRACK-CEAAE5EZ,2024-06-18,,2024-06-16T00:00:00Z,2025-10-17T00:00:00Z
ORD-01609,CUS-0794,2024-10-25,PROD-084,3,52.10,156.30,USD,credit_card,paid,delivered,standard,TRACK-2798P7PR,2024-11-01,2024-11-02,2024-10-25T00:00:00Z,2025-09-09T00:00:00Z
ORD-01610,CUS-0216,2025-12-16,PROD-041,3,22.71,68.13,USD,crypto,paid,processing,international,TRACK-IW5G2ZSH,2025-12-31,,2025-12-16T00:00:00Z,2025-12-21T00:00:00Z
ORD-01611,CUS-0082,2024-05-02,PROD-045,1,111.96,111.96,USD,paypal,paid,placed,standard,TRACK-R1CGWJ9S,2024-05-11,,2024-05-02T00:00:00Z,2025-05-28T00:00:00Z
ORD-01612,CUS-0995,2024-08-09,PROD-044,4,26.86,107.44,USD,paypal,paid,placed,express,TRACK-I8MAUHUH,2024-08-13,,2024-08-09T00:00:00Z,2025-12-27T00:00:00Z
ORD-01613,CUS-0371,2025-05-02,PROD-007,5,2312.54,11562.70,USD,bank_transfer,paid,processing,standard,TRACK-Q46DERG8,2025-05-07,,2025-05-02T00:00:00Z,2025-07-20T00:00:00Z
ORD-01614,CUS-0530,2024-02-22,PROD-044,2,26.86,53.72,USD,debit_card,paid,delivered,express,TRACK-Y9V3ZSOZ,2024-02-24,2024-02-24,2024-02-22T00:00:00Z,2024-07-25T00:00:00Z
ORD-01615,CUS-0177,2025-07-28,PROD-004,4,2579.89,10319.56,USD,crypto,pending,placed,international,TRACK-EV1KGVXL,2025-08-20,,2025-07-28T00:00:00Z,2025-08-06T00:00:00Z
ORD-01616,CUS-0135,2024-08-02,PROD-031,1,88.52,88.52,USD,credit_card,paid,cancelled,international,TRACK-6SQMQQWH,2024-08-18,,2024-08-02T00:00:00Z,2024-09-29T00:00:00Z
ORD-01617,CUS-0814,2024-01-04,PROD-056,5,520.14,2600.70,USD,debit_card,paid,shipped,standard,TRACK-QA80EHAP,2024-01-14,,2024-01-04T00:00:00Z,2025-03-12T00:00:00Z
ORD-01618,CUS-0506,2024-12-23,PROD-084,5,52.10,260.50,USD,credit_card,paid,delivered,express,TRACK-LYM9VUDM,2024-12-26,2024-12-29,2024-12-23T00:00:00Z,2025-04-29T00:00:00Z
ORD-01619,CUS-0401,2025-09-28,PROD-053,3,574.29,1722.87,USD,bank_transfer,paid,delivered,standard,TRACK-QS8D6KYB,2025-10-04,2025-10-06,2025-09-28T00:00:00Z,2025-12-21T00:00:00Z
ORD-01620,CUS-0332,2025-11-29,PROD-006,3,1049.94,3149.82,USD,debit_card,refunded,returned,standard,TRACK-RNX7VHUK,2025-12-07,2025-12-10,2025-11-29T00:00:00Z,2025-12-15T00:00:00Z
ORD-01621,CUS-0992,2025-03-28,PROD-005,5,925.08,4625.40,USD,debit_card,partially_refunded,returned,express,TRACK-S4768TQW,2025-03-30,2025-03-30,2025-03-28T00:00:00Z,2025-11-06T00:00:00Z
ORD-01622,CUS-0469,2024-06-03,PROD-083,4,189.30,757.20,USD,credit_card,paid,shipped,standard,TRACK-SWXQWLQB,2024-06-09,,2024-06-03T00:00:00Z,2025-01-06T00:00:00Z
ORD-01623,CUS-0900,2025-03-17,PROD-015,3,987.77,2963.31,USD,credit_card,paid,shipped,next_day,TRACK-V97JI7TJ,2025-03-18,,2025-03-17T00:00:00Z,2025-08-13T00:00:00Z
ORD-01624,CUS-0041,2025-10-05,PROD-062,5,282.17,1410.85,USD,bank_transfer,paid,processing,standard,TRACK-CSQOU966,2025-10-11,,2025-10-05T00:00:00Z,2025-10-11T00:00:00Z
ORD-01625,CUS-0854,2024-08-13,PROD-100,2,46.48,92.96,USD,credit_card,paid,out_for_delivery,standard,TRACK-81EN699F,2024-08-19,,2024-08-13T00:00:00Z,2024-08-26T00:00:00Z
ORD-01626,CUS-0566,2024-12-15,PROD-100,4,46.48,185.92,USD,credit_card,paid,delivered,express,TRACK-MVNFKMNA,2024-12-19,2024-12-19,2024-12-15T00:00:00Z,2025-08-23T00:00:00Z
ORD-01627,CUS-0831,2024-08-05,PROD-069,4,271.07,1084.28,USD,credit_card,paid,delivered,standard,TRACK-ZHH6C6IW,2024-08-12,2024-08-13,2024-08-05T00:00:00Z,2025-07-01T00:00:00Z
ORD-01628,CUS-0445,2025-07-02,PROD-094,3,179.49,538.47,USD,credit_card,paid,delivered,next_day,TRACK-V4523ARB,2025-07-03,2025-07-03,2025-07-02T00:00:00Z,2025-11-06T00:00:00Z
ORD-01629,CUS-0279,2024-04-11,PROD-049,3,49.02,147.06,USD,credit_card,paid,delayed,standard,TRACK-5BBKV0X9,2024-04-18,,2024-04-11T00:00:00Z,2025-05-12T00:00:00Z
ORD-01630,CUS-0574,2024-03-25,PROD-057,4,81.68,326.72,USD,credit_card,paid,processing,next_day,TRACK-QGCMRRKA,2024-03-26,,2024-03-25T00:00:00Z,2024-12-11T00:00:00Z
ORD-01631,CUS-0996,2025-05-28,PROD-048,4,127.33,509.32,USD,credit_card,paid,out_for_delivery,express,TRACK-F10LJRNI,2025-05-30,,2025-05-28T00:00:00Z,2025-06-24T00:00:00Z
ORD-01632,CUS-0744,2025-09-10,PROD-094,5,179.49,897.45,USD,credit_card,paid,delivered,standard,TRACK-PZYGWEZU,2025-09-19,2025-09-20,2025-09-10T00:00:00Z,2025-10-20T00:00:00Z
ORD-01633,CUS-0577,2024-01-15,PROD-004,4,2579.89,10319.56,USD,debit_card,paid,delivered,standard,TRACK-H8XAZ8J2,2024-01-23,2024-01-26,2024-01-15T00:00:00Z,2024-03-27T00:00:00Z
ORD-01634,CUS-0373,2024-09-29,PROD-086,1,272.87,272.87,USD,debit_card,paid,delivered,express,TRACK-XNALT4U6,2024-10-02,2024-10-04,2024-09-29T00:00:00Z,2025-05-12T00:00:00Z
ORD-01635,CUS-0669,2025-05-18,PROD-052,4,580.62,2322.48,USD,credit_card,paid,delayed,express,TRACK-73ZN5ROU,2025-05-20,,2025-05-18T00:00:00Z,2025-09-23T00:00:00Z
ORD-01636,CUS-0688,2024-12-16,PROD-095,2,106.35,212.70,USD,credit_card,paid,delivered,standard,TRACK-LLGRCUTR,2024-12-22,2024-12-25,2024-12-16T00:00:00Z,2025-08-12T00:00:00Z
ORD-01637,CUS-0370,2024-10-09,PROD-039,2,482.81,965.62,USD,credit_card,paid,confirmed,express,TRACK-CZNB6G3Q,2024-10-13,,2024-10-09T00:00:00Z,2025-09-04T00:00:00Z
ORD-01638,CUS-0539,2025-12-03,PROD-056,3,520.14,1560.42,USD,credit_card,paid,placed,express,TRACK-FO8HBF5J,2025-12-05,,2025-12-03T00:00:00Z,2025-12-05T00:00:00Z
ORD-01639,CUS-0558,2024-07-13,PROD-090,5,289.84,1449.20,USD,debit_card,refunded,cancelled,standard,TRACK-36DE5JAM,2024-07-22,,2024-07-13T00:00:00Z,2025-06-09T00:00:00Z
ORD-01640,CUS-0352,2025-05-25,PROD-067,3,317.35,952.05,USD,debit_card,paid,shipped,next_day,TRACK-KFOMJOQJ,2025-05-26,,2025-05-25T00:00:00Z,2025-11-22T00:00:00Z
ORD-01641,CUS-0977,2024-08-04,PROD-067,3,317.35,952.05,USD,paypal,paid,placed,express,TRACK-5HSZDIMO,2024-08-07,,2024-08-04T00:00:00Z,2025-10-20T00:00:00Z
ORD-01642,CUS-0997,2025-11-03,PROD-032,2,126.22,252.44,USD,credit_card,paid,cancelled,next_day,TRACK-3M5TXCX7,2025-11-04,,2025-11-03T00:00:00Z,2025-12-16T00:00:00Z
ORD-01643,CUS-0397,2025-12-10,PROD-006,1,1049.94,1049.94,USD,bank_transfer,paid,delivered,international,TRACK-UD30E47L,2025-12-31,2025-12-31,2025-12-10T00:00:00Z,2025-12-15T00:00:00Z
ORD-01644,CUS-0607,2025-02-06,PROD-026,5,295.00,1475.00,USD,credit_card,paid,shipped,express,TRACK-SNE8QPU4,2025-02-08,,2025-02-06T00:00:00Z,2025-02-08T00:00:00Z
ORD-01645,CUS-0135,2025-05-21,PROD-084,1,52.10,52.10,USD,credit_card,paid,delivered,standard,TRACK-Y9LZYEAT,2025-05-31,2025-06-03,2025-05-21T00:00:00Z,2025-06-15T00:00:00Z
ORD-01646,CUS-0938,2024-05-07,PROD-017,3,657.92,1973.76,USD,credit_card,paid,delivered,express,TRACK-BJM2GK9J,2024-05-11,2024-05-12,2024-05-07T00:00:00Z,2024-06-12T00:00:00Z
ORD-01647,CUS-0097,2024-12-10,PROD-051,4,450.36,1801.44,USD,credit_card,paid,out_for_delivery,next_day,TRACK-2V9MSK0N,2024-12-11,,2024-12-10T00:00:00Z,2025-04-12T00:00:00Z
ORD-01648,CUS-0690,2024-04-03,PROD-069,3,271.07,813.21,USD,credit_card,pending,placed,next_day,TRACK-RL414CJF,2024-04-04,,2024-04-03T00:00:00Z,2025-01-17T00:00:00Z
ORD-01649,CUS-0542,2024-07-13,PROD-039,3,482.81,1448.43,USD,paypal,paid,placed,standard,TRACK-A8V0IGBV,2024-07-22,,2024-07-13T00:00:00Z,2025-11-01T00:00:00Z
ORD-01650,CUS-0026,2024-09-28,PROD-018,3,1487.38,4462.14,USD,bank_transfer,pending,placed,standard,TRACK-AWQDUILY,2024-10-04,,2024-09-28T00:00:00Z,2025-12-17T00:00:00Z
ORD-01651,CUS-0501,2025-10-06,PROD-061,2,118.46,236.92,USD,credit_card,paid,out_for_delivery,standard,TRACK-MPCEM8ML,2025-10-11,,2025-10-06T00:00:00Z,2025-12-04T00:00:00Z
ORD-01652,CUS-0961,2024-07-03,PROD-013,4,1278.38,5113.52,USD,credit_card,paid,out_for_delivery,standard,TRACK-MYU2U5VG,2024-07-13,,2024-07-03T00:00:00Z,2024-11-22T00:00:00Z
ORD-01653,CUS-0985,2024-12-20,PROD-009,1,788.22,788.22,USD,debit_card,refunded,returned,standard,TRACK-53IIBFW0,2024-12-29,2024-12-31,2024-12-20T00:00:00Z,2025-03-22T00:00:00Z
ORD-01654,CUS-0914,2025-04-02,PROD-037,4,290.16,1160.64,USD,paypal,paid,processing,next_day,TRACK-5U3VVBQE,2025-04-03,,2025-04-02T00:00:00Z,2025-05-28T00:00:00Z
ORD-01655,CUS-0152,2024-12-20,PROD-057,5,81.68,408.40,USD,paypal,paid,processing,next_day,TRACK-2LYDKG2D,2024-12-21,,2024-12-20T00:00:00Z,2025-03-25T00:00:00Z
ORD-01656,CUS-0182,2025-12-24,PROD-005,4,925.08,3700.32,USD,credit_card,paid,cancelled,next_day,TRACK-LDAJJO5O,2025-12-25,,2025-12-24T00:00:00Z,2025-12-28T00:00:00Z
ORD-01657,CUS-0216,2025-07-30,PROD-021,4,373.51,1494.04,USD,bank_transfer,paid,delivered,standard,TRACK-FY9ZWQF7,2025-08-07,2025-08-10,2025-07-30T00:00:00Z,2025-12-05T00:00:00Z
ORD-01658,CUS-0245,2024-06-09,PROD-041,4,22.71,90.84,USD,credit_card,paid,delivered,next_day,TRACK-S5QTYDVH,2024-06-10,2024-06-12,2024-06-09T00:00:00Z,2024-07-19T00:00:00Z
ORD-01659,CUS-0015,2025-08-25,PROD-006,1,1049.94,1049.94,USD,paypal,partially_refunded,returned,standard,TRACK-WFS4XRQL,2025-09-02,2025-09-04,2025-08-25T00:00:00Z,2025-12-08T00:00:00Z
ORD-01660,CUS-0124,2024-06-18,PROD-062,5,282.17,1410.85,USD,debit_card,paid,delivered,express,TRACK-XIJPHGKN,2024-06-22,2024-06-25,2024-06-18T00:00:00Z,2025-04-05T00:00:00Z
ORD-01661,CUS-0961,2024-03-07,PROD-099,3,110.41,331.23,USD,credit_card,paid,shipped,express,TRACK-0LQRL9C9,2024-03-10,,2024-03-07T00:00:00Z,2025-07-31T00:00:00Z
ORD-01662,CUS-0406,2025-11-21,PROD-073,4,114.42,457.68,USD,bank_transfer,paid,shipped,express,TRACK-MULOB777,2025-11-23,,2025-11-21T00:00:00Z,2025-12-05T00:00:00Z
ORD-01663,CUS-0459,2024-11-18,PROD-096,2,93.24,186.48,USD,credit_card,paid,processing,express,TRACK-0SWDUG5L,2024-11-22,,2024-11-18T00:00:00Z,2025-05-10T00:00:00Z
ORD-01664,CUS-0362,2025-08-24,PROD-062,3,282.17,846.51,USD,paypal,refunded,cancelled,express,TRACK-XIOBCFPH,2025-08-26,,2025-08-24T00:00:00Z,2025-12-22T00:00:00Z
ORD-01665,CUS-0048,2024-03-20,PROD-070,2,55.18,110.36,USD,credit_card,paid,delayed,standard,TRACK-GUEWHWF6,2024-03-30,,2024-03-20T00:00:00Z,2025-11-30T00:00:00Z
ORD-01666,CUS-0157,2025-09-13,PROD-022,3,500.24,1500.72,USD,credit_card,paid,placed,express,TRACK-OEJQPXVL,2025-09-17,,2025-09-13T00:00:00Z,2025-11-21T00:00:00Z
ORD-01667,CUS-0480,2024-08-05,PROD-069,3,271.07,813.21,USD,paypal,paid,delayed,express,TRACK-QWB9SLO9,2024-08-08,,2024-08-05T00:00:00Z,2025-06-17T00:00:00Z
ORD-01668,CUS-0705,2024-08-15,PROD-072,4,172.02,688.08,USD,credit_card,refunded,returned,next_day,TRACK-8WHOFYM0,2024-08-16,2024-08-18,2024-08-15T00:00:00Z,2025-06-07T00:00:00Z
ORD-01669,CUS-0186,2025-10-10,PROD-043,4,53.52,214.08,USD,debit_card,paid,confirmed,express,TRACK-2NU4H6FQ,2025-10-12,,2025-10-10T00:00:00Z,2025-11-10T00:00:00Z
ORD-01670,CUS-0648,2025-02-26,PROD-039,5,482.81,2414.05,USD,credit_card,paid,cancelled,next_day,TRACK-F80JG2YJ,2025-02-27,,2025-02-26T00:00:00Z,2025-10-04T00:00:00Z
ORD-01671,CUS-0427,2024-04-17,PROD-051,1,450.36,450.36,USD,bank_transfer,paid,shipped,standard,TRACK-V0DBNSG3,2024-04-25,,2024-04-17T00:00:00Z,2025-10-01T00:00:00Z
ORD-01672,CUS-0713,2025-04-27,PROD-067,5,317.35,1586.75,USD,debit_card,partially_refunded,refunded,standard,TRACK-V961Y2X6,2025-05-04,2025-05-04,2025-04-27T00:00:00Z,2025-12-28T00:00:00Z
ORD-01673,CUS-0438,2025-12-25,PROD-080,3,255.93,767.79,USD,debit_card,paid,out_for_delivery,standard,TRACK-IKBUTZID,2025-12-31,,2025-12-25T00:00:00Z,2025-12-25T00:00:00Z
ORD-01674,CUS-0125,2025-08-16,PROD-051,2,450.36,900.72,USD,paypal,paid,shipped,express,TRACK-V2X2H8V2,2025-08-20,,2025-08-16T00:00:00Z,2025-08-16T00:00:00Z
ORD-01675,CUS-0094,2025-11-20,PROD-100,2,46.48,92.96,USD,credit_card,paid,confirmed,standard,TRACK-CHSNBWID,2025-11-26,,2025-11-20T00:00:00Z,2025-11-24T00:00:00Z
ORD-01676,CUS-0951,2024-09-05,PROD-025,4,499.30,1997.20,USD,debit_card,paid,delivered,next_day,TRACK-HC1VGGBI,2024-09-06,2024-09-09,2024-09-05T00:00:00Z,2024-12-09T00:00:00Z
ORD-01677,CUS-0036,2024-07-06,PROD-015,5,987.77,4938.85,USD,credit_card,paid,shipped,standard,TRACK-68D1RL6Z,2024-07-11,,2024-07-06T00:00:00Z,2024-07-11T00:00:00Z
ORD-01678,CUS-0707,2025-11-02,PROD-014,5,474.04,2370.20,USD,credit_card,paid,delivered,international,TRACK-08NM8H17,2025-11-21,2025-11-22,2025-11-02T00:00:00Z,2025-11-15T00:00:00Z
ORD-01679,CUS-0803,2025-05-07,PROD-066,1,77.92,77.92,USD,debit_card,paid,shipped,standard,TRACK-LZKWE9CZ,2025-05-16,,2025-05-07T00:00:00Z,2025-05-09T00:00:00Z
ORD-01680,CUS-0137,2024-05-24,PROD-062,5,282.17,1410.85,USD,credit_card,refunded,refunded,standard,TRACK-BWX0S4T0,2024-05-31,2024-05-31,2024-05-24T00:00:00Z,2024-12-19T00:00:00Z
ORD-01681,CUS-0172,2025-01-24,PROD-015,1,987.77,987.77,USD,paypal,pending,placed,standard,TRACK-JCIY1GQF,2025-01-30,,2025-01-24T00:00:00Z,2025-02-14T00:00:00Z
ORD-01682,CUS-0906,2024-03-31,PROD-021,2,373.51,747.02,USD,credit_card,paid,confirmed,express,TRACK-QMKT6H6R,2024-04-02,,2024-03-31T00:00:00Z,2024-06-24T00:00:00Z
ORD-01683,CUS-0411,2025-06-01,PROD-058,1,354.13,354.13,USD,credit_card,paid,confirmed,express,TRACK-9Q3T08AL,2025-06-04,,2025-06-01T00:00:00Z,2025-10-08T00:00:00Z
ORD-01684,CUS-0407,2024-06-22,PROD-033,4,249.21,996.84,USD,credit_card,paid,out_for_delivery,international,TRACK-AGWKR37H,2024-07-02,,2024-06-22T00:00:00Z,2024-07-04T00:00:00Z
ORD-01685,CUS-0370,2024-03-20,PROD-026,5,295.00,1475.00,USD,debit_card,paid,delivered,international,TRACK-CXALLSSF,2024-04-08,2024-04-11,2024-03-20T00:00:00Z,2025-06-20T00:00:00Z
ORD-01686,CUS-0064,2025-05-23,PROD-030,5,342.95,1714.75,USD,credit_card,paid,shipped,express,TRACK-VBAXIAQJ,2025-05-26,,2025-05-23T00:00:00Z,2025-08-17T00:00:00Z
ORD-01687,CUS-0957,2024-08-25,PROD-066,3,77.92,233.76,USD,paypal,paid,shipped,standard,TRACK-D6PQVP7E,2024-08-31,,2024-08-25T00:00:00Z,2024-09-07T00:00:00Z
ORD-01688,CUS-0121,2025-07-14,PROD-089,2,304.67,609.34,USD,paypal,paid,confirmed,standard,TRACK-D1CGA64T,2025-07-19,,2025-07-14T00:00:00Z,2025-12-13T00:00:00Z
ORD-01689,CUS-0041,2024-01-31,PROD-047,2,81.88,163.76,USD,credit_card,paid,shipped,express,TRACK-LCQZJ82Z,2024-02-03,,2024-01-31T00:00:00Z,2025-12-15T00:00:00Z
ORD-01690,CUS-0403,2025-07-07,PROD-035,3,297.43,892.29,USD,bank_transfer,partially_refunded,returned,express,TRACK-PSOHXF82,2025-07-09,2025-07-12,2025-07-07T00:00:00Z,2025-12-23T00:00:00Z
ORD-01691,CUS-0619,2024-11-11,PROD-004,3,2579.89,7739.67,USD,paypal,paid,delivered,standard,TRACK-7TXECE98,2024-11-18,2024-11-20,2024-11-11T00:00:00Z,2025-06-07T00:00:00Z
ORD-01692,CUS-0512,2025-02-15,PROD-089,4,304.67,1218.68,USD,debit_card,paid,out_for_delivery,standard,TRACK-VMJOBRU2,2025-02-23,,2025-02-15T00:00:00Z,2025-07-21T00:00:00Z
ORD-01693,CUS-0340,2025-05-09,PROD-010,4,1931.10,7724.40,USD,debit_card,paid,delayed,standard,TRACK-EFHAZMIQ,2025-05-15,,2025-05-09T00:00:00Z,2025-09-03T00:00:00Z
ORD-01694,CUS-0673,2024-11-26,PROD-018,2,1487.38,2974.76,USD,credit_card,paid,delivered,standard,TRACK-WMVYTSU2,2024-12-03,2024-12-06,2024-11-26T00:00:00Z,2025-07-18T00:00:00Z
ORD-01695,CUS-0981,2025-09-26,PROD-022,5,500.24,2501.20,USD,credit_card,refunded,cancelled,standard,TRACK-WMRYAZJ6,2025-10-05,,2025-09-26T00:00:00Z,2025-12-08T00:00:00Z
ORD-01696,CUS-0516,2025-11-12,PROD-052,4,580.62,2322.48,USD,bank_transfer,paid,processing,express,TRACK-2LNTJYIU,2025-11-15,,2025-11-12T00:00:00Z,2025-12-30T00:00:00Z
ORD-01697,CUS-0403,2024-12-21,PROD-087,2,89.66,179.32,USD,credit_card,paid,delivered,express,TRACK-C0OQF8RM,2024-12-23,2024-12-24,2024-12-21T00:00:00Z,2024-12-22T00:00:00Z
ORD-01698,CUS-0962,2025-10-07,PROD-050,2,81.10,162.20,USD,paypal,pending,placed,express,TRACK-PI2EYENY,2025-10-10,,2025-10-07T00:00:00Z,2025-11-19T00:00:00Z
ORD-01699,CUS-0182,2024-08-04,PROD-054,4,511.50,2046.00,USD,bank_transfer,paid,confirmed,express,TRACK-UGHNBJN2,2024-08-06,,2024-08-04T00:00:00Z,2025-06-13T00:00:00Z
ORD-01700,CUS-0209,2024-10-24,PROD-035,2,297.43,594.86,USD,paypal,pending,placed,express,TRACK-M6J9LXG3,2024-10-28,,2024-10-24T00:00:00Z,2025-07-23T00:00:00Z
ORD-01701,CUS-0736,2024-07-02,PROD-039,3,482.81,1448.43,USD,credit_card,paid,shipped,express,TRACK-DNFE9O1X,2024-07-04,,2024-07-02T00:00:00Z,2025-08-02T00:00:00Z
ORD-01702,CUS-0296,2025-08-23,PROD-023,5,955.05,4775.25,USD,credit_card,failed,cancelled,standard,TRACK-J0LXWTR1,2025-09-01,,2025-08-23T00:00:00Z,2025-11-23T00:00:00Z
ORD-01703,CUS-0246,2024-03-03,PROD-001,4,2193.82,8775.28,USD,credit_card,paid,shipped,standard,TRACK-J9X2HK5G,2024-03-13,,2024-03-03T00:00:00Z,2024-04-21T00:00:00Z
ORD-01704,CUS-0348,2025-07-25,PROD-060,2,420.27,840.54,USD,debit_card,paid,shipped,next_day,TRACK-HC0DJ96I,2025-07-26,,2025-07-25T00:00:00Z,2025-12-08T00:00:00Z
ORD-01705,CUS-0656,2025-01-28,PROD-088,2,191.92,383.84,USD,bank_transfer,paid,shipped,international,TRACK-B3CJOP0V,2025-02-10,,2025-01-28T00:00:00Z,2025-02-10T00:00:00Z
ORD-01706,CUS-0387,2025-10-03,PROD-077,4,484.12,1936.48,USD,paypal,paid,processing,express,TRACK-6V5F4C6V,2025-10-07,,2025-10-03T00:00:00Z,2025-10-07T00:00:00Z
ORD-01707,CUS-0396,2024-01-10,PROD-044,4,26.86,107.44,USD,credit_card,paid,placed,express,TRACK-DUD6LE9C,2024-01-12,,2024-01-10T00:00:00Z,2024-09-26T00:00:00Z
ORD-01708,CUS-0780,2024-07-10,PROD-007,4,2312.54,9250.16,USD,credit_card,paid,confirmed,express,TRACK-T28SIE7C,2024-07-13,,2024-07-10T00:00:00Z,2025-04-06T00:00:00Z
ORD-01709,CUS-0766,2025-09-23,PROD-090,5,289.84,1449.20,USD,credit_card,paid,shipped,standard,TRACK-BQONVW8S,2025-09-30,,2025-09-23T00:00:00Z,2025-09-27T00:00:00Z
ORD-01710,CUS-0954,2025-10-24,PROD-008,1,1441.53,1441.53,USD,credit_card,paid,shipped,standard,TRACK-4EOXIRI4,2025-11-01,,2025-10-24T00:00:00Z,2025-12-08T00:00:00Z
ORD-01711,CUS-0593,2024-06-22,PROD-048,5,127.33,636.65,USD,paypal,paid,delivered,standard,TRACK-0ZVQLQP6,2024-06-30,2024-07-01,2024-06-22T00:00:00Z,2025-02-12T00:00:00Z
ORD-01712,CUS-0030,2024-11-17,PROD-044,4,26.86,107.44,USD,credit_card,paid,out_for_delivery,express,TRACK-XVT3OPQZ,2024-11-19,,2024-11-17T00:00:00Z,2025-05-24T00:00:00Z
ORD-01713,CUS-0601,2025-09-11,PROD-028,3,249.80,749.40,USD,credit_card,paid,delivered,express,TRACK-DAK4U9M3,2025-09-15,2025-09-15,2025-09-11T00:00:00Z,2025-11-17T00:00:00Z
ORD-01714,CUS-0365,2025-07-18,PROD-099,4,110.41,441.64,USD,credit_card,paid,delivered,standard,TRACK-PAWHLQ7A,2025-07-26,2025-07-28,2025-07-18T00:00:00Z,2025-08-30T00:00:00Z
ORD-01715,CUS-0090,2024-03-31,PROD-008,5,1441.53,7207.65,USD,credit_card,paid,shipped,standard,TRACK-FELX6S5E,2024-04-07,,2024-03-31T00:00:00Z,2025-11-17T00:00:00Z
ORD-01716,CUS-0301,2025-05-28,PROD-008,3,1441.53,4324.59,USD,debit_card,refunded,refunded,standard,TRACK-OIFJI118,2025-06-04,2025-06-04,2025-05-28T00:00:00Z,2025-11-29T00:00:00Z
ORD-01717,CUS-0916,2025-11-29,PROD-054,3,511.50,1534.50,USD,credit_card,paid,delayed,standard,TRACK-QI5J32M7,2025-12-05,,2025-11-29T00:00:00Z,2025-12-03T00:00:00Z
ORD-01718,CUS-0175,2024-12-04,PROD-022,5,500.24,2501.20,USD,bank_transfer,failed,cancelled,express,TRACK-24BX2144,2024-12-08,,2024-12-04T00:00:00Z,2025-10-24T00:00:00Z
ORD-01719,CUS-0930,2025-09-28,PROD-023,3,955.05,2865.15,USD,credit_card,paid,delivered,international,TRACK-4P5HWRYV,2025-10-26,2025-10-26,2025-09-28T00:00:00Z,2025-10-05T00:00:00Z
ORD-01720,CUS-0840,2025-11-11,PROD-029,5,868.72,4343.60,USD,bank_transfer,paid,shipped,standard,TRACK-PCJDUCEF,2025-11-20,,2025-11-11T00:00:00Z,2025-12-01T00:00:00Z
ORD-01721,CUS-0482,2024-08-14,PROD-041,5,22.71,113.55,USD,credit_card,paid,shipped,next_day,TRACK-9YVRZMWP,2024-08-15,,2024-08-14T00:00:00Z,2024-10-19T00:00:00Z
ORD-01722,CUS-0741,2024-06-20,PROD-056,1,520.14,520.14,USD,credit_card,paid,shipped,express,TRACK-MA2H5CSR,2024-06-23,,2024-06-20T00:00:00Z,2025-09-22T00:00:00Z
ORD-01723,CUS-0148,2024-07-02,PROD-067,4,317.35,1269.40,USD,credit_card,refunded,returned,next_day,TRACK-HSKZWR22,2024-07-03,2024-07-03,2024-07-02T00:00:00Z,2025-01-25T00:00:00Z
ORD-01724,CUS-0849,2025-11-24,PROD-095,2,106.35,212.70,USD,paypal,paid,placed,standard,TRACK-KTKP2PXY,2025-12-04,,2025-11-24T00:00:00Z,2025-12-06T00:00:00Z
ORD-01725,CUS-0090,2025-04-27,PROD-029,5,868.72,4343.60,USD,debit_card,paid,delivered,next_day,TRACK-F6BIO00O,2025-04-28,2025-05-01,2025-04-27T00:00:00Z,2025-08-21T00:00:00Z
ORD-01726,CUS-0246,2024-12-16,PROD-054,4,511.50,2046.00,USD,credit_card,paid,shipped,standard,TRACK-ML5H6SW3,2024-12-26,,2024-12-16T00:00:00Z,2025-03-29T00:00:00Z
ORD-01727,CUS-0367,2024-04-23,PROD-099,1,110.41,110.41,USD,paypal,refunded,returned,standard,TRACK-WUNIBW1G,2024-04-29,2024-04-30,2024-04-23T00:00:00Z,2024-07-16T00:00:00Z
ORD-01728,CUS-0211,2025-11-26,PROD-047,1,81.88,81.88,USD,debit_card,paid,shipped,next_day,TRACK-SM2QFJP2,2025-11-27,,2025-11-26T00:00:00Z,2025-11-26T00:00:00Z
ORD-01729,CUS-0395,2024-10-15,PROD-057,1,81.68,81.68,USD,paypal,paid,shipped,standard,TRACK-0K3RF76P,2024-10-22,,2024-10-15T00:00:00Z,2025-02-17T00:00:00Z
ORD-01730,CUS-0753,2025-11-07,PROD-033,2,249.21,498.42,USD,credit_card,paid,out_for_delivery,express,TRACK-QBUBU37M,2025-11-11,,2025-11-07T00:00:00Z,2025-11-17T00:00:00Z
ORD-01731,CUS-0235,2025-01-04,PROD-095,5,106.35,531.75,USD,paypal,paid,delivered,express,TRACK-QENGJ9U6,2025-01-08,2025-01-10,2025-01-04T00:00:00Z,2025-07-06T00:00:00Z
ORD-01732,CUS-0975,2025-01-28,PROD-011,3,1007.07,3021.21,USD,credit_card,paid,delivered,standard,TRACK-0ZJ4O99P,2025-02-04,2025-02-05,2025-01-28T00:00:00Z,2025-11-23T00:00:00Z
ORD-01733,CUS-0007,2024-09-21,PROD-004,1,2579.89,2579.89,USD,debit_card,refunded,refunded,standard,TRACK-5950NTLR,2024-09-26,2024-09-26,2024-09-21T00:00:00Z,2025-07-19T00:00:00Z
ORD-01734,CUS-0482,2025-05-14,PROD-098,5,168.10,840.50,USD,bank_transfer,paid,delivered,international,TRACK-B6KQB7YI,2025-06-08,2025-06-09,2025-05-14T00:00:00Z,2025-10-25T00:00:00Z
ORD-01735,CUS-0976,2024-02-15,PROD-044,2,26.86,53.72,USD,paypal,refunded,returned,standard,TRACK-2LCRZ3RJ,2024-02-23,2024-02-23,2024-02-15T00:00:00Z,2024-10-26T00:00:00Z
ORD-01736,CUS-0109,2024-04-10,PROD-053,2,574.29,1148.58,USD,credit_card,paid,delivered,standard,TRACK-0VEYD5ML,2024-04-16,2024-04-19,2024-04-10T00:00:00Z,2025-01-30T00:00:00Z
ORD-01737,CUS-0664,2025-05-29,PROD-023,2,955.05,1910.10,USD,debit_card,paid,cancelled,international,TRACK-OYS78YP5,2025-06-24,,2025-05-29T00:00:00Z,2025-06-15T00:00:00Z
ORD-01738,CUS-0356,2025-04-24,PROD-046,1,67.55,67.55,USD,bank_transfer,paid,delivered,standard,TRACK-4YCPUUKB,2025-04-30,2025-05-03,2025-04-24T00:00:00Z,2025-06-24T00:00:00Z
ORD-01739,CUS-0398,2025-02-21,PROD-033,1,249.21,249.21,USD,credit_card,paid,shipped,standard,TRACK-LZE6HVOG,2025-02-27,,2025-02-21T00:00:00Z,2025-08-30T00:00:00Z
ORD-01740,CUS-0954,2025-06-07,PROD-010,2,1931.10,3862.20,USD,paypal,paid,shipped,express,TRACK-OVCFZ6Q0,2025-06-10,,2025-06-07T00:00:00Z,2025-12-18T00:00:00Z
ORD-01741,CUS-0717,2025-08-16,PROD-050,4,81.10,324.40,USD,credit_card,paid,delivered,express,TRACK-R1SVOHU7,2025-08-18,2025-08-20,2025-08-16T00:00:00Z,2025-12-20T00:00:00Z
ORD-01742,CUS-0643,2024-09-23,PROD-007,2,2312.54,4625.08,USD,debit_card,paid,shipped,standard,TRACK-GMUCJI7E,2024-09-30,,2024-09-23T00:00:00Z,2025-07-20T00:00:00Z
ORD-01743,CUS-0939,2024-01-11,PROD-092,1,102.76,102.76,USD,debit_card,paid,out_for_delivery,standard,TRACK-91D35I9X,2024-01-20,,2024-01-11T00:00:00Z,2025-11-24T00:00:00Z
ORD-01744,CUS-0355,2025-02-01,PROD-029,1,868.72,868.72,USD,bank_transfer,paid,out_for_delivery,standard,TRACK-GAGPH0RN,2025-02-10,,2025-02-01T00:00:00Z,2025-06-29T00:00:00Z
ORD-01745,CUS-0171,2025-09-14,PROD-099,5,110.41,552.05,USD,bank_transfer,paid,shipped,standard,TRACK-AKA9B4FH,2025-09-20,,2025-09-14T00:00:00Z,2025-09-30T00:00:00Z
ORD-01746,CUS-0316,2025-06-20,PROD-099,2,110.41,220.82,USD,paypal,paid,delivered,standard,TRACK-59H2E024,2025-06-25,2025-06-25,2025-06-20T00:00:00Z,2025-10-29T00:00:00Z
ORD-01747,CUS-0708,2024-06-03,PROD-097,1,43.21,43.21,USD,paypal,refunded,refunded,next_day,TRACK-44YZLXOE,2024-06-04,2024-06-04,2024-06-03T00:00:00Z,2025-05-11T00:00:00Z
ORD-01748,CUS-0205,2025-11-11,PROD-084,1,52.10,52.10,USD,debit_card,paid,delivered,standard,TRACK-XF1Q2B7W,2025-11-19,2025-11-22,2025-11-11T00:00:00Z,2025-11-25T00:00:00Z
ORD-01749,CUS-0402,2025-09-23,PROD-084,3,52.10,156.30,USD,debit_card,paid,out_for_delivery,express,TRACK-CIO4UKAH,2025-09-27,,2025-09-23T00:00:00Z,2025-12-10T00:00:00Z
ORD-01750,CUS-0051,2024-06-26,PROD-092,5,102.76,513.80,USD,bank_transfer,paid,shipped,standard,TRACK-3RHWH0XF,2024-07-03,,2024-06-26T00:00:00Z,2025-06-12T00:00:00Z
ORD-01751,CUS-0130,2025-04-03,PROD-089,3,304.67,914.01,USD,debit_card,paid,out_for_delivery,standard,TRACK-UM330BOQ,2025-04-08,,2025-04-03T00:00:00Z,2025-05-07T00:00:00Z
ORD-01752,CUS-0129,2025-02-11,PROD-090,3,289.84,869.52,USD,credit_card,paid,confirmed,express,TRACK-KTCM2VSS,2025-02-13,,2025-02-11T00:00:00Z,2025-03-20T00:00:00Z
ORD-01753,CUS-0336,2024-10-10,PROD-016,5,551.74,2758.70,USD,credit_card,paid,out_for_delivery,express,TRACK-OUI0OMOM,2024-10-14,,2024-10-10T00:00:00Z,2024-12-17T00:00:00Z
ORD-01754,CUS-0721,2025-01-31,PROD-097,1,43.21,43.21,USD,paypal,paid,cancelled,standard,TRACK-XZU368UU,2025-02-07,,2025-01-31T00:00:00Z,2025-07-01T00:00:00Z
ORD-01755,CUS-0195,2024-09-19,PROD-086,3,272.87,818.61,USD,credit_card,paid,out_for_delivery,express,TRACK-5C57TPWA,2024-09-23,,2024-09-19T00:00:00Z,2025-09-16T00:00:00Z
ORD-01756,CUS-0917,2024-04-02,PROD-075,3,343.41,1030.23,USD,debit_card,paid,delivered,next_day,TRACK-OPG8UX01,2024-04-03,2024-04-04,2024-04-02T00:00:00Z,2024-04-17T00:00:00Z
ORD-01757,CUS-0946,2025-08-16,PROD-015,3,987.77,2963.31,USD,credit_card,paid,placed,standard,TRACK-OD1YOZRB,2025-08-24,,2025-08-16T00:00:00Z,2025-08-16T00:00:00Z
ORD-01758,CUS-0685,2024-01-30,PROD-018,2,1487.38,2974.76,USD,credit_card,refunded,returned,express,TRACK-7DCA6WOR,2024-02-01,2024-02-04,2024-01-30T00:00:00Z,2024-02-16T00:00:00Z
ORD-01759,CUS-0205,2025-03-30,PROD-083,2,189.30,378.60,USD,debit_card,paid,shipped,standard,TRACK-S9NPAXUZ,2025-04-06,,2025-03-30T00:00:00Z,2025-09-12T00:00:00Z
ORD-01760,CUS-0503,2024-07-17,PROD-037,5,290.16,1450.80,USD,credit_card,paid,out_for_delivery,express,TRACK-BJ3HIO0A,2024-07-21,,2024-07-17T00:00:00Z,2025-04-20T00:00:00Z
ORD-01761,CUS-0436,2025-10-31,PROD-071,5,489.66,2448.30,USD,credit_card,paid,out_for_delivery,standard,TRACK-ZBM8PE4L,2025-11-05,,2025-10-31T00:00:00Z,2025-12-31T00:00:00Z
ORD-01762,CUS-0604,2025-03-08,PROD-023,4,955.05,3820.20,USD,debit_card,paid,confirmed,standard,TRACK-916YUSL4,2025-03-15,,2025-03-08T00:00:00Z,2025-05-09T00:00:00Z
ORD-01763,CUS-0852,2025-09-14,PROD-041,4,22.71,90.84,USD,credit_card,paid,delayed,standard,TRACK-BCUC6BHS,2025-09-21,,2025-09-14T00:00:00Z,2025-11-03T00:00:00Z
ORD-01764,CUS-0452,2025-12-27,PROD-098,2,168.10,336.20,USD,credit_card,paid,delivered,next_day,TRACK-RIOU3WBV,2025-12-28,2025-12-28,2025-12-27T00:00:00Z,2025-12-27T00:00:00Z
ORD-01765,CUS-0589,2024-11-21,PROD-068,5,296.26,1481.30,USD,credit_card,paid,shipped,standard,TRACK-SFHAK7TJ,2024-12-01,,2024-11-21T00:00:00Z,2025-05-23T00:00:00Z
ORD-01766,CUS-0646,2024-04-16,PROD-009,1,788.22,788.22,USD,paypal,refunded,refunded,standard,TRACK-1V4AKXK3,2024-04-23,2024-04-26,2024-04-16T00:00:00Z,2025-12-10T00:00:00Z
ORD-01767,CUS-0038,2025-11-30,PROD-094,2,179.49,358.98,USD,bank_transfer,paid,delayed,standard,TRACK-ITQPQ4BW,2025-12-06,,2025-11-30T00:00:00Z,2025-12-20T00:00:00Z
ORD-01768,CUS-0918,2024-07-25,PROD-010,3,1931.10,5793.30,USD,debit_card,pending,placed,express,TRACK-W9TTKYXA,2024-07-27,,2024-07-25T00:00:00Z,2025-02-11T00:00:00Z
ORD-01769,CUS-0418,2024-06-13,PROD-031,5,88.52,442.60,USD,credit_card,paid,delivered,next_day,TRACK-WYQANNS5,2024-06-14,2024-06-17,2024-06-13T00:00:00Z,2025-06-04T00:00:00Z
ORD-01770,CUS-0956,2025-07-26,PROD-040,1,337.08,337.08,USD,credit_card,paid,delivered,standard,TRACK-I3D3SCPQ,2025-08-03,2025-08-06,2025-07-26T00:00:00Z,2025-12-24T00:00:00Z
ORD-01771,CUS-0140,2025-11-11,PROD-091,5,84.12,420.60,USD,debit_card,paid,delivered,standard,TRACK-15CF89LP,2025-11-16,2025-11-18,2025-11-11T00:00:00Z,2025-12-20T00:00:00Z
ORD-01772,CUS-0771,2024-08-31,PROD-024,1,522.20,522.20,USD,debit_card,paid,processing,standard,TRACK-NRRVXJVX,2024-09-06,,2024-08-31T00:00:00Z,2025-02-12T00:00:00Z
ORD-01773,CUS-0350,2025-04-21,PROD-097,1,43.21,43.21,USD,bank_transfer,paid,processing,express,TRACK-K4RJNYLI,2025-04-24,,2025-04-21T00:00:00Z,2025-07-20T00:00:00Z
ORD-01774,CUS-0364,2024-11-03,PROD-057,3,81.68,245.04,USD,credit_card,paid,delivered,express,TRACK-T9LZX8UB,2024-11-05,2024-11-07,2024-11-03T00:00:00Z,2025-11-28T00:00:00Z
ORD-01775,CUS-0948,2024-04-24,PROD-014,3,474.04,1422.12,USD,credit_card,paid,delivered,express,TRACK-62TMLP0R,2024-04-26,2024-04-28,2024-04-24T00:00:00Z,2025-06-21T00:00:00Z
ORD-01776,CUS-0769,2024-01-10,PROD-069,5,271.07,1355.35,USD,credit_card,paid,delivered,express,TRACK-094IPZGR,2024-01-14,2024-01-17,2024-01-10T00:00:00Z,2024-09-20T00:00:00Z
ORD-01777,CUS-0944,2024-11-02,PROD-081,3,150.38,451.14,USD,credit_card,paid,shipped,next_day,TRACK-IHTFK8MK,2024-11-03,,2024-11-02T00:00:00Z,2025-06-21T00:00:00Z
ORD-01778,CUS-0055,2024-03-19,PROD-044,3,26.86,80.58,USD,credit_card,failed,cancelled,next_day,TRACK-QT8EGT3H,2024-03-20,,2024-03-19T00:00:00Z,2024-12-19T00:00:00Z
ORD-01779,CUS-0694,2024-05-28,PROD-095,4,106.35,425.40,USD,bank_transfer,pending,placed,next_day,TRACK-SY1ZY6N7,2024-05-29,,2024-05-28T00:00:00Z,2025-02-08T00:00:00Z
ORD-01780,CUS-0493,2024-07-03,PROD-054,2,511.50,1023.00,USD,paypal,paid,delivered,standard,TRACK-HUXKUP5G,2024-07-12,2024-07-12,2024-07-03T00:00:00Z,2025-01-12T00:00:00Z
ORD-01781,CUS-0941,2025-09-17,PROD-016,2,551.74,1103.48,USD,bank_transfer,paid,confirmed,express,TRACK-8D287ZF1,2025-09-19,,2025-09-17T00:00:00Z,2025-11-06T00:00:00Z
ORD-01782,CUS-0190,2024-09-03,PROD-045,5,111.96,559.80,USD,debit_card,paid,shipped,next_day,TRACK-DSJNCTFT,2024-09-04,,2024-09-03T00:00:00Z,2025-12-01T00:00:00Z
ORD-01783,CUS-0945,2024-03-28,PROD-031,3,88.52,265.56,USD,credit_card,paid,delayed,standard,TRACK-6MIH6SPG,2024-04-07,,2024-03-28T00:00:00Z,2025-12-15T00:00:00Z
ORD-01784,CUS-0010,2025-04-02,PROD-040,5,337.08,1685.40,USD,debit_card,paid,cancelled,standard,TRACK-MD3SZXDF,2025-04-12,,2025-04-02T00:00:00Z,2025-05-02T00:00:00Z
ORD-01785,CUS-0538,2024-06-25,PROD-054,5,511.50,2557.50,USD,credit_card,paid,out_for_delivery,express,TRACK-LKWKNYS5,2024-06-29,,2024-06-25T00:00:00Z,2025-01-26T00:00:00Z
ORD-01786,CUS-0021,2024-06-23,PROD-074,3,76.36,229.08,USD,credit_card,paid,delivered,standard,TRACK-S2XO7XOC,2024-06-29,2024-06-30,2024-06-23T00:00:00Z,2025-04-19T00:00:00Z
ORD-01787,CUS-0397,2024-04-15,PROD-006,4,1049.94,4199.76,USD,paypal,paid,confirmed,express,TRACK-8F1IH6LB,2024-04-18,,2024-04-15T00:00:00Z,2025-09-08T00:00:00Z
ORD-01788,CUS-0289,2024-03-23,PROD-074,1,76.36,76.36,USD,debit_card,paid,out_for_delivery,standard,TRACK-JXI9B7C8,2024-03-28,,2024-03-23T00:00:00Z,2025-05-18T00:00:00Z
ORD-01789,CUS-0241,2025-01-19,PROD-099,4,110.41,441.64,USD,debit_card,paid,confirmed,international,TRACK-8SNLC1TL,2025-02-17,,2025-01-19T00:00:00Z,2025-04-06T00:00:00Z
ORD-01790,CUS-0167,2024-12-26,PROD-074,1,76.36,76.36,USD,credit_card,paid,delayed,standard,TRACK-WSSCN9OB,2025-01-05,,2024-12-26T00:00:00Z,2025-03-29T00:00:00Z
ORD-01791,CUS-0888,2024-01-07,PROD-050,3,81.10,243.30,USD,credit_card,paid,out_for_delivery,standard,TRACK-WPWMSWD3,2024-01-15,,2024-01-07T00:00:00Z,2024-11-21T00:00:00Z
ORD-01792,CUS-0285,2024-01-25,PROD-010,4,1931.10,7724.40,USD,credit_card,paid,shipped,express,TRACK-TK95H36P,2024-01-27,,2024-01-25T00:00:00Z,2025-12-24T00:00:00Z
ORD-01793,CUS-0281,2024-08-04,PROD-020,5,848.04,4240.20,USD,credit_card,paid,delivered,standard,TRACK-JJ4Q2XAQ,2024-08-10,2024-08-12,2024-08-04T00:00:00Z,2025-01-23T00:00:00Z
ORD-01794,CUS-0250,2025-11-05,PROD-085,1,152.73,152.73,USD,paypal,refunded,refunded,express,TRACK-PDTIIHE1,2025-11-08,2025-11-11,2025-11-05T00:00:00Z,2025-12-23T00:00:00Z
ORD-01795,CUS-0325,2024-09-18,PROD-046,1,67.55,67.55,USD,credit_card,paid,confirmed,express,TRACK-ZK1GA2SY,2024-09-22,,2024-09-18T00:00:00Z,2025-03-19T00:00:00Z
ORD-01796,CUS-0806,2024-07-04,PROD-084,1,52.10,52.10,USD,credit_card,paid,delivered,next_day,TRACK-MDPOA8FV,2024-07-05,2024-07-06,2024-07-04T00:00:00Z,2024-08-19T00:00:00Z
ORD-01797,CUS-0872,2024-02-28,PROD-042,4,22.38,89.52,USD,debit_card,paid,delivered,next_day,TRACK-E0VIVII8,2024-02-29,2024-03-01,2024-02-28T00:00:00Z,2024-04-14T00:00:00Z
ORD-01798,CUS-0760,2024-06-21,PROD-097,4,43.21,172.84,USD,credit_card,paid,shipped,express,TRACK-32II8K17,2024-06-25,,2024-06-21T00:00:00Z,2025-10-27T00:00:00Z
ORD-01799,CUS-0658,2024-12-29,PROD-051,3,450.36,1351.08,USD,paypal,paid,processing,express,TRACK-VF010AIA,2025-01-01,,2024-12-29T00:00:00Z,2025-05-08T00:00:00Z
ORD-01800,CUS-0841,2024-10-21,PROD-013,5,1278.38,6391.90,USD,debit_card,paid,out_for_delivery,standard,TRACK-3VBLA91J,2024-10-31,,2024-10-21T00:00:00Z,2026-01-01T00:00:00Z
ORD-01801,CUS-0508,2024-04-18,PROD-085,3,152.73,458.19,USD,paypal,paid,delivered,standard,TRACK-EEHRDWRK,2024-04-26,2024-04-27,2024-04-18T00:00:00Z,2024-08-05T00:00:00Z
ORD-01802,CUS-0709,2025-04-27,PROD-010,1,1931.10,1931.10,USD,debit_card,paid,out_for_delivery,standard,TRACK-4AHJOYSJ,2025-05-06,,2025-04-27T00:00:00Z,2025-07-20T00:00:00Z
ORD-01803,CUS-0691,2024-08-01,PROD-063,4,328.94,1315.76,USD,credit_card,paid,shipped,standard,TRACK-VO8PHNCK,2024-08-09,,2024-08-01T00:00:00Z,2024-11-15T00:00:00Z
ORD-01804,CUS-0152,2025-07-25,PROD-001,1,2193.82,2193.82,USD,credit_card,paid,delivered,standard,TRACK-PVSF4ET7,2025-08-04,2025-08-06,2025-07-25T00:00:00Z,2025-10-11T00:00:00Z
ORD-01805,CUS-0222,2024-09-09,PROD-075,3,343.41,1030.23,USD,paypal,paid,confirmed,standard,TRACK-EVZRPE7P,2024-09-16,,2024-09-09T00:00:00Z,2025-12-31T00:00:00Z
ORD-01806,CUS-0053,2025-11-13,PROD-028,1,249.80,249.80,USD,credit_card,paid,out_for_delivery,express,TRACK-QCLJXCMR,2025-11-16,,2025-11-13T00:00:00Z,2025-12-22T00:00:00Z
ORD-01807,CUS-0850,2024-08-23,PROD-066,5,77.92,389.60,USD,debit_card,paid,processing,standard,TRACK-81MVEZ4B,2024-09-02,,2024-08-23T00:00:00Z,2025-02-16T00:00:00Z
ORD-01808,CUS-0193,2025-09-06,PROD-024,5,522.20,2611.00,USD,bank_transfer,refunded,cancelled,standard,TRACK-ZBDWV4K9,2025-09-13,,2025-09-06T00:00:00Z,2025-11-07T00:00:00Z
ORD-01809,CUS-0207,2025-10-31,PROD-087,4,89.66,358.64,USD,credit_card,refunded,cancelled,standard,TRACK-18B9QCL3,2025-11-08,,2025-10-31T00:00:00Z,2025-12-06T00:00:00Z
ORD-01810,CUS-0491,2024-08-26,PROD-058,5,354.13,1770.65,USD,credit_card,paid,shipped,international,TRACK-7X1JMH6T,2024-09-23,,2024-08-26T00:00:00Z,2025-12-11T00:00:00Z
ORD-01811,CUS-0053,2024-01-21,PROD-067,3,317.35,952.05,USD,credit_card,paid,cancelled,next_day,TRACK-R5PX6B46,2024-01-22,,2024-01-21T00:00:00Z,2025-12-22T00:00:00Z
ORD-01812,CUS-0515,2025-06-02,PROD-085,4,152.73,610.92,USD,credit_card,paid,delivered,standard,TRACK-YP7VNSGO,2025-06-09,2025-06-09,2025-06-02T00:00:00Z,2025-06-10T00:00:00Z
ORD-01813,CUS-0271,2024-12-05,PROD-069,4,271.07,1084.28,USD,credit_card,partially_refunded,refunded,express,TRACK-7DFLRF3T,2024-12-07,2024-12-07,2024-12-05T00:00:00Z,2025-08-13T00:00:00Z
ORD-01814,CUS-0777,2025-09-30,PROD-072,5,172.02,860.10,USD,paypal,paid,delivered,next_day,TRACK-FUYC5ATD,2025-10-01,2025-10-03,2025-09-30T00:00:00Z,2025-12-10T00:00:00Z
ORD-01815,CUS-0798,2025-01-11,PROD-043,2,53.52,107.04,USD,credit_card,paid,out_for_delivery,standard,TRACK-C2H6HTNO,2025-01-19,,2025-01-11T00:00:00Z,2025-09-20T00:00:00Z
ORD-01816,CUS-0842,2025-03-21,PROD-016,5,551.74,2758.70,USD,debit_card,failed,cancelled,express,TRACK-Z4JKA0J2,2025-03-24,,2025-03-21T00:00:00Z,2025-04-13T00:00:00Z
ORD-01817,CUS-0153,2024-05-05,PROD-031,1,88.52,88.52,USD,bank_transfer,paid,delivered,standard,TRACK-8B1VFO0G,2024-05-14,2024-05-16,2024-05-05T00:00:00Z,2025-03-13T00:00:00Z
ORD-01818,CUS-0158,2024-07-30,PROD-059,3,284.59,853.77,USD,paypal,paid,shipped,express,TRACK-ZU0F5E47,2024-08-02,,2024-07-30T00:00:00Z,2025-02-14T00:00:00Z
ORD-01819,CUS-0832,2025-02-21,PROD-053,3,574.29,1722.87,USD,credit_card,partially_refunded,refunded,next_day,TRACK-7S44Z78I,2025-02-22,2025-02-25,2025-02-21T00:00:00Z,2025-03-23T00:00:00Z
ORD-01820,CUS-0860,2024-11-26,PROD-090,2,289.84,579.68,USD,debit_card,refunded,refunded,standard,TRACK-XV2YRELZ,2024-12-01,2024-12-01,2024-11-26T00:00:00Z,2025-04-23T00:00:00Z
ORD-01821,CUS-0951,2025-12-18,PROD-029,1,868.72,868.72,USD,debit_card,paid,shipped,standard,TRACK-M8CKHDY4,2025-12-26,,2025-12-18T00:00:00Z,2025-12-20T00:00:00Z
ORD-01822,CUS-0492,2024-01-01,PROD-100,4,46.48,185.92,USD,bank_transfer,paid,confirmed,standard,TRACK-5UZYDP0L,2024-01-09,,2024-01-01T00:00:00Z,2024-10-29T00:00:00Z
ORD-01823,CUS-0183,2025-04-14,PROD-090,2,289.84,579.68,USD,credit_card,paid,delivered,express,TRACK-7YHTD6OO,2025-04-16,2025-04-19,2025-04-14T00:00:00Z,2025-06-26T00:00:00Z
ORD-01824,CUS-0756,2024-11-15,PROD-045,2,111.96,223.92,USD,credit_card,partially_refunded,refunded,next_day,TRACK-9ICS9JRM,2024-11-16,2024-11-16,2024-11-15T00:00:00Z,2025-05-30T00:00:00Z
ORD-01825,CUS-0827,2025-06-08,PROD-060,2,420.27,840.54,USD,debit_card,refunded,refunded,next_day,TRACK-HWO6L2MX,2025-06-09,2025-06-10,2025-06-08T00:00:00Z,2025-06-24T00:00:00Z
ORD-01826,CUS-0244,2024-01-31,PROD-033,5,249.21,1246.05,USD,credit_card,failed,cancelled,standard,TRACK-DE2Y3ZNP,2024-02-07,,2024-01-31T00:00:00Z,2025-12-02T00:00:00Z
ORD-01827,CUS-0005,2024-08-27,PROD-042,2,22.38,44.76,USD,debit_card,paid,shipped,next_day,TRACK-8E59JMZ8,2024-08-28,,2024-08-27T00:00:00Z,2025-09-12T00:00:00Z
ORD-01828,CUS-0445,2025-04-22,PROD-010,5,1931.10,9655.50,USD,credit_card,paid,delivered,standard,TRACK-TC9S8QGI,2025-04-30,2025-05-03,2025-04-22T00:00:00Z,2025-07-22T00:00:00Z
ORD-01829,CUS-0341,2024-05-16,PROD-048,4,127.33,509.32,USD,credit_card,paid,confirmed,standard,TRACK-BA0X9A8F,2024-05-23,,2024-05-16T00:00:00Z,2025-12-12T00:00:00Z
ORD-01830,CUS-0409,2025-05-19,PROD-069,3,271.07,813.21,USD,paypal,paid,shipped,standard,TRACK-1MYU4ZVX,2025-05-26,,2025-05-19T00:00:00Z,2025-08-28T00:00:00Z
ORD-01831,CUS-0612,2025-02-12,PROD-020,2,848.04,1696.08,USD,paypal,paid,shipped,standard,TRACK-BXMMNR1V,2025-02-20,,2025-02-12T00:00:00Z,2025-08-16T00:00:00Z
ORD-01832,CUS-0078,2024-07-24,PROD-075,4,343.41,1373.64,USD,paypal,failed,cancelled,express,TRACK-MC9QH1J5,2024-07-28,,2024-07-24T00:00:00Z,2024-08-13T00:00:00Z
ORD-01833,CUS-0686,2025-10-01,PROD-009,4,788.22,3152.88,USD,crypto,paid,out_for_delivery,standard,TRACK-E7PDJNL7,2025-10-09,,2025-10-01T00:00:00Z,2025-11-12T00:00:00Z
ORD-01834,CUS-0255,2024-05-24,PROD-020,2,848.04,1696.08,USD,credit_card,failed,cancelled,international,TRACK-Q0S9AJYG,2024-06-17,,2024-05-24T00:00:00Z,2025-12-16T00:00:00Z
ORD-01835,CUS-0549,2024-02-14,PROD-035,5,297.43,1487.15,USD,credit_card,paid,delivered,next_day,TRACK-JQ2KX7X3,2024-02-15,2024-02-15,2024-02-14T00:00:00Z,2025-03-31T00:00:00Z
ORD-01836,CUS-0528,2025-05-14,PROD-015,5,987.77,4938.85,USD,debit_card,paid,processing,next_day,TRACK-A4LTV5LX,2025-05-15,,2025-05-14T00:00:00Z,2025-05-24T00:00:00Z
ORD-01837,CUS-0560,2024-10-01,PROD-016,1,551.74,551.74,USD,credit_card,paid,processing,standard,TRACK-ZA9T0Z6M,2024-10-11,,2024-10-01T00:00:00Z,2025-03-24T00:00:00Z
ORD-01838,CUS-0981,2025-06-14,PROD-083,4,189.30,757.20,USD,credit_card,paid,cancelled,express,TRACK-BGDICOOK,2025-06-16,,2025-06-14T00:00:00Z,2025-11-23T00:00:00Z
ORD-01839,CUS-0077,2024-10-24,PROD-021,4,373.51,1494.04,USD,debit_card,partially_refunded,refunded,international,TRACK-JSFY0U5O,2024-11-08,2024-11-08,2024-10-24T00:00:00Z,2025-12-16T00:00:00Z
ORD-01840,CUS-0829,2025-09-28,PROD-035,5,297.43,1487.15,USD,bank_transfer,failed,cancelled,express,TRACK-60V4N5FI,2025-09-30,,2025-09-28T00:00:00Z,2025-10-31T00:00:00Z
ORD-01841,CUS-0763,2025-01-13,PROD-056,4,520.14,2080.56,USD,paypal,partially_refunded,refunded,express,TRACK-Z51OR4SD,2025-01-15,2025-01-17,2025-01-13T00:00:00Z,2025-11-28T00:00:00Z
ORD-01842,CUS-0354,2024-11-06,PROD-008,2,1441.53,2883.06,USD,crypto,partially_refunded,returned,standard,TRACK-XOMTF075,2024-11-12,2024-11-13,2024-11-06T00:00:00Z,2025-01-10T00:00:00Z
ORD-01843,CUS-0868,2024-01-24,PROD-029,4,868.72,3474.88,USD,crypto,partially_refunded,refunded,next_day,TRACK-9TRJ7O6Y,2024-01-25,2024-01-27,2024-01-24T00:00:00Z,2025-01-29T00:00:00Z
ORD-01844,CUS-0502,2024-11-24,PROD-033,5,249.21,1246.05,USD,paypal,paid,shipped,express,TRACK-0Y4HI5BH,2024-11-27,,2024-11-24T00:00:00Z,2025-04-15T00:00:00Z
ORD-01845,CUS-0861,2025-11-22,PROD-019,4,1140.33,4561.32,USD,credit_card,paid,delivered,standard,TRACK-U7EGPNNH,2025-11-29,2025-12-02,2025-11-22T00:00:00Z,2025-12-21T00:00:00Z
ORD-01846,CUS-0447,2024-06-16,PROD-089,2,304.67,609.34,USD,credit_card,paid,processing,express,TRACK-I3QIJTWV,2024-06-19,,2024-06-16T00:00:00Z,2025-10-10T00:00:00Z
ORD-01847,CUS-0856,2024-02-03,PROD-072,2,172.02,344.04,USD,bank_transfer,refunded,returned,express,TRACK-A4RYAEK5,2024-02-05,2024-02-06,2024-02-03T00:00:00Z,2025-03-04T00:00:00Z
ORD-01848,CUS-0677,2025-08-08,PROD-098,3,168.10,504.30,USD,credit_card,paid,shipped,standard,TRACK-1YJ94KIC,2025-08-18,,2025-08-08T00:00:00Z,2025-09-24T00:00:00Z
ORD-01849,CUS-0973,2025-12-18,PROD-031,1,88.52,88.52,USD,debit_card,failed,cancelled,next_day,TRACK-084W5PR0,2025-12-19,,2025-12-18T00:00:00Z,2025-12-25T00:00:00Z
ORD-01850,CUS-0662,2024-05-19,PROD-082,1,235.36,235.36,USD,credit_card,paid,delivered,standard,TRACK-C5KTSIQU,2024-05-27,2024-05-27,2024-05-19T00:00:00Z,2025-11-29T00:00:00Z
ORD-01851,CUS-0458,2025-12-29,PROD-061,4,118.46,473.84,USD,credit_card,paid,delayed,international,TRACK-MH50KEHI,2025-12-31,,2025-12-29T00:00:00Z,2025-12-30T00:00:00Z
ORD-01852,CUS-0271,2025-01-03,PROD-017,4,657.92,2631.68,USD,credit_card,paid,out_for_delivery,international,TRACK-GQNYB9XS,2025-01-24,,2025-01-03T00:00:00Z,2025-02-19T00:00:00Z
ORD-01853,CUS-0103,2025-06-22,PROD-037,3,290.16,870.48,USD,credit_card,paid,out_for_delivery,standard,TRACK-INTUO1R3,2025-06-29,,2025-06-22T00:00:00Z,2025-06-26T00:00:00Z
ORD-01854,CUS-0777,2025-11-14,PROD-096,3,93.24,279.72,USD,credit_card,paid,out_for_delivery,next_day,TRACK-W51IX2L1,2025-11-15,,2025-11-14T00:00:00Z,2025-12-08T00:00:00Z
ORD-01855,CUS-0591,2024-09-07,PROD-090,5,289.84,1449.20,USD,bank_transfer,paid,confirmed,standard,TRACK-IXB97LCP,2024-09-17,,2024-09-07T00:00:00Z,2025-08-03T00:00:00Z
ORD-01856,CUS-0486,2024-10-23,PROD-076,4,158.70,634.80,USD,credit_card,paid,delivered,express,TRACK-XS2S1SPZ,2024-10-27,2024-10-27,2024-10-23T00:00:00Z,2025-08-12T00:00:00Z
ORD-01857,CUS-0334,2024-10-24,PROD-080,3,255.93,767.79,USD,paypal,refunded,refunded,next_day,TRACK-9EU0G8LW,2024-10-25,2024-10-25,2024-10-24T00:00:00Z,2025-03-16T00:00:00Z
ORD-01858,CUS-0472,2025-05-21,PROD-028,4,249.80,999.20,USD,paypal,paid,delivered,standard,TRACK-OH6V5M1U,2025-05-30,2025-06-02,2025-05-21T00:00:00Z,2025-09-16T00:00:00Z
ORD-01859,CUS-0584,2025-12-25,PROD-011,4,1007.07,4028.28,USD,credit_card,paid,delivered,next_day,TRACK-F5EBZE2D,2025-12-26,2025-12-28,2025-12-25T00:00:00Z,2025-12-31T00:00:00Z
ORD-01860,CUS-0684,2025-09-02,PROD-054,1,511.50,511.50,USD,debit_card,paid,shipped,standard,TRACK-DRVD511U,2025-09-10,,2025-09-02T00:00:00Z,2025-09-14T00:00:00Z
ORD-01861,CUS-0648,2025-11-17,PROD-090,1,289.84,289.84,USD,bank_transfer,paid,delivered,standard,TRACK-AJ7SRGFG,2025-11-27,2025-11-29,2025-11-17T00:00:00Z,2025-12-31T00:00:00Z
ORD-01862,CUS-0604,2025-03-09,PROD-051,3,450.36,1351.08,USD,credit_card,paid,delivered,standard,TRACK-W3HB9EEQ,2025-03-19,2025-03-21,2025-03-09T00:00:00Z,2025-06-09T00:00:00Z
ORD-01863,CUS-0669,2024-09-19,PROD-028,2,249.80,499.60,USD,debit_card,paid,delayed,standard,TRACK-L8QYYRH6,2024-09-25,,2024-09-19T00:00:00Z,2025-11-02T00:00:00Z
ORD-01864,CUS-0853,2024-12-08,PROD-099,5,110.41,552.05,USD,paypal,failed,cancelled,standard,TRACK-HCKXPDA6,2024-12-13,,2024-12-08T00:00:00Z,2025-11-24T00:00:00Z
ORD-01865,CUS-0643,2025-06-06,PROD-024,1,522.20,522.20,USD,paypal,partially_refunded,refunded,standard,TRACK-79VRJO59,2025-06-15,2025-06-18,2025-06-06T00:00:00Z,2025-08-14T00:00:00Z
ORD-01866,CUS-0486,2024-04-02,PROD-020,4,848.04,3392.16,USD,bank_transfer,paid,confirmed,standard,TRACK-KIOS320H,2024-04-09,,2024-04-02T00:00:00Z,2024-10-20T00:00:00Z
ORD-01867,CUS-0397,2025-01-15,PROD-074,2,76.36,152.72,USD,credit_card,partially_refunded,returned,express,TRACK-Q0NH0RUD,2025-01-17,2025-01-20,2025-01-15T00:00:00Z,2025-10-09T00:00:00Z
ORD-01868,CUS-0706,2025-10-30,PROD-029,5,868.72,4343.60,USD,paypal,paid,shipped,express,TRACK-4J008CYD,2025-11-03,,2025-10-30T00:00:00Z,2025-11-25T00:00:00Z
ORD-01869,CUS-0673,2025-11-17,PROD-052,2,580.62,1161.24,USD,credit_card,paid,confirmed,express,TRACK-O46MZJU1,2025-11-21,,2025-11-17T00:00:00Z,2025-11-21T00:00:00Z
ORD-01870,CUS-0645,2024-12-10,PROD-078,4,251.87,1007.48,USD,credit_card,partially_refunded,returned,standard,TRACK-9COOZE9M,2024-12-15,2024-12-18,2024-12-10T00:00:00Z,2025-01-07T00:00:00Z
ORD-01871,CUS-0457,2025-04-18,PROD-066,1,77.92,77.92,USD,paypal,paid,cancelled,standard,TRACK-D0N515YR,2025-04-28,,2025-04-18T00:00:00Z,2025-08-22T00:00:00Z
ORD-01872,CUS-0619,2025-01-08,PROD-054,2,511.50,1023.00,USD,debit_card,paid,out_for_delivery,next_day,TRACK-51VUTPQC,2025-01-09,,2025-01-08T00:00:00Z,2025-06-09T00:00:00Z
ORD-01873,CUS-0530,2025-08-21,PROD-076,1,158.70,158.70,USD,credit_card,paid,out_for_delivery,standard,TRACK-Y7N17LZG,2025-08-29,,2025-08-21T00:00:00Z,2025-09-02T00:00:00Z
ORD-01874,CUS-0673,2025-08-10,PROD-017,2,657.92,1315.84,USD,credit_card,paid,processing,next_day,TRACK-3HESH3PF,2025-08-11,,2025-08-10T00:00:00Z,2025-11-29T00:00:00Z
ORD-01875,CUS-0777,2025-07-02,PROD-070,3,55.18,165.54,USD,debit_card,paid,placed,express,TRACK-DEVCJZXC,2025-07-06,,2025-07-02T00:00:00Z,2025-10-15T00:00:00Z
ORD-01876,CUS-0771,2025-04-29,PROD-011,4,1007.07,4028.28,USD,debit_card,paid,delivered,standard,TRACK-MVFYNETU,2025-05-09,2025-05-09,2025-04-29T00:00:00Z,2025-06-17T00:00:00Z
ORD-01877,CUS-0006,2024-06-03,PROD-086,2,272.87,545.74,USD,bank_transfer,paid,delivered,next_day,TRACK-G72MF4SR,2024-06-04,2024-06-06,2024-06-03T00:00:00Z,2024-12-18T00:00:00Z
ORD-01878,CUS-0360,2025-10-26,PROD-077,4,484.12,1936.48,USD,debit_card,paid,shipped,standard,TRACK-OX4ROYLQ,2025-11-01,,2025-10-26T00:00:00Z,2025-11-26T00:00:00Z
ORD-01879,CUS-0106,2024-01-11,PROD-098,1,168.10,168.10,USD,bank_transfer,partially_refunded,refunded,next_day,TRACK-YSBTL037,2024-01-12,2024-01-12,2024-01-11T00:00:00Z,2025-12-04T00:00:00Z
ORD-01880,CUS-0347,2024-04-23,PROD-070,1,55.18,55.18,USD,debit_card,paid,shipped,standard,TRACK-DUX63RR8,2024-04-30,,2024-04-23T00:00:00Z,2025-07-12T00:00:00Z
ORD-01881,CUS-0082,2024-08-05,PROD-076,4,158.70,634.80,USD,credit_card,paid,delivered,international,TRACK-08N32K1I,2024-08-22,2024-08-23,2024-08-05T00:00:00Z,2025-11-02T00:00:00Z
ORD-01882,CUS-0454,2025-08-10,PROD-036,4,341.40,1365.60,USD,credit_card,refunded,refunded,express,TRACK-U4F5Y7GE,2025-08-12,2025-08-14,2025-08-10T00:00:00Z,2025-09-25T00:00:00Z
ORD-01883,CUS-0224,2024-10-24,PROD-063,2,328.94,657.88,USD,credit_card,paid,delivered,next_day,TRACK-RKLLFVA6,2024-10-25,2024-10-25,2024-10-24T00:00:00Z,2025-06-23T00:00:00Z
ORD-01884,CUS-0134,2025-03-02,PROD-097,1,43.21,43.21,USD,paypal,paid,delivered,next_day,TRACK-UFCMVQ9O,2025-03-03,2025-03-03,2025-03-02T00:00:00Z,2025-11-29T00:00:00Z
ORD-01885,CUS-0770,2024-11-20,PROD-095,5,106.35,531.75,USD,credit_card,paid,confirmed,express,TRACK-D1RZNNWX,2024-11-24,,2024-11-20T00:00:00Z,2025-08-15T00:00:00Z
ORD-01886,CUS-0462,2025-06-02,PROD-039,5,482.81,2414.05,USD,credit_card,paid,delivered,standard,TRACK-65QI2WJJ,2025-06-12,2025-06-15,2025-06-02T00:00:00Z,2025-09-21T00:00:00Z
ORD-01887,CUS-0249,2024-11-23,PROD-073,2,114.42,228.84,USD,debit_card,paid,shipped,standard,TRACK-RRIXCIJQ,2024-11-30,,2024-11-23T00:00:00Z,2024-12-30T00:00:00Z
ORD-01888,CUS-0805,2024-03-24,PROD-080,5,255.93,1279.65,USD,paypal,paid,delayed,express,TRACK-QNVY4H03,2024-03-26,,2024-03-24T00:00:00Z,2024-04-22T00:00:00Z
ORD-01889,CUS-0941,2024-11-27,PROD-008,5,1441.53,7207.65,USD,credit_card,paid,placed,standard,TRACK-0PNTKLUU,2024-12-04,,2024-11-27T00:00:00Z,2025-03-01T00:00:00Z
ORD-01890,CUS-0298,2024-05-08,PROD-053,4,574.29,2297.16,USD,bank_transfer,paid,confirmed,standard,TRACK-GI7611MH,2024-05-14,,2024-05-08T00:00:00Z,2025-05-20T00:00:00Z
ORD-01891,CUS-0628,2024-11-17,PROD-061,5,118.46,592.30,USD,bank_transfer,paid,delivered,standard,TRACK-U9FGZV6S,2024-11-26,2024-11-29,2024-11-17T00:00:00Z,2025-10-05T00:00:00Z
ORD-01892,CUS-0334,2025-04-26,PROD-082,5,235.36,1176.80,USD,paypal,paid,delivered,express,TRACK-FZRG4PB7,2025-04-29,2025-04-30,2025-04-26T00:00:00Z,2025-10-07T00:00:00Z
ORD-01893,CUS-0833,2024-09-10,PROD-066,4,77.92,311.68,USD,paypal,failed,cancelled,standard,TRACK-UX9SLMA5,2024-09-15,,2024-09-10T00:00:00Z,2025-08-05T00:00:00Z
ORD-01894,CUS-0300,2025-01-07,PROD-036,1,341.40,341.40,USD,paypal,paid,out_for_delivery,standard,TRACK-VFV991AC,2025-01-15,,2025-01-07T00:00:00Z,2025-05-05T00:00:00Z
ORD-01895,CUS-0728,2025-12-07,PROD-024,2,522.20,1044.40,USD,credit_card,paid,out_for_delivery,standard,TRACK-QFKILKCM,2025-12-15,,2025-12-07T00:00:00Z,2025-12-09T00:00:00Z
ORD-01896,CUS-0470,2024-11-23,PROD-057,2,81.68,163.36,USD,paypal,paid,delivered,international,TRACK-88PKWTZV,2024-12-20,2024-12-23,2024-11-23T00:00:00Z,2024-12-10T00:00:00Z
ORD-01897,CUS-0519,2025-05-27,PROD-086,3,272.87,818.61,USD,debit_card,paid,placed,next_day,TRACK-LHTAHOWR,2025-05-28,,2025-05-27T00:00:00Z,2025-10-07T00:00:00Z
ORD-01898,CUS-0223,2025-01-14,PROD-080,1,255.93,255.93,USD,credit_card,paid,delayed,next_day,TRACK-ZACGBVQC,2025-01-15,,2025-01-14T00:00:00Z,2025-10-14T00:00:00Z
ORD-01899,CUS-0110,2025-02-01,PROD-041,5,22.71,113.55,USD,crypto,paid,processing,express,TRACK-23G5SMQ5,2025-02-05,,2025-02-01T00:00:00Z,2025-04-21T00:00:00Z
ORD-01900,CUS-0115,2025-08-10,PROD-037,2,290.16,580.32,USD,credit_card,paid,shipped,standard,TRACK-RRA5YU3T,2025-08-19,,2025-08-10T00:00:00Z,2025-08-18T00:00:00Z
ORD-01901,CUS-0418,2024-09-24,PROD-072,5,172.02,860.10,USD,debit_card,paid,processing,express,TRACK-217PFTPY,2024-09-26,,2024-09-24T00:00:00Z,2025-05-25T00:00:00Z
ORD-01902,CUS-0493,2024-12-24,PROD-048,5,127.33,636.65,USD,debit_card,paid,shipped,standard,TRACK-01LDA71Y,2025-01-01,,2024-12-24T00:00:00Z,2025-11-26T00:00:00Z
ORD-01903,CUS-0134,2024-01-13,PROD-046,3,67.55,202.65,USD,credit_card,paid,placed,next_day,TRACK-30X0TATL,2024-01-14,,2024-01-13T00:00:00Z,2025-07-07T00:00:00Z
ORD-01904,CUS-0459,2024-08-04,PROD-020,3,848.04,2544.12,USD,debit_card,paid,out_for_delivery,standard,TRACK-12WBAKE2,2024-08-09,,2024-08-04T00:00:00Z,2024-10-03T00:00:00Z
ORD-01905,CUS-0809,2024-11-06,PROD-060,5,420.27,2101.35,USD,credit_card,paid,processing,express,TRACK-NSE13DWW,2024-11-09,,2024-11-06T00:00:00Z,2025-03-04T00:00:00Z
ORD-01906,CUS-0664,2024-01-18,PROD-037,3,290.16,870.48,USD,credit_card,paid,out_for_delivery,next_day,TRACK-MB5LTBXV,2024-01-19,,2024-01-18T00:00:00Z,2025-10-20T00:00:00Z
ORD-01907,CUS-0490,2025-02-19,PROD-003,5,986.69,4933.45,USD,paypal,paid,delivered,standard,TRACK-7NVLIPMZ,2025-03-01,2025-03-01,2025-02-19T00:00:00Z,2025-06-14T00:00:00Z
ORD-01908,CUS-0808,2025-02-07,PROD-084,2,52.10,104.20,USD,credit_card,paid,delivered,express,TRACK-KFFN16DB,2025-02-11,2025-02-12,2025-02-07T00:00:00Z,2025-08-04T00:00:00Z
ORD-01909,CUS-0067,2024-10-30,PROD-098,2,168.10,336.20,USD,bank_transfer,paid,shipped,next_day,TRACK-W2WZOIV1,2024-10-31,,2024-10-30T00:00:00Z,2024-11-16T00:00:00Z
ORD-01910,CUS-0267,2024-08-04,PROD-046,5,67.55,337.75,USD,credit_card,refunded,returned,standard,TRACK-Z505T0RF,2024-08-11,2024-08-11,2024-08-04T00:00:00Z,2024-08-14T00:00:00Z
ORD-01911,CUS-0704,2025-01-20,PROD-074,1,76.36,76.36,USD,debit_card,paid,delivered,standard,TRACK-USQC38SE,2025-01-28,2025-01-31,2025-01-20T00:00:00Z,2025-11-03T00:00:00Z
ORD-01912,CUS-0106,2024-01-19,PROD-029,2,868.72,1737.44,USD,credit_card,paid,cancelled,standard,TRACK-NDGDBNL7,2024-01-27,,2024-01-19T00:00:00Z,2025-01-31T00:00:00Z
ORD-01913,CUS-0450,2024-04-24,PROD-030,2,342.95,685.90,USD,debit_card,refunded,cancelled,express,TRACK-DPVQG527,2024-04-28,,2024-04-24T00:00:00Z,2025-09-16T00:00:00Z
ORD-01914,CUS-0811,2025-10-16,PROD-096,5,93.24,466.20,USD,bank_transfer,partially_refunded,refunded,standard,TRACK-NTWXWQQI,2025-10-22,2025-10-22,2025-10-16T00:00:00Z,2025-11-28T00:00:00Z
ORD-01915,CUS-0793,2024-04-06,PROD-064,4,384.19,1536.76,USD,credit_card,paid,placed,standard,TRACK-N7C41Q6L,2024-04-13,,2024-04-06T00:00:00Z,2024-07-22T00:00:00Z
ORD-01916,CUS-0379,2025-03-16,PROD-024,3,522.20,1566.60,USD,credit_card,paid,shipped,standard,TRACK-YSWV20K9,2025-03-23,,2025-03-16T00:00:00Z,2025-05-13T00:00:00Z
ORD-01917,CUS-0856,2025-04-19,PROD-029,5,868.72,4343.60,USD,credit_card,paid,placed,express,TRACK-EV33PV70,2025-04-22,,2025-04-19T00:00:00Z,2025-12-18T00:00:00Z
ORD-01918,CUS-0687,2024-01-03,PROD-054,4,511.50,2046.00,USD,credit_card,paid,shipped,next_day,TRACK-EP46AGYG,2024-01-04,,2024-01-03T00:00:00Z,2024-10-18T00:00:00Z
ORD-01919,CUS-0159,2024-12-27,PROD-042,3,22.38,67.14,USD,credit_card,paid,shipped,express,TRACK-H3PFDT75,2024-12-30,,2024-12-27T00:00:00Z,2025-02-02T00:00:00Z
ORD-01920,CUS-0863,2025-08-12,PROD-002,3,2846.71,8540.13,USD,debit_card,paid,shipped,standard,TRACK-5W15MN6S,2025-08-17,,2025-08-12T00:00:00Z,2025-10-21T00:00:00Z
ORD-01921,CUS-0663,2024-06-25,PROD-068,1,296.26,296.26,USD,bank_transfer,paid,out_for_delivery,express,TRACK-COHBXXHT,2024-06-27,,2024-06-25T00:00:00Z,2025-03-06T00:00:00Z
ORD-01922,CUS-0156,2025-04-26,PROD-053,2,574.29,1148.58,USD,debit_card,paid,out_for_delivery,standard,TRACK-FOQ6PK5M,2025-05-05,,2025-04-26T00:00:00Z,2025-12-02T00:00:00Z
ORD-01923,CUS-0127,2025-10-11,PROD-075,3,343.41,1030.23,USD,credit_card,paid,delayed,express,TRACK-8XQKY9KV,2025-10-13,,2025-10-11T00:00:00Z,2025-11-05T00:00:00Z
ORD-01924,CUS-0428,2024-12-20,PROD-063,4,328.94,1315.76,USD,debit_card,paid,confirmed,next_day,TRACK-1OSZV56L,2024-12-21,,2024-12-20T00:00:00Z,2025-11-17T00:00:00Z
ORD-01925,CUS-0433,2025-10-23,PROD-057,5,81.68,408.40,USD,credit_card,paid,processing,standard,TRACK-BCEZ15RV,2025-10-30,,2025-10-23T00:00:00Z,2025-11-30T00:00:00Z
ORD-01926,CUS-0043,2025-07-21,PROD-027,5,795.29,3976.45,USD,credit_card,paid,processing,standard,TRACK-DL970SDO,2025-07-30,,2025-07-21T00:00:00Z,2025-08-30T00:00:00Z
ORD-01927,CUS-0256,2024-05-18,PROD-055,5,407.21,2036.05,USD,crypto,pending,placed,express,TRACK-HTY6XNGD,2024-05-21,,2024-05-18T00:00:00Z,2025-01-19T00:00:00Z
ORD-01928,CUS-0577,2025-07-11,PROD-062,1,282.17,282.17,USD,credit_card,paid,shipped,standard,TRACK-JDL2ANPS,2025-07-17,,2025-07-11T00:00:00Z,2025-10-16T00:00:00Z
ORD-01929,CUS-0362,2024-10-23,PROD-008,4,1441.53,5766.12,USD,credit_card,pending,placed,express,TRACK-6X3L8TVF,2024-10-26,,2024-10-23T00:00:00Z,2025-09-14T00:00:00Z
ORD-01930,CUS-0801,2025-12-14,PROD-071,2,489.66,979.32,USD,credit_card,failed,cancelled,next_day,TRACK-D2IBOCTB,2025-12-15,,2025-12-14T00:00:00Z,2025-12-29T00:00:00Z
ORD-01931,CUS-0865,2025-08-18,PROD-079,4,363.45,1453.80,USD,debit_card,refunded,returned,express,TRACK-EWSB9RM5,2025-08-21,2025-08-24,2025-08-18T00:00:00Z,2025-11-21T00:00:00Z
ORD-01932,CUS-0051,2024-08-07,PROD-069,4,271.07,1084.28,USD,credit_card,paid,delivered,international,TRACK-O7YFKPI9,2024-08-18,2024-08-21,2024-08-07T00:00:00Z,2025-05-21T00:00:00Z
ORD-01933,CUS-0773,2025-08-15,PROD-026,1,295.00,295.00,USD,debit_card,paid,processing,standard,TRACK-V8AB40OO,2025-08-20,,2025-08-15T00:00:00Z,2025-08-16T00:00:00Z
ORD-01934,CUS-0648,2025-10-29,PROD-023,3,955.05,2865.15,USD,credit_card,paid,out_for_delivery,express,TRACK-36QSTTGI,2025-11-01,,2025-10-29T00:00:00Z,2025-11-13T00:00:00Z
ORD-01935,CUS-0912,2024-06-27,PROD-043,2,53.52,107.04,USD,paypal,paid,delivered,standard,TRACK-GUYG1JEV,2024-07-07,2024-07-08,2024-06-27T00:00:00Z,2025-04-25T00:00:00Z
ORD-01936,CUS-0502,2025-01-11,PROD-099,3,110.41,331.23,USD,credit_card,paid,processing,standard,TRACK-SOLVQBRW,2025-01-20,,2025-01-11T00:00:00Z,2025-05-29T00:00:00Z
ORD-01937,CUS-0772,2024-08-09,PROD-055,4,407.21,1628.84,USD,debit_card,paid,out_for_delivery,express,TRACK-4I4MWNA3,2024-08-12,,2024-08-09T00:00:00Z,2024-12-11T00:00:00Z
ORD-01938,CUS-0553,2025-01-04,PROD-064,1,384.19,384.19,USD,crypto,paid,placed,international,TRACK-QBU0E2D5,2025-01-21,,2025-01-04T00:00:00Z,2025-07-08T00:00:00Z
ORD-01939,CUS-0602,2025-05-27,PROD-091,1,84.12,84.12,USD,credit_card,paid,shipped,standard,TRACK-I3NPPABL,2025-06-01,,2025-05-27T00:00:00Z,2025-11-01T00:00:00Z
ORD-01940,CUS-0694,2024-08-01,PROD-026,3,295.00,885.00,USD,debit_card,paid,processing,express,TRACK-FG8BUCNJ,2024-08-04,,2024-08-01T00:00:00Z,2025-03-21T00:00:00Z
ORD-01941,CUS-0237,2025-01-23,PROD-015,1,987.77,987.77,USD,bank_transfer,paid,shipped,express,TRACK-8GARYE2K,2025-01-26,,2025-01-23T00:00:00Z,2025-05-31T00:00:00Z
ORD-01942,CUS-0048,2024-04-22,PROD-043,5,53.52,267.60,USD,paypal,paid,delivered,express,TRACK-NTVZA33O,2024-04-25,2024-04-26,2024-04-22T00:00:00Z,2025-04-23T00:00:00Z
ORD-01943,CUS-0162,2024-08-19,PROD-054,3,511.50,1534.50,USD,debit_card,paid,delivered,standard,TRACK-QPNJI8FG,2024-08-28,2024-08-31,2024-08-19T00:00:00Z,2024-10-08T00:00:00Z
ORD-01944,CUS-0056,2025-02-28,PROD-051,3,450.36,1351.08,USD,debit_card,paid,delivered,standard,TRACK-GU8NQPCK,2025-03-05,2025-03-07,2025-02-28T00:00:00Z,2025-04-12T00:00:00Z
ORD-01945,CUS-0511,2024-07-15,PROD-044,2,26.86,53.72,USD,credit_card,paid,confirmed,express,TRACK-5WW4YYMO,2024-07-17,,2024-07-15T00:00:00Z,2025-11-02T00:00:00Z
ORD-01946,CUS-0967,2025-10-01,PROD-067,5,317.35,1586.75,USD,credit_card,paid,delivered,next_day,TRACK-E3TIRD5E,2025-10-02,2025-10-02,2025-10-01T00:00:00Z,2025-10-21T00:00:00Z
ORD-01947,CUS-0741,2024-04-28,PROD-034,2,347.18,694.36,USD,debit_card,paid,shipped,express,TRACK-LNKOH67P,2024-05-02,,2024-04-28T00:00:00Z,2025-01-23T00:00:00Z
ORD-01948,CUS-0095,2024-01-01,PROD-074,4,76.36,305.44,USD,paypal,paid,out_for_delivery,standard,TRACK-L7XTR3GA,2024-01-06,,2024-01-01T00:00:00Z,2024-04-02T00:00:00Z
ORD-01949,CUS-0956,2025-02-16,PROD-064,1,384.19,384.19,USD,paypal,paid,out_for_delivery,standard,TRACK-DXBDEHHD,2025-02-25,,2025-02-16T00:00:00Z,2025-04-01T00:00:00Z
ORD-01950,CUS-0466,2024-01-31,PROD-021,2,373.51,747.02,USD,credit_card,partially_refunded,refunded,express,TRACK-N8PACC1X,2024-02-04,2024-02-06,2024-01-31T00:00:00Z,2024-06-11T00:00:00Z
ORD-01951,CUS-0800,2024-02-28,PROD-052,4,580.62,2322.48,USD,credit_card,paid,delivered,standard,TRACK-4CPKJYKX,2024-03-04,2024-03-04,2024-02-28T00:00:00Z,2025-06-26T00:00:00Z
ORD-01952,CUS-0325,2025-11-05,PROD-038,4,302.64,1210.56,USD,credit_card,refunded,refunded,standard,TRACK-6TE8CP9K,2025-11-15,2025-11-15,2025-11-05T00:00:00Z,2025-12-02T00:00:00Z
ORD-01953,CUS-0943,2024-09-24,PROD-066,4,77.92,311.68,USD,credit_card,paid,placed,standard,TRACK-WMFKYOF4,2024-10-02,,2024-09-24T00:00:00Z,2025-04-29T00:00:00Z
ORD-01954,CUS-0264,2024-07-11,PROD-042,2,22.38,44.76,USD,debit_card,paid,placed,international,TRACK-5ULP2XKD,2024-07-27,,2024-07-11T00:00:00Z,2024-10-25T00:00:00Z
ORD-01955,CUS-0954,2025-10-19,PROD-029,3,868.72,2606.16,USD,paypal,paid,delivered,international,TRACK-5IDY8T4B,2025-11-13,2025-11-16,2025-10-19T00:00:00Z,2025-11-29T00:00:00Z
ORD-01956,CUS-0464,2025-01-19,PROD-096,1,93.24,93.24,USD,debit_card,paid,confirmed,international,TRACK-S9JZL4KK,2025-02-07,,2025-01-19T00:00:00Z,2025-05-22T00:00:00Z
ORD-01957,CUS-0244,2025-12-19,PROD-035,2,297.43,594.86,USD,debit_card,paid,shipped,next_day,TRACK-34QPVBXS,2025-12-20,,2025-12-19T00:00:00Z,2025-12-21T00:00:00Z
ORD-01958,CUS-0857,2024-09-04,PROD-047,1,81.88,81.88,USD,debit_card,paid,delivered,next_day,TRACK-R5B92HA6,2024-09-05,2024-09-05,2024-09-04T00:00:00Z,2025-02-18T00:00:00Z
ORD-01959,CUS-0637,2025-07-24,PROD-051,5,450.36,2251.80,USD,paypal,paid,delivered,standard,TRACK-X0MUL27B,2025-07-31,2025-08-03,2025-07-24T00:00:00Z,2025-09-01T00:00:00Z
ORD-01960,CUS-0515,2025-06-27,PROD-009,3,788.22,2364.66,USD,paypal,paid,out_for_delivery,standard,TRACK-OSOH5V6K,2025-07-05,,2025-06-27T00:00:00Z,2025-07-21T00:00:00Z
ORD-01961,CUS-0093,2024-12-20,PROD-077,3,484.12,1452.36,USD,debit_card,paid,placed,standard,TRACK-0S6WST0X,2024-12-28,,2024-12-20T00:00:00Z,2025-04-02T00:00:00Z
ORD-01962,CUS-0092,2024-05-05,PROD-098,2,168.10,336.20,USD,debit_card,refunded,refunded,express,TRACK-7LFT25H8,2024-05-07,2024-05-09,2024-05-05T00:00:00Z,2025-09-14T00:00:00Z
ORD-01963,CUS-0511,2024-12-20,PROD-018,1,1487.38,1487.38,USD,credit_card,paid,cancelled,standard,TRACK-SM1PPYZ8,2024-12-27,,2024-12-20T00:00:00Z,2025-03-27T00:00:00Z
ORD-01964,CUS-0286,2025-05-23,PROD-023,4,955.05,3820.20,USD,credit_card,paid,processing,standard,TRACK-LRZ5G2YL,2025-05-29,,2025-05-23T00:00:00Z,2025-10-25T00:00:00Z
ORD-01965,CUS-0259,2024-02-05,PROD-024,4,522.20,2088.80,USD,paypal,paid,delivered,express,TRACK-JNSCZKM9,2024-02-09,2024-02-11,2024-02-05T00:00:00Z,2024-06-23T00:00:00Z
ORD-01966,CUS-0680,2024-08-19,PROD-043,1,53.52,53.52,USD,credit_card,paid,cancelled,standard,TRACK-M4YRV8VO,2024-08-29,,2024-08-19T00:00:00Z,2025-04-26T00:00:00Z
ORD-01967,CUS-0216,2025-08-22,PROD-059,3,284.59,853.77,USD,credit_card,paid,out_for_delivery,standard,TRACK-SWPY6EFI,2025-08-27,,2025-08-22T00:00:00Z,2025-09-09T00:00:00Z
ORD-01968,CUS-0246,2024-07-31,PROD-084,1,52.10,52.10,USD,bank_transfer,paid,confirmed,express,TRACK-LN1B5OU8,2024-08-03,,2024-07-31T00:00:00Z,2024-11-14T00:00:00Z
ORD-01969,CUS-0175,2024-05-22,PROD-028,2,249.80,499.60,USD,paypal,paid,processing,standard,TRACK-6U2SLZ2C,2024-06-01,,2024-05-22T00:00:00Z,2025-03-29T00:00:00Z
ORD-01970,CUS-0213,2024-04-17,PROD-075,2,343.41,686.82,USD,bank_transfer,paid,out_for_delivery,express,TRACK-9UPSRGI9,2024-04-20,,2024-04-17T00:00:00Z,2025-11-05T00:00:00Z
ORD-01971,CUS-0191,2025-01-19,PROD-018,1,1487.38,1487.38,USD,debit_card,paid,delivered,express,TRACK-9VQNWCQT,2025-01-22,2025-01-23,2025-01-19T00:00:00Z,2025-01-20T00:00:00Z
ORD-01972,CUS-0203,2025-10-15,PROD-057,3,81.68,245.04,USD,debit_card,partially_refunded,refunded,next_day,TRACK-2TD2QYUO,2025-10-16,2025-10-18,2025-10-15T00:00:00Z,2025-11-24T00:00:00Z
ORD-01973,CUS-0316,2025-03-26,PROD-004,4,2579.89,10319.56,USD,paypal,refunded,returned,standard,TRACK-LIMXSEHJ,2025-04-05,2025-04-05,2025-03-26T00:00:00Z,2025-05-28T00:00:00Z
ORD-01974,CUS-0798,2024-01-29,PROD-066,5,77.92,389.60,USD,paypal,paid,cancelled,next_day,TRACK-0SL3E6KR,2024-01-30,,2024-01-29T00:00:00Z,2024-07-16T00:00:00Z
ORD-01975,CUS-0985,2025-06-11,PROD-044,4,26.86,107.44,USD,crypto,paid,delivered,standard,TRACK-Q9PKL48H,2025-06-16,2025-06-19,2025-06-11T00:00:00Z,2025-06-15T00:00:00Z
ORD-01976,CUS-0391,2025-03-02,PROD-053,4,574.29,2297.16,USD,credit_card,paid,placed,standard,TRACK-1ID2CPDD,2025-03-11,,2025-03-02T00:00:00Z,2025-08-21T00:00:00Z
ORD-01977,CUS-0762,2024-01-27,PROD-029,5,868.72,4343.60,USD,debit_card,paid,processing,standard,TRACK-04JCRW9A,2024-02-02,,2024-01-27T00:00:00Z,2025-09-03T00:00:00Z
ORD-01978,CUS-0647,2024-08-04,PROD-084,1,52.10,52.10,USD,debit_card,paid,out_for_delivery,express,TRACK-U56K7SBF,2024-08-06,,2024-08-04T00:00:00Z,2025-02-06T00:00:00Z
ORD-01979,CUS-0849,2025-04-04,PROD-035,3,297.43,892.29,USD,paypal,paid,confirmed,express,TRACK-U7IM2L18,2025-04-06,,2025-04-04T00:00:00Z,2025-04-16T00:00:00Z
ORD-01980,CUS-0344,2024-08-12,PROD-092,4,102.76,411.04,USD,paypal,failed,cancelled,express,TRACK-WE3960BM,2024-08-16,,2024-08-12T00:00:00Z,2025-12-21T00:00:00Z
ORD-01981,CUS-0620,2024-08-27,PROD-003,3,986.69,2960.07,USD,credit_card,paid,delivered,next_day,TRACK-L7TU124T,2024-08-28,2024-08-30,2024-08-27T00:00:00Z,2025-02-07T00:00:00Z
ORD-01982,CUS-0446,2025-12-21,PROD-042,4,22.38,89.52,USD,paypal,refunded,refunded,next_day,TRACK-QKG8J7W6,2025-12-22,2025-12-24,2025-12-21T00:00:00Z,2025-12-31T00:00:00Z
ORD-01983,CUS-0334,2025-05-10,PROD-054,3,511.50,1534.50,USD,credit_card,pending,placed,standard,TRACK-EORL0YB9,2025-05-15,,2025-05-10T00:00:00Z,2025-12-22T00:00:00Z
ORD-01984,CUS-0264,2024-03-21,PROD-081,3,150.38,451.14,USD,debit_card,failed,cancelled,next_day,TRACK-WBWACJ28,2024-03-22,,2024-03-21T00:00:00Z,2025-01-31T00:00:00Z
ORD-01985,CUS-0532,2024-01-06,PROD-033,1,249.21,249.21,USD,debit_card,paid,placed,standard,TRACK-AZJMWN2K,2024-01-15,,2024-01-06T00:00:00Z,2024-12-30T00:00:00Z
ORD-01986,CUS-0175,2025-02-20,PROD-047,1,81.88,81.88,USD,paypal,paid,shipped,express,TRACK-UFKPLPCG,2025-02-22,,2025-02-20T00:00:00Z,2025-10-18T00:00:00Z
ORD-01987,CUS-0617,2024-03-22,PROD-043,1,53.52,53.52,USD,paypal,refunded,refunded,standard,TRACK-YD3MYNUE,2024-03-31,2024-04-02,2024-03-22T00:00:00Z,2024-04-14T00:00:00Z
ORD-01988,CUS-0316,2024-04-21,PROD-031,3,88.52,265.56,USD,credit_card,partially_refunded,refunded,standard,TRACK-1JWYR248,2024-05-01,2024-05-04,2024-04-21T00:00:00Z,2024-08-02T00:00:00Z
ORD-01989,CUS-0641,2025-12-08,PROD-006,2,1049.94,2099.88,USD,credit_card,paid,delayed,standard,TRACK-ZEQQFLNO,2025-12-15,,2025-12-08T00:00:00Z,2025-12-16T00:00:00Z
ORD-01990,CUS-0389,2025-03-05,PROD-076,3,158.70,476.10,USD,crypto,paid,shipped,next_day,TRACK-S6GYDXIS,2025-03-06,,2025-03-05T00:00:00Z,2025-04-08T00:00:00Z
ORD-01991,CUS-0888,2024-09-04,PROD-012,4,922.70,3690.80,USD,paypal,paid,delivered,standard,TRACK-7YKRZ3FU,2024-09-14,2024-09-16,2024-09-04T00:00:00Z,2024-10-21T00:00:00Z
ORD-01992,CUS-0735,2024-11-02,PROD-035,5,297.43,1487.15,USD,paypal,partially_refunded,returned,standard,TRACK-6ULM1T6I,2024-11-11,2024-11-12,2024-11-02T00:00:00Z,2025-11-20T00:00:00Z
ORD-01993,CUS-0297,2025-05-30,PROD-072,4,172.02,688.08,USD,credit_card,paid,delivered,next_day,TRACK-81RXYR24,2025-05-31,2025-06-03,2025-05-30T00:00:00Z,2025-09-22T00:00:00Z
ORD-01994,CUS-0544,2024-11-25,PROD-006,2,1049.94,2099.88,USD,debit_card,paid,shipped,standard,TRACK-MU4QP4UL,2024-12-03,,2024-11-25T00:00:00Z,2025-07-04T00:00:00Z
ORD-01995,CUS-0436,2025-02-13,PROD-089,1,304.67,304.67,USD,debit_card,paid,delivered,standard,TRACK-VV6F4EUX,2025-02-19,2025-02-19,2025-02-13T00:00:00Z,2025-09-23T00:00:00Z
ORD-01996,CUS-0886,2025-05-23,PROD-075,1,343.41,343.41,USD,debit_card,paid,delivered,standard,TRACK-P4LEW4P2,2025-06-02,2025-06-05,2025-05-23T00:00:00Z,2025-06-03T00:00:00Z
ORD-01997,CUS-0678,2024-10-11,PROD-039,4,482.81,1931.24,USD,bank_transfer,paid,out_for_delivery,express,TRACK-79JMQ48B,2024-10-14,,2024-10-11T00:00:00Z,2024-10-20T00:00:00Z
ORD-01998,CUS-0714,2025-01-03,PROD-011,3,1007.07,3021.21,USD,debit_card,partially_refunded,refunded,express,TRACK-KX2Y5L3E,2025-01-06,2025-01-07,2025-01-03T00:00:00Z,2025-05-15T00:00:00Z
ORD-01999,CUS-0973,2025-07-16,PROD-035,3,297.43,892.29,USD,paypal,paid,shipped,next_day,TRACK-MYR77YH3,2025-07-17,,2025-07-16T00:00:00Z,2025-09-23T00:00:00Z
ORD-02000,CUS-0995,2024-01-04,PROD-024,3,522.20,1566.60,USD,debit_card,paid,placed,standard,TRACK-2YF7QTZ1,2024-01-12,,2024-01-04T00:00:00Z,2025-08-11T00:00:00Z
ORD-02001,CUS-0335,2025-06-03,PROD-087,5,89.66,448.30,USD,credit_card,paid,out_for_delivery,next_day,TRACK-T9450XPO,2025-06-04,,2025-06-03T00:00:00Z,2025-09-15T00:00:00Z
ORD-02002,CUS-0948,2025-09-16,PROD-055,5,407.21,2036.05,USD,credit_card,pending,placed,international,TRACK-QYLTX182,2025-10-05,,2025-09-16T00:00:00Z,2025-12-13T00:00:00Z
ORD-02003,CUS-0370,2024-02-27,PROD-006,4,1049.94,4199.76,USD,credit_card,paid,delivered,express,TRACK-2PIR2YJK,2024-02-29,2024-03-03,2024-02-27T00:00:00Z,2025-09-26T00:00:00Z
ORD-02004,CUS-0067,2024-04-24,PROD-076,4,158.70,634.80,USD,debit_card,paid,processing,next_day,TRACK-PM4Y2MGB,2024-04-25,,2024-04-24T00:00:00Z,2024-07-08T00:00:00Z
ORD-02005,CUS-0358,2025-09-19,PROD-055,4,407.21,1628.84,USD,credit_card,paid,delivered,express,TRACK-WFBYACH4,2025-09-22,2025-09-22,2025-09-19T00:00:00Z,2025-10-15T00:00:00Z
ORD-02006,CUS-0970,2025-05-06,PROD-099,3,110.41,331.23,USD,paypal,paid,processing,express,TRACK-UZ1KKTDN,2025-05-10,,2025-05-06T00:00:00Z,2025-08-04T00:00:00Z
ORD-02007,CUS-0930,2025-09-19,PROD-079,1,363.45,363.45,USD,paypal,paid,confirmed,next_day,TRACK-G4PJI9TT,2025-09-20,,2025-09-19T00:00:00Z,2025-10-01T00:00:00Z
ORD-02008,CUS-0270,2024-12-31,PROD-056,5,520.14,2600.70,USD,debit_card,paid,shipped,standard,TRACK-XAGI30CN,2025-01-08,,2024-12-31T00:00:00Z,2025-12-14T00:00:00Z
ORD-02009,CUS-0444,2025-08-16,PROD-083,3,189.30,567.90,USD,credit_card,paid,confirmed,express,TRACK-8KGYZM50,2025-08-19,,2025-08-16T00:00:00Z,2025-12-29T00:00:00Z
ORD-02010,CUS-0513,2025-01-29,PROD-039,2,482.81,965.62,USD,debit_card,paid,out_for_delivery,express,TRACK-IWWL0A9G,2025-02-01,,2025-01-29T00:00:00Z,2025-04-08T00:00:00Z
ORD-02011,CUS-0701,2025-04-09,PROD-011,5,1007.07,5035.35,USD,paypal,paid,processing,standard,TRACK-OM8LHPWF,2025-04-19,,2025-04-09T00:00:00Z,2025-09-12T00:00:00Z
ORD-02012,CUS-0692,2025-12-20,PROD-100,5,46.48,232.40,USD,paypal,paid,processing,express,TRACK-F8Z1R505,2025-12-24,,2025-12-20T00:00:00Z,2025-12-24T00:00:00Z
ORD-02013,CUS-0882,2024-03-22,PROD-077,2,484.12,968.24,USD,bank_transfer,failed,cancelled,express,TRACK-FRJ2NWBA,2024-03-25,,2024-03-22T00:00:00Z,2024-09-07T00:00:00Z
ORD-02014,CUS-0612,2025-09-27,PROD-049,4,49.02,196.08,USD,debit_card,paid,shipped,international,TRACK-K0RCSFKJ,2025-10-07,,2025-09-27T00:00:00Z,2025-10-10T00:00:00Z
ORD-02015,CUS-0581,2024-05-17,PROD-009,5,788.22,3941.10,USD,debit_card,paid,delayed,standard,TRACK-IYQ9GNTD,2024-05-26,,2024-05-17T00:00:00Z,2024-12-30T00:00:00Z
ORD-02016,CUS-0820,2024-11-21,PROD-046,1,67.55,67.55,USD,credit_card,pending,placed,standard,TRACK-HCC5ZSNP,2024-11-27,,2024-11-21T00:00:00Z,2025-03-13T00:00:00Z
ORD-02017,CUS-0489,2025-12-12,PROD-008,1,1441.53,1441.53,USD,credit_card,paid,delivered,next_day,TRACK-CXQUD8M8,2025-12-13,2025-12-16,2025-12-12T00:00:00Z,2025-12-12T00:00:00Z
ORD-02018,CUS-0190,2025-12-23,PROD-014,4,474.04,1896.16,USD,paypal,paid,processing,standard,TRACK-IV3XD5AX,2025-12-30,,2025-12-23T00:00:00Z,2025-12-25T00:00:00Z
ORD-02019,CUS-0424,2024-03-19,PROD-021,5,373.51,1867.55,USD,paypal,paid,delivered,standard,TRACK-7F06AACS,2024-03-26,2024-03-28,2024-03-19T00:00:00Z,2025-11-16T00:00:00Z
ORD-02020,CUS-0437,2024-02-24,PROD-052,2,580.62,1161.24,USD,credit_card,partially_refunded,returned,standard,TRACK-9JMZ43D3,2024-03-05,2024-03-05,2024-02-24T00:00:00Z,2024-12-30T00:00:00Z
ORD-02021,CUS-0348,2024-03-25,PROD-007,3,2312.54,6937.62,USD,debit_card,paid,delivered,standard,TRACK-ZUL867WC,2024-03-31,2024-04-03,2024-03-25T00:00:00Z,2025-11-29T00:00:00Z
ORD-02022,CUS-0800,2025-12-20,PROD-025,3,499.30,1497.90,USD,credit_card,paid,delayed,international,TRACK-RRPBL64L,2025-12-31,,2025-12-20T00:00:00Z,2025-12-27T00:00:00Z
ORD-02023,CUS-0359,2024-10-06,PROD-002,2,2846.71,5693.42,USD,bank_transfer,paid,confirmed,express,TRACK-51N5XYOD,2024-10-10,,2024-10-06T00:00:00Z,2025-06-14T00:00:00Z
ORD-02024,CUS-0346,2024-04-18,PROD-034,5,347.18,1735.90,USD,paypal,paid,confirmed,international,TRACK-R2KU2NNU,2024-04-30,,2024-04-18T00:00:00Z,2025-09-11T00:00:00Z
ORD-02025,CUS-0688,2024-12-28,PROD-043,4,53.52,214.08,USD,bank_transfer,pending,placed,express,TRACK-RT4LBJK6,2024-12-31,,2024-12-28T00:00:00Z,2025-03-08T00:00:00Z
ORD-02026,CUS-0640,2024-05-28,PROD-034,4,347.18,1388.72,USD,paypal,paid,out_for_delivery,next_day,TRACK-ATZ4C3IY,2024-05-29,,2024-05-28T00:00:00Z,2025-07-27T00:00:00Z
ORD-02027,CUS-0790,2025-02-24,PROD-023,5,955.05,4775.25,USD,debit_card,paid,shipped,express,TRACK-8PKJOUSK,2025-02-26,,2025-02-24T00:00:00Z,2025-09-07T00:00:00Z
ORD-02028,CUS-0676,2024-03-21,PROD-069,4,271.07,1084.28,USD,debit_card,paid,delivered,standard,TRACK-PCJPUF7V,2024-03-31,2024-04-03,2024-03-21T00:00:00Z,2025-05-15T00:00:00Z
ORD-02029,CUS-0755,2025-11-30,PROD-014,1,474.04,474.04,USD,bank_transfer,paid,shipped,standard,TRACK-52LBRAY5,2025-12-07,,2025-11-30T00:00:00Z,2025-12-07T00:00:00Z
ORD-02030,CUS-0728,2025-07-03,PROD-096,1,93.24,93.24,USD,credit_card,paid,placed,express,TRACK-TGKNQDW7,2025-07-06,,2025-07-03T00:00:00Z,2025-10-21T00:00:00Z
ORD-02031,CUS-0439,2024-05-14,PROD-063,1,328.94,328.94,USD,debit_card,paid,delivered,standard,TRACK-2G1K5JAW,2024-05-20,2024-05-20,2024-05-14T00:00:00Z,2024-10-23T00:00:00Z
ORD-02032,CUS-0464,2025-01-07,PROD-023,5,955.05,4775.25,USD,paypal,paid,out_for_delivery,standard,TRACK-H8Q92BSU,2025-01-13,,2025-01-07T00:00:00Z,2025-01-30T00:00:00Z
ORD-02033,CUS-0354,2025-08-21,PROD-076,3,158.70,476.10,USD,credit_card,paid,cancelled,express,TRACK-W1V49TDY,2025-08-23,,2025-08-21T00:00:00Z,2025-12-02T00:00:00Z
ORD-02034,CUS-0817,2024-03-03,PROD-017,5,657.92,3289.60,USD,credit_card,paid,processing,standard,TRACK-04TFRX24,2024-03-13,,2024-03-03T00:00:00Z,2024-04-20T00:00:00Z
ORD-02035,CUS-0753,2025-02-11,PROD-084,2,52.10,104.20,USD,debit_card,paid,out_for_delivery,standard,TRACK-67W5WLO6,2025-02-16,,2025-02-11T00:00:00Z,2025-09-10T00:00:00Z
ORD-02036,CUS-0156,2025-02-19,PROD-074,3,76.36,229.08,USD,credit_card,paid,delivered,express,TRACK-70N9EM9N,2025-02-22,2025-02-23,2025-02-19T00:00:00Z,2025-03-22T00:00:00Z
ORD-02037,CUS-0634,2024-07-01,PROD-019,3,1140.33,3420.99,USD,paypal,failed,cancelled,standard,TRACK-296NJWU7,2024-07-07,,2024-07-01T00:00:00Z,2025-11-22T00:00:00Z
ORD-02038,CUS-0934,2025-07-02,PROD-013,2,1278.38,2556.76,USD,credit_card,paid,delivered,standard,TRACK-619XPLKK,2025-07-08,2025-07-09,2025-07-02T00:00:00Z,2025-07-03T00:00:00Z
ORD-02039,CUS-0284,2024-03-04,PROD-056,2,520.14,1040.28,USD,debit_card,paid,delivered,standard,TRACK-4ZATZ8RB,2024-03-11,2024-03-12,2024-03-04T00:00:00Z,2025-03-20T00:00:00Z
ORD-02040,CUS-0639,2024-10-18,PROD-001,3,2193.82,6581.46,USD,debit_card,paid,out_for_delivery,express,TRACK-9W803CQE,2024-10-22,,2024-10-18T00:00:00Z,2025-08-09T00:00:00Z
ORD-02041,CUS-0025,2025-04-11,PROD-021,4,373.51,1494.04,USD,debit_card,paid,shipped,standard,TRACK-9A7B726E,2025-04-20,,2025-04-11T00:00:00Z,2025-09-25T00:00:00Z
ORD-02042,CUS-0938,2024-12-02,PROD-063,3,328.94,986.82,USD,debit_card,paid,out_for_delivery,express,TRACK-SAKRAFFL,2024-12-04,,2024-12-02T00:00:00Z,2025-02-23T00:00:00Z
ORD-02043,CUS-0353,2024-08-17,PROD-041,2,22.71,45.42,USD,paypal,pending,placed,express,TRACK-MLNCGFQD,2024-08-20,,2024-08-17T00:00:00Z,2025-05-05T00:00:00Z
ORD-02044,CUS-0486,2024-12-19,PROD-087,1,89.66,89.66,USD,credit_card,paid,delivered,standard,TRACK-H50ETJSM,2024-12-24,2024-12-26,2024-12-19T00:00:00Z,2025-02-22T00:00:00Z
ORD-02045,CUS-0023,2024-01-04,PROD-092,4,102.76,411.04,USD,debit_card,paid,shipped,standard,TRACK-90NLU6H2,2024-01-10,,2024-01-04T00:00:00Z,2025-02-23T00:00:00Z
ORD-02046,CUS-0717,2024-05-28,PROD-080,4,255.93,1023.72,USD,debit_card,paid,delivered,express,TRACK-JIQWB7YG,2024-05-30,2024-05-30,2024-05-28T00:00:00Z,2024-07-19T00:00:00Z
ORD-02047,CUS-0376,2024-07-22,PROD-053,4,574.29,2297.16,USD,debit_card,failed,cancelled,standard,TRACK-F34HH4WE,2024-07-29,,2024-07-22T00:00:00Z,2024-10-01T00:00:00Z
ORD-02048,CUS-0582,2025-03-16,PROD-029,4,868.72,3474.88,USD,debit_card,paid,delivered,standard,TRACK-PHPYHX68,2025-03-26,2025-03-28,2025-03-16T00:00:00Z,2025-10-17T00:00:00Z
ORD-02049,CUS-0566,2024-04-30,PROD-098,3,168.10,504.30,USD,crypto,paid,placed,standard,TRACK-6NIX9TWU,2024-05-08,,2024-04-30T00:00:00Z,2024-12-19T00:00:00Z
ORD-02050,CUS-0246,2024-02-17,PROD-087,2,89.66,179.32,USD,credit_card,paid,processing,standard,TRACK-F3IHSWIX,2024-02-25,,2024-02-17T00:00:00Z,2024-07-14T00:00:00Z
ORD-02051,CUS-0333,2025-09-17,PROD-004,2,2579.89,5159.78,USD,debit_card,paid,out_for_delivery,standard,TRACK-A2I477PK,2025-09-22,,2025-09-17T00:00:00Z,2025-12-09T00:00:00Z
ORD-02052,CUS-0157,2024-02-13,PROD-050,2,81.10,162.20,USD,credit_card,paid,out_for_delivery,express,TRACK-0V8HSM8R,2024-02-17,,2024-02-13T00:00:00Z,2025-09-03T00:00:00Z
ORD-02053,CUS-0794,2024-05-30,PROD-068,2,296.26,592.52,USD,debit_card,paid,processing,standard,TRACK-UBV9TKRW,2024-06-07,,2024-05-30T00:00:00Z,2024-09-08T00:00:00Z
ORD-02054,CUS-0537,2025-02-09,PROD-089,2,304.67,609.34,USD,credit_card,paid,confirmed,express,TRACK-SW23OGQ7,2025-02-13,,2025-02-09T00:00:00Z,2025-10-25T00:00:00Z
ORD-02055,CUS-0665,2024-03-10,PROD-084,4,52.10,208.40,USD,paypal,paid,delivered,express,TRACK-NA164S6C,2024-03-12,2024-03-15,2024-03-10T00:00:00Z,2024-04-27T00:00:00Z
ORD-02056,CUS-0320,2024-06-16,PROD-094,3,179.49,538.47,USD,credit_card,paid,confirmed,next_day,TRACK-JL7P1YVF,2024-06-17,,2024-06-16T00:00:00Z,2024-09-27T00:00:00Z
ORD-02057,CUS-0682,2025-09-16,PROD-079,4,363.45,1453.80,USD,credit_card,partially_refunded,refunded,standard,TRACK-HBCHUAT4,2025-09-26,2025-09-28,2025-09-16T00:00:00Z,2025-11-22T00:00:00Z
ORD-02058,CUS-0467,2025-08-10,PROD-071,1,489.66,489.66,USD,credit_card,partially_refunded,refunded,express,TRACK-IJ6LNY6W,2025-08-13,2025-08-13,2025-08-10T00:00:00Z,2025-09-04T00:00:00Z
ORD-02059,CUS-0222,2025-11-17,PROD-009,5,788.22,3941.10,USD,paypal,paid,delivered,express,TRACK-Z0OC7VUW,2025-11-20,2025-11-21,2025-11-17T00:00:00Z,2025-11-18T00:00:00Z
ORD-02060,CUS-0544,2025-07-23,PROD-064,1,384.19,384.19,USD,debit_card,refunded,cancelled,express,TRACK-S7XM7IDP,2025-07-27,,2025-07-23T00:00:00Z,2025-11-27T00:00:00Z
ORD-02061,CUS-0024,2024-03-23,PROD-037,3,290.16,870.48,USD,debit_card,paid,delayed,standard,TRACK-R8DWPZKG,2024-03-28,,2024-03-23T00:00:00Z,2025-03-04T00:00:00Z
ORD-02062,CUS-0398,2024-10-03,PROD-018,4,1487.38,5949.52,USD,debit_card,paid,delivered,standard,TRACK-8JHE9FI3,2024-10-10,2024-10-13,2024-10-03T00:00:00Z,2025-05-13T00:00:00Z
ORD-02063,CUS-0139,2025-06-24,PROD-005,3,925.08,2775.24,USD,credit_card,failed,cancelled,express,TRACK-J6JAEPK8,2025-06-26,,2025-06-24T00:00:00Z,2025-11-24T00:00:00Z
ORD-02064,CUS-0630,2025-05-12,PROD-090,5,289.84,1449.20,USD,paypal,paid,delivered,express,TRACK-ME6XKJUP,2025-05-15,2025-05-16,2025-05-12T00:00:00Z,2025-06-26T00:00:00Z
ORD-02065,CUS-0587,2024-02-26,PROD-078,4,251.87,1007.48,USD,credit_card,paid,confirmed,next_day,TRACK-PWBXD9JI,2024-02-27,,2024-02-26T00:00:00Z,2025-05-19T00:00:00Z
ORD-02066,CUS-0735,2025-07-24,PROD-030,4,342.95,1371.80,USD,debit_card,paid,delivered,express,TRACK-HIEHT1SE,2025-07-27,2025-07-29,2025-07-24T00:00:00Z,2025-11-29T00:00:00Z
ORD-02067,CUS-0758,2024-07-10,PROD-054,5,511.50,2557.50,USD,paypal,paid,out_for_delivery,express,TRACK-9CMNJTUL,2024-07-13,,2024-07-10T00:00:00Z,2024-09-29T00:00:00Z
ORD-02068,CUS-0723,2025-08-16,PROD-040,2,337.08,674.16,USD,paypal,paid,out_for_delivery,express,TRACK-INXB0FP5,2025-08-19,,2025-08-16T00:00:00Z,2025-08-25T00:00:00Z
ORD-02069,CUS-0600,2024-03-18,PROD-056,3,520.14,1560.42,USD,credit_card,paid,delivered,standard,TRACK-U4AVPMX5,2024-03-25,2024-03-27,2024-03-18T00:00:00Z,2024-11-27T00:00:00Z
ORD-02070,CUS-0040,2024-04-08,PROD-007,4,2312.54,9250.16,USD,credit_card,partially_refunded,returned,express,TRACK-E0RK1Y2A,2024-04-12,2024-04-14,2024-04-08T00:00:00Z,2024-08-19T00:00:00Z
ORD-02071,CUS-0349,2025-11-21,PROD-086,5,272.87,1364.35,USD,credit_card,paid,delivered,express,TRACK-Y3C1HD9N,2025-11-24,2025-11-24,2025-11-21T00:00:00Z,2025-12-19T00:00:00Z
ORD-02072,CUS-0061,2025-06-28,PROD-081,4,150.38,601.52,USD,credit_card,paid,delayed,standard,TRACK-53DYJXM8,2025-07-06,,2025-06-28T00:00:00Z,2025-08-12T00:00:00Z
ORD-02073,CUS-0152,2025-03-06,PROD-059,3,284.59,853.77,USD,credit_card,paid,processing,express,TRACK-X1OFPYM4,2025-03-08,,2025-03-06T00:00:00Z,2025-11-16T00:00:00Z
ORD-02074,CUS-0911,2025-11-19,PROD-063,3,328.94,986.82,USD,credit_card,paid,placed,standard,TRACK-FNUMZ98T,2025-11-27,,2025-11-19T00:00:00Z,2025-12-11T00:00:00Z
ORD-02075,CUS-0614,2025-07-28,PROD-082,4,235.36,941.44,USD,credit_card,refunded,returned,standard,TRACK-JCML8804,2025-08-03,2025-08-04,2025-07-28T00:00:00Z,2025-08-22T00:00:00Z
ORD-02076,CUS-0409,2024-08-24,PROD-036,1,341.40,341.40,USD,paypal,refunded,returned,next_day,TRACK-8E8QKXKI,2024-08-25,2024-08-26,2024-08-24T00:00:00Z,2025-08-18T00:00:00Z
ORD-02077,CUS-0317,2025-11-26,PROD-045,4,111.96,447.84,USD,bank_transfer,paid,delivered,express,TRACK-Y05B967E,2025-11-30,2025-12-03,2025-11-26T00:00:00Z,2025-12-13T00:00:00Z
ORD-02078,CUS-0936,2025-05-07,PROD-080,2,255.93,511.86,USD,credit_card,paid,delayed,next_day,TRACK-2H1D2OW2,2025-05-08,,2025-05-07T00:00:00Z,2025-05-12T00:00:00Z
ORD-02079,CUS-0033,2025-08-09,PROD-077,4,484.12,1936.48,USD,debit_card,paid,delivered,standard,TRACK-9WFUCWEE,2025-08-15,2025-08-18,2025-08-09T00:00:00Z,2025-12-16T00:00:00Z
ORD-02080,CUS-0358,2025-04-26,PROD-078,1,251.87,251.87,USD,credit_card,refunded,refunded,standard,TRACK-SCMNUUN4,2025-05-05,2025-05-07,2025-04-26T00:00:00Z,2025-07-02T00:00:00Z
ORD-02081,CUS-0695,2025-01-22,PROD-045,3,111.96,335.88,USD,credit_card,refunded,refunded,international,TRACK-IHJC5YSA,2025-02-21,2025-02-22,2025-01-22T00:00:00Z,2025-05-24T00:00:00Z
ORD-02082,CUS-0606,2025-09-16,PROD-043,3,53.52,160.56,USD,credit_card,paid,processing,express,TRACK-T264W0HY,2025-09-18,,2025-09-16T00:00:00Z,2025-11-21T00:00:00Z
ORD-02083,CUS-0168,2025-10-14,PROD-010,1,1931.10,1931.10,USD,paypal,paid,delayed,standard,TRACK-OWDXCJ19,2025-10-23,,2025-10-14T00:00:00Z,2025-11-10T00:00:00Z
ORD-02084,CUS-0786,2025-10-12,PROD-060,4,420.27,1681.08,USD,credit_card,pending,placed,standard,TRACK-4PW8ZW7N,2025-10-18,,2025-10-12T00:00:00Z,2025-12-07T00:00:00Z
ORD-02085,CUS-0415,2024-09-18,PROD-023,2,955.05,1910.10,USD,paypal,paid,confirmed,standard,TRACK-QA1VB0BS,2024-09-28,,2024-09-18T00:00:00Z,2025-01-19T00:00:00Z
ORD-02086,CUS-0452,2025-06-13,PROD-078,4,251.87,1007.48,USD,credit_card,paid,out_for_delivery,standard,TRACK-F8GVP4N2,2025-06-22,,2025-06-13T00:00:00Z,2025-09-13T00:00:00Z
ORD-02087,CUS-0284,2024-04-20,PROD-035,5,297.43,1487.15,USD,credit_card,paid,delivered,standard,TRACK-96QZUSOF,2024-04-29,2024-04-29,2024-04-20T00:00:00Z,2025-06-23T00:00:00Z
ORD-02088,CUS-0823,2024-04-17,PROD-046,3,67.55,202.65,USD,bank_transfer,paid,delivered,express,TRACK-LRK4T0RD,2024-04-21,2024-04-23,2024-04-17T00:00:00Z,2024-12-02T00:00:00Z
ORD-02089,CUS-0198,2024-03-13,PROD-027,4,795.29,3181.16,USD,debit_card,paid,delivered,international,TRACK-I2HKR65W,2024-04-05,2024-04-05,2024-03-13T00:00:00Z,2025-04-05T00:00:00Z
ORD-02090,CUS-0370,2024-02-21,PROD-081,2,150.38,300.76,USD,paypal,paid,confirmed,standard,TRACK-22GTLVU5,2024-03-01,,2024-02-21T00:00:00Z,2025-06-10T00:00:00Z
ORD-02091,CUS-0058,2024-01-06,PROD-099,3,110.41,331.23,USD,credit_card,paid,confirmed,standard,TRACK-7I6BXPDZ,2024-01-13,,2024-01-06T00:00:00Z,2025-05-27T00:00:00Z
ORD-02092,CUS-0855,2025-09-04,PROD-050,2,81.10,162.20,USD,crypto,paid,confirmed,express,TRACK-QU3G58K4,2025-09-07,,2025-09-04T00:00:00Z,2025-09-27T00:00:00Z
ORD-02093,CUS-0184,2025-06-11,PROD-051,5,450.36,2251.80,USD,debit_card,paid,out_for_delivery,standard,TRACK-D0MY1HR4,2025-06-16,,2025-06-11T00:00:00Z,2025-09-02T00:00:00Z
ORD-02094,CUS-0457,2024-07-16,PROD-078,1,251.87,251.87,USD,paypal,paid,shipped,next_day,TRACK-KXJ2EZNJ,2024-07-17,,2024-07-16T00:00:00Z,2025-08-13T00:00:00Z
ORD-02095,CUS-0181,2024-09-26,PROD-082,2,235.36,470.72,USD,debit_card,paid,delivered,standard,TRACK-88ZFR7CM,2024-10-02,2024-10-05,2024-09-26T00:00:00Z,2025-03-14T00:00:00Z
ORD-02096,CUS-0006,2025-03-31,PROD-083,1,189.30,189.30,USD,credit_card,paid,shipped,standard,TRACK-6FD627DT,2025-04-08,,2025-03-31T00:00:00Z,2025-04-09T00:00:00Z
ORD-02097,CUS-0489,2025-08-15,PROD-046,1,67.55,67.55,USD,credit_card,paid,shipped,next_day,TRACK-NP6W30Y2,2025-08-16,,2025-08-15T00:00:00Z,2025-11-08T00:00:00Z
ORD-02098,CUS-0056,2024-10-03,PROD-092,2,102.76,205.52,USD,crypto,paid,shipped,standard,TRACK-1AGXMNKN,2024-10-13,,2024-10-03T00:00:00Z,2025-12-05T00:00:00Z
ORD-02099,CUS-0951,2025-01-06,PROD-051,4,450.36,1801.44,USD,credit_card,refunded,returned,express,TRACK-XRK1MPLA,2025-01-10,2025-01-11,2025-01-06T00:00:00Z,2025-05-10T00:00:00Z
ORD-02100,CUS-0056,2024-10-31,PROD-079,4,363.45,1453.80,USD,credit_card,paid,delayed,standard,TRACK-EZW5448M,2024-11-08,,2024-10-31T00:00:00Z,2026-01-01T00:00:00Z
ORD-02101,CUS-0810,2024-11-25,PROD-002,2,2846.71,5693.42,USD,paypal,paid,delayed,standard,TRACK-FV8ZC6PU,2024-11-30,,2024-11-25T00:00:00Z,2025-10-23T00:00:00Z
ORD-02102,CUS-0387,2024-12-26,PROD-015,1,987.77,987.77,USD,credit_card,paid,out_for_delivery,standard,TRACK-PEVH4QLC,2024-12-31,,2024-12-26T00:00:00Z,2025-08-18T00:00:00Z
ORD-02103,CUS-0673,2025-10-17,PROD-074,4,76.36,305.44,USD,debit_card,paid,out_for_delivery,express,TRACK-YDUKPUWY,2025-10-21,,2025-10-17T00:00:00Z,2025-11-20T00:00:00Z
ORD-02104,CUS-0631,2024-03-11,PROD-054,2,511.50,1023.00,USD,credit_card,paid,confirmed,express,TRACK-HS1TLQ4T,2024-03-15,,2024-03-11T00:00:00Z,2024-11-28T00:00:00Z
ORD-02105,CUS-0797,2025-04-11,PROD-028,3,249.80,749.40,USD,paypal,paid,delivered,express,TRACK-0TPG97GZ,2025-04-13,2025-04-13,2025-04-11T00:00:00Z,2025-11-22T00:00:00Z
ORD-02106,CUS-0067,2024-09-20,PROD-042,4,22.38,89.52,USD,credit_card,paid,cancelled,standard,TRACK-A3G17N40,2024-09-25,,2024-09-20T00:00:00Z,2025-11-21T00:00:00Z
ORD-02107,CUS-0336,2025-04-01,PROD-049,5,49.02,245.10,USD,debit_card,partially_refunded,refunded,standard,TRACK-T6GK3LV3,2025-04-06,2025-04-07,2025-04-01T00:00:00Z,2025-05-11T00:00:00Z
ORD-02108,CUS-0431,2024-02-27,PROD-042,5,22.38,111.90,USD,credit_card,paid,shipped,next_day,TRACK-G3HD6OI9,2024-02-28,,2024-02-27T00:00:00Z,2024-10-12T00:00:00Z
ORD-02109,CUS-0121,2025-09-17,PROD-084,1,52.10,52.10,USD,bank_transfer,paid,shipped,express,TRACK-0ZNUAJPB,2025-09-20,,2025-09-17T00:00:00Z,2025-10-26T00:00:00Z
ORD-02110,CUS-0289,2024-09-25,PROD-077,1,484.12,484.12,USD,credit_card,paid,delayed,next_day,TRACK-2CD1W6RU,2024-09-26,,2024-09-25T00:00:00Z,2025-12-12T00:00:00Z
ORD-02111,CUS-0721,2024-03-15,PROD-081,5,150.38,751.90,USD,credit_card,refunded,refunded,express,TRACK-2TBW4PYX,2024-03-19,2024-03-19,2024-03-15T00:00:00Z,2025-01-24T00:00:00Z
ORD-02112,CUS-0881,2025-03-15,PROD-011,4,1007.07,4028.28,USD,paypal,failed,cancelled,standard,TRACK-D1Y4K8O5,2025-03-20,,2025-03-15T00:00:00Z,2025-03-30T00:00:00Z
ORD-02113,CUS-0351,2025-06-15,PROD-095,3,106.35,319.05,USD,credit_card,paid,delivered,standard,TRACK-9AWRZVZZ,2025-06-21,2025-06-23,2025-06-15T00:00:00Z,2025-06-23T00:00:00Z
ORD-02114,CUS-0237,2024-07-21,PROD-008,1,1441.53,1441.53,USD,credit_card,paid,shipped,international,TRACK-25DMUP1Y,2024-08-19,,2024-07-21T00:00:00Z,2025-11-12T00:00:00Z
ORD-02115,CUS-0430,2025-10-22,PROD-034,1,347.18,347.18,USD,credit_card,paid,delivered,express,TRACK-8MSH9CUC,2025-10-24,2025-10-27,2025-10-22T00:00:00Z,2025-11-18T00:00:00Z
ORD-02116,CUS-0269,2024-05-17,PROD-080,2,255.93,511.86,USD,paypal,paid,out_for_delivery,international,TRACK-R1BLLYPG,2024-06-15,,2024-05-17T00:00:00Z,2025-05-21T00:00:00Z
ORD-02117,CUS-0760,2024-09-27,PROD-048,2,127.33,254.66,USD,crypto,paid,delivered,standard,TRACK-TGIWEL4R,2024-10-06,2024-10-08,2024-09-27T00:00:00Z,2024-11-17T00:00:00Z
ORD-02118,CUS-0689,2024-04-15,PROD-048,2,127.33,254.66,USD,credit_card,paid,delivered,international,TRACK-693I6HNS,2024-05-01,2024-05-04,2024-04-15T00:00:00Z,2024-08-13T00:00:00Z
ORD-02119,CUS-0474,2024-06-19,PROD-041,3,22.71,68.13,USD,paypal,paid,confirmed,next_day,TRACK-HKJF0U2R,2024-06-20,,2024-06-19T00:00:00Z,2025-09-04T00:00:00Z
ORD-02120,CUS-0334,2024-06-18,PROD-056,5,520.14,2600.70,USD,debit_card,pending,placed,standard,TRACK-NAZ4LLS9,2024-06-25,,2024-06-18T00:00:00Z,2024-12-09T00:00:00Z
ORD-02121,CUS-0628,2024-02-12,PROD-038,4,302.64,1210.56,USD,crypto,paid,cancelled,standard,TRACK-SG0S0U50,2024-02-17,,2024-02-12T00:00:00Z,2025-04-25T00:00:00Z
ORD-02122,CUS-0898,2024-06-10,PROD-097,3,43.21,129.63,USD,bank_transfer,failed,cancelled,next_day,TRACK-HACMEYP1,2024-06-11,,2024-06-10T00:00:00Z,2024-09-02T00:00:00Z
ORD-02123,CUS-0996,2025-04-16,PROD-053,3,574.29,1722.87,USD,debit_card,refunded,cancelled,standard,TRACK-N4WQA141,2025-04-23,,2025-04-16T00:00:00Z,2025-12-16T00:00:00Z
ORD-02124,CUS-0948,2025-01-23,PROD-044,5,26.86,134.30,USD,credit_card,paid,delivered,next_day,TRACK-P0D99VRS,2025-01-24,2025-01-26,2025-01-23T00:00:00Z,2025-10-09T00:00:00Z
ORD-02125,CUS-0189,2025-08-20,PROD-070,5,55.18,275.90,USD,credit_card,paid,delivered,standard,TRACK-2ZX195O3,2025-08-28,2025-08-30,2025-08-20T00:00:00Z,2025-12-22T00:00:00Z
ORD-02126,CUS-0812,2025-02-02,PROD-098,3,168.10,504.30,USD,crypto,failed,cancelled,standard,TRACK-FLN7FT5H,2025-02-09,,2025-02-02T00:00:00Z,2025-08-29T00:00:00Z
ORD-02127,CUS-0852,2025-11-23,PROD-033,3,249.21,747.63,USD,bank_transfer,paid,delayed,standard,TRACK-VYNHCCY7,2025-11-28,,2025-11-23T00:00:00Z,2025-12-20T00:00:00Z
ORD-02128,CUS-0584,2025-10-29,PROD-076,2,158.70,317.40,USD,credit_card,paid,delivered,standard,TRACK-MBN4HZWC,2025-11-04,2025-11-07,2025-10-29T00:00:00Z,2025-12-07T00:00:00Z
ORD-02129,CUS-0711,2025-05-11,PROD-024,5,522.20,2611.00,USD,bank_transfer,paid,shipped,express,TRACK-2DCPGANL,2025-05-15,,2025-05-11T00:00:00Z,2025-08-25T00:00:00Z
ORD-02130,CUS-0935,2024-11-19,PROD-023,1,955.05,955.05,USD,bank_transfer,paid,delivered,standard,TRACK-WCHGTWY3,2024-11-29,2024-12-02,2024-11-19T00:00:00Z,2024-12-04T00:00:00Z
ORD-02131,CUS-0538,2024-04-03,PROD-009,1,788.22,788.22,USD,credit_card,paid,out_for_delivery,standard,TRACK-VG8ZA2OB,2024-04-13,,2024-04-03T00:00:00Z,2025-10-26T00:00:00Z
ORD-02132,CUS-0679,2024-10-20,PROD-065,3,339.44,1018.32,USD,debit_card,paid,delayed,standard,TRACK-H3EEHP2Z,2024-10-28,,2024-10-20T00:00:00Z,2025-02-05T00:00:00Z
ORD-02133,CUS-0885,2024-08-17,PROD-072,1,172.02,172.02,USD,credit_card,paid,delivered,standard,TRACK-YS2I6ZBV,2024-08-25,2024-08-28,2024-08-17T00:00:00Z,2025-12-20T00:00:00Z
ORD-02134,CUS-0790,2025-06-08,PROD-049,3,49.02,147.06,USD,paypal,paid,confirmed,express,TRACK-E1B34RQV,2025-06-12,,2025-06-08T00:00:00Z,2025-08-05T00:00:00Z
ORD-02135,CUS-0108,2024-06-12,PROD-016,4,551.74,2206.96,USD,bank_transfer,paid,shipped,next_day,TRACK-PNHEHERE,2024-06-13,,2024-06-12T00:00:00Z,2024-06-29T00:00:00Z
ORD-02136,CUS-0316,2025-12-21,PROD-023,2,955.05,1910.10,USD,credit_card,failed,cancelled,standard,TRACK-ST5TVGOA,2025-12-28,,2025-12-21T00:00:00Z,2025-12-27T00:00:00Z
ORD-02137,CUS-0353,2025-04-09,PROD-017,2,657.92,1315.84,USD,paypal,refunded,cancelled,express,TRACK-5DUI7A6C,2025-04-13,,2025-04-09T00:00:00Z,2025-07-10T00:00:00Z
ORD-02138,CUS-0776,2024-03-06,PROD-042,2,22.38,44.76,USD,paypal,paid,shipped,next_day,TRACK-GHXCX8G4,2024-03-07,,2024-03-06T00:00:00Z,2025-09-30T00:00:00Z
ORD-02139,CUS-0909,2025-09-03,PROD-012,3,922.70,2768.10,USD,paypal,paid,placed,standard,TRACK-WCZ3BQFR,2025-09-08,,2025-09-03T00:00:00Z,2025-12-07T00:00:00Z
ORD-02140,CUS-0290,2024-02-19,PROD-047,5,81.88,409.40,USD,debit_card,refunded,refunded,express,TRACK-06Y5MIHA,2024-02-22,2024-02-23,2024-02-19T00:00:00Z,2024-07-03T00:00:00Z
ORD-02141,CUS-0334,2024-02-06,PROD-009,3,788.22,2364.66,USD,credit_card,paid,cancelled,standard,TRACK-NEI5NC0M,2024-02-12,,2024-02-06T00:00:00Z,2025-12-10T00:00:00Z
ORD-02142,CUS-0129,2025-08-28,PROD-004,4,2579.89,10319.56,USD,credit_card,paid,out_for_delivery,standard,TRACK-5743F9RD,2025-09-03,,2025-08-28T00:00:00Z,2025-11-08T00:00:00Z
ORD-02143,CUS-0647,2025-03-05,PROD-088,4,191.92,767.68,USD,credit_card,paid,shipped,standard,TRACK-UINXS8RH,2025-03-14,,2025-03-05T00:00:00Z,2025-12-31T00:00:00Z
ORD-02144,CUS-0328,2024-01-20,PROD-065,1,339.44,339.44,USD,debit_card,paid,placed,standard,TRACK-OYRBZPIE,2024-01-28,,2024-01-20T00:00:00Z,2024-01-25T00:00:00Z
ORD-02145,CUS-0989,2024-08-18,PROD-003,5,986.69,4933.45,USD,credit_card,paid,shipped,next_day,TRACK-6N4SYZK4,2024-08-19,,2024-08-18T00:00:00Z,2025-07-13T00:00:00Z
ORD-02146,CUS-0166,2024-04-10,PROD-008,5,1441.53,7207.65,USD,paypal,paid,confirmed,next_day,TRACK-6AHANMVT,2024-04-11,,2024-04-10T00:00:00Z,2024-04-17T00:00:00Z
ORD-02147,CUS-0416,2024-01-17,PROD-096,5,93.24,466.20,USD,debit_card,paid,confirmed,express,TRACK-1B8E9UF3,2024-01-20,,2024-01-17T00:00:00Z,2025-10-27T00:00:00Z
ORD-02148,CUS-0363,2024-10-14,PROD-003,4,986.69,3946.76,USD,credit_card,paid,placed,next_day,TRACK-FFWS890Y,2024-10-15,,2024-10-14T00:00:00Z,2025-05-19T00:00:00Z
ORD-02149,CUS-0551,2025-10-13,PROD-096,5,93.24,466.20,USD,credit_card,paid,cancelled,express,TRACK-2FFA489C,2025-10-15,,2025-10-13T00:00:00Z,2025-12-01T00:00:00Z
ORD-02150,CUS-0802,2024-12-13,PROD-087,2,89.66,179.32,USD,debit_card,paid,shipped,standard,TRACK-1DKF84QY,2024-12-22,,2024-12-13T00:00:00Z,2025-05-13T00:00:00Z
ORD-02151,CUS-0346,2024-03-06,PROD-028,3,249.80,749.40,USD,credit_card,paid,shipped,standard,TRACK-M88BW69Z,2024-03-13,,2024-03-06T00:00:00Z,2025-06-30T00:00:00Z
ORD-02152,CUS-0201,2025-03-10,PROD-041,3,22.71,68.13,USD,credit_card,paid,confirmed,express,TRACK-YVHWB2AS,2025-03-12,,2025-03-10T00:00:00Z,2025-08-22T00:00:00Z
ORD-02153,CUS-0059,2025-06-18,PROD-083,1,189.30,189.30,USD,credit_card,paid,shipped,express,TRACK-XPFHAKR2,2025-06-20,,2025-06-18T00:00:00Z,2025-08-01T00:00:00Z
ORD-02154,CUS-0372,2024-12-09,PROD-022,3,500.24,1500.72,USD,credit_card,refunded,returned,next_day,TRACK-XG0QGGBU,2024-12-10,2024-12-12,2024-12-09T00:00:00Z,2025-08-17T00:00:00Z
ORD-02155,CUS-0379,2025-11-26,PROD-035,1,297.43,297.43,USD,bank_transfer,pending,placed,express,TRACK-WMTTTQWH,2025-11-30,,2025-11-26T00:00:00Z,2025-12-21T00:00:00Z
ORD-02156,CUS-0634,2024-04-15,PROD-081,1,150.38,150.38,USD,debit_card,paid,delayed,international,TRACK-6T2PXM8E,2024-04-26,,2024-04-15T00:00:00Z,2025-01-31T00:00:00Z
ORD-02157,CUS-0396,2025-02-22,PROD-036,4,341.40,1365.60,USD,credit_card,paid,shipped,express,TRACK-TMG6T7CY,2025-02-26,,2025-02-22T00:00:00Z,2025-06-28T00:00:00Z
ORD-02158,CUS-0814,2025-08-17,PROD-074,5,76.36,381.80,USD,credit_card,paid,confirmed,express,TRACK-55UGPASW,2025-08-19,,2025-08-17T00:00:00Z,2025-10-17T00:00:00Z
ORD-02159,CUS-0542,2024-06-05,PROD-087,3,89.66,268.98,USD,crypto,paid,delivered,standard,TRACK-AG75TO3E,2024-06-10,2024-06-10,2024-06-05T00:00:00Z,2025-05-28T00:00:00Z
ORD-02160,CUS-0191,2024-07-29,PROD-068,5,296.26,1481.30,USD,credit_card,paid,delayed,standard,TRACK-4MAPHAYI,2024-08-03,,2024-07-29T00:00:00Z,2025-05-21T00:00:00Z
ORD-02161,CUS-0020,2025-03-17,PROD-014,4,474.04,1896.16,USD,paypal,paid,out_for_delivery,express,TRACK-VZ5UX0L4,2025-03-19,,2025-03-17T00:00:00Z,2025-11-06T00:00:00Z
ORD-02162,CUS-0036,2024-12-28,PROD-078,4,251.87,1007.48,USD,debit_card,paid,shipped,international,TRACK-L7J4V9EL,2025-01-23,,2024-12-28T00:00:00Z,2025-08-07T00:00:00Z
ORD-02163,CUS-0483,2025-07-19,PROD-027,3,795.29,2385.87,USD,paypal,paid,processing,international,TRACK-YW0NRVVQ,2025-08-03,,2025-07-19T00:00:00Z,2025-10-23T00:00:00Z
ORD-02164,CUS-0185,2025-02-22,PROD-095,2,106.35,212.70,USD,credit_card,paid,confirmed,express,TRACK-H88RBYWC,2025-02-26,,2025-02-22T00:00:00Z,2025-08-08T00:00:00Z
ORD-02165,CUS-0419,2024-11-24,PROD-052,1,580.62,580.62,USD,debit_card,partially_refunded,returned,standard,TRACK-YLAQS4FU,2024-12-03,2024-12-06,2024-11-24T00:00:00Z,2025-11-14T00:00:00Z
ORD-02166,CUS-0561,2025-10-18,PROD-011,4,1007.07,4028.28,USD,debit_card,paid,placed,next_day,TRACK-WUQAYGI0,2025-10-19,,2025-10-18T00:00:00Z,2025-11-19T00:00:00Z
ORD-02167,CUS-0747,2024-08-08,PROD-085,4,152.73,610.92,USD,debit_card,paid,processing,standard,TRACK-C8SJKG4R,2024-08-13,,2024-08-08T00:00:00Z,2025-01-01T00:00:00Z
ORD-02168,CUS-0424,2024-03-07,PROD-016,1,551.74,551.74,USD,credit_card,paid,delivered,standard,TRACK-Q7GQJT51,2024-03-17,2024-03-19,2024-03-07T00:00:00Z,2024-07-08T00:00:00Z
ORD-02169,CUS-0288,2024-12-23,PROD-042,4,22.38,89.52,USD,credit_card,failed,cancelled,standard,TRACK-CDOTVOIW,2024-12-28,,2024-12-23T00:00:00Z,2025-09-28T00:00:00Z
ORD-02170,CUS-0890,2025-06-19,PROD-083,5,189.30,946.50,USD,credit_card,paid,shipped,express,TRACK-GETNS9DN,2025-06-22,,2025-06-19T00:00:00Z,2025-10-29T00:00:00Z
ORD-02171,CUS-0543,2025-11-25,PROD-007,3,2312.54,6937.62,USD,credit_card,refunded,returned,international,TRACK-8EKOZU2P,2025-12-19,2025-12-20,2025-11-25T00:00:00Z,2025-12-19T00:00:00Z
ORD-02172,CUS-0035,2025-04-13,PROD-070,2,55.18,110.36,USD,bank_transfer,paid,delayed,express,TRACK-4CUYSG61,2025-04-17,,2025-04-13T00:00:00Z,2025-07-25T00:00:00Z
ORD-02173,CUS-0533,2024-01-08,PROD-096,3,93.24,279.72,USD,debit_card,paid,shipped,next_day,TRACK-I1X2IUXO,2024-01-09,,2024-01-08T00:00:00Z,2025-03-05T00:00:00Z
ORD-02174,CUS-0262,2024-07-08,PROD-075,4,343.41,1373.64,USD,paypal,paid,processing,next_day,TRACK-9TD57REZ,2024-07-09,,2024-07-08T00:00:00Z,2025-11-19T00:00:00Z
ORD-02175,CUS-0830,2025-07-25,PROD-090,1,289.84,289.84,USD,credit_card,paid,delivered,standard,TRACK-MHUNSI7D,2025-08-02,2025-08-05,2025-07-25T00:00:00Z,2025-11-06T00:00:00Z
ORD-02176,CUS-0053,2024-09-01,PROD-084,2,52.10,104.20,USD,paypal,paid,delivered,standard,TRACK-6RSOFRVA,2024-09-07,2024-09-10,2024-09-01T00:00:00Z,2025-08-18T00:00:00Z
ORD-02177,CUS-0257,2025-06-05,PROD-068,1,296.26,296.26,USD,debit_card,pending,placed,standard,TRACK-VPTGSIVH,2025-06-15,,2025-06-05T00:00:00Z,2025-08-28T00:00:00Z
ORD-02178,CUS-0928,2025-08-03,PROD-082,2,235.36,470.72,USD,paypal,refunded,refunded,international,TRACK-UF8GQ8DP,2025-08-24,2025-08-25,2025-08-03T00:00:00Z,2025-10-23T00:00:00Z
ORD-02179,CUS-0251,2025-03-07,PROD-100,5,46.48,232.40,USD,debit_card,paid,delivered,standard,TRACK-I8GPW3O4,2025-03-12,2025-03-14,2025-03-07T00:00:00Z,2025-05-27T00:00:00Z
ORD-02180,CUS-0237,2025-12-12,PROD-007,4,2312.54,9250.16,USD,credit_card,paid,out_for_delivery,standard,TRACK-CUNBDZCF,2025-12-17,,2025-12-12T00:00:00Z,2025-12-21T00:00:00Z
ORD-02181,CUS-0449,2024-06-11,PROD-014,1,474.04,474.04,USD,paypal,refunded,refunded,international,TRACK-PKQSOHQX,2024-07-08,2024-07-11,2024-06-11T00:00:00Z,2024-08-21T00:00:00Z
ORD-02182,CUS-0492,2024-05-13,PROD-029,4,868.72,3474.88,USD,paypal,paid,out_for_delivery,express,TRACK-AO1WXLCI,2024-05-17,,2024-05-13T00:00:00Z,2025-12-30T00:00:00Z
ORD-02183,CUS-0051,2025-01-03,PROD-055,4,407.21,1628.84,USD,bank_transfer,paid,shipped,next_day,TRACK-OTX8O7II,2025-01-04,,2025-01-03T00:00:00Z,2025-07-12T00:00:00Z
ORD-02184,CUS-0427,2024-03-28,PROD-100,5,46.48,232.40,USD,credit_card,paid,shipped,standard,TRACK-MQZ6NEV8,2024-04-06,,2024-03-28T00:00:00Z,2025-05-25T00:00:00Z
ORD-02185,CUS-0076,2025-11-28,PROD-069,5,271.07,1355.35,USD,credit_card,refunded,returned,express,TRACK-KTUF15NK,2025-12-01,2025-12-03,2025-11-28T00:00:00Z,2025-11-28T00:00:00Z
ORD-02186,CUS-0187,2025-02-03,PROD-045,4,111.96,447.84,USD,bank_transfer,paid,delivered,standard,TRACK-ERSW2VTC,2025-02-11,2025-02-11,2025-02-03T00:00:00Z,2025-02-04T00:00:00Z
ORD-02187,CUS-0986,2025-03-24,PROD-030,4,342.95,1371.80,USD,paypal,paid,processing,standard,TRACK-VA4S38KR,2025-03-29,,2025-03-24T00:00:00Z,2025-06-12T00:00:00Z
ORD-02188,CUS-0448,2025-07-16,PROD-079,1,363.45,363.45,USD,bank_transfer,paid,delivered,standard,TRACK-L4AO4WV7,2025-07-21,2025-07-24,2025-07-16T00:00:00Z,2025-11-21T00:00:00Z
ORD-02189,CUS-0212,2024-07-30,PROD-080,1,255.93,255.93,USD,debit_card,paid,processing,express,TRACK-KFQNKMB5,2024-08-02,,2024-07-30T00:00:00Z,2025-11-01T00:00:00Z
ORD-02190,CUS-0374,2024-11-23,PROD-047,4,81.88,327.52,USD,debit_card,paid,shipped,standard,TRACK-HFCA6R0A,2024-11-30,,2024-11-23T00:00:00Z,2024-12-23T00:00:00Z
ORD-02191,CUS-0893,2024-11-18,PROD-044,4,26.86,107.44,USD,credit_card,paid,processing,next_day,TRACK-W8KBO207,2024-11-19,,2024-11-18T00:00:00Z,2025-06-14T00:00:00Z
ORD-02192,CUS-0900,2024-03-09,PROD-087,3,89.66,268.98,USD,debit_card,paid,processing,standard,TRACK-PO2FKNVZ,2024-03-14,,2024-03-09T00:00:00Z,2024-06-03T00:00:00Z
ORD-02193,CUS-0301,2024-08-23,PROD-028,4,249.80,999.20,USD,credit_card,failed,cancelled,standard,TRACK-Q4NOAUJ9,2024-08-31,,2024-08-23T00:00:00Z,2025-03-01T00:00:00Z
ORD-02194,CUS-0200,2025-06-21,PROD-031,5,88.52,442.60,USD,bank_transfer,paid,confirmed,next_day,TRACK-LZ8VNBZ4,2025-06-22,,2025-06-21T00:00:00Z,2025-12-13T00:00:00Z
ORD-02195,CUS-0119,2025-04-22,PROD-066,3,77.92,233.76,USD,credit_card,paid,delivered,standard,TRACK-KKAPILQM,2025-04-28,2025-05-01,2025-04-22T00:00:00Z,2025-12-10T00:00:00Z
ORD-02196,CUS-0578,2025-04-05,PROD-031,5,88.52,442.60,USD,credit_card,pending,placed,standard,TRACK-X6HAXKH7,2025-04-15,,2025-04-05T00:00:00Z,2025-05-18T00:00:00Z
ORD-02197,CUS-0811,2024-10-08,PROD-026,3,295.00,885.00,USD,credit_card,paid,shipped,express,TRACK-VV7RMN41,2024-10-11,,2024-10-08T00:00:00Z,2025-02-12T00:00:00Z
ORD-02198,CUS-0059,2025-10-18,PROD-049,2,49.02,98.04,USD,debit_card,partially_refunded,refunded,express,TRACK-59PCYD2K,2025-10-20,2025-10-23,2025-10-18T00:00:00Z,2025-12-15T00:00:00Z
ORD-02199,CUS-0495,2025-05-13,PROD-049,5,49.02,245.10,USD,paypal,paid,shipped,express,TRACK-XX0ZE5NH,2025-05-15,,2025-05-13T00:00:00Z,2025-08-28T00:00:00Z
ORD-02200,CUS-0483,2024-12-02,PROD-041,4,22.71,90.84,USD,credit_card,paid,delivered,standard,TRACK-3BVMY7TW,2024-12-12,2024-12-14,2024-12-02T00:00:00Z,2025-03-16T00:00:00Z
ORD-02201,CUS-0574,2025-06-25,PROD-095,2,106.35,212.70,USD,paypal,paid,shipped,express,TRACK-QU8INR1S,2025-06-29,,2025-06-25T00:00:00Z,2025-11-21T00:00:00Z
ORD-02202,CUS-0401,2024-01-09,PROD-078,5,251.87,1259.35,USD,paypal,paid,delayed,express,TRACK-PUC8EYLB,2024-01-13,,2024-01-09T00:00:00Z,2024-10-27T00:00:00Z
ORD-02203,CUS-0625,2025-12-04,PROD-007,3,2312.54,6937.62,USD,credit_card,paid,delayed,standard,TRACK-QGBEKMFU,2025-12-09,,2025-12-04T00:00:00Z,2025-12-23T00:00:00Z
ORD-02204,CUS-0343,2025-04-16,PROD-033,2,249.21,498.42,USD,debit_card,paid,delivered,standard,TRACK-6Q95IEJ2,2025-04-22,2025-04-25,2025-04-16T00:00:00Z,2025-07-11T00:00:00Z
ORD-02205,CUS-0573,2024-08-21,PROD-004,3,2579.89,7739.67,USD,debit_card,paid,out_for_delivery,express,TRACK-VE6UXTRA,2024-08-25,,2024-08-21T00:00:00Z,2025-02-20T00:00:00Z
ORD-02206,CUS-0031,2024-07-14,PROD-014,5,474.04,2370.20,USD,crypto,paid,delivered,express,TRACK-H2W9O847,2024-07-17,2024-07-19,2024-07-14T00:00:00Z,2025-08-21T00:00:00Z
ORD-02207,CUS-0835,2024-04-04,PROD-032,4,126.22,504.88,USD,bank_transfer,paid,delayed,standard,TRACK-SGOP1SC6,2024-04-10,,2024-04-04T00:00:00Z,2025-10-31T00:00:00Z
ORD-02208,CUS-0402,2025-06-30,PROD-027,1,795.29,795.29,USD,debit_card,paid,processing,standard,TRACK-F2EYWPAJ,2025-07-08,,2025-06-30T00:00:00Z,2025-09-08T00:00:00Z
ORD-02209,CUS-0581,2025-04-08,PROD-063,1,328.94,328.94,USD,paypal,paid,delayed,standard,TRACK-OJ8IJUMD,2025-04-13,,2025-04-08T00:00:00Z,2025-12-02T00:00:00Z
ORD-02210,CUS-0390,2024-02-19,PROD-022,5,500.24,2501.20,USD,credit_card,paid,delivered,standard,TRACK-Z5W67FAA,2024-02-29,2024-03-01,2024-02-19T00:00:00Z,2025-02-16T00:00:00Z
ORD-02211,CUS-0253,2024-11-25,PROD-050,1,81.10,81.10,USD,credit_card,paid,shipped,standard,TRACK-OPPB7V5G,2024-12-02,,2024-11-25T00:00:00Z,2025-04-27T00:00:00Z
ORD-02212,CUS-0015,2024-05-05,PROD-035,3,297.43,892.29,USD,bank_transfer,paid,delivered,standard,TRACK-SJ2QS9D3,2024-05-13,2024-05-16,2024-05-05T00:00:00Z,2025-12-10T00:00:00Z
ORD-02213,CUS-0761,2024-09-04,PROD-026,2,295.00,590.00,USD,credit_card,paid,processing,standard,TRACK-P4LFDJ2Q,2024-09-12,,2024-09-04T00:00:00Z,2025-04-04T00:00:00Z
ORD-02214,CUS-0890,2025-11-15,PROD-092,2,102.76,205.52,USD,paypal,partially_refunded,returned,standard,TRACK-0KACLW79,2025-11-21,2025-11-22,2025-11-15T00:00:00Z,2025-12-11T00:00:00Z
ORD-02215,CUS-0378,2024-08-05,PROD-018,3,1487.38,4462.14,USD,bank_transfer,paid,delivered,express,TRACK-N6NPC32H,2024-08-09,2024-08-11,2024-08-05T00:00:00Z,2025-09-30T00:00:00Z
ORD-02216,CUS-0466,2024-06-26,PROD-087,4,89.66,358.64,USD,credit_card,paid,shipped,next_day,TRACK-B571WZSV,2024-06-27,,2024-06-26T00:00:00Z,2025-01-27T00:00:00Z
ORD-02217,CUS-0848,2024-08-05,PROD-043,3,53.52,160.56,USD,paypal,paid,cancelled,standard,TRACK-3MZ3E9YP,2024-08-15,,2024-08-05T00:00:00Z,2024-08-07T00:00:00Z
ORD-02218,CUS-0509,2025-06-07,PROD-089,1,304.67,304.67,USD,paypal,refunded,cancelled,express,TRACK-KZ24I11Q,2025-06-10,,2025-06-07T00:00:00Z,2025-06-29T00:00:00Z
ORD-02219,CUS-0516,2024-11-20,PROD-095,1,106.35,106.35,USD,credit_card,paid,shipped,express,TRACK-5EJ1YLJZ,2024-11-22,,2024-11-20T00:00:00Z,2024-12-20T00:00:00Z
ORD-02220,CUS-0412,2024-01-24,PROD-079,4,363.45,1453.80,USD,credit_card,paid,confirmed,express,TRACK-8Z1QXFIA,2024-01-26,,2024-01-24T00:00:00Z,2025-07-24T00:00:00Z
ORD-02221,CUS-0280,2024-11-12,PROD-049,2,49.02,98.04,USD,credit_card,partially_refunded,refunded,standard,TRACK-61TYJAVF,2024-11-22,2024-11-23,2024-11-12T00:00:00Z,2025-09-02T00:00:00Z
ORD-02222,CUS-0364,2025-04-28,PROD-007,5,2312.54,11562.70,USD,credit_card,paid,out_for_delivery,standard,TRACK-5MGAB1W1,2025-05-04,,2025-04-28T00:00:00Z,2025-11-04T00:00:00Z
ORD-02223,CUS-0638,2025-02-01,PROD-021,2,373.51,747.02,USD,paypal,paid,placed,next_day,TRACK-NZZ70NFS,2025-02-02,,2025-02-01T00:00:00Z,2025-10-13T00:00:00Z
ORD-02224,CUS-0381,2024-12-19,PROD-050,4,81.10,324.40,USD,bank_transfer,paid,delivered,standard,TRACK-43VV1HBY,2024-12-24,2024-12-26,2024-12-19T00:00:00Z,2025-08-03T00:00:00Z
ORD-02225,CUS-0561,2025-06-27,PROD-057,2,81.68,163.36,USD,credit_card,paid,delayed,express,TRACK-7A4MG5SV,2025-07-01,,2025-06-27T00:00:00Z,2025-06-30T00:00:00Z
ORD-02226,CUS-0699,2025-07-28,PROD-010,5,1931.10,9655.50,USD,credit_card,paid,delivered,standard,TRACK-WV1SO2YA,2025-08-05,2025-08-07,2025-07-28T00:00:00Z,2025-11-12T00:00:00Z
ORD-02227,CUS-0162,2024-11-23,PROD-086,4,272.87,1091.48,USD,paypal,paid,delivered,standard,TRACK-66Q73SMQ,2024-11-30,2024-11-30,2024-11-23T00:00:00Z,2025-09-01T00:00:00Z
ORD-02228,CUS-0892,2025-11-11,PROD-005,2,925.08,1850.16,USD,credit_card,paid,placed,next_day,TRACK-6BO6659H,2025-11-12,,2025-11-11T00:00:00Z,2025-12-21T00:00:00Z
ORD-02229,CUS-0409,2025-06-29,PROD-034,3,347.18,1041.54,USD,paypal,paid,out_for_delivery,express,TRACK-GGFWJ6JY,2025-07-01,,2025-06-29T00:00:00Z,2025-07-24T00:00:00Z
ORD-02230,CUS-0588,2024-03-23,PROD-062,5,282.17,1410.85,USD,bank_transfer,paid,delivered,international,TRACK-YEG11RGY,2024-04-22,2024-04-22,2024-03-23T00:00:00Z,2025-05-01T00:00:00Z
ORD-02231,CUS-0634,2024-09-15,PROD-081,2,150.38,300.76,USD,debit_card,refunded,returned,next_day,TRACK-1OXJCBYH,2024-09-16,2024-09-17,2024-09-15T00:00:00Z,2025-03-08T00:00:00Z
ORD-02232,CUS-0431,2024-05-18,PROD-047,1,81.88,81.88,USD,credit_card,paid,delivered,standard,TRACK-861GXCNW,2024-05-27,2024-05-28,2024-05-18T00:00:00Z,2024-08-18T00:00:00Z
ORD-02233,CUS-0339,2025-08-05,PROD-021,1,373.51,373.51,USD,credit_card,paid,placed,standard,TRACK-C05ZJ8TA,2025-08-12,,2025-08-05T00:00:00Z,2025-12-25T00:00:00Z
ORD-02234,CUS-0878,2024-08-28,PROD-085,1,152.73,152.73,USD,credit_card,paid,shipped,standard,TRACK-H4K4JKEN,2024-09-05,,2024-08-28T00:00:00Z,2025-04-05T00:00:00Z
ORD-02235,CUS-0466,2024-08-30,PROD-083,4,189.30,757.20,USD,bank_transfer,refunded,returned,standard,TRACK-JTBQ3AXQ,2024-09-08,2024-09-08,2024-08-30T00:00:00Z,2024-10-22T00:00:00Z
ORD-02236,CUS-0672,2025-04-12,PROD-013,1,1278.38,1278.38,USD,credit_card,paid,delivered,international,TRACK-OQ5PLWQN,2025-05-10,2025-05-10,2025-04-12T00:00:00Z,2025-08-05T00:00:00Z
ORD-02237,CUS-0409,2025-04-17,PROD-081,3,150.38,451.14,USD,bank_transfer,paid,delivered,international,TRACK-0KRVC931,2025-05-16,2025-05-17,2025-04-17T00:00:00Z,2025-12-20T00:00:00Z
ORD-02238,CUS-0542,2025-07-06,PROD-037,4,290.16,1160.64,USD,credit_card,paid,shipped,standard,TRACK-1TK4G5AW,2025-07-15,,2025-07-06T00:00:00Z,2025-07-12T00:00:00Z
ORD-02239,CUS-0807,2024-02-03,PROD-060,1,420.27,420.27,USD,debit_card,paid,placed,international,TRACK-QMQHZW22,2024-02-15,,2024-02-03T00:00:00Z,2024-09-05T00:00:00Z
ORD-02240,CUS-0542,2024-12-15,PROD-018,1,1487.38,1487.38,USD,credit_card,paid,confirmed,standard,TRACK-3WB4MFR8,2024-12-23,,2024-12-15T00:00:00Z,2025-11-30T00:00:00Z
ORD-02241,CUS-0255,2025-07-11,PROD-004,1,2579.89,2579.89,USD,paypal,paid,delayed,international,TRACK-7T939A6S,2025-08-03,,2025-07-11T00:00:00Z,2025-07-31T00:00:00Z
ORD-02242,CUS-0110,2025-01-11,PROD-022,5,500.24,2501.20,USD,debit_card,paid,placed,next_day,TRACK-5C9Y27ED,2025-01-12,,2025-01-11T00:00:00Z,2025-03-06T00:00:00Z
ORD-02243,CUS-0720,2025-06-12,PROD-052,1,580.62,580.62,USD,debit_card,pending,placed,next_day,TRACK-59696EM7,2025-06-13,,2025-06-12T00:00:00Z,2025-08-02T00:00:00Z
ORD-02244,CUS-0848,2025-04-07,PROD-084,1,52.10,52.10,USD,credit_card,paid,placed,international,TRACK-AOOXJ93D,2025-05-02,,2025-04-07T00:00:00Z,2025-10-03T00:00:00Z
ORD-02245,CUS-0896,2024-11-14,PROD-078,4,251.87,1007.48,USD,bank_transfer,paid,delivered,standard,TRACK-GQ9MLPNU,2024-11-23,2024-11-26,2024-11-14T00:00:00Z,2025-07-18T00:00:00Z
ORD-02246,CUS-0831,2024-08-14,PROD-097,5,43.21,216.05,USD,credit_card,paid,shipped,standard,TRACK-WNIFYIR3,2024-08-19,,2024-08-14T00:00:00Z,2025-07-26T00:00:00Z
ORD-02247,CUS-0742,2025-09-21,PROD-003,3,986.69,2960.07,USD,credit_card,paid,delivered,standard,TRACK-Y23M9DVN,2025-10-01,2025-10-02,2025-09-21T00:00:00Z,2025-10-19T00:00:00Z
ORD-02248,CUS-0060,2024-11-10,PROD-084,4,52.10,208.40,USD,credit_card,refunded,returned,standard,TRACK-ZPZN8VZY,2024-11-20,2024-11-21,2024-11-10T00:00:00Z,2025-12-26T00:00:00Z
ORD-02249,CUS-0797,2024-10-25,PROD-065,1,339.44,339.44,USD,credit_card,paid,shipped,international,TRACK-93Y61PT1,2024-11-06,,2024-10-25T00:00:00Z,2025-10-28T00:00:00Z
ORD-02250,CUS-0713,2025-02-22,PROD-094,4,179.49,717.96,USD,credit_card,pending,placed,standard,TRACK-8UC7XH7J,2025-03-03,,2025-02-22T00:00:00Z,2025-09-18T00:00:00Z
ORD-02251,CUS-0256,2025-03-21,PROD-042,5,22.38,111.90,USD,debit_card,paid,placed,express,TRACK-W78IRKZD,2025-03-24,,2025-03-21T00:00:00Z,2025-10-05T00:00:00Z
ORD-02252,CUS-0148,2025-07-03,PROD-013,4,1278.38,5113.52,USD,credit_card,paid,delivered,standard,TRACK-AOREXFT0,2025-07-12,2025-07-15,2025-07-03T00:00:00Z,2025-12-04T00:00:00Z
ORD-02253,CUS-0737,2024-06-25,PROD-082,5,235.36,1176.80,USD,credit_card,refunded,cancelled,express,TRACK-YUVUMSFF,2024-06-28,,2024-06-25T00:00:00Z,2025-02-08T00:00:00Z
ORD-02254,CUS-0105,2024-12-11,PROD-024,5,522.20,2611.00,USD,debit_card,paid,placed,express,TRACK-9IA2W90J,2024-12-14,,2024-12-11T00:00:00Z,2025-06-03T00:00:00Z
ORD-02255,CUS-0733,2024-05-12,PROD-024,3,522.20,1566.60,USD,debit_card,paid,out_for_delivery,express,TRACK-O27EVCNQ,2024-05-14,,2024-05-12T00:00:00Z,2024-10-06T00:00:00Z
ORD-02256,CUS-0645,2024-10-31,PROD-071,3,489.66,1468.98,USD,credit_card,paid,shipped,express,TRACK-BWLWM5JL,2024-11-04,,2024-10-31T00:00:00Z,2025-07-06T00:00:00Z
ORD-02257,CUS-0426,2024-11-15,PROD-054,5,511.50,2557.50,USD,credit_card,paid,out_for_delivery,standard,TRACK-ETIGPR1H,2024-11-24,,2024-11-15T00:00:00Z,2025-08-18T00:00:00Z
ORD-02258,CUS-0181,2024-05-10,PROD-082,3,235.36,706.08,USD,credit_card,paid,shipped,standard,TRACK-32TE5X53,2024-05-17,,2024-05-10T00:00:00Z,2025-09-20T00:00:00Z
ORD-02259,CUS-0435,2024-12-27,PROD-090,3,289.84,869.52,USD,paypal,paid,out_for_delivery,standard,TRACK-DXUDXK15,2025-01-05,,2024-12-27T00:00:00Z,2025-11-30T00:00:00Z
ORD-02260,CUS-0697,2025-10-06,PROD-011,2,1007.07,2014.14,USD,debit_card,paid,cancelled,next_day,TRACK-I2SK9ZYE,2025-10-07,,2025-10-06T00:00:00Z,2025-10-15T00:00:00Z
ORD-02261,CUS-0139,2025-05-16,PROD-057,1,81.68,81.68,USD,credit_card,partially_refunded,returned,next_day,TRACK-SM3V3DQJ,2025-05-17,2025-05-19,2025-05-16T00:00:00Z,2025-09-27T00:00:00Z
ORD-02262,CUS-0003,2024-07-15,PROD-085,1,152.73,152.73,USD,credit_card,paid,delayed,international,TRACK-T0FW5JDW,2024-08-06,,2024-07-15T00:00:00Z,2025-05-13T00:00:00Z
ORD-02263,CUS-0034,2025-12-12,PROD-020,5,848.04,4240.20,USD,debit_card,paid,processing,express,TRACK-JEOLQEAG,2025-12-16,,2025-12-12T00:00:00Z,2025-12-22T00:00:00Z
ORD-02264,CUS-0430,2025-02-27,PROD-023,1,955.05,955.05,USD,credit_card,refunded,refunded,standard,TRACK-UA551SAI,2025-03-04,2025-03-06,2025-02-27T00:00:00Z,2025-10-18T00:00:00Z
ORD-02265,CUS-0551,2025-07-13,PROD-020,4,848.04,3392.16,USD,debit_card,paid,cancelled,express,TRACK-W2XWB1GQ,2025-07-15,,2025-07-13T00:00:00Z,2025-07-29T00:00:00Z
ORD-02266,CUS-0922,2025-03-10,PROD-098,5,168.10,840.50,USD,paypal,paid,delivered,standard,TRACK-HZQ8OEJM,2025-03-20,2025-03-20,2025-03-10T00:00:00Z,2025-12-22T00:00:00Z
ORD-02267,CUS-0061,2024-01-03,PROD-058,2,354.13,708.26,USD,debit_card,paid,out_for_delivery,standard,TRACK-WF3V47XO,2024-01-10,,2024-01-03T00:00:00Z,2024-09-02T00:00:00Z
ORD-02268,CUS-0314,2024-06-20,PROD-075,4,343.41,1373.64,USD,crypto,paid,processing,express,TRACK-1WTXJLVB,2024-06-22,,2024-06-20T00:00:00Z,2025-02-10T00:00:00Z
ORD-02269,CUS-0963,2025-01-03,PROD-031,3,88.52,265.56,USD,debit_card,paid,cancelled,standard,TRACK-Q86XJXX3,2025-01-08,,2025-01-03T00:00:00Z,2025-02-13T00:00:00Z
ORD-02270,CUS-0679,2024-01-28,PROD-077,3,484.12,1452.36,USD,paypal,paid,shipped,express,TRACK-RHZFOJVY,2024-01-30,,2024-01-28T00:00:00Z,2025-10-13T00:00:00Z
ORD-02271,CUS-0305,2025-03-14,PROD-009,4,788.22,3152.88,USD,credit_card,paid,delivered,next_day,TRACK-XXGV6W0D,2025-03-15,2025-03-17,2025-03-14T00:00:00Z,2025-12-16T00:00:00Z
ORD-02272,CUS-0083,2025-07-29,PROD-010,5,1931.10,9655.50,USD,debit_card,partially_refunded,refunded,next_day,TRACK-FK2K0JJ4,2025-07-30,2025-07-31,2025-07-29T00:00:00Z,2025-09-14T00:00:00Z
ORD-02273,CUS-0566,2025-06-13,PROD-100,4,46.48,185.92,USD,credit_card,paid,shipped,express,TRACK-49RGACWA,2025-06-16,,2025-06-13T00:00:00Z,2025-07-03T00:00:00Z
ORD-02274,CUS-0584,2024-10-19,PROD-064,2,384.19,768.38,USD,debit_card,partially_refunded,refunded,express,TRACK-LF6EM3ZN,2024-10-23,2024-10-26,2024-10-19T00:00:00Z,2024-10-31T00:00:00Z
ORD-02275,CUS-0720,2025-07-14,PROD-089,3,304.67,914.01,USD,credit_card,paid,out_for_delivery,express,TRACK-0AMXE2NF,2025-07-18,,2025-07-14T00:00:00Z,2025-09-27T00:00:00Z
ORD-02276,CUS-0636,2025-11-30,PROD-083,3,189.30,567.90,USD,credit_card,paid,delayed,next_day,TRACK-BE6EYOX6,2025-12-01,,2025-11-30T00:00:00Z,2025-12-17T00:00:00Z
ORD-02277,CUS-0800,2024-02-21,PROD-055,5,407.21,2036.05,USD,credit_card,partially_refunded,returned,next_day,TRACK-RFKRKN88,2024-02-22,2024-02-23,2024-02-21T00:00:00Z,2025-05-16T00:00:00Z
ORD-02278,CUS-0136,2025-07-03,PROD-086,5,272.87,1364.35,USD,credit_card,pending,placed,next_day,TRACK-CZ3IXL1C,2025-07-04,,2025-07-03T00:00:00Z,2025-09-08T00:00:00Z
ORD-02279,CUS-0911,2024-05-17,PROD-100,1,46.48,46.48,USD,debit_card,paid,delivered,standard,TRACK-HL5RMI93,2024-05-26,2024-05-27,2024-05-17T00:00:00Z,2025-09-20T00:00:00Z
ORD-02280,CUS-0388,2025-04-05,PROD-045,3,111.96,335.88,USD,debit_card,paid,delivered,standard,TRACK-ESU75M0P,2025-04-13,2025-04-15,2025-04-05T00:00:00Z,2025-12-05T00:00:00Z
ORD-02281,CUS-0538,2025-11-04,PROD-022,4,500.24,2000.96,USD,credit_card,paid,shipped,express,TRACK-RIBGMOJ4,2025-11-06,,2025-11-04T00:00:00Z,2025-12-02T00:00:00Z
ORD-02282,CUS-0637,2024-12-23,PROD-066,2,77.92,155.84,USD,credit_card,paid,delivered,next_day,TRACK-WSKA3YLB,2024-12-24,2024-12-27,2024-12-23T00:00:00Z,2025-04-02T00:00:00Z
ORD-02283,CUS-0494,2025-03-13,PROD-006,5,1049.94,5249.70,USD,credit_card,refunded,returned,standard,TRACK-SVXHX4NW,2025-03-20,2025-03-22,2025-03-13T00:00:00Z,2025-06-12T00:00:00Z
ORD-02284,CUS-0589,2024-04-15,PROD-068,2,296.26,592.52,USD,credit_card,paid,processing,next_day,TRACK-FCYQ8QDS,2024-04-16,,2024-04-15T00:00:00Z,2025-05-06T00:00:00Z
ORD-02285,CUS-0453,2025-04-16,PROD-090,3,289.84,869.52,USD,paypal,refunded,refunded,standard,TRACK-BJWAVLFD,2025-04-23,2025-04-24,2025-04-16T00:00:00Z,2025-11-14T00:00:00Z
ORD-02286,CUS-0588,2024-10-04,PROD-099,4,110.41,441.64,USD,debit_card,paid,shipped,express,TRACK-HW1O8THS,2024-10-06,,2024-10-04T00:00:00Z,2025-08-23T00:00:00Z
ORD-02287,CUS-0756,2025-12-18,PROD-012,5,922.70,4613.50,USD,bank_transfer,paid,delivered,express,TRACK-N8LYTG2O,2025-12-21,2025-12-22,2025-12-18T00:00:00Z,2025-12-19T00:00:00Z
ORD-02288,CUS-0927,2025-04-02,PROD-089,5,304.67,1523.35,USD,credit_card,paid,delivered,next_day,TRACK-24GC9AL4,2025-04-03,2025-04-05,2025-04-02T00:00:00Z,2025-06-12T00:00:00Z
ORD-02289,CUS-0929,2025-06-28,PROD-081,3,150.38,451.14,USD,credit_card,partially_refunded,returned,express,TRACK-17PLU4XO,2025-06-30,2025-07-01,2025-06-28T00:00:00Z,2025-11-01T00:00:00Z
ORD-02290,CUS-0531,2025-04-06,PROD-031,2,88.52,177.04,USD,bank_transfer,paid,confirmed,express,TRACK-ZIULGI0J,2025-04-10,,2025-04-06T00:00:00Z,2025-07-03T00:00:00Z
ORD-02291,CUS-0207,2025-01-13,PROD-023,5,955.05,4775.25,USD,credit_card,pending,placed,standard,TRACK-M4CDNGZJ,2025-01-19,,2025-01-13T00:00:00Z,2025-03-06T00:00:00Z
ORD-02292,CUS-0933,2025-09-03,PROD-037,2,290.16,580.32,USD,credit_card,paid,delivered,express,TRACK-HRBHQW8E,2025-09-07,2025-09-07,2025-09-03T00:00:00Z,2025-10-21T00:00:00Z
ORD-02293,CUS-0003,2025-10-08,PROD-100,4,46.48,185.92,USD,credit_card,paid,shipped,standard,TRACK-JHYAX808,2025-10-14,,2025-10-08T00:00:00Z,2025-11-23T00:00:00Z
ORD-02294,CUS-0408,2024-03-16,PROD-036,4,341.40,1365.60,USD,credit_card,paid,delivered,express,TRACK-2XR3LDZ5,2024-03-19,2024-03-20,2024-03-16T00:00:00Z,2024-06-21T00:00:00Z
ORD-02295,CUS-0487,2025-10-27,PROD-017,2,657.92,1315.84,USD,credit_card,paid,delivered,express,TRACK-NJ0XTGB5,2025-10-29,2025-10-30,2025-10-27T00:00:00Z,2025-12-02T00:00:00Z
ORD-02296,CUS-0671,2024-06-06,PROD-061,2,118.46,236.92,USD,paypal,paid,shipped,standard,TRACK-7726BOCE,2024-06-12,,2024-06-06T00:00:00Z,2024-06-23T00:00:00Z
ORD-02297,CUS-0005,2025-01-09,PROD-035,5,297.43,1487.15,USD,credit_card,refunded,returned,express,TRACK-NWHBR1P2,2025-01-13,2025-01-14,2025-01-09T00:00:00Z,2025-06-29T00:00:00Z
ORD-02298,CUS-0375,2025-02-15,PROD-046,2,67.55,135.10,USD,credit_card,paid,delivered,express,TRACK-TSFJHUPT,2025-02-18,2025-02-18,2025-02-15T00:00:00Z,2025-08-10T00:00:00Z
ORD-02299,CUS-0734,2025-05-15,PROD-047,2,81.88,163.76,USD,debit_card,refunded,cancelled,express,TRACK-AW0EWAYA,2025-05-18,,2025-05-15T00:00:00Z,2025-12-27T00:00:00Z
ORD-02300,CUS-0931,2024-01-27,PROD-048,1,127.33,127.33,USD,paypal,paid,out_for_delivery,standard,TRACK-AO4MLVW8,2024-02-01,,2024-01-27T00:00:00Z,2025-03-09T00:00:00Z
ORD-02301,CUS-0331,2025-02-10,PROD-069,5,271.07,1355.35,USD,paypal,paid,out_for_delivery,international,TRACK-ZEHKBICI,2025-02-22,,2025-02-10T00:00:00Z,2025-04-04T00:00:00Z
ORD-02302,CUS-0889,2025-03-15,PROD-005,5,925.08,4625.40,USD,credit_card,paid,out_for_delivery,standard,TRACK-0I1MCY24,2025-03-25,,2025-03-15T00:00:00Z,2025-04-09T00:00:00Z
ORD-02303,CUS-1000,2025-07-14,PROD-020,4,848.04,3392.16,USD,credit_card,paid,confirmed,standard,TRACK-HTY61JZE,2025-07-21,,2025-07-14T00:00:00Z,2025-09-28T00:00:00Z
ORD-02304,CUS-0140,2024-09-24,PROD-019,5,1140.33,5701.65,USD,credit_card,paid,confirmed,standard,TRACK-IFY1CAGQ,2024-10-03,,2024-09-24T00:00:00Z,2025-06-29T00:00:00Z
ORD-02305,CUS-0676,2024-06-13,PROD-087,3,89.66,268.98,USD,paypal,paid,delivered,standard,TRACK-CVRD7M1V,2024-06-21,2024-06-21,2024-06-13T00:00:00Z,2025-10-22T00:00:00Z
ORD-02306,CUS-0421,2025-08-25,PROD-024,3,522.20,1566.60,USD,credit_card,partially_refunded,returned,express,TRACK-02K6T845,2025-08-28,2025-08-30,2025-08-25T00:00:00Z,2025-11-29T00:00:00Z
ORD-02307,CUS-0071,2024-01-04,PROD-036,5,341.40,1707.00,USD,credit_card,paid,processing,next_day,TRACK-QVO6IBRG,2024-01-05,,2024-01-04T00:00:00Z,2024-12-11T00:00:00Z
ORD-02308,CUS-0434,2024-06-16,PROD-061,4,118.46,473.84,USD,bank_transfer,pending,placed,express,TRACK-GFLVTQQQ,2024-06-20,,2024-06-16T00:00:00Z,2024-12-19T00:00:00Z
ORD-02309,CUS-0708,2024-07-17,PROD-039,5,482.81,2414.05,USD,credit_card,paid,confirmed,standard,TRACK-PVF984HZ,2024-07-22,,2024-07-17T00:00:00Z,2025-12-11T00:00:00Z
ORD-02310,CUS-0962,2024-06-29,PROD-042,2,22.38,44.76,USD,bank_transfer,paid,processing,express,TRACK-9NRAUZ73,2024-07-01,,2024-06-29T00:00:00Z,2024-10-05T00:00:00Z
ORD-02311,CUS-0285,2024-03-17,PROD-039,2,482.81,965.62,USD,paypal,paid,shipped,standard,TRACK-G9JNPAXX,2024-03-23,,2024-03-17T00:00:00Z,2024-11-04T00:00:00Z
ORD-02312,CUS-0927,2025-10-21,PROD-090,3,289.84,869.52,USD,bank_transfer,paid,placed,standard,TRACK-YWGXQE74,2025-10-30,,2025-10-21T00:00:00Z,2025-11-19T00:00:00Z
ORD-02313,CUS-0213,2025-06-18,PROD-092,4,102.76,411.04,USD,credit_card,paid,delivered,express,TRACK-NW03VM1U,2025-06-22,2025-06-24,2025-06-18T00:00:00Z,2025-11-08T00:00:00Z
ORD-02314,CUS-0494,2025-08-07,PROD-047,3,81.88,245.64,USD,paypal,pending,placed,standard,TRACK-3RI0YARU,2025-08-12,,2025-08-07T00:00:00Z,2025-11-26T00:00:00Z
ORD-02315,CUS-0618,2025-05-30,PROD-039,3,482.81,1448.43,USD,debit_card,paid,shipped,express,TRACK-KZ1GWJIN,2025-06-03,,2025-05-30T00:00:00Z,2025-08-30T00:00:00Z
ORD-02316,CUS-0043,2025-10-15,PROD-072,4,172.02,688.08,USD,paypal,paid,delivered,next_day,TRACK-4Q77AG3Y,2025-10-16,2025-10-18,2025-10-15T00:00:00Z,2025-11-17T00:00:00Z
ORD-02317,CUS-0914,2024-04-15,PROD-081,1,150.38,150.38,USD,paypal,paid,delivered,standard,TRACK-65MOX9FX,2024-04-23,2024-04-26,2024-04-15T00:00:00Z,2025-09-16T00:00:00Z
ORD-02318,CUS-0027,2025-08-06,PROD-083,3,189.30,567.90,USD,credit_card,partially_refunded,refunded,express,TRACK-ORIPJ44L,2025-08-08,2025-08-09,2025-08-06T00:00:00Z,2025-11-24T00:00:00Z
ORD-02319,CUS-0328,2024-08-18,PROD-035,2,297.43,594.86,USD,bank_transfer,refunded,refunded,standard,TRACK-9KCX613R,2024-08-25,2024-08-26,2024-08-18T00:00:00Z,2025-01-01T00:00:00Z
ORD-02320,CUS-0195,2024-02-14,PROD-016,5,551.74,2758.70,USD,credit_card,paid,placed,express,TRACK-I6W6N080,2024-02-16,,2024-02-14T00:00:00Z,2025-02-20T00:00:00Z
ORD-02321,CUS-0168,2025-02-15,PROD-095,3,106.35,319.05,USD,debit_card,paid,delivered,standard,TRACK-PQPXYKFO,2025-02-21,2025-02-21,2025-02-15T00:00:00Z,2025-03-02T00:00:00Z
ORD-02322,CUS-0472,2024-03-22,PROD-068,1,296.26,296.26,USD,credit_card,paid,delivered,next_day,TRACK-BE98SAOX,2024-03-23,2024-03-24,2024-03-22T00:00:00Z,2024-07-15T00:00:00Z
ORD-02323,CUS-0757,2025-05-08,PROD-066,3,77.92,233.76,USD,paypal,paid,delivered,next_day,TRACK-AKV3X2CG,2025-05-09,2025-05-10,2025-05-08T00:00:00Z,2025-05-26T00:00:00Z
ORD-02324,CUS-0750,2025-08-06,PROD-038,2,302.64,605.28,USD,paypal,partially_refunded,refunded,express,TRACK-VA8K5DCQ,2025-08-10,2025-08-12,2025-08-06T00:00:00Z,2025-09-27T00:00:00Z
ORD-02325,CUS-0077,2024-12-22,PROD-004,3,2579.89,7739.67,USD,paypal,paid,delayed,standard,TRACK-D0STBO1Q,2024-12-29,,2024-12-22T00:00:00Z,2025-02-19T00:00:00Z
ORD-02326,CUS-0274,2024-09-28,PROD-015,5,987.77,4938.85,USD,crypto,paid,processing,standard,TRACK-LAMJEQBF,2024-10-05,,2024-09-28T00:00:00Z,2025-01-23T00:00:00Z
ORD-02327,CUS-0553,2024-04-27,PROD-050,1,81.10,81.10,USD,credit_card,refunded,refunded,standard,TRACK-CZG04J1W,2024-05-04,2024-05-04,2024-04-27T00:00:00Z,2025-06-03T00:00:00Z
ORD-02328,CUS-0108,2025-03-07,PROD-083,3,189.30,567.90,USD,credit_card,paid,placed,next_day,TRACK-5GLH4BH6,2025-03-08,,2025-03-07T00:00:00Z,2025-05-20T00:00:00Z
ORD-02329,CUS-0008,2024-05-28,PROD-057,3,81.68,245.04,USD,paypal,paid,delivered,express,TRACK-XL30KASZ,2024-05-30,2024-06-02,2024-05-28T00:00:00Z,2024-10-06T00:00:00Z
ORD-02330,CUS-0326,2024-08-23,PROD-099,2,110.41,220.82,USD,crypto,paid,out_for_delivery,standard,TRACK-Y7UXU23V,2024-08-28,,2024-08-23T00:00:00Z,2025-08-19T00:00:00Z
ORD-02331,CUS-0858,2024-03-01,PROD-035,1,297.43,297.43,USD,paypal,paid,cancelled,next_day,TRACK-SFZW7D2E,2024-03-02,,2024-03-01T00:00:00Z,2025-12-19T00:00:00Z
ORD-02332,CUS-0190,2025-06-17,PROD-067,4,317.35,1269.40,USD,credit_card,failed,cancelled,next_day,TRACK-CZ5JFMWK,2025-06-18,,2025-06-17T00:00:00Z,2025-06-28T00:00:00Z
ORD-02333,CUS-0153,2025-03-12,PROD-052,3,580.62,1741.86,USD,credit_card,paid,delivered,express,TRACK-I7PVOPKC,2025-03-14,2025-03-14,2025-03-12T00:00:00Z,2025-04-16T00:00:00Z
ORD-02334,CUS-0976,2024-06-24,PROD-099,5,110.41,552.05,USD,debit_card,paid,delivered,standard,TRACK-ZQ3G0RRS,2024-07-04,2024-07-07,2024-06-24T00:00:00Z,2025-10-06T00:00:00Z
ORD-02335,CUS-0520,2024-01-12,PROD-009,4,788.22,3152.88,USD,debit_card,pending,placed,standard,TRACK-8S2WCZ5G,2024-01-17,,2024-01-12T00:00:00Z,2025-04-21T00:00:00Z
ORD-02336,CUS-0591,2024-02-26,PROD-023,5,955.05,4775.25,USD,credit_card,paid,processing,standard,TRACK-2N3NFC37,2024-03-06,,2024-02-26T00:00:00Z,2024-06-24T00:00:00Z
ORD-02337,CUS-0696,2025-01-25,PROD-018,4,1487.38,5949.52,USD,credit_card,paid,placed,express,TRACK-PDD8TAIA,2025-01-29,,2025-01-25T00:00:00Z,2025-12-28T00:00:00Z
ORD-02338,CUS-0671,2025-05-03,PROD-086,4,272.87,1091.48,USD,debit_card,refunded,returned,international,TRACK-O1P5H3V8,2025-05-14,2025-05-17,2025-05-03T00:00:00Z,2025-10-29T00:00:00Z
ORD-02339,CUS-0415,2025-05-20,PROD-083,4,189.30,757.20,USD,paypal,paid,placed,standard,TRACK-AXXM7YBH,2025-05-28,,2025-05-20T00:00:00Z,2025-10-26T00:00:00Z
ORD-02340,CUS-0192,2024-02-19,PROD-047,5,81.88,409.40,USD,credit_card,paid,delayed,standard,TRACK-M9NPK2V0,2024-02-24,,2024-02-19T00:00:00Z,2024-11-12T00:00:00Z
ORD-02341,CUS-0217,2024-03-08,PROD-054,4,511.50,2046.00,USD,debit_card,pending,placed,next_day,TRACK-GW8VBOU1,2024-03-09,,2024-03-08T00:00:00Z,2024-06-28T00:00:00Z
ORD-02342,CUS-0760,2025-09-17,PROD-040,5,337.08,1685.40,USD,credit_card,paid,processing,express,TRACK-SVI4DPU8,2025-09-19,,2025-09-17T00:00:00Z,2025-12-24T00:00:00Z
ORD-02343,CUS-0490,2025-03-25,PROD-056,3,520.14,1560.42,USD,debit_card,paid,shipped,next_day,TRACK-92K3M50D,2025-03-26,,2025-03-25T00:00:00Z,2025-09-22T00:00:00Z
ORD-02344,CUS-0661,2024-05-15,PROD-086,2,272.87,545.74,USD,debit_card,paid,delivered,standard,TRACK-ZIUBHUHR,2024-05-24,2024-05-27,2024-05-15T00:00:00Z,2025-05-18T00:00:00Z
ORD-02345,CUS-0904,2025-04-28,PROD-051,3,450.36,1351.08,USD,credit_card,failed,cancelled,standard,TRACK-5IX9RH7R,2025-05-07,,2025-04-28T00:00:00Z,2025-06-10T00:00:00Z
ORD-02346,CUS-0059,2025-07-12,PROD-059,1,284.59,284.59,USD,credit_card,paid,delayed,next_day,TRACK-ARDAAW2A,2025-07-13,,2025-07-12T00:00:00Z,2025-09-11T00:00:00Z
ORD-02347,CUS-0264,2025-02-18,PROD-013,1,1278.38,1278.38,USD,debit_card,paid,delivered,express,TRACK-AQRS3M5O,2025-02-22,2025-02-22,2025-02-18T00:00:00Z,2025-09-08T00:00:00Z
ORD-02348,CUS-0267,2024-09-29,PROD-040,5,337.08,1685.40,USD,paypal,pending,placed,express,TRACK-KY6OC8FY,2024-10-02,,2024-09-29T00:00:00Z,2025-12-03T00:00:00Z
ORD-02349,CUS-0903,2024-05-15,PROD-057,4,81.68,326.72,USD,debit_card,paid,confirmed,standard,TRACK-JX4B0A4S,2024-05-22,,2024-05-15T00:00:00Z,2025-05-14T00:00:00Z
ORD-02350,CUS-0739,2025-08-21,PROD-043,2,53.52,107.04,USD,debit_card,partially_refunded,returned,standard,TRACK-T365W64Y,2025-08-29,2025-08-31,2025-08-21T00:00:00Z,2025-10-08T00:00:00Z
ORD-02351,CUS-0898,2024-03-05,PROD-078,5,251.87,1259.35,USD,crypto,pending,placed,express,TRACK-KPDXKIZI,2024-03-09,,2024-03-05T00:00:00Z,2025-05-30T00:00:00Z
ORD-02352,CUS-0926,2025-01-21,PROD-030,1,342.95,342.95,USD,paypal,paid,delivered,standard,TRACK-SPI0VP1D,2025-01-31,2025-02-01,2025-01-21T00:00:00Z,2025-05-31T00:00:00Z
ORD-02353,CUS-0185,2025-08-09,PROD-091,1,84.12,84.12,USD,credit_card,paid,placed,express,TRACK-FR7M4K0X,2025-08-12,,2025-08-09T00:00:00Z,2025-09-18T00:00:00Z
ORD-02354,CUS-0115,2025-03-12,PROD-097,4,43.21,172.84,USD,debit_card,paid,out_for_delivery,standard,TRACK-37ODN65S,2025-03-21,,2025-03-12T00:00:00Z,2025-11-24T00:00:00Z
ORD-02355,CUS-0694,2025-12-23,PROD-021,3,373.51,1120.53,USD,paypal,paid,confirmed,standard,TRACK-4MEUULZ6,2025-12-31,,2025-12-23T00:00:00Z,2025-12-27T00:00:00Z
ORD-02356,CUS-0740,2025-10-03,PROD-038,3,302.64,907.92,USD,debit_card,pending,placed,express,TRACK-TG5HJ99V,2025-10-05,,2025-10-03T00:00:00Z,2025-10-18T00:00:00Z
ORD-02357,CUS-0264,2025-09-13,PROD-038,5,302.64,1513.20,USD,paypal,paid,shipped,standard,TRACK-EZ29GU65,2025-09-20,,2025-09-13T00:00:00Z,2025-10-08T00:00:00Z
ORD-02358,CUS-0023,2024-01-18,PROD-062,4,282.17,1128.68,USD,credit_card,refunded,returned,express,TRACK-BKSRPAMS,2024-01-22,2024-01-23,2024-01-18T00:00:00Z,2024-10-27T00:00:00Z
ORD-02359,CUS-0829,2024-03-13,PROD-041,2,22.71,45.42,USD,paypal,paid,delivered,standard,TRACK-VXJJDH2U,2024-03-18,2024-03-20,2024-03-13T00:00:00Z,2025-07-29T00:00:00Z
ORD-02360,CUS-0771,2024-11-10,PROD-091,2,84.12,168.24,USD,debit_card,refunded,returned,express,TRACK-2LSE3V3C,2024-11-14,2024-11-14,2024-11-10T00:00:00Z,2025-07-28T00:00:00Z
ORD-02361,CUS-0439,2025-04-02,PROD-058,3,354.13,1062.39,USD,paypal,paid,shipped,standard,TRACK-1G0R6W6N,2025-04-07,,2025-04-02T00:00:00Z,2025-07-23T00:00:00Z
ORD-02362,CUS-0402,2024-08-01,PROD-058,2,354.13,708.26,USD,debit_card,refunded,refunded,standard,TRACK-GJK91DPI,2024-08-10,2024-08-12,2024-08-01T00:00:00Z,2025-09-30T00:00:00Z
ORD-02363,CUS-0726,2025-10-18,PROD-009,3,788.22,2364.66,USD,paypal,paid,delivered,international,TRACK-2Y8JIKMP,2025-11-02,2025-11-05,2025-10-18T00:00:00Z,2025-12-03T00:00:00Z
ORD-02364,CUS-0763,2025-04-30,PROD-064,2,384.19,768.38,USD,credit_card,paid,placed,standard,TRACK-J6BRJDNA,2025-05-10,,2025-04-30T00:00:00Z,2025-05-15T00:00:00Z
ORD-02365,CUS-0846,2025-08-25,PROD-094,2,179.49,358.98,USD,credit_card,paid,shipped,next_day,TRACK-SH4LV73Q,2025-08-26,,2025-08-25T00:00:00Z,2025-12-24T00:00:00Z
ORD-02366,CUS-0490,2025-01-26,PROD-062,3,282.17,846.51,USD,crypto,paid,shipped,standard,TRACK-I7QEM5QX,2025-01-31,,2025-01-26T00:00:00Z,2025-04-01T00:00:00Z
ORD-02367,CUS-0545,2024-06-16,PROD-083,4,189.30,757.20,USD,credit_card,paid,cancelled,international,TRACK-PMU6NNGN,2024-07-04,,2024-06-16T00:00:00Z,2025-03-07T00:00:00Z
ORD-02368,CUS-0015,2024-11-08,PROD-030,5,342.95,1714.75,USD,paypal,paid,delivered,express,TRACK-18IQWLOK,2024-11-10,2024-11-11,2024-11-08T00:00:00Z,2024-12-03T00:00:00Z
ORD-02369,CUS-0877,2024-09-25,PROD-075,4,343.41,1373.64,USD,credit_card,paid,placed,standard,TRACK-ROSZHX14,2024-09-30,,2024-09-25T00:00:00Z,2025-07-09T00:00:00Z
ORD-02370,CUS-0747,2025-04-24,PROD-084,4,52.10,208.40,USD,credit_card,paid,delayed,express,TRACK-FQJIT6F5,2025-04-27,,2025-04-24T00:00:00Z,2025-11-27T00:00:00Z
ORD-02371,CUS-0898,2025-12-07,PROD-046,5,67.55,337.75,USD,paypal,paid,processing,next_day,TRACK-92IEUYQZ,2025-12-08,,2025-12-07T00:00:00Z,2025-12-17T00:00:00Z
ORD-02372,CUS-0319,2024-06-29,PROD-035,3,297.43,892.29,USD,paypal,paid,placed,express,TRACK-1KPSZ6W8,2024-07-03,,2024-06-29T00:00:00Z,2024-08-15T00:00:00Z
ORD-02373,CUS-0553,2025-04-07,PROD-092,4,102.76,411.04,USD,debit_card,paid,processing,standard,TRACK-7GFPQEQQ,2025-04-15,,2025-04-07T00:00:00Z,2025-05-20T00:00:00Z
ORD-02374,CUS-0350,2024-05-05,PROD-053,4,574.29,2297.16,USD,paypal,paid,confirmed,next_day,TRACK-RNRD00HK,2024-05-06,,2024-05-05T00:00:00Z,2024-12-11T00:00:00Z
ORD-02375,CUS-0928,2025-08-05,PROD-010,1,1931.10,1931.10,USD,paypal,paid,shipped,express,TRACK-5ZPLYO0S,2025-08-09,,2025-08-05T00:00:00Z,2025-11-23T00:00:00Z
ORD-02376,CUS-0492,2024-06-25,PROD-051,1,450.36,450.36,USD,credit_card,paid,delivered,standard,TRACK-LUWGJO97,2024-07-03,2024-07-06,2024-06-25T00:00:00Z,2025-10-04T00:00:00Z
ORD-02377,CUS-0105,2025-03-29,PROD-051,1,450.36,450.36,USD,credit_card,paid,delivered,express,TRACK-XMVMTYGL,2025-03-31,2025-03-31,2025-03-29T00:00:00Z,2025-07-03T00:00:00Z
ORD-02378,CUS-0300,2024-03-12,PROD-098,2,168.10,336.20,USD,debit_card,paid,delayed,standard,TRACK-JJ9R518M,2024-03-19,,2024-03-12T00:00:00Z,2024-09-18T00:00:00Z
ORD-02379,CUS-0879,2024-03-08,PROD-024,5,522.20,2611.00,USD,paypal,paid,confirmed,express,TRACK-LQ28QAQX,2024-03-12,,2024-03-08T00:00:00Z,2024-09-26T00:00:00Z
ORD-02380,CUS-0847,2024-08-02,PROD-015,1,987.77,987.77,USD,debit_card,paid,delayed,express,TRACK-6KIHOKM9,2024-08-04,,2024-08-02T00:00:00Z,2025-04-09T00:00:00Z
ORD-02381,CUS-0249,2024-06-28,PROD-089,1,304.67,304.67,USD,bank_transfer,pending,placed,standard,TRACK-8ZQ1VKVV,2024-07-07,,2024-06-28T00:00:00Z,2025-09-30T00:00:00Z
ORD-02382,CUS-0483,2024-08-26,PROD-006,1,1049.94,1049.94,USD,credit_card,paid,delivered,express,TRACK-APXETGCJ,2024-08-28,2024-08-30,2024-08-26T00:00:00Z,2025-03-03T00:00:00Z
ORD-02383,CUS-0398,2025-02-09,PROD-025,4,499.30,1997.20,USD,paypal,paid,delivered,express,TRACK-Y9ISIW39,2025-02-12,2025-02-14,2025-02-09T00:00:00Z,2025-10-26T00:00:00Z
ORD-02384,CUS-0898,2024-02-01,PROD-015,4,987.77,3951.08,USD,paypal,refunded,returned,international,TRACK-EOQGFA32,2024-02-19,2024-02-20,2024-02-01T00:00:00Z,2024-11-28T00:00:00Z
ORD-02385,CUS-0151,2025-09-16,PROD-079,2,363.45,726.90,USD,debit_card,paid,delayed,standard,TRACK-WGQ8X2MP,2025-09-26,,2025-09-16T00:00:00Z,2025-11-24T00:00:00Z
ORD-02386,CUS-0922,2024-03-02,PROD-022,5,500.24,2501.20,USD,credit_card,paid,delivered,standard,TRACK-SEEEAS0W,2024-03-08,2024-03-08,2024-03-02T00:00:00Z,2025-03-14T00:00:00Z
ORD-02387,CUS-0911,2025-11-13,PROD-001,3,2193.82,6581.46,USD,credit_card,paid,delivered,standard,TRACK-RPP9CWNB,2025-11-19,2025-11-19,2025-11-13T00:00:00Z,2025-12-29T00:00:00Z
ORD-02388,CUS-0991,2024-01-07,PROD-004,3,2579.89,7739.67,USD,debit_card,paid,delivered,next_day,TRACK-JPA21E5J,2024-01-08,2024-01-09,2024-01-07T00:00:00Z,2024-01-07T00:00:00Z
ORD-02389,CUS-0938,2025-05-20,PROD-046,3,67.55,202.65,USD,paypal,paid,processing,standard,TRACK-0D6MUW0X,2025-05-26,,2025-05-20T00:00:00Z,2025-06-09T00:00:00Z
ORD-02390,CUS-0777,2025-04-30,PROD-088,5,191.92,959.60,USD,paypal,paid,delivered,standard,TRACK-V49WXVCN,2025-05-05,2025-05-08,2025-04-30T00:00:00Z,2025-08-14T00:00:00Z
ORD-02391,CUS-0325,2025-08-05,PROD-090,2,289.84,579.68,USD,credit_card,paid,placed,express,TRACK-KW2AUA5C,2025-08-09,,2025-08-05T00:00:00Z,2025-09-01T00:00:00Z
ORD-02392,CUS-0775,2024-12-14,PROD-011,2,1007.07,2014.14,USD,credit_card,partially_refunded,refunded,standard,TRACK-WKVN4HJV,2024-12-20,2024-12-21,2024-12-14T00:00:00Z,2024-12-15T00:00:00Z
ORD-02393,CUS-0871,2025-02-27,PROD-075,1,343.41,343.41,USD,credit_card,partially_refunded,refunded,standard,TRACK-M292MG18,2025-03-09,2025-03-10,2025-02-27T00:00:00Z,2025-12-11T00:00:00Z
ORD-02394,CUS-0560,2025-07-29,PROD-095,5,106.35,531.75,USD,bank_transfer,paid,placed,express,TRACK-RJJ5LM9Y,2025-08-02,,2025-07-29T00:00:00Z,2025-09-20T00:00:00Z
ORD-02395,CUS-0167,2024-10-16,PROD-092,1,102.76,102.76,USD,credit_card,paid,cancelled,express,TRACK-1Y2D6UNU,2024-10-20,,2024-10-16T00:00:00Z,2025-02-13T00:00:00Z
ORD-02396,CUS-0526,2025-08-16,PROD-083,1,189.30,189.30,USD,debit_card,paid,delivered,international,TRACK-OPA59F96,2025-09-05,2025-09-08,2025-08-16T00:00:00Z,2025-08-26T00:00:00Z
ORD-02397,CUS-0268,2024-07-12,PROD-089,5,304.67,1523.35,USD,credit_card,paid,shipped,express,TRACK-A9SXVF12,2024-07-16,,2024-07-12T00:00:00Z,2025-11-19T00:00:00Z
ORD-02398,CUS-0527,2025-09-15,PROD-026,5,295.00,1475.00,USD,credit_card,paid,placed,standard,TRACK-HQ1FNTTU,2025-09-25,,2025-09-15T00:00:00Z,2025-11-20T00:00:00Z
ORD-02399,CUS-0364,2025-12-09,PROD-027,1,795.29,795.29,USD,credit_card,paid,out_for_delivery,express,TRACK-QT2JAVYE,2025-12-12,,2025-12-09T00:00:00Z,2025-12-19T00:00:00Z
ORD-02400,CUS-0059,2024-03-14,PROD-096,5,93.24,466.20,USD,paypal,paid,confirmed,next_day,TRACK-4NRBBJ3K,2024-03-15,,2024-03-14T00:00:00Z,2024-07-03T00:00:00Z
ORD-02401,CUS-0742,2024-05-18,PROD-099,2,110.41,220.82,USD,credit_card,paid,delivered,express,TRACK-7A0KLL5Z,2024-05-21,2024-05-22,2024-05-18T00:00:00Z,2025-05-22T00:00:00Z
ORD-02402,CUS-0442,2024-10-05,PROD-011,3,1007.07,3021.21,USD,credit_card,paid,confirmed,standard,TRACK-XZY0UQC4,2024-10-14,,2024-10-05T00:00:00Z,2025-09-08T00:00:00Z
ORD-02403,CUS-0133,2024-12-07,PROD-016,2,551.74,1103.48,USD,bank_transfer,paid,delivered,standard,TRACK-RPD5L8F1,2024-12-12,2024-12-15,2024-12-07T00:00:00Z,2025-05-31T00:00:00Z
ORD-02404,CUS-0951,2024-05-18,PROD-097,4,43.21,172.84,USD,credit_card,refunded,cancelled,standard,TRACK-N29US74C,2024-05-23,,2024-05-18T00:00:00Z,2024-11-02T00:00:00Z
ORD-02405,CUS-0727,2024-08-12,PROD-027,1,795.29,795.29,USD,paypal,paid,confirmed,express,TRACK-UN9WOQIH,2024-08-16,,2024-08-12T00:00:00Z,2025-09-24T00:00:00Z
ORD-02406,CUS-0197,2025-06-01,PROD-050,3,81.10,243.30,USD,debit_card,pending,placed,standard,TRACK-K6GS0JVC,2025-06-07,,2025-06-01T00:00:00Z,2025-11-20T00:00:00Z
ORD-02407,CUS-0881,2025-08-08,PROD-094,1,179.49,179.49,USD,credit_card,paid,shipped,express,TRACK-NW60JSCT,2025-08-11,,2025-08-08T00:00:00Z,2025-10-31T00:00:00Z
ORD-02408,CUS-0976,2025-05-18,PROD-058,2,354.13,708.26,USD,debit_card,paid,placed,standard,TRACK-Q8EB7U66,2025-05-28,,2025-05-18T00:00:00Z,2025-12-26T00:00:00Z
ORD-02409,CUS-0587,2024-03-27,PROD-066,3,77.92,233.76,USD,credit_card,paid,shipped,standard,TRACK-TVZ2GPIL,2024-04-02,,2024-03-27T00:00:00Z,2025-08-04T00:00:00Z
ORD-02410,CUS-0204,2025-07-18,PROD-017,3,657.92,1973.76,USD,debit_card,paid,confirmed,international,TRACK-S7YUCF6W,2025-08-17,,2025-07-18T00:00:00Z,2025-08-31T00:00:00Z
ORD-02411,CUS-0394,2024-04-18,PROD-041,2,22.71,45.42,USD,bank_transfer,paid,delivered,standard,TRACK-BW4SE9DN,2024-04-26,2024-04-27,2024-04-18T00:00:00Z,2025-05-04T00:00:00Z
ORD-02412,CUS-0233,2024-08-11,PROD-008,1,1441.53,1441.53,USD,debit_card,partially_refunded,returned,standard,TRACK-HAECP3GK,2024-08-19,2024-08-22,2024-08-11T00:00:00Z,2025-07-24T00:00:00Z
ORD-02413,CUS-0896,2024-01-29,PROD-087,3,89.66,268.98,USD,debit_card,paid,shipped,express,TRACK-EERR7EBL,2024-02-01,,2024-01-29T00:00:00Z,2025-10-27T00:00:00Z
ORD-02414,CUS-0958,2025-04-29,PROD-084,5,52.10,260.50,USD,paypal,paid,delivered,express,TRACK-7ZMYP2CH,2025-05-01,2025-05-04,2025-04-29T00:00:00Z,2025-08-18T00:00:00Z
ORD-02415,CUS-0806,2025-09-24,PROD-038,5,302.64,1513.20,USD,credit_card,paid,shipped,standard,TRACK-ZZGUS8P6,2025-10-03,,2025-09-24T00:00:00Z,2025-11-26T00:00:00Z
ORD-02416,CUS-0322,2025-11-04,PROD-007,3,2312.54,6937.62,USD,paypal,paid,delivered,standard,TRACK-BC52R3AK,2025-11-10,2025-11-12,2025-11-04T00:00:00Z,2025-12-20T00:00:00Z
ORD-02417,CUS-0229,2025-10-26,PROD-031,2,88.52,177.04,USD,paypal,paid,processing,express,TRACK-DKHO9C90,2025-10-30,,2025-10-26T00:00:00Z,2025-12-25T00:00:00Z
ORD-02418,CUS-0315,2024-11-10,PROD-087,4,89.66,358.64,USD,credit_card,paid,delivered,standard,TRACK-RE93U62E,2024-11-18,2024-11-21,2024-11-10T00:00:00Z,2025-03-12T00:00:00Z
ORD-02419,CUS-0597,2024-07-20,PROD-008,4,1441.53,5766.12,USD,credit_card,paid,confirmed,next_day,TRACK-N7OGKH50,2024-07-21,,2024-07-20T00:00:00Z,2025-07-02T00:00:00Z
ORD-02420,CUS-0817,2025-07-04,PROD-066,3,77.92,233.76,USD,debit_card,paid,delivered,next_day,TRACK-UHCKXR5S,2025-07-05,2025-07-05,2025-07-04T00:00:00Z,2025-12-16T00:00:00Z
ORD-02421,CUS-0711,2025-10-04,PROD-059,1,284.59,284.59,USD,credit_card,paid,placed,express,TRACK-JLBFRJSJ,2025-10-07,,2025-10-04T00:00:00Z,2025-11-02T00:00:00Z
ORD-02422,CUS-0453,2024-07-28,PROD-078,4,251.87,1007.48,USD,credit_card,paid,shipped,standard,TRACK-KTO9QESO,2024-08-06,,2024-07-28T00:00:00Z,2025-12-11T00:00:00Z
ORD-02423,CUS-0735,2025-10-22,PROD-057,2,81.68,163.36,USD,paypal,paid,shipped,express,TRACK-QVPSKZQI,2025-10-24,,2025-10-22T00:00:00Z,2025-11-04T00:00:00Z
ORD-02424,CUS-0656,2025-06-16,PROD-067,1,317.35,317.35,USD,paypal,paid,shipped,express,TRACK-LK32J1WM,2025-06-19,,2025-06-16T00:00:00Z,2025-10-10T00:00:00Z
ORD-02425,CUS-0653,2025-04-16,PROD-004,5,2579.89,12899.45,USD,debit_card,paid,delayed,standard,TRACK-RPBLXMH9,2025-04-21,,2025-04-16T00:00:00Z,2025-07-25T00:00:00Z
ORD-02426,CUS-0107,2024-09-25,PROD-100,1,46.48,46.48,USD,debit_card,paid,confirmed,standard,TRACK-8VDGWMQE,2024-09-30,,2024-09-25T00:00:00Z,2025-03-31T00:00:00Z
ORD-02427,CUS-0351,2025-10-03,PROD-083,2,189.30,378.60,USD,credit_card,paid,shipped,standard,TRACK-RKTPFXLF,2025-10-13,,2025-10-03T00:00:00Z,2025-10-30T00:00:00Z
ORD-02428,CUS-0449,2024-06-07,PROD-040,5,337.08,1685.40,USD,bank_transfer,paid,delivered,standard,TRACK-AEJAKUBF,2024-06-14,2024-06-15,2024-06-07T00:00:00Z,2024-08-09T00:00:00Z
ORD-02429,CUS-0977,2024-04-19,PROD-088,3,191.92,575.76,USD,debit_card,paid,delivered,express,TRACK-BO8PNBIF,2024-04-21,2024-04-23,2024-04-19T00:00:00Z,2024-11-04T00:00:00Z
ORD-02430,CUS-0809,2024-03-01,PROD-023,3,955.05,2865.15,USD,credit_card,paid,delivered,express,TRACK-0B6NWY1M,2024-03-05,2024-03-07,2024-03-01T00:00:00Z,2025-02-23T00:00:00Z
ORD-02431,CUS-0130,2025-02-10,PROD-028,3,249.80,749.40,USD,credit_card,paid,delivered,standard,TRACK-C6AB5GTN,2025-02-18,2025-02-18,2025-02-10T00:00:00Z,2025-03-11T00:00:00Z
ORD-02432,CUS-0971,2024-05-27,PROD-053,2,574.29,1148.58,USD,debit_card,refunded,refunded,standard,TRACK-E8QENVGU,2024-06-01,2024-06-03,2024-05-27T00:00:00Z,2025-08-10T00:00:00Z
ORD-02433,CUS-0363,2024-03-23,PROD-030,3,342.95,1028.85,USD,credit_card,paid,delivered,standard,TRACK-JGB36H2B,2024-03-31,2024-04-03,2024-03-23T00:00:00Z,2024-09-08T00:00:00Z
ORD-02434,CUS-0147,2025-04-22,PROD-072,3,172.02,516.06,USD,crypto,paid,delivered,express,TRACK-56U0RKTO,2025-04-24,2025-04-27,2025-04-22T00:00:00Z,2025-07-31T00:00:00Z
ORD-02435,CUS-0908,2025-10-18,PROD-089,4,304.67,1218.68,USD,paypal,paid,delivered,express,TRACK-QHS5CD3B,2025-10-21,2025-10-22,2025-10-18T00:00:00Z,2025-12-31T00:00:00Z
ORD-02436,CUS-0155,2025-06-26,PROD-027,2,795.29,1590.58,USD,credit_card,paid,shipped,standard,TRACK-FQMJ22OI,2025-07-02,,2025-06-26T00:00:00Z,2025-09-05T00:00:00Z
ORD-02437,CUS-0564,2025-09-16,PROD-088,4,191.92,767.68,USD,debit_card,paid,delivered,express,TRACK-B47ZPO0L,2025-09-19,2025-09-20,2025-09-16T00:00:00Z,2025-11-29T00:00:00Z
ORD-02438,CUS-0254,2025-11-05,PROD-026,5,295.00,1475.00,USD,credit_card,paid,delivered,standard,TRACK-E5KN0W0B,2025-11-13,2025-11-16,2025-11-05T00:00:00Z,2025-11-08T00:00:00Z
ORD-02439,CUS-0153,2025-03-13,PROD-079,3,363.45,1090.35,USD,credit_card,paid,shipped,standard,TRACK-VB2HQBWO,2025-03-18,,2025-03-13T00:00:00Z,2025-03-18T00:00:00Z
ORD-02440,CUS-0211,2025-02-27,PROD-042,2,22.38,44.76,USD,bank_transfer,paid,processing,express,TRACK-39JY193A,2025-03-03,,2025-02-27T00:00:00Z,2025-08-28T00:00:00Z
ORD-02441,CUS-0894,2024-03-28,PROD-012,5,922.70,4613.50,USD,credit_card,paid,delivered,express,TRACK-LOI5YRCE,2024-03-31,2024-04-02,2024-03-28T00:00:00Z,2024-09-28T00:00:00Z
ORD-02442,CUS-0356,2025-12-29,PROD-078,2,251.87,503.74,USD,debit_card,paid,delivered,standard,TRACK-2UOKFF5V,2025-12-31,2025-12-31,2025-12-29T00:00:00Z,2025-12-31T00:00:00Z
ORD-02443,CUS-0073,2025-03-29,PROD-071,3,489.66,1468.98,USD,debit_card,paid,delayed,express,TRACK-8ORNRFJ6,2025-04-01,,2025-03-29T00:00:00Z,2025-12-20T00:00:00Z
ORD-02444,CUS-0884,2025-03-22,PROD-031,4,88.52,354.08,USD,debit_card,pending,placed,standard,TRACK-9KS02QH4,2025-03-27,,2025-03-22T00:00:00Z,2025-06-23T00:00:00Z
ORD-02445,CUS-0873,2025-02-28,PROD-050,5,81.10,405.50,USD,credit_card,paid,out_for_delivery,next_day,TRACK-STAVPIAG,2025-03-01,,2025-02-28T00:00:00Z,2025-11-03T00:00:00Z
ORD-02446,CUS-0374,2025-09-22,PROD-002,2,2846.71,5693.42,USD,credit_card,paid,delivered,next_day,TRACK-3K5WUIH2,2025-09-23,2025-09-25,2025-09-22T00:00:00Z,2025-12-18T00:00:00Z
ORD-02447,CUS-0115,2025-04-28,PROD-028,3,249.80,749.40,USD,credit_card,paid,out_for_delivery,standard,TRACK-RUUWY9ZW,2025-05-07,,2025-04-28T00:00:00Z,2025-07-03T00:00:00Z
ORD-02448,CUS-0162,2025-03-02,PROD-064,2,384.19,768.38,USD,credit_card,paid,delivered,next_day,TRACK-0IOU8H1B,2025-03-03,2025-03-06,2025-03-02T00:00:00Z,2025-11-20T00:00:00Z
ORD-02449,CUS-0088,2024-12-19,PROD-079,5,363.45,1817.25,USD,credit_card,paid,delivered,next_day,TRACK-6OCSVS1V,2024-12-20,2024-12-20,2024-12-19T00:00:00Z,2024-12-28T00:00:00Z
ORD-02450,CUS-0640,2024-08-24,PROD-027,4,795.29,3181.16,USD,paypal,paid,delivered,express,TRACK-FJK3GMJO,2024-08-26,2024-08-27,2024-08-24T00:00:00Z,2025-08-19T00:00:00Z
ORD-02451,CUS-0728,2025-05-10,PROD-091,2,84.12,168.24,USD,paypal,paid,processing,standard,TRACK-DLMFBDWU,2025-05-16,,2025-05-10T00:00:00Z,2025-12-28T00:00:00Z
ORD-02452,CUS-0454,2025-01-05,PROD-033,1,249.21,249.21,USD,credit_card,paid,placed,standard,TRACK-392PTG83,2025-01-12,,2025-01-05T00:00:00Z,2025-04-30T00:00:00Z
ORD-02453,CUS-0205,2025-03-11,PROD-075,4,343.41,1373.64,USD,credit_card,refunded,cancelled,next_day,TRACK-83LFUOK8,2025-03-12,,2025-03-11T00:00:00Z,2025-04-27T00:00:00Z
ORD-02454,CUS-0525,2024-08-05,PROD-011,2,1007.07,2014.14,USD,credit_card,paid,delivered,express,TRACK-F0EZT9LN,2024-08-07,2024-08-10,2024-08-05T00:00:00Z,2025-10-22T00:00:00Z
ORD-02455,CUS-0595,2025-11-11,PROD-089,5,304.67,1523.35,USD,paypal,paid,shipped,standard,TRACK-8Q0P5MW1,2025-11-16,,2025-11-11T00:00:00Z,2025-12-05T00:00:00Z
ORD-02456,CUS-0845,2025-08-22,PROD-053,4,574.29,2297.16,USD,credit_card,paid,out_for_delivery,next_day,TRACK-GHJLZ2MD,2025-08-23,,2025-08-22T00:00:00Z,2025-10-21T00:00:00Z
ORD-02457,CUS-0462,2024-01-05,PROD-086,3,272.87,818.61,USD,credit_card,paid,processing,next_day,TRACK-JFV4FHRQ,2024-01-06,,2024-01-05T00:00:00Z,2025-12-30T00:00:00Z
ORD-02458,CUS-0923,2024-05-31,PROD-035,2,297.43,594.86,USD,bank_transfer,paid,confirmed,standard,TRACK-YEX324GS,2024-06-10,,2024-05-31T00:00:00Z,2024-06-28T00:00:00Z
ORD-02459,CUS-0939,2024-09-20,PROD-030,4,342.95,1371.80,USD,credit_card,paid,processing,express,TRACK-LBG7T0LS,2024-09-22,,2024-09-20T00:00:00Z,2024-12-15T00:00:00Z
ORD-02460,CUS-0486,2024-01-25,PROD-013,3,1278.38,3835.14,USD,credit_card,paid,shipped,next_day,TRACK-8DHX09Z9,2024-01-26,,2024-01-25T00:00:00Z,2025-04-19T00:00:00Z
ORD-02461,CUS-0987,2025-09-11,PROD-010,1,1931.10,1931.10,USD,credit_card,partially_refunded,returned,standard,TRACK-7HMQDMJ9,2025-09-17,2025-09-18,2025-09-11T00:00:00Z,2025-10-19T00:00:00Z
ORD-02462,CUS-0111,2025-02-24,PROD-063,5,328.94,1644.70,USD,credit_card,paid,delivered,standard,TRACK-YFOTUX6J,2025-03-05,2025-03-05,2025-02-24T00:00:00Z,2025-11-13T00:00:00Z
ORD-02463,CUS-0954,2024-12-20,PROD-039,4,482.81,1931.24,USD,credit_card,paid,confirmed,express,TRACK-P891XSD0,2024-12-23,,2024-12-20T00:00:00Z,2025-10-21T00:00:00Z
ORD-02464,CUS-0620,2024-04-19,PROD-026,3,295.00,885.00,USD,debit_card,paid,shipped,next_day,TRACK-PDHSP2OY,2024-04-20,,2024-04-19T00:00:00Z,2024-07-11T00:00:00Z
ORD-02465,CUS-0442,2025-03-15,PROD-013,1,1278.38,1278.38,USD,credit_card,paid,shipped,standard,TRACK-IYRYYIQE,2025-03-25,,2025-03-15T00:00:00Z,2025-11-17T00:00:00Z
ORD-02466,CUS-0005,2025-09-12,PROD-054,3,511.50,1534.50,USD,debit_card,refunded,refunded,standard,TRACK-D23V4XN1,2025-09-18,2025-09-21,2025-09-12T00:00:00Z,2025-09-30T00:00:00Z
ORD-02467,CUS-0875,2024-10-06,PROD-007,1,2312.54,2312.54,USD,paypal,paid,delivered,standard,TRACK-WC1DNP7W,2024-10-13,2024-10-16,2024-10-06T00:00:00Z,2025-02-15T00:00:00Z
ORD-02468,CUS-0504,2024-01-15,PROD-034,1,347.18,347.18,USD,credit_card,paid,delivered,standard,TRACK-WM5QM2J4,2024-01-23,2024-01-23,2024-01-15T00:00:00Z,2024-09-10T00:00:00Z
ORD-02469,CUS-0555,2024-10-05,PROD-094,1,179.49,179.49,USD,credit_card,paid,processing,express,TRACK-ENMMPVCK,2024-10-08,,2024-10-05T00:00:00Z,2025-04-05T00:00:00Z
ORD-02470,CUS-0957,2024-03-04,PROD-085,5,152.73,763.65,USD,credit_card,paid,shipped,standard,TRACK-O0HLLSSG,2024-03-10,,2024-03-04T00:00:00Z,2025-11-26T00:00:00Z
ORD-02471,CUS-0635,2025-05-12,PROD-055,5,407.21,2036.05,USD,debit_card,paid,processing,standard,TRACK-HMZYWDV5,2025-05-20,,2025-05-12T00:00:00Z,2025-07-14T00:00:00Z
ORD-02472,CUS-0525,2025-06-08,PROD-047,4,81.88,327.52,USD,debit_card,paid,delivered,next_day,TRACK-UFZZJROP,2025-06-09,2025-06-10,2025-06-08T00:00:00Z,2025-10-13T00:00:00Z
ORD-02473,CUS-0100,2025-04-17,PROD-010,1,1931.10,1931.10,USD,paypal,partially_refunded,refunded,standard,TRACK-58M1MHJN,2025-04-22,2025-04-25,2025-04-17T00:00:00Z,2025-10-06T00:00:00Z
ORD-02474,CUS-0515,2025-11-04,PROD-100,2,46.48,92.96,USD,debit_card,paid,delivered,express,TRACK-O2CUQFMZ,2025-11-07,2025-11-07,2025-11-04T00:00:00Z,2025-12-11T00:00:00Z
ORD-02475,CUS-0210,2025-09-23,PROD-090,3,289.84,869.52,USD,debit_card,refunded,returned,standard,TRACK-6ZJ6ML55,2025-10-02,2025-10-05,2025-09-23T00:00:00Z,2025-11-11T00:00:00Z
ORD-02476,CUS-0151,2024-05-26,PROD-040,5,337.08,1685.40,USD,debit_card,partially_refunded,refunded,express,TRACK-JL8N0YWQ,2024-05-28,2024-05-29,2024-05-26T00:00:00Z,2025-02-07T00:00:00Z
ORD-02477,CUS-0944,2025-03-17,PROD-060,4,420.27,1681.08,USD,debit_card,refunded,returned,standard,TRACK-82XP3RCX,2025-03-26,2025-03-26,2025-03-17T00:00:00Z,2025-09-14T00:00:00Z
ORD-02478,CUS-0785,2025-09-28,PROD-013,3,1278.38,3835.14,USD,paypal,pending,placed,standard,TRACK-K2D0JZCB,2025-10-04,,2025-09-28T00:00:00Z,2025-10-17T00:00:00Z
ORD-02479,CUS-0143,2025-08-24,PROD-007,2,2312.54,4625.08,USD,paypal,refunded,cancelled,international,TRACK-ZWAVMC0K,2025-09-11,,2025-08-24T00:00:00Z,2025-12-16T00:00:00Z
ORD-02480,CUS-0181,2025-08-08,PROD-079,1,363.45,363.45,USD,credit_card,paid,delivered,standard,TRACK-LISYBW6M,2025-08-18,2025-08-20,2025-08-08T00:00:00Z,2025-11-12T00:00:00Z
ORD-02481,CUS-0951,2024-10-16,PROD-070,3,55.18,165.54,USD,credit_card,paid,confirmed,standard,TRACK-IH714U65,2024-10-24,,2024-10-16T00:00:00Z,2024-11-18T00:00:00Z
ORD-02482,CUS-0585,2024-07-31,PROD-006,3,1049.94,3149.82,USD,paypal,paid,delivered,standard,TRACK-UKHE2O1J,2024-08-10,2024-08-12,2024-07-31T00:00:00Z,2024-09-11T00:00:00Z
ORD-02483,CUS-0207,2025-10-16,PROD-047,5,81.88,409.40,USD,credit_card,paid,processing,standard,TRACK-7ERR59HZ,2025-10-26,,2025-10-16T00:00:00Z,2025-10-21T00:00:00Z
ORD-02484,CUS-0981,2025-12-21,PROD-098,4,168.10,672.40,USD,paypal,paid,confirmed,next_day,TRACK-33D4F2Y5,2025-12-22,,2025-12-21T00:00:00Z,2025-12-24T00:00:00Z
ORD-02485,CUS-0583,2024-08-13,PROD-022,1,500.24,500.24,USD,credit_card,paid,delivered,standard,TRACK-QWSYX3T8,2024-08-18,2024-08-19,2024-08-13T00:00:00Z,2025-11-26T00:00:00Z
ORD-02486,CUS-0555,2024-09-03,PROD-072,4,172.02,688.08,USD,paypal,partially_refunded,refunded,standard,TRACK-1F42Q5IM,2024-09-10,2024-09-12,2024-09-03T00:00:00Z,2024-10-05T00:00:00Z
ORD-02487,CUS-0926,2025-09-12,PROD-009,2,788.22,1576.44,USD,credit_card,paid,shipped,international,TRACK-QGOVUOLA,2025-09-27,,2025-09-12T00:00:00Z,2025-11-15T00:00:00Z
ORD-02488,CUS-0720,2025-09-29,PROD-034,2,347.18,694.36,USD,crypto,pending,placed,express,TRACK-WWJABXXW,2025-10-02,,2025-09-29T00:00:00Z,2025-11-29T00:00:00Z
ORD-02489,CUS-0142,2025-01-20,PROD-067,5,317.35,1586.75,USD,debit_card,paid,processing,standard,TRACK-I825DNZI,2025-01-26,,2025-01-20T00:00:00Z,2025-04-24T00:00:00Z
ORD-02490,CUS-0456,2024-11-23,PROD-050,2,81.10,162.20,USD,paypal,partially_refunded,refunded,express,TRACK-Y4YUOWZI,2024-11-27,2024-11-29,2024-11-23T00:00:00Z,2025-05-18T00:00:00Z
ORD-02491,CUS-0742,2024-07-05,PROD-043,1,53.52,53.52,USD,debit_card,pending,placed,next_day,TRACK-Z67YYKL4,2024-07-06,,2024-07-05T00:00:00Z,2024-11-26T00:00:00Z
ORD-02492,CUS-0005,2024-10-04,PROD-058,1,354.13,354.13,USD,debit_card,paid,shipped,next_day,TRACK-3T8AGEDX,2024-10-05,,2024-10-04T00:00:00Z,2025-03-21T00:00:00Z
ORD-02493,CUS-0631,2024-02-25,PROD-079,2,363.45,726.90,USD,credit_card,paid,shipped,standard,TRACK-0W7TUA9G,2024-03-06,,2024-02-25T00:00:00Z,2024-06-12T00:00:00Z
ORD-02494,CUS-0741,2024-08-23,PROD-007,4,2312.54,9250.16,USD,credit_card,paid,confirmed,international,TRACK-C965QV3Q,2024-09-13,,2024-08-23T00:00:00Z,2024-11-10T00:00:00Z
ORD-02495,CUS-0442,2025-04-19,PROD-028,1,249.80,249.80,USD,debit_card,paid,delivered,express,TRACK-1P7XHZ2F,2025-04-21,2025-04-24,2025-04-19T00:00:00Z,2025-11-24T00:00:00Z
ORD-02496,CUS-0448,2025-09-29,PROD-069,5,271.07,1355.35,USD,paypal,paid,confirmed,standard,TRACK-RPDHKUZU,2025-10-09,,2025-09-29T00:00:00Z,2025-11-15T00:00:00Z
ORD-02497,CUS-0986,2024-12-24,PROD-051,4,450.36,1801.44,USD,bank_transfer,paid,confirmed,express,TRACK-8V04B6U5,2024-12-26,,2024-12-24T00:00:00Z,2025-05-25T00:00:00Z
ORD-02498,CUS-0511,2024-08-01,PROD-047,4,81.88,327.52,USD,debit_card,paid,out_for_delivery,standard,TRACK-1169G871,2024-08-08,,2024-08-01T00:00:00Z,2025-10-13T00:00:00Z
ORD-02499,CUS-0932,2025-05-24,PROD-040,4,337.08,1348.32,USD,debit_card,paid,out_for_delivery,standard,TRACK-6LR0LU57,2025-05-29,,2025-05-24T00:00:00Z,2025-09-19T00:00:00Z
ORD-02500,CUS-0614,2025-08-18,PROD-094,4,179.49,717.96,USD,debit_card,partially_refunded,returned,standard,TRACK-DVAW54OQ,2025-08-25,2025-08-26,2025-08-18T00:00:00Z,2025-10-24T00:00:00Z
ORD-02501,CUS-0387,2025-05-26,PROD-079,5,363.45,1817.25,USD,bank_transfer,paid,shipped,next_day,TRACK-T2KO4YWH,2025-05-27,,2025-05-26T00:00:00Z,2025-12-12T00:00:00Z
ORD-02502,CUS-0839,2025-05-31,PROD-024,3,522.20,1566.60,USD,credit_card,paid,placed,standard,TRACK-P1L4WFXF,2025-06-07,,2025-05-31T00:00:00Z,2025-06-28T00:00:00Z
ORD-02503,CUS-0189,2024-08-17,PROD-099,5,110.41,552.05,USD,debit_card,paid,placed,standard,TRACK-ZN946NLZ,2024-08-24,,2024-08-17T00:00:00Z,2025-04-11T00:00:00Z
ORD-02504,CUS-0270,2025-04-27,PROD-076,1,158.70,158.70,USD,paypal,paid,shipped,standard,TRACK-EVLN2V0T,2025-05-03,,2025-04-27T00:00:00Z,2025-12-04T00:00:00Z
ORD-02505,CUS-0233,2025-05-27,PROD-043,3,53.52,160.56,USD,credit_card,paid,delivered,next_day,TRACK-4Y4CVIM1,2025-05-28,2025-05-30,2025-05-27T00:00:00Z,2025-06-30T00:00:00Z
ORD-02506,CUS-0564,2025-04-29,PROD-092,3,102.76,308.28,USD,paypal,pending,placed,express,TRACK-YCDY1Q1E,2025-05-02,,2025-04-29T00:00:00Z,2025-08-15T00:00:00Z
ORD-02507,CUS-0245,2025-03-09,PROD-027,1,795.29,795.29,USD,paypal,paid,delivered,express,TRACK-Z7BYK9L1,2025-03-13,2025-03-13,2025-03-09T00:00:00Z,2025-10-26T00:00:00Z
ORD-02508,CUS-0922,2024-10-02,PROD-084,1,52.10,52.10,USD,bank_transfer,paid,placed,express,TRACK-R1H69M0G,2024-10-04,,2024-10-02T00:00:00Z,2025-03-04T00:00:00Z
ORD-02509,CUS-0167,2025-11-23,PROD-003,5,986.69,4933.45,USD,bank_transfer,refunded,returned,express,TRACK-GW8LU3TG,2025-11-26,2025-11-26,2025-11-23T00:00:00Z,2025-12-16T00:00:00Z
ORD-02510,CUS-0319,2024-12-08,PROD-016,1,551.74,551.74,USD,paypal,paid,delivered,express,TRACK-HNQQA4P2,2024-12-11,2024-12-11,2024-12-08T00:00:00Z,2025-07-01T00:00:00Z
ORD-02511,CUS-0095,2025-03-09,PROD-086,5,272.87,1364.35,USD,paypal,paid,shipped,standard,TRACK-13GT2UNV,2025-03-16,,2025-03-09T00:00:00Z,2025-09-11T00:00:00Z
ORD-02512,CUS-0552,2025-05-11,PROD-021,4,373.51,1494.04,USD,paypal,paid,delivered,next_day,TRACK-OWEEVX3N,2025-05-12,2025-05-14,2025-05-11T00:00:00Z,2025-05-18T00:00:00Z
ORD-02513,CUS-0446,2025-06-20,PROD-003,2,986.69,1973.38,USD,paypal,paid,out_for_delivery,standard,TRACK-AGI3XAW5,2025-06-27,,2025-06-20T00:00:00Z,2025-12-18T00:00:00Z
ORD-02514,CUS-0797,2025-08-20,PROD-050,1,81.10,81.10,USD,debit_card,paid,shipped,international,TRACK-QZV5U7XH,2025-09-14,,2025-08-20T00:00:00Z,2025-12-29T00:00:00Z
ORD-02515,CUS-0712,2024-10-02,PROD-093,5,61.11,305.55,USD,credit_card,paid,delivered,standard,TRACK-006T5ESW,2024-10-12,2024-10-12,2024-10-02T00:00:00Z,2025-10-06T00:00:00Z
ORD-02516,CUS-0237,2025-04-29,PROD-030,5,342.95,1714.75,USD,bank_transfer,paid,shipped,next_day,TRACK-7HDIJWPY,2025-04-30,,2025-04-29T00:00:00Z,2025-11-10T00:00:00Z
ORD-02517,CUS-0101,2025-05-16,PROD-019,5,1140.33,5701.65,USD,credit_card,paid,out_for_delivery,express,TRACK-OIS1WBSC,2025-05-20,,2025-05-16T00:00:00Z,2025-06-29T00:00:00Z
ORD-02518,CUS-0755,2025-06-03,PROD-007,2,2312.54,4625.08,USD,credit_card,paid,processing,standard,TRACK-KSXZ5ER1,2025-06-12,,2025-06-03T00:00:00Z,2025-09-17T00:00:00Z
ORD-02519,CUS-0902,2025-08-23,PROD-033,3,249.21,747.63,USD,credit_card,paid,out_for_delivery,international,TRACK-BKF59VA2,2025-09-22,,2025-08-23T00:00:00Z,2025-12-31T00:00:00Z
ORD-02520,CUS-0302,2024-05-16,PROD-022,3,500.24,1500.72,USD,debit_card,paid,delayed,express,TRACK-BE2X8IWD,2024-05-19,,2024-05-16T00:00:00Z,2025-02-22T00:00:00Z
ORD-02521,CUS-0215,2024-02-05,PROD-033,2,249.21,498.42,USD,credit_card,refunded,refunded,standard,TRACK-0RGZXRI7,2024-02-14,2024-02-14,2024-02-05T00:00:00Z,2025-03-29T00:00:00Z
ORD-02522,CUS-0513,2024-06-15,PROD-021,1,373.51,373.51,USD,credit_card,paid,placed,standard,TRACK-W7RPNKGD,2024-06-23,,2024-06-15T00:00:00Z,2024-08-08T00:00:00Z
ORD-02523,CUS-0428,2024-02-14,PROD-022,5,500.24,2501.20,USD,debit_card,paid,confirmed,standard,TRACK-3JQ1NKWM,2024-02-20,,2024-02-14T00:00:00Z,2024-07-19T00:00:00Z
ORD-02524,CUS-0849,2024-05-10,PROD-074,1,76.36,76.36,USD,paypal,paid,delayed,standard,TRACK-5LWDIJVT,2024-05-20,,2024-05-10T00:00:00Z,2025-04-09T00:00:00Z
ORD-02525,CUS-0028,2024-05-15,PROD-076,5,158.70,793.50,USD,credit_card,paid,placed,express,TRACK-77JJ6V0P,2024-05-18,,2024-05-15T00:00:00Z,2025-09-04T00:00:00Z
ORD-02526,CUS-0863,2025-11-05,PROD-019,1,1140.33,1140.33,USD,debit_card,paid,shipped,standard,TRACK-2LED4OUV,2025-11-12,,2025-11-05T00:00:00Z,2025-11-25T00:00:00Z
ORD-02527,CUS-0104,2024-11-04,PROD-037,3,290.16,870.48,USD,bank_transfer,paid,shipped,next_day,TRACK-2RS20FE5,2024-11-05,,2024-11-04T00:00:00Z,2025-07-23T00:00:00Z
ORD-02528,CUS-0547,2025-02-07,PROD-086,3,272.87,818.61,USD,paypal,paid,shipped,standard,TRACK-5V6J9RUF,2025-02-13,,2025-02-07T00:00:00Z,2025-03-29T00:00:00Z
ORD-02529,CUS-0230,2025-03-23,PROD-100,5,46.48,232.40,USD,debit_card,paid,delivered,express,TRACK-MSWRR909,2025-03-27,2025-03-27,2025-03-23T00:00:00Z,2025-07-29T00:00:00Z
ORD-02530,CUS-0856,2024-06-16,PROD-020,3,848.04,2544.12,USD,credit_card,paid,confirmed,standard,TRACK-89AHSH1G,2024-06-24,,2024-06-16T00:00:00Z,2024-12-17T00:00:00Z
ORD-02531,CUS-0236,2024-05-29,PROD-059,1,284.59,284.59,USD,paypal,paid,out_for_delivery,standard,TRACK-VM3BY4II,2024-06-07,,2024-05-29T00:00:00Z,2025-12-18T00:00:00Z
ORD-02532,CUS-0925,2025-04-11,PROD-063,2,328.94,657.88,USD,credit_card,paid,processing,standard,TRACK-F9T6GXNY,2025-04-20,,2025-04-11T00:00:00Z,2025-11-09T00:00:00Z
ORD-02533,CUS-0967,2024-06-11,PROD-029,1,868.72,868.72,USD,debit_card,paid,delivered,standard,TRACK-21NDCS1U,2024-06-21,2024-06-21,2024-06-11T00:00:00Z,2024-10-14T00:00:00Z
ORD-02534,CUS-0934,2025-09-08,PROD-013,5,1278.38,6391.90,USD,paypal,paid,shipped,express,TRACK-E3ZIEXOG,2025-09-12,,2025-09-08T00:00:00Z,2025-12-12T00:00:00Z
ORD-02535,CUS-0672,2024-12-13,PROD-041,2,22.71,45.42,USD,paypal,refunded,cancelled,standard,TRACK-KYZ1QWJ3,2024-12-22,,2024-12-13T00:00:00Z,2025-04-02T00:00:00Z
ORD-02536,CUS-0190,2024-05-31,PROD-038,3,302.64,907.92,USD,credit_card,paid,delayed,next_day,TRACK-84BAXY8Q,2024-06-01,,2024-05-31T00:00:00Z,2025-06-20T00:00:00Z
ORD-02537,CUS-0198,2024-05-16,PROD-029,3,868.72,2606.16,USD,debit_card,paid,delivered,standard,TRACK-XXX1GJS4,2024-05-26,2024-05-26,2024-05-16T00:00:00Z,2024-09-14T00:00:00Z
ORD-02538,CUS-0918,2024-03-26,PROD-018,2,1487.38,2974.76,USD,paypal,paid,shipped,express,TRACK-37PVCF4U,2024-03-30,,2024-03-26T00:00:00Z,2024-09-25T00:00:00Z
ORD-02539,CUS-0483,2024-06-15,PROD-098,3,168.10,504.30,USD,credit_card,paid,shipped,express,TRACK-M9PUWCF6,2024-06-17,,2024-06-15T00:00:00Z,2024-09-15T00:00:00Z
ORD-02540,CUS-0957,2025-08-02,PROD-100,4,46.48,185.92,USD,credit_card,paid,out_for_delivery,express,TRACK-MPM675BN,2025-08-05,,2025-08-02T00:00:00Z,2025-09-07T00:00:00Z
ORD-02541,CUS-0478,2025-02-03,PROD-057,1,81.68,81.68,USD,bank_transfer,paid,confirmed,standard,TRACK-IOMQD9AN,2025-02-11,,2025-02-03T00:00:00Z,2025-11-05T00:00:00Z
ORD-02542,CUS-0358,2024-11-15,PROD-061,2,118.46,236.92,USD,debit_card,paid,delivered,express,TRACK-9IJ283DY,2024-11-18,2024-11-20,2024-11-15T00:00:00Z,2024-12-23T00:00:00Z
ORD-02543,CUS-0887,2024-08-20,PROD-050,1,81.10,81.10,USD,paypal,refunded,returned,standard,TRACK-VCFO9RE3,2024-08-25,2024-08-26,2024-08-20T00:00:00Z,2025-07-25T00:00:00Z
ORD-02544,CUS-0534,2024-07-29,PROD-005,1,925.08,925.08,USD,credit_card,paid,placed,standard,TRACK-IAB2YU7Y,2024-08-04,,2024-07-29T00:00:00Z,2025-01-08T00:00:00Z
ORD-02545,CUS-0334,2025-02-06,PROD-037,3,290.16,870.48,USD,credit_card,partially_refunded,refunded,express,TRACK-N3PDN68B,2025-02-09,2025-02-11,2025-02-06T00:00:00Z,2025-08-06T00:00:00Z
ORD-02546,CUS-0766,2024-06-11,PROD-037,2,290.16,580.32,USD,paypal,paid,out_for_delivery,standard,TRACK-PQN4G6RC,2024-06-18,,2024-06-11T00:00:00Z,2025-09-04T00:00:00Z
ORD-02547,CUS-0603,2024-10-11,PROD-002,3,2846.71,8540.13,USD,paypal,partially_refunded,refunded,standard,TRACK-1K1YM2J9,2024-10-18,2024-10-20,2024-10-11T00:00:00Z,2025-05-29T00:00:00Z
ORD-02548,CUS-0546,2025-01-19,PROD-007,3,2312.54,6937.62,USD,debit_card,paid,processing,standard,TRACK-W7XOZG42,2025-01-28,,2025-01-19T00:00:00Z,2025-05-12T00:00:00Z
ORD-02549,CUS-0071,2025-03-14,PROD-014,1,474.04,474.04,USD,credit_card,paid,confirmed,standard,TRACK-4I5VGD1X,2025-03-24,,2025-03-14T00:00:00Z,2025-08-04T00:00:00Z
ORD-02550,CUS-0832,2024-09-18,PROD-024,1,522.20,522.20,USD,debit_card,pending,placed,next_day,TRACK-0HXV2ZOT,2024-09-19,,2024-09-18T00:00:00Z,2025-11-03T00:00:00Z
ORD-02551,CUS-0525,2024-12-12,PROD-031,5,88.52,442.60,USD,paypal,paid,delivered,standard,TRACK-69X8PLWQ,2024-12-21,2024-12-24,2024-12-12T00:00:00Z,2025-09-27T00:00:00Z
ORD-02552,CUS-0791,2025-12-29,PROD-098,4,168.10,672.40,USD,debit_card,paid,shipped,standard,TRACK-07WXC1KN,2025-12-31,,2025-12-29T00:00:00Z,2025-12-31T00:00:00Z
ORD-02553,CUS-0414,2024-09-18,PROD-066,5,77.92,389.60,USD,credit_card,partially_refunded,refunded,standard,TRACK-36Q556RG,2024-09-25,2024-09-26,2024-09-18T00:00:00Z,2025-10-11T00:00:00Z
ORD-02554,CUS-0524,2024-12-07,PROD-014,5,474.04,2370.20,USD,credit_card,paid,placed,express,TRACK-S15JD466,2024-12-11,,2024-12-07T00:00:00Z,2025-05-01T00:00:00Z
ORD-02555,CUS-0423,2024-03-13,PROD-062,5,282.17,1410.85,USD,credit_card,paid,delivered,standard,TRACK-QGPD500W,2024-03-20,2024-03-23,2024-03-13T00:00:00Z,2025-02-01T00:00:00Z
ORD-02556,CUS-0076,2025-07-26,PROD-099,4,110.41,441.64,USD,debit_card,paid,shipped,standard,TRACK-N3BZNHWC,2025-08-02,,2025-07-26T00:00:00Z,2025-10-04T00:00:00Z
ORD-02557,CUS-0810,2025-09-28,PROD-014,4,474.04,1896.16,USD,credit_card,paid,confirmed,express,TRACK-3XCCPL8N,2025-10-02,,2025-09-28T00:00:00Z,2025-10-17T00:00:00Z
ORD-02558,CUS-0727,2025-06-20,PROD-094,5,179.49,897.45,USD,debit_card,paid,shipped,standard,TRACK-8Q3518RW,2025-06-25,,2025-06-20T00:00:00Z,2025-08-26T00:00:00Z
ORD-02559,CUS-0422,2025-08-28,PROD-059,1,284.59,284.59,USD,debit_card,paid,delivered,express,TRACK-2IHW922Q,2025-09-01,2025-09-02,2025-08-28T00:00:00Z,2025-10-06T00:00:00Z
ORD-02560,CUS-0424,2024-03-27,PROD-007,1,2312.54,2312.54,USD,credit_card,paid,placed,next_day,TRACK-VXPKAYBS,2024-03-28,,2024-03-27T00:00:00Z,2025-04-10T00:00:00Z
ORD-02561,CUS-0645,2025-12-06,PROD-087,4,89.66,358.64,USD,credit_card,paid,shipped,standard,TRACK-TNA623BR,2025-12-11,,2025-12-06T00:00:00Z,2025-12-06T00:00:00Z
ORD-02562,CUS-0942,2024-05-23,PROD-020,2,848.04,1696.08,USD,bank_transfer,paid,delivered,standard,TRACK-ZUH9WL4B,2024-05-28,2024-05-28,2024-05-23T00:00:00Z,2025-06-14T00:00:00Z
ORD-02563,CUS-0580,2024-10-02,PROD-026,5,295.00,1475.00,USD,credit_card,paid,confirmed,standard,TRACK-6PSRC4DW,2024-10-07,,2024-10-02T00:00:00Z,2025-11-11T00:00:00Z
ORD-02564,CUS-0823,2025-03-11,PROD-100,2,46.48,92.96,USD,debit_card,paid,cancelled,standard,TRACK-0NUJE8VL,2025-03-21,,2025-03-11T00:00:00Z,2025-05-12T00:00:00Z
ORD-02565,CUS-0444,2024-05-29,PROD-058,1,354.13,354.13,USD,bank_transfer,paid,placed,standard,TRACK-5FL42VLB,2024-06-04,,2024-05-29T00:00:00Z,2025-03-07T00:00:00Z
ORD-02566,CUS-0946,2024-06-09,PROD-095,1,106.35,106.35,USD,credit_card,paid,cancelled,standard,TRACK-64JSLQM4,2024-06-16,,2024-06-09T00:00:00Z,2024-11-30T00:00:00Z
ORD-02567,CUS-0302,2024-09-14,PROD-019,2,1140.33,2280.66,USD,credit_card,paid,out_for_delivery,standard,TRACK-8GEQLSRE,2024-09-24,,2024-09-14T00:00:00Z,2024-12-01T00:00:00Z
ORD-02568,CUS-0003,2024-01-18,PROD-020,4,848.04,3392.16,USD,credit_card,pending,placed,express,TRACK-2EI2OP03,2024-01-21,,2024-01-18T00:00:00Z,2025-07-01T00:00:00Z
ORD-02569,CUS-0906,2024-07-01,PROD-022,5,500.24,2501.20,USD,debit_card,paid,delivered,express,TRACK-A6WB4KPB,2024-07-05,2024-07-08,2024-07-01T00:00:00Z,2025-08-05T00:00:00Z
ORD-02570,CUS-0888,2025-03-23,PROD-058,2,354.13,708.26,USD,credit_card,paid,delivered,standard,TRACK-W8Z48LVC,2025-04-02,2025-04-02,2025-03-23T00:00:00Z,2025-11-30T00:00:00Z
ORD-02571,CUS-0126,2024-10-31,PROD-054,5,511.50,2557.50,USD,credit_card,paid,shipped,standard,TRACK-98W406MQ,2024-11-05,,2024-10-31T00:00:00Z,2025-10-18T00:00:00Z
ORD-02572,CUS-0835,2025-04-06,PROD-082,1,235.36,235.36,USD,debit_card,paid,shipped,standard,TRACK-GSUWG6QH,2025-04-12,,2025-04-06T00:00:00Z,2025-10-16T00:00:00Z
ORD-02573,CUS-0437,2024-09-20,PROD-042,5,22.38,111.90,USD,bank_transfer,paid,delivered,standard,TRACK-RKV29YMJ,2024-09-25,2024-09-26,2024-09-20T00:00:00Z,2024-10-05T00:00:00Z
ORD-02574,CUS-0738,2024-06-08,PROD-004,1,2579.89,2579.89,USD,credit_card,refunded,cancelled,standard,TRACK-O16UM6TT,2024-06-14,,2024-06-08T00:00:00Z,2025-02-17T00:00:00Z
ORD-02575,CUS-0313,2024-09-07,PROD-043,2,53.52,107.04,USD,paypal,paid,shipped,express,TRACK-SFE1V0ON,2024-09-10,,2024-09-07T00:00:00Z,2025-03-14T00:00:00Z
ORD-02576,CUS-0311,2025-10-11,PROD-078,2,251.87,503.74,USD,paypal,paid,delivered,standard,TRACK-4WAH3QO2,2025-10-16,2025-10-18,2025-10-11T00:00:00Z,2025-12-08T00:00:00Z
ORD-02577,CUS-0494,2024-04-11,PROD-002,3,2846.71,8540.13,USD,credit_card,refunded,cancelled,standard,TRACK-M1DNFCIJ,2024-04-20,,2024-04-11T00:00:00Z,2024-08-04T00:00:00Z
ORD-02578,CUS-0367,2025-04-18,PROD-070,4,55.18,220.72,USD,bank_transfer,paid,shipped,express,TRACK-1N6QWA53,2025-04-22,,2025-04-18T00:00:00Z,2025-06-27T00:00:00Z
ORD-02579,CUS-0124,2024-03-06,PROD-048,1,127.33,127.33,USD,bank_transfer,paid,delivered,express,TRACK-UDBUJHBQ,2024-03-08,2024-03-09,2024-03-06T00:00:00Z,2024-03-20T00:00:00Z
ORD-02580,CUS-0694,2024-12-09,PROD-049,4,49.02,196.08,USD,debit_card,paid,delivered,standard,TRACK-QOGAWG57,2024-12-17,2024-12-20,2024-12-09T00:00:00Z,2025-12-21T00:00:00Z
ORD-02581,CUS-0232,2025-10-18,PROD-089,1,304.67,304.67,USD,credit_card,pending,placed,standard,TRACK-0QIV55RC,2025-10-23,,2025-10-18T00:00:00Z,2025-11-10T00:00:00Z
ORD-02582,CUS-0443,2024-10-25,PROD-093,2,61.11,122.22,USD,debit_card,paid,delivered,standard,TRACK-2Y205KH0,2024-11-04,2024-11-04,2024-10-25T00:00:00Z,2025-07-06T00:00:00Z
ORD-02583,CUS-0308,2024-05-17,PROD-091,5,84.12,420.60,USD,debit_card,paid,delivered,standard,TRACK-65MKRI2K,2024-05-24,2024-05-25,2024-05-17T00:00:00Z,2025-09-24T00:00:00Z
ORD-02584,CUS-0821,2025-10-29,PROD-021,3,373.51,1120.53,USD,bank_transfer,paid,shipped,express,TRACK-QU7TG2MY,2025-10-31,,2025-10-29T00:00:00Z,2025-12-03T00:00:00Z
ORD-02585,CUS-0156,2024-01-22,PROD-016,1,551.74,551.74,USD,paypal,paid,confirmed,next_day,TRACK-VOD3RS2N,2024-01-23,,2024-01-22T00:00:00Z,2025-11-16T00:00:00Z
ORD-02586,CUS-0033,2024-12-20,PROD-093,4,61.11,244.44,USD,credit_card,paid,delivered,express,TRACK-N79PG2IM,2024-12-22,2024-12-22,2024-12-20T00:00:00Z,2025-11-28T00:00:00Z
ORD-02587,CUS-0644,2025-11-01,PROD-017,3,657.92,1973.76,USD,credit_card,paid,delivered,standard,TRACK-V4GXOH4R,2025-11-11,2025-11-12,2025-11-01T00:00:00Z,2025-11-12T00:00:00Z
ORD-02588,CUS-0837,2024-06-10,PROD-046,3,67.55,202.65,USD,credit_card,paid,shipped,next_day,TRACK-43E90EQE,2024-06-11,,2024-06-10T00:00:00Z,2025-01-07T00:00:00Z
ORD-02589,CUS-0374,2024-07-19,PROD-072,4,172.02,688.08,USD,debit_card,paid,confirmed,standard,TRACK-3WEDPLHR,2024-07-28,,2024-07-19T00:00:00Z,2024-09-28T00:00:00Z
ORD-02590,CUS-0469,2024-08-24,PROD-009,3,788.22,2364.66,USD,debit_card,refunded,refunded,standard,TRACK-6YYDCM3T,2024-08-30,2024-09-01,2024-08-24T00:00:00Z,2024-11-13T00:00:00Z
ORD-02591,CUS-0739,2024-08-06,PROD-062,5,282.17,1410.85,USD,debit_card,paid,out_for_delivery,standard,TRACK-H24P1AVF,2024-08-15,,2024-08-06T00:00:00Z,2025-12-06T00:00:00Z
ORD-02592,CUS-0572,2024-06-05,PROD-038,4,302.64,1210.56,USD,debit_card,paid,out_for_delivery,standard,TRACK-LOPEYP78,2024-06-10,,2024-06-05T00:00:00Z,2025-06-24T00:00:00Z
ORD-02593,CUS-0631,2024-04-16,PROD-076,2,158.70,317.40,USD,credit_card,partially_refunded,refunded,next_day,TRACK-OL5KP3ID,2024-04-17,2024-04-17,2024-04-16T00:00:00Z,2025-03-09T00:00:00Z
ORD-02594,CUS-0391,2025-10-14,PROD-097,5,43.21,216.05,USD,credit_card,paid,shipped,standard,TRACK-G0ESOY2Z,2025-10-22,,2025-10-14T00:00:00Z,2025-11-04T00:00:00Z
ORD-02595,CUS-0237,2025-01-13,PROD-088,1,191.92,191.92,USD,credit_card,paid,delivered,standard,TRACK-FXPMDZCP,2025-01-19,2025-01-22,2025-01-13T00:00:00Z,2025-12-10T00:00:00Z
ORD-02596,CUS-0687,2025-06-07,PROD-038,3,302.64,907.92,USD,debit_card,paid,delivered,standard,TRACK-L5BQKMY6,2025-06-15,2025-06-18,2025-06-07T00:00:00Z,2025-08-20T00:00:00Z
ORD-02597,CUS-0125,2024-10-27,PROD-083,4,189.30,757.20,USD,bank_transfer,paid,cancelled,standard,TRACK-5SDI15H2,2024-11-02,,2024-10-27T00:00:00Z,2025-06-05T00:00:00Z
ORD-02598,CUS-0202,2024-12-06,PROD-006,4,1049.94,4199.76,USD,debit_card,paid,delivered,express,TRACK-Y3OC9G6M,2024-12-09,2024-12-12,2024-12-06T00:00:00Z,2025-07-12T00:00:00Z
ORD-02599,CUS-0046,2025-08-12,PROD-050,3,81.10,243.30,USD,debit_card,paid,placed,next_day,TRACK-FCBSOM4H,2025-08-13,,2025-08-12T00:00:00Z,2025-10-16T00:00:00Z
ORD-02600,CUS-0509,2024-04-19,PROD-035,3,297.43,892.29,USD,credit_card,paid,placed,standard,TRACK-Y4HPK4L2,2024-04-27,,2024-04-19T00:00:00Z,2024-04-26T00:00:00Z
ORD-02601,CUS-0006,2025-07-19,PROD-009,2,788.22,1576.44,USD,paypal,paid,placed,standard,TRACK-NH5EHYWF,2025-07-24,,2025-07-19T00:00:00Z,2025-08-12T00:00:00Z
ORD-02602,CUS-0519,2025-08-12,PROD-076,2,158.70,317.40,USD,debit_card,paid,delivered,standard,TRACK-8T5EOA48,2025-08-20,2025-08-22,2025-08-12T00:00:00Z,2025-11-27T00:00:00Z
ORD-02603,CUS-0763,2024-04-15,PROD-002,5,2846.71,14233.55,USD,debit_card,paid,placed,next_day,TRACK-P40EEVDE,2024-04-16,,2024-04-15T00:00:00Z,2024-12-01T00:00:00Z
ORD-02604,CUS-0173,2024-04-19,PROD-066,4,77.92,311.68,USD,credit_card,failed,cancelled,international,TRACK-C8HH41QK,2024-05-06,,2024-04-19T00:00:00Z,2024-12-20T00:00:00Z
ORD-02605,CUS-0334,2025-12-31,PROD-018,4,1487.38,5949.52,USD,credit_card,paid,delivered,express,TRACK-22MW8PND,2025-12-31,2025-12-31,2025-12-31T00:00:00Z,2026-01-01T00:00:00Z
ORD-02606,CUS-0772,2025-10-03,PROD-055,3,407.21,1221.63,USD,credit_card,paid,confirmed,standard,TRACK-VQQ1JYOT,2025-10-13,,2025-10-03T00:00:00Z,2025-11-08T00:00:00Z
ORD-02607,CUS-0125,2024-12-07,PROD-030,1,342.95,342.95,USD,bank_transfer,paid,processing,standard,TRACK-OZLV48PQ,2024-12-17,,2024-12-07T00:00:00Z,2025-05-07T00:00:00Z
ORD-02608,CUS-0439,2024-11-18,PROD-090,3,289.84,869.52,USD,credit_card,paid,delivered,express,TRACK-FS59H9XD,2024-11-20,2024-11-22,2024-11-18T00:00:00Z,2025-08-06T00:00:00Z
ORD-02609,CUS-0557,2025-04-27,PROD-063,3,328.94,986.82,USD,paypal,failed,cancelled,standard,TRACK-HCCLXNTX,2025-05-04,,2025-04-27T00:00:00Z,2025-08-12T00:00:00Z
ORD-02610,CUS-0635,2025-03-15,PROD-073,2,114.42,228.84,USD,credit_card,paid,delivered,standard,TRACK-K5CLF0XS,2025-03-25,2025-03-26,2025-03-15T00:00:00Z,2025-04-28T00:00:00Z
ORD-02611,CUS-0027,2025-01-12,PROD-055,4,407.21,1628.84,USD,debit_card,refunded,cancelled,express,TRACK-09WQ4N18,2025-01-14,,2025-01-12T00:00:00Z,2025-09-24T00:00:00Z
ORD-02612,CUS-0647,2024-08-29,PROD-007,5,2312.54,11562.70,USD,credit_card,paid,processing,standard,TRACK-PYQLD56Y,2024-09-05,,2024-08-29T00:00:00Z,2025-06-24T00:00:00Z
ORD-02613,CUS-0481,2024-04-24,PROD-016,5,551.74,2758.70,USD,credit_card,paid,processing,next_day,TRACK-BAY6B0M1,2024-04-25,,2024-04-24T00:00:00Z,2025-08-25T00:00:00Z
ORD-02614,CUS-0754,2024-04-26,PROD-088,4,191.92,767.68,USD,paypal,paid,processing,next_day,TRACK-736HXPO6,2024-04-27,,2024-04-26T00:00:00Z,2025-04-29T00:00:00Z
ORD-02615,CUS-0099,2024-09-30,PROD-065,4,339.44,1357.76,USD,paypal,paid,delivered,express,TRACK-R6WSSK4W,2024-10-04,2024-10-07,2024-09-30T00:00:00Z,2025-10-10T00:00:00Z
ORD-02616,CUS-0901,2025-04-21,PROD-046,5,67.55,337.75,USD,paypal,paid,out_for_delivery,standard,TRACK-KVQ84PXW,2025-04-29,,2025-04-21T00:00:00Z,2025-07-20T00:00:00Z
ORD-02617,CUS-0820,2025-10-15,PROD-029,5,868.72,4343.60,USD,debit_card,refunded,cancelled,standard,TRACK-TX42681Y,2025-10-23,,2025-10-15T00:00:00Z,2025-12-20T00:00:00Z
ORD-02618,CUS-0878,2025-07-09,PROD-055,5,407.21,2036.05,USD,credit_card,paid,delivered,standard,TRACK-FAGN3CIB,2025-07-16,2025-07-17,2025-07-09T00:00:00Z,2025-08-02T00:00:00Z
ORD-02619,CUS-0099,2024-06-21,PROD-035,1,297.43,297.43,USD,bank_transfer,paid,delivered,express,TRACK-ND3HGUVR,2024-06-23,2024-06-24,2024-06-21T00:00:00Z,2025-08-22T00:00:00Z
ORD-02620,CUS-0884,2024-03-13,PROD-089,1,304.67,304.67,USD,debit_card,paid,delivered,next_day,TRACK-YFZRKLSP,2024-03-14,2024-03-17,2024-03-13T00:00:00Z,2024-05-23T00:00:00Z
ORD-02621,CUS-0147,2025-08-04,PROD-089,4,304.67,1218.68,USD,credit_card,paid,out_for_delivery,standard,TRACK-F87HKL19,2025-08-14,,2025-08-04T00:00:00Z,2025-09-03T00:00:00Z
ORD-02622,CUS-0353,2024-07-21,PROD-095,5,106.35,531.75,USD,credit_card,paid,delivered,next_day,TRACK-5U4UV5I7,2024-07-22,2024-07-23,2024-07-21T00:00:00Z,2024-08-22T00:00:00Z
ORD-02623,CUS-0533,2024-12-05,PROD-099,5,110.41,552.05,USD,bank_transfer,partially_refunded,returned,standard,TRACK-9BGDYBOJ,2024-12-11,2024-12-14,2024-12-05T00:00:00Z,2025-04-11T00:00:00Z
ORD-02624,CUS-0223,2024-07-28,PROD-010,3,1931.10,5793.30,USD,bank_transfer,refunded,cancelled,standard,TRACK-C5P2UR3F,2024-08-02,,2024-07-28T00:00:00Z,2025-12-01T00:00:00Z
ORD-02625,CUS-0803,2025-09-12,PROD-061,3,118.46,355.38,USD,credit_card,paid,delivered,next_day,TRACK-VD3RRJ1C,2025-09-13,2025-09-15,2025-09-12T00:00:00Z,2025-11-12T00:00:00Z
ORD-02626,CUS-0786,2024-01-21,PROD-044,4,26.86,107.44,USD,paypal,paid,delivered,express,TRACK-IIJC57V3,2024-01-25,2024-01-28,2024-01-21T00:00:00Z,2025-11-10T00:00:00Z
ORD-02627,CUS-0998,2024-11-22,PROD-082,1,235.36,235.36,USD,credit_card,paid,delivered,express,TRACK-GDMBP7TY,2024-11-26,2024-11-29,2024-11-22T00:00:00Z,2025-12-21T00:00:00Z
ORD-02628,CUS-0946,2025-03-28,PROD-028,5,249.80,1249.00,USD,paypal,paid,shipped,international,TRACK-QD5QGUUH,2025-04-27,,2025-03-28T00:00:00Z,2025-05-11T00:00:00Z
ORD-02629,CUS-0505,2025-05-04,PROD-049,1,49.02,49.02,USD,credit_card,paid,delivered,international,TRACK-9WAGP510,2025-05-23,2025-05-25,2025-05-04T00:00:00Z,2025-08-25T00:00:00Z
ORD-02630,CUS-0518,2024-07-19,PROD-038,1,302.64,302.64,USD,bank_transfer,paid,delivered,standard,TRACK-HTS1P2K6,2024-07-26,2024-07-28,2024-07-19T00:00:00Z,2024-10-16T00:00:00Z
ORD-02631,CUS-0675,2025-07-07,PROD-098,4,168.10,672.40,USD,credit_card,paid,delivered,next_day,TRACK-3KXRJZZA,2025-07-08,2025-07-09,2025-07-07T00:00:00Z,2025-10-11T00:00:00Z
ORD-02632,CUS-0567,2025-05-28,PROD-052,4,580.62,2322.48,USD,credit_card,pending,placed,express,TRACK-N80RN4LZ,2025-05-31,,2025-05-28T00:00:00Z,2025-07-21T00:00:00Z
ORD-02633,CUS-0005,2024-05-26,PROD-075,3,343.41,1030.23,USD,credit_card,paid,delivered,express,TRACK-KASIFMQA,2024-05-28,2024-05-29,2024-05-26T00:00:00Z,2025-07-31T00:00:00Z
ORD-02634,CUS-0403,2024-09-01,PROD-040,3,337.08,1011.24,USD,debit_card,paid,delivered,standard,TRACK-U4L8XPD1,2024-09-07,2024-09-10,2024-09-01T00:00:00Z,2024-11-30T00:00:00Z
ORD-02635,CUS-0149,2024-09-16,PROD-085,4,152.73,610.92,USD,debit_card,paid,out_for_delivery,standard,TRACK-HT28C8CF,2024-09-23,,2024-09-16T00:00:00Z,2025-10-16T00:00:00Z
ORD-02636,CUS-0866,2025-06-24,PROD-092,4,102.76,411.04,USD,paypal,paid,shipped,next_day,TRACK-QVV4WVX1,2025-06-25,,2025-06-24T00:00:00Z,2025-08-20T00:00:00Z
ORD-02637,CUS-0774,2024-07-26,PROD-079,2,363.45,726.90,USD,credit_card,paid,delivered,next_day,TRACK-HQPST2S2,2024-07-27,2024-07-28,2024-07-26T00:00:00Z,2024-11-28T00:00:00Z
ORD-02638,CUS-0983,2024-08-03,PROD-058,5,354.13,1770.65,USD,paypal,failed,cancelled,express,TRACK-D9M0IB3W,2024-08-07,,2024-08-03T00:00:00Z,2025-04-01T00:00:00Z
ORD-02639,CUS-0492,2025-05-17,PROD-070,2,55.18,110.36,USD,credit_card,paid,delivered,standard,TRACK-EUSNS7VB,2025-05-23,2025-05-24,2025-05-17T00:00:00Z,2025-07-01T00:00:00Z
ORD-02640,CUS-0609,2025-09-23,PROD-100,3,46.48,139.44,USD,bank_transfer,paid,placed,express,TRACK-FZOWGDCO,2025-09-26,,2025-09-23T00:00:00Z,2025-11-18T00:00:00Z
ORD-02641,CUS-0826,2025-07-05,PROD-100,4,46.48,185.92,USD,credit_card,refunded,refunded,next_day,TRACK-VC99BXP6,2025-07-06,2025-07-07,2025-07-05T00:00:00Z,2025-07-13T00:00:00Z
ORD-02642,CUS-0371,2025-12-09,PROD-028,4,249.80,999.20,USD,debit_card,paid,shipped,next_day,TRACK-P9FEZIKU,2025-12-10,,2025-12-09T00:00:00Z,2025-12-24T00:00:00Z
ORD-02643,CUS-0193,2024-12-24,PROD-050,1,81.10,81.10,USD,debit_card,paid,delivered,standard,TRACK-2DTOOHUA,2024-12-30,2025-01-01,2024-12-24T00:00:00Z,2025-03-27T00:00:00Z
ORD-02644,CUS-0271,2025-02-16,PROD-060,2,420.27,840.54,USD,credit_card,paid,delivered,standard,TRACK-RFOZLAF7,2025-02-26,2025-02-28,2025-02-16T00:00:00Z,2025-11-03T00:00:00Z
ORD-02645,CUS-0664,2025-12-12,PROD-092,3,102.76,308.28,USD,paypal,paid,delivered,standard,TRACK-AWVSPYZF,2025-12-22,2025-12-24,2025-12-12T00:00:00Z,2025-12-22T00:00:00Z
ORD-02646,CUS-0707,2024-11-30,PROD-003,1,986.69,986.69,USD,credit_card,paid,cancelled,standard,TRACK-L10MVNIK,2024-12-07,,2024-11-30T00:00:00Z,2025-06-13T00:00:00Z
ORD-02647,CUS-0862,2025-09-25,PROD-038,5,302.64,1513.20,USD,credit_card,paid,shipped,next_day,TRACK-CR7VQFFZ,2025-09-26,,2025-09-25T00:00:00Z,2025-11-12T00:00:00Z
ORD-02648,CUS-0748,2024-03-27,PROD-087,3,89.66,268.98,USD,bank_transfer,refunded,returned,standard,TRACK-ARE104RP,2024-04-05,2024-04-08,2024-03-27T00:00:00Z,2025-06-17T00:00:00Z
ORD-02649,CUS-0711,2024-09-06,PROD-073,5,114.42,572.10,USD,bank_transfer,paid,delivered,standard,TRACK-DM5NVA7S,2024-09-11,2024-09-12,2024-09-06T00:00:00Z,2025-12-03T00:00:00Z
ORD-02650,CUS-0039,2024-12-16,PROD-064,1,384.19,384.19,USD,paypal,paid,placed,express,TRACK-46Y8N5MU,2024-12-20,,2024-12-16T00:00:00Z,2025-03-06T00:00:00Z
ORD-02651,CUS-0886,2024-09-21,PROD-019,3,1140.33,3420.99,USD,paypal,paid,shipped,express,TRACK-MHEK99L1,2024-09-23,,2024-09-21T00:00:00Z,2025-11-05T00:00:00Z
ORD-02652,CUS-0793,2025-08-11,PROD-074,3,76.36,229.08,USD,credit_card,paid,delivered,express,TRACK-OVHBTLVV,2025-08-13,2025-08-16,2025-08-11T00:00:00Z,2025-11-08T00:00:00Z
ORD-02653,CUS-0756,2025-11-20,PROD-085,4,152.73,610.92,USD,credit_card,paid,delivered,next_day,TRACK-C43H6XCF,2025-11-21,2025-11-24,2025-11-20T00:00:00Z,2025-11-22T00:00:00Z
ORD-02654,CUS-0722,2025-10-25,PROD-065,1,339.44,339.44,USD,paypal,pending,placed,standard,TRACK-YUV3FJEP,2025-11-03,,2025-10-25T00:00:00Z,2025-12-14T00:00:00Z
ORD-02655,CUS-0139,2025-08-13,PROD-065,2,339.44,678.88,USD,paypal,pending,placed,express,TRACK-KMCML5UG,2025-08-15,,2025-08-13T00:00:00Z,2025-09-06T00:00:00Z
ORD-02656,CUS-0154,2025-02-22,PROD-084,1,52.10,52.10,USD,credit_card,paid,shipped,next_day,TRACK-T0TPJ7C9,2025-02-23,,2025-02-22T00:00:00Z,2025-03-01T00:00:00Z
ORD-02657,CUS-0609,2025-07-10,PROD-031,4,88.52,354.08,USD,credit_card,paid,shipped,standard,TRACK-QWGR4B8J,2025-07-18,,2025-07-10T00:00:00Z,2025-11-22T00:00:00Z
ORD-02658,CUS-0484,2024-12-10,PROD-005,4,925.08,3700.32,USD,debit_card,paid,shipped,standard,TRACK-A204OAXL,2024-12-20,,2024-12-10T00:00:00Z,2025-02-03T00:00:00Z
ORD-02659,CUS-0370,2024-04-09,PROD-002,2,2846.71,5693.42,USD,credit_card,paid,cancelled,international,TRACK-07BONN44,2024-04-30,,2024-04-09T00:00:00Z,2025-04-01T00:00:00Z
ORD-02660,CUS-0633,2025-06-07,PROD-003,3,986.69,2960.07,USD,paypal,paid,delivered,next_day,TRACK-QLTU3RZI,2025-06-08,2025-06-08,2025-06-07T00:00:00Z,2025-08-24T00:00:00Z
ORD-02661,CUS-0500,2024-08-19,PROD-035,4,297.43,1189.72,USD,credit_card,paid,confirmed,express,TRACK-4BG5C210,2024-08-22,,2024-08-19T00:00:00Z,2025-06-18T00:00:00Z
ORD-02662,CUS-0128,2024-05-21,PROD-004,4,2579.89,10319.56,USD,paypal,paid,out_for_delivery,standard,TRACK-R61LJXGD,2024-05-31,,2024-05-21T00:00:00Z,2024-07-10T00:00:00Z
ORD-02663,CUS-0134,2025-10-25,PROD-056,4,520.14,2080.56,USD,debit_card,paid,delayed,standard,TRACK-IQ97DH4I,2025-11-03,,2025-10-25T00:00:00Z,2025-11-25T00:00:00Z
ORD-02664,CUS-0101,2025-01-13,PROD-034,2,347.18,694.36,USD,credit_card,paid,processing,express,TRACK-72HN20GP,2025-01-17,,2025-01-13T00:00:00Z,2025-07-18T00:00:00Z
ORD-02665,CUS-0427,2025-02-17,PROD-041,5,22.71,113.55,USD,paypal,paid,shipped,international,TRACK-T087BBMU,2025-03-10,,2025-02-17T00:00:00Z,2025-06-07T00:00:00Z
ORD-02666,CUS-0558,2024-12-01,PROD-015,4,987.77,3951.08,USD,credit_card,refunded,cancelled,standard,TRACK-4JY908QD,2024-12-11,,2024-12-01T00:00:00Z,2025-08-04T00:00:00Z
ORD-02667,CUS-0465,2025-12-30,PROD-080,3,255.93,767.79,USD,credit_card,paid,delivered,next_day,TRACK-72595EY4,2025-12-31,2025-12-31,2025-12-30T00:00:00Z,2025-12-31T00:00:00Z
ORD-02668,CUS-0438,2024-04-04,PROD-053,5,574.29,2871.45,USD,debit_card,paid,delivered,standard,TRACK-JQB5ON46,2024-04-12,2024-04-15,2024-04-04T00:00:00Z,2025-10-22T00:00:00Z
ORD-02669,CUS-0371,2024-11-17,PROD-038,3,302.64,907.92,USD,credit_card,paid,processing,next_day,TRACK-YH7RPV6W,2024-11-18,,2024-11-17T00:00:00Z,2025-02-11T00:00:00Z
ORD-02670,CUS-0679,2024-10-09,PROD-030,3,342.95,1028.85,USD,debit_card,refunded,returned,standard,TRACK-6U4GN9SL,2024-10-19,2024-10-19,2024-10-09T00:00:00Z,2025-09-05T00:00:00Z
ORD-02671,CUS-0402,2024-11-15,PROD-013,4,1278.38,5113.52,USD,paypal,refunded,returned,express,TRACK-HM7X1HXC,2024-11-17,2024-11-17,2024-11-15T00:00:00Z,2025-02-23T00:00:00Z
ORD-02672,CUS-0354,2024-04-26,PROD-056,1,520.14,520.14,USD,crypto,refunded,refunded,standard,TRACK-RKGL9UGG,2024-05-02,2024-05-03,2024-04-26T00:00:00Z,2024-08-16T00:00:00Z
ORD-02673,CUS-0495,2025-01-24,PROD-098,1,168.10,168.10,USD,credit_card,paid,delivered,express,TRACK-U5MTXS83,2025-01-28,2025-01-29,2025-01-24T00:00:00Z,2025-05-14T00:00:00Z
ORD-02674,CUS-0650,2024-11-17,PROD-091,4,84.12,336.48,USD,credit_card,paid,shipped,express,TRACK-QQAQVFWD,2024-11-20,,2024-11-17T00:00:00Z,2025-06-13T00:00:00Z
ORD-02675,CUS-0350,2025-05-11,PROD-057,5,81.68,408.40,USD,credit_card,paid,delivered,standard,TRACK-NSIKFESV,2025-05-18,2025-05-20,2025-05-11T00:00:00Z,2025-05-30T00:00:00Z
ORD-02676,CUS-0600,2024-05-09,PROD-085,3,152.73,458.19,USD,paypal,paid,confirmed,standard,TRACK-SPLJCP1Y,2024-05-14,,2024-05-09T00:00:00Z,2025-06-02T00:00:00Z
ORD-02677,CUS-0258,2024-04-30,PROD-078,3,251.87,755.61,USD,paypal,paid,shipped,standard,TRACK-9R84A3ND,2024-05-08,,2024-04-30T00:00:00Z,2024-08-19T00:00:00Z
ORD-02678,CUS-0389,2024-11-01,PROD-088,1,191.92,191.92,USD,debit_card,paid,shipped,express,TRACK-IR6SAWHC,2024-11-04,,2024-11-01T00:00:00Z,2024-12-06T00:00:00Z
ORD-02679,CUS-0016,2024-01-06,PROD-080,4,255.93,1023.72,USD,paypal,paid,confirmed,standard,TRACK-RD86DUDU,2024-01-16,,2024-01-06T00:00:00Z,2025-01-07T00:00:00Z
ORD-02680,CUS-0335,2024-07-12,PROD-069,5,271.07,1355.35,USD,credit_card,paid,out_for_delivery,standard,TRACK-NB5GO04S,2024-07-21,,2024-07-12T00:00:00Z,2025-03-16T00:00:00Z
ORD-02681,CUS-0917,2025-06-15,PROD-067,1,317.35,317.35,USD,credit_card,paid,shipped,express,TRACK-LFQGH53V,2025-06-18,,2025-06-15T00:00:00Z,2025-09-02T00:00:00Z
ORD-02682,CUS-0741,2024-10-09,PROD-050,3,81.10,243.30,USD,debit_card,paid,shipped,standard,TRACK-AAYJZEVB,2024-10-14,,2024-10-09T00:00:00Z,2025-06-11T00:00:00Z
ORD-02683,CUS-0237,2024-02-24,PROD-028,1,249.80,249.80,USD,debit_card,paid,confirmed,next_day,TRACK-3I93QF2H,2024-02-25,,2024-02-24T00:00:00Z,2025-11-12T00:00:00Z
ORD-02684,CUS-0878,2024-03-01,PROD-042,3,22.38,67.14,USD,bank_transfer,refunded,cancelled,next_day,TRACK-NBVJIH4F,2024-03-02,,2024-03-01T00:00:00Z,2025-03-10T00:00:00Z
ORD-02685,CUS-0267,2024-07-29,PROD-076,1,158.70,158.70,USD,credit_card,partially_refunded,refunded,standard,TRACK-8U514DYM,2024-08-07,2024-08-10,2024-07-29T00:00:00Z,2024-12-24T00:00:00Z
ORD-02686,CUS-0431,2025-10-10,PROD-008,4,1441.53,5766.12,USD,credit_card,paid,cancelled,standard,TRACK-VWQQ5ZDX,2025-10-16,,2025-10-10T00:00:00Z,2025-11-28T00:00:00Z
ORD-02687,CUS-0298,2024-03-11,PROD-012,5,922.70,4613.50,USD,debit_card,paid,delivered,standard,TRACK-ZPPZ99FM,2024-03-18,2024-03-19,2024-03-11T00:00:00Z,2024-04-21T00:00:00Z
ORD-02688,CUS-0044,2024-05-10,PROD-053,5,574.29,2871.45,USD,credit_card,paid,delayed,express,TRACK-XGSH4VWT,2024-05-14,,2024-05-10T00:00:00Z,2025-12-17T00:00:00Z
ORD-02689,CUS-0308,2025-07-29,PROD-048,5,127.33,636.65,USD,credit_card,paid,confirmed,standard,TRACK-CR5LVWQO,2025-08-05,,2025-07-29T00:00:00Z,2025-09-08T00:00:00Z
ORD-02690,CUS-0528,2025-06-09,PROD-100,5,46.48,232.40,USD,paypal,paid,delivered,express,TRACK-HGRP1CCA,2025-06-11,2025-06-12,2025-06-09T00:00:00Z,2025-06-27T00:00:00Z
ORD-02691,CUS-0252,2025-10-21,PROD-029,5,868.72,4343.60,USD,crypto,paid,out_for_delivery,standard,TRACK-XYJCKS3M,2025-10-31,,2025-10-21T00:00:00Z,2025-12-02T00:00:00Z
ORD-02692,CUS-0773,2024-10-22,PROD-059,5,284.59,1422.95,USD,credit_card,paid,delivered,next_day,TRACK-WW58UEF5,2024-10-23,2024-10-24,2024-10-22T00:00:00Z,2025-09-06T00:00:00Z
ORD-02693,CUS-0878,2024-12-15,PROD-025,2,499.30,998.60,USD,bank_transfer,partially_refunded,returned,standard,TRACK-8MRYKN8A,2024-12-23,2024-12-24,2024-12-15T00:00:00Z,2025-04-24T00:00:00Z
ORD-02694,CUS-0482,2025-01-01,PROD-014,4,474.04,1896.16,USD,bank_transfer,paid,delayed,express,TRACK-6AB6BHAG,2025-01-03,,2025-01-01T00:00:00Z,2025-03-13T00:00:00Z
ORD-02695,CUS-0215,2024-12-12,PROD-075,3,343.41,1030.23,USD,credit_card,paid,confirmed,standard,TRACK-4PSEFMJJ,2024-12-18,,2024-12-12T00:00:00Z,2025-07-09T00:00:00Z
ORD-02696,CUS-0839,2025-10-04,PROD-030,2,342.95,685.90,USD,debit_card,paid,out_for_delivery,international,TRACK-EKL6DXJE,2025-11-02,,2025-10-04T00:00:00Z,2025-12-05T00:00:00Z
ORD-02697,CUS-0557,2025-05-20,PROD-057,5,81.68,408.40,USD,credit_card,paid,delivered,standard,TRACK-18YW1DGT,2025-05-26,2025-05-27,2025-05-20T00:00:00Z,2025-11-16T00:00:00Z
ORD-02698,CUS-0703,2024-07-13,PROD-051,3,450.36,1351.08,USD,debit_card,paid,shipped,standard,TRACK-OYHZ3UGB,2024-07-20,,2024-07-13T00:00:00Z,2024-10-05T00:00:00Z
ORD-02699,CUS-0582,2024-09-10,PROD-059,2,284.59,569.18,USD,paypal,paid,processing,express,TRACK-DKMQ9UQW,2024-09-12,,2024-09-10T00:00:00Z,2025-03-24T00:00:00Z
ORD-02700,CUS-0007,2024-08-08,PROD-024,3,522.20,1566.60,USD,debit_card,paid,out_for_delivery,standard,TRACK-9UAWWPVC,2024-08-18,,2024-08-08T00:00:00Z,2024-08-20T00:00:00Z
ORD-02701,CUS-0494,2025-07-28,PROD-090,4,289.84,1159.36,USD,paypal,paid,out_for_delivery,express,TRACK-9UVHSDUX,2025-08-01,,2025-07-28T00:00:00Z,2025-10-10T00:00:00Z
ORD-02702,CUS-0576,2025-04-16,PROD-088,3,191.92,575.76,USD,debit_card,paid,shipped,standard,TRACK-IXVXBKNE,2025-04-23,,2025-04-16T00:00:00Z,2025-11-04T00:00:00Z
ORD-02703,CUS-0928,2025-04-08,PROD-028,2,249.80,499.60,USD,debit_card,paid,shipped,standard,TRACK-FRE1VO8S,2025-04-17,,2025-04-08T00:00:00Z,2025-08-23T00:00:00Z
ORD-02704,CUS-0218,2024-04-01,PROD-009,4,788.22,3152.88,USD,paypal,paid,confirmed,standard,TRACK-CYO51KW4,2024-04-07,,2024-04-01T00:00:00Z,2025-05-18T00:00:00Z
ORD-02705,CUS-0752,2025-12-01,PROD-047,3,81.88,245.64,USD,paypal,paid,delivered,standard,TRACK-AMRX7Y91,2025-12-09,2025-12-11,2025-12-01T00:00:00Z,2025-12-27T00:00:00Z
ORD-02706,CUS-0043,2025-10-06,PROD-072,5,172.02,860.10,USD,crypto,partially_refunded,refunded,express,TRACK-NQGLSH6G,2025-10-09,2025-10-11,2025-10-06T00:00:00Z,2025-11-17T00:00:00Z
ORD-02707,CUS-0172,2024-04-13,PROD-095,2,106.35,212.70,USD,credit_card,paid,shipped,express,TRACK-PPX116DB,2024-04-16,,2024-04-13T00:00:00Z,2025-11-22T00:00:00Z
ORD-02708,CUS-0894,2025-09-25,PROD-093,5,61.11,305.55,USD,paypal,paid,confirmed,standard,TRACK-2KDA2UAC,2025-10-01,,2025-09-25T00:00:00Z,2025-10-29T00:00:00Z
ORD-02709,CUS-0491,2024-10-06,PROD-081,2,150.38,300.76,USD,credit_card,partially_refunded,refunded,standard,TRACK-2J6GOQLJ,2024-10-12,2024-10-13,2024-10-06T00:00:00Z,2025-03-29T00:00:00Z
ORD-02710,CUS-0217,2025-02-11,PROD-077,1,484.12,484.12,USD,bank_transfer,refunded,cancelled,standard,TRACK-A8QZJNIU,2025-02-21,,2025-02-11T00:00:00Z,2025-09-03T00:00:00Z
ORD-02711,CUS-0541,2024-12-11,PROD-084,2,52.10,104.20,USD,debit_card,paid,out_for_delivery,express,TRACK-SGUTTFL9,2024-12-14,,2024-12-11T00:00:00Z,2025-02-11T00:00:00Z
ORD-02712,CUS-0959,2024-06-12,PROD-034,5,347.18,1735.90,USD,paypal,paid,placed,standard,TRACK-FV4VAPI5,2024-06-17,,2024-06-12T00:00:00Z,2025-05-03T00:00:00Z
ORD-02713,CUS-0638,2024-03-17,PROD-010,4,1931.10,7724.40,USD,credit_card,paid,shipped,standard,TRACK-IPE46IVA,2024-03-25,,2024-03-17T00:00:00Z,2025-01-26T00:00:00Z
ORD-02714,CUS-0920,2024-08-29,PROD-083,4,189.30,757.20,USD,credit_card,paid,delayed,standard,TRACK-TGNQRBEI,2024-09-04,,2024-08-29T00:00:00Z,2024-09-01T00:00:00Z
ORD-02715,CUS-0205,2024-12-10,PROD-024,4,522.20,2088.80,USD,debit_card,paid,delivered,express,TRACK-J16C7I7M,2024-12-14,2024-12-17,2024-12-10T00:00:00Z,2025-04-05T00:00:00Z
ORD-02716,CUS-0625,2025-07-06,PROD-038,3,302.64,907.92,USD,paypal,paid,confirmed,express,TRACK-XHN5A5W9,2025-07-10,,2025-07-06T00:00:00Z,2025-09-23T00:00:00Z
ORD-02717,CUS-0709,2024-04-30,PROD-073,2,114.42,228.84,USD,credit_card,paid,placed,next_day,TRACK-M4ZPDOP6,2024-05-01,,2024-04-30T00:00:00Z,2025-04-01T00:00:00Z
ORD-02718,CUS-0086,2024-11-04,PROD-096,3,93.24,279.72,USD,paypal,paid,confirmed,express,TRACK-1EFLHLX0,2024-11-08,,2024-11-04T00:00:00Z,2025-06-20T00:00:00Z
ORD-02719,CUS-0781,2025-08-04,PROD-079,2,363.45,726.90,USD,credit_card,paid,delivered,express,TRACK-4MPLIXME,2025-08-08,2025-08-11,2025-08-04T00:00:00Z,2025-11-11T00:00:00Z
ORD-02720,CUS-0302,2025-03-19,PROD-001,3,2193.82,6581.46,USD,debit_card,pending,placed,next_day,TRACK-80CKFJQH,2025-03-20,,2025-03-19T00:00:00Z,2025-09-06T00:00:00Z
ORD-02721,CUS-0015,2025-02-13,PROD-014,2,474.04,948.08,USD,paypal,paid,confirmed,next_day,TRACK-AGJEDAMN,2025-02-14,,2025-02-13T00:00:00Z,2025-12-31T00:00:00Z
ORD-02722,CUS-0407,2025-02-27,PROD-026,3,295.00,885.00,USD,debit_card,paid,confirmed,standard,TRACK-0G58JLKN,2025-03-07,,2025-02-27T00:00:00Z,2025-10-31T00:00:00Z
ORD-02723,CUS-0626,2025-05-05,PROD-056,3,520.14,1560.42,USD,credit_card,paid,shipped,next_day,TRACK-4GVOH6DI,2025-05-06,,2025-05-05T00:00:00Z,2025-06-07T00:00:00Z
ORD-02724,CUS-0500,2025-07-28,PROD-079,5,363.45,1817.25,USD,debit_card,refunded,refunded,express,TRACK-AXP4EUC4,2025-07-31,2025-07-31,2025-07-28T00:00:00Z,2025-10-26T00:00:00Z
ORD-02725,CUS-0123,2025-04-15,PROD-040,3,337.08,1011.24,USD,debit_card,paid,out_for_delivery,standard,TRACK-902TULYO,2025-04-23,,2025-04-15T00:00:00Z,2025-07-18T00:00:00Z
ORD-02726,CUS-0861,2025-05-28,PROD-021,4,373.51,1494.04,USD,paypal,paid,delivered,next_day,TRACK-OLDA6NYN,2025-05-29,2025-05-30,2025-05-28T00:00:00Z,2025-07-15T00:00:00Z
ORD-02727,CUS-0162,2024-12-11,PROD-094,4,179.49,717.96,USD,bank_transfer,paid,delivered,standard,TRACK-6S2BUG35,2024-12-17,2024-12-19,2024-12-11T00:00:00Z,2025-12-29T00:00:00Z
ORD-02728,CUS-0979,2024-03-13,PROD-062,1,282.17,282.17,USD,credit_card,paid,processing,standard,TRACK-QA4FIT3N,2024-03-22,,2024-03-13T00:00:00Z,2024-06-20T00:00:00Z
ORD-02729,CUS-0711,2024-05-22,PROD-088,5,191.92,959.60,USD,credit_card,paid,delivered,standard,TRACK-QFBHNTIU,2024-05-31,2024-06-02,2024-05-22T00:00:00Z,2024-09-07T00:00:00Z
ORD-02730,CUS-0716,2024-09-03,PROD-016,5,551.74,2758.70,USD,credit_card,paid,delivered,international,TRACK-07I3QFTQ,2024-09-27,2024-09-28,2024-09-03T00:00:00Z,2025-03-22T00:00:00Z
ORD-02731,CUS-0008,2025-07-18,PROD-082,3,235.36,706.08,USD,credit_card,paid,processing,express,TRACK-1314LKY2,2025-07-21,,2025-07-18T00:00:00Z,2025-11-12T00:00:00Z
ORD-02732,CUS-0278,2024-01-25,PROD-026,4,295.00,1180.00,USD,debit_card,paid,confirmed,standard,TRACK-NCY9UKUW,2024-02-03,,2024-01-25T00:00:00Z,2025-04-18T00:00:00Z
ORD-02733,CUS-0145,2024-06-26,PROD-007,5,2312.54,11562.70,USD,bank_transfer,paid,delivered,standard,TRACK-H1SIXV96,2024-07-05,2024-07-05,2024-06-26T00:00:00Z,2024-09-11T00:00:00Z
ORD-02734,CUS-0718,2025-03-24,PROD-082,5,235.36,1176.80,USD,credit_card,paid,out_for_delivery,standard,TRACK-AMAQ8UM5,2025-03-31,,2025-03-24T00:00:00Z,2025-06-19T00:00:00Z
ORD-02735,CUS-0452,2025-08-27,PROD-013,2,1278.38,2556.76,USD,paypal,paid,delivered,next_day,TRACK-8FS9X1E2,2025-08-28,2025-08-28,2025-08-27T00:00:00Z,2025-12-01T00:00:00Z
ORD-02736,CUS-0607,2025-12-01,PROD-028,4,249.80,999.20,USD,credit_card,failed,cancelled,standard,TRACK-SSL57XPE,2025-12-10,,2025-12-01T00:00:00Z,2025-12-13T00:00:00Z
ORD-02737,CUS-0502,2024-11-23,PROD-002,4,2846.71,11386.84,USD,debit_card,paid,delivered,standard,TRACK-CIOFO0VE,2024-11-30,2024-12-01,2024-11-23T00:00:00Z,2025-08-23T00:00:00Z
ORD-02738,CUS-0216,2024-12-24,PROD-068,1,296.26,296.26,USD,debit_card,refunded,cancelled,standard,TRACK-RC2O2KP3,2024-12-31,,2024-12-24T00:00:00Z,2025-02-16T00:00:00Z
ORD-02739,CUS-0843,2024-06-23,PROD-025,5,499.30,2496.50,USD,paypal,pending,placed,international,TRACK-CGVDM17Y,2024-07-13,,2024-06-23T00:00:00Z,2024-10-24T00:00:00Z
ORD-02740,CUS-0860,2025-07-18,PROD-013,3,1278.38,3835.14,USD,debit_card,paid,delivered,standard,TRACK-3BKBG0IM,2025-07-27,2025-07-30,2025-07-18T00:00:00Z,2025-08-28T00:00:00Z
ORD-02741,CUS-0523,2024-01-16,PROD-076,1,158.70,158.70,USD,credit_card,paid,delayed,standard,TRACK-T4YMICRN,2024-01-21,,2024-01-16T00:00:00Z,2025-04-23T00:00:00Z
ORD-02742,CUS-0098,2025-07-28,PROD-051,5,450.36,2251.80,USD,credit_card,paid,processing,express,TRACK-6TJQ128T,2025-08-01,,2025-07-28T00:00:00Z,2025-12-11T00:00:00Z
ORD-02743,CUS-0236,2025-05-25,PROD-040,4,337.08,1348.32,USD,debit_card,paid,delivered,standard,TRACK-9A30JIAW,2025-05-30,2025-05-31,2025-05-25T00:00:00Z,2025-07-06T00:00:00Z
ORD-02744,CUS-0965,2024-08-08,PROD-013,1,1278.38,1278.38,USD,credit_card,paid,delivered,next_day,TRACK-KSL5D00A,2024-08-09,2024-08-11,2024-08-08T00:00:00Z,2025-09-02T00:00:00Z
ORD-02745,CUS-0581,2025-06-29,PROD-060,5,420.27,2101.35,USD,bank_transfer,paid,shipped,standard,TRACK-UHU4AADQ,2025-07-08,,2025-06-29T00:00:00Z,2026-01-01T00:00:00Z
ORD-02746,CUS-0624,2024-09-09,PROD-029,3,868.72,2606.16,USD,credit_card,paid,shipped,standard,TRACK-JWDDWHPO,2024-09-17,,2024-09-09T00:00:00Z,2025-05-11T00:00:00Z
ORD-02747,CUS-0005,2025-12-20,PROD-050,1,81.10,81.10,USD,credit_card,paid,shipped,next_day,TRACK-O04LYYEX,2025-12-21,,2025-12-20T00:00:00Z,2025-12-29T00:00:00Z
ORD-02748,CUS-0535,2024-05-09,PROD-063,5,328.94,1644.70,USD,credit_card,paid,shipped,express,TRACK-75STUVIK,2024-05-12,,2024-05-09T00:00:00Z,2025-04-08T00:00:00Z
ORD-02749,CUS-0379,2024-05-25,PROD-057,3,81.68,245.04,USD,credit_card,paid,out_for_delivery,express,TRACK-G22OH8FZ,2024-05-29,,2024-05-25T00:00:00Z,2025-07-16T00:00:00Z
ORD-02750,CUS-0008,2024-10-06,PROD-085,5,152.73,763.65,USD,debit_card,paid,delivered,standard,TRACK-8RZ5CWCC,2024-10-14,2024-10-17,2024-10-06T00:00:00Z,2025-04-16T00:00:00Z
ORD-02751,CUS-0249,2024-05-17,PROD-057,1,81.68,81.68,USD,credit_card,paid,delivered,standard,TRACK-2U4SJZ1B,2024-05-24,2024-05-27,2024-05-17T00:00:00Z,2025-05-26T00:00:00Z
ORD-02752,CUS-0711,2024-03-31,PROD-059,2,284.59,569.18,USD,debit_card,failed,cancelled,standard,TRACK-8N6KYLOQ,2024-04-07,,2024-03-31T00:00:00Z,2024-07-23T00:00:00Z
ORD-02753,CUS-0995,2024-05-01,PROD-011,2,1007.07,2014.14,USD,paypal,paid,placed,standard,TRACK-DYAMSU1U,2024-05-09,,2024-05-01T00:00:00Z,2025-12-25T00:00:00Z
ORD-02754,CUS-0828,2025-02-23,PROD-024,2,522.20,1044.40,USD,paypal,paid,shipped,standard,TRACK-EQCBZ45G,2025-03-04,,2025-02-23T00:00:00Z,2025-11-12T00:00:00Z
ORD-02755,CUS-0662,2025-07-02,PROD-034,1,347.18,347.18,USD,credit_card,failed,cancelled,standard,TRACK-SYYW0GAJ,2025-07-09,,2025-07-02T00:00:00Z,2025-08-12T00:00:00Z
ORD-02756,CUS-0607,2025-11-12,PROD-078,4,251.87,1007.48,USD,paypal,paid,delivered,standard,TRACK-E5YAZHUU,2025-11-18,2025-11-18,2025-11-12T00:00:00Z,2025-11-12T00:00:00Z
ORD-02757,CUS-0288,2024-02-18,PROD-001,2,2193.82,4387.64,USD,debit_card,paid,out_for_delivery,express,TRACK-ML06U3DK,2024-02-21,,2024-02-18T00:00:00Z,2025-01-23T00:00:00Z
ORD-02758,CUS-0754,2024-05-31,PROD-001,3,2193.82,6581.46,USD,paypal,paid,out_for_delivery,express,TRACK-B02BLCYQ,2024-06-04,,2024-05-31T00:00:00Z,2024-06-07T00:00:00Z
ORD-02759,CUS-0278,2024-07-16,PROD-051,4,450.36,1801.44,USD,debit_card,paid,delivered,standard,TRACK-116SGS5T,2024-07-25,2024-07-26,2024-07-16T00:00:00Z,2024-11-29T00:00:00Z
ORD-02760,CUS-0419,2025-02-28,PROD-076,1,158.70,158.70,USD,paypal,paid,out_for_delivery,standard,TRACK-NQ85QZLV,2025-03-10,,2025-02-28T00:00:00Z,2025-12-17T00:00:00Z
ORD-02761,CUS-0724,2025-11-20,PROD-039,2,482.81,965.62,USD,paypal,paid,delivered,express,TRACK-D4ZWQT0Y,2025-11-23,2025-11-23,2025-11-20T00:00:00Z,2025-11-28T00:00:00Z
ORD-02762,CUS-0265,2024-06-16,PROD-042,4,22.38,89.52,USD,debit_card,paid,delayed,express,TRACK-BBT9MMLF,2024-06-19,,2024-06-16T00:00:00Z,2024-09-06T00:00:00Z
ORD-02763,CUS-0557,2025-07-03,PROD-096,5,93.24,466.20,USD,credit_card,paid,delivered,standard,TRACK-P8Z5D5EU,2025-07-12,2025-07-15,2025-07-03T00:00:00Z,2025-10-23T00:00:00Z
ORD-02764,CUS-0944,2024-03-23,PROD-036,3,341.40,1024.20,USD,paypal,refunded,cancelled,standard,TRACK-I4324H90,2024-04-01,,2024-03-23T00:00:00Z,2024-06-07T00:00:00Z
ORD-02765,CUS-0959,2024-01-18,PROD-040,3,337.08,1011.24,USD,debit_card,paid,shipped,standard,TRACK-RP0247GO,2024-01-24,,2024-01-18T00:00:00Z,2024-09-06T00:00:00Z
ORD-02766,CUS-0239,2025-05-28,PROD-007,5,2312.54,11562.70,USD,credit_card,paid,placed,standard,TRACK-1LXK68GC,2025-06-07,,2025-05-28T00:00:00Z,2025-10-27T00:00:00Z
ORD-02767,CUS-0330,2025-09-07,PROD-038,4,302.64,1210.56,USD,debit_card,paid,delivered,standard,TRACK-R2XC6UAW,2025-09-17,2025-09-19,2025-09-07T00:00:00Z,2025-11-03T00:00:00Z
ORD-02768,CUS-0430,2025-04-21,PROD-009,1,788.22,788.22,USD,credit_card,paid,delivered,standard,TRACK-E1H4O8LY,2025-04-27,2025-04-27,2025-04-21T00:00:00Z,2025-05-08T00:00:00Z
ORD-02769,CUS-0146,2024-01-27,PROD-068,3,296.26,888.78,USD,paypal,paid,out_for_delivery,express,TRACK-9MA21KCP,2024-01-30,,2024-01-27T00:00:00Z,2024-09-26T00:00:00Z
ORD-02770,CUS-0043,2025-04-04,PROD-048,2,127.33,254.66,USD,credit_card,paid,out_for_delivery,express,TRACK-F55AELU3,2025-04-08,,2025-04-04T00:00:00Z,2025-04-15T00:00:00Z
ORD-02771,CUS-0329,2025-04-15,PROD-025,1,499.30,499.30,USD,bank_transfer,paid,confirmed,standard,TRACK-XZZB7QA4,2025-04-21,,2025-04-15T00:00:00Z,2025-09-04T00:00:00Z
ORD-02772,CUS-0532,2024-07-16,PROD-078,2,251.87,503.74,USD,credit_card,paid,processing,express,TRACK-6RNRWJN5,2024-07-19,,2024-07-16T00:00:00Z,2025-01-22T00:00:00Z
ORD-02773,CUS-0284,2024-10-27,PROD-015,5,987.77,4938.85,USD,debit_card,paid,shipped,express,TRACK-XUSTBRM5,2024-10-30,,2024-10-27T00:00:00Z,2025-12-07T00:00:00Z
ORD-02774,CUS-0353,2024-12-12,PROD-068,4,296.26,1185.04,USD,paypal,paid,delivered,express,TRACK-3N1UJQIN,2024-12-16,2024-12-17,2024-12-12T00:00:00Z,2025-10-23T00:00:00Z
ORD-02775,CUS-0685,2025-01-06,PROD-072,1,172.02,172.02,USD,paypal,paid,shipped,standard,TRACK-GS9HDTRO,2025-01-13,,2025-01-06T00:00:00Z,2025-02-09T00:00:00Z
ORD-02776,CUS-0281,2025-07-27,PROD-037,4,290.16,1160.64,USD,crypto,paid,delivered,express,TRACK-K71VXC8A,2025-07-29,2025-08-01,2025-07-27T00:00:00Z,2025-09-10T00:00:00Z
ORD-02777,CUS-0510,2025-08-05,PROD-063,4,328.94,1315.76,USD,paypal,partially_refunded,refunded,next_day,TRACK-T2YPZK78,2025-08-06,2025-08-08,2025-08-05T00:00:00Z,2025-08-12T00:00:00Z
ORD-02778,CUS-0681,2025-04-26,PROD-042,5,22.38,111.90,USD,credit_card,partially_refunded,refunded,standard,TRACK-FCH1LTOL,2025-05-01,2025-05-03,2025-04-26T00:00:00Z,2025-05-17T00:00:00Z
ORD-02779,CUS-0136,2024-10-27,PROD-009,1,788.22,788.22,USD,credit_card,paid,delivered,standard,TRACK-ZEWXRB00,2024-11-06,2024-11-09,2024-10-27T00:00:00Z,2025-12-04T00:00:00Z
ORD-02780,CUS-0111,2024-09-16,PROD-082,4,235.36,941.44,USD,credit_card,refunded,cancelled,standard,TRACK-R20UWQD6,2024-09-26,,2024-09-16T00:00:00Z,2025-03-24T00:00:00Z
ORD-02781,CUS-0709,2024-07-07,PROD-022,4,500.24,2000.96,USD,debit_card,paid,shipped,next_day,TRACK-E98NFX0N,2024-07-08,,2024-07-07T00:00:00Z,2025-10-13T00:00:00Z
ORD-02782,CUS-0990,2024-11-20,PROD-026,1,295.00,295.00,USD,credit_card,paid,shipped,standard,TRACK-F7G2QEHC,2024-11-25,,2024-11-20T00:00:00Z,2025-02-01T00:00:00Z
ORD-02783,CUS-0085,2024-10-11,PROD-096,5,93.24,466.20,USD,paypal,paid,delivered,standard,TRACK-Z9J9L4MY,2024-10-17,2024-10-19,2024-10-11T00:00:00Z,2025-09-06T00:00:00Z
ORD-02784,CUS-0222,2025-07-27,PROD-020,2,848.04,1696.08,USD,credit_card,paid,processing,express,TRACK-CEX9T3IO,2025-07-31,,2025-07-27T00:00:00Z,2025-12-06T00:00:00Z
ORD-02785,CUS-0255,2025-08-24,PROD-046,5,67.55,337.75,USD,debit_card,paid,delivered,express,TRACK-JV3RE9QL,2025-08-27,2025-08-29,2025-08-24T00:00:00Z,2025-09-29T00:00:00Z
ORD-02786,CUS-0486,2025-10-25,PROD-014,2,474.04,948.08,USD,paypal,paid,out_for_delivery,next_day,TRACK-F6OVJU90,2025-10-26,,2025-10-25T00:00:00Z,2025-11-01T00:00:00Z
ORD-02787,CUS-0389,2024-01-29,PROD-052,5,580.62,2903.10,USD,paypal,paid,shipped,express,TRACK-HBP7PO9S,2024-02-02,,2024-01-29T00:00:00Z,2025-09-24T00:00:00Z
ORD-02788,CUS-0567,2024-06-30,PROD-064,3,384.19,1152.57,USD,credit_card,paid,shipped,standard,TRACK-N8IFTKF7,2024-07-09,,2024-06-30T00:00:00Z,2025-10-12T00:00:00Z
ORD-02789,CUS-0314,2024-09-08,PROD-075,5,343.41,1717.05,USD,debit_card,paid,cancelled,express,TRACK-DCEG1MDE,2024-09-12,,2024-09-08T00:00:00Z,2025-03-08T00:00:00Z
ORD-02790,CUS-0081,2025-01-27,PROD-027,5,795.29,3976.45,USD,debit_card,paid,shipped,standard,TRACK-KDNL9RAT,2025-02-04,,2025-01-27T00:00:00Z,2025-09-27T00:00:00Z
ORD-02791,CUS-0381,2025-09-21,PROD-010,1,1931.10,1931.10,USD,debit_card,paid,delayed,standard,TRACK-G8PRK5SK,2025-09-27,,2025-09-21T00:00:00Z,2025-11-19T00:00:00Z
ORD-02792,CUS-0979,2025-06-28,PROD-033,3,249.21,747.63,USD,debit_card,paid,out_for_delivery,next_day,TRACK-H139F9TX,2025-06-29,,2025-06-28T00:00:00Z,2025-09-01T00:00:00Z
ORD-02793,CUS-0249,2025-03-21,PROD-058,4,354.13,1416.52,USD,debit_card,paid,processing,international,TRACK-MMGW5JM8,2025-04-13,,2025-03-21T00:00:00Z,2025-06-05T00:00:00Z
ORD-02794,CUS-0142,2024-07-29,PROD-035,1,297.43,297.43,USD,credit_card,refunded,returned,standard,TRACK-M97SS0GH,2024-08-06,2024-08-06,2024-07-29T00:00:00Z,2024-11-19T00:00:00Z
ORD-02795,CUS-0131,2024-12-03,PROD-100,4,46.48,185.92,USD,credit_card,paid,placed,express,TRACK-6Q3Z0Z3G,2024-12-06,,2024-12-03T00:00:00Z,2025-12-02T00:00:00Z
ORD-02796,CUS-0838,2024-11-03,PROD-044,4,26.86,107.44,USD,credit_card,paid,shipped,express,TRACK-8CID3YOS,2024-11-06,,2024-11-03T00:00:00Z,2025-01-01T00:00:00Z
ORD-02797,CUS-0690,2024-05-13,PROD-006,3,1049.94,3149.82,USD,bank_transfer,paid,confirmed,standard,TRACK-L0PI88TN,2024-05-19,,2024-05-13T00:00:00Z,2024-08-22T00:00:00Z
ORD-02798,CUS-0827,2025-08-09,PROD-002,1,2846.71,2846.71,USD,debit_card,paid,processing,standard,TRACK-TMZEGG2M,2025-08-15,,2025-08-09T00:00:00Z,2025-08-27T00:00:00Z
ORD-02799,CUS-0621,2025-02-02,PROD-020,3,848.04,2544.12,USD,debit_card,paid,processing,international,TRACK-AI237S4B,2025-02-19,,2025-02-02T00:00:00Z,2025-09-02T00:00:00Z
ORD-02800,CUS-0957,2025-10-14,PROD-095,3,106.35,319.05,USD,credit_card,paid,delivered,express,TRACK-BX3UW0YE,2025-10-17,2025-10-19,2025-10-14T00:00:00Z,2025-11-13T00:00:00Z
ORD-02801,CUS-0354,2024-05-26,PROD-053,2,574.29,1148.58,USD,credit_card,paid,delivered,standard,TRACK-G6559QY8,2024-05-31,2024-06-01,2024-05-26T00:00:00Z,2024-10-03T00:00:00Z
ORD-02802,CUS-0057,2024-08-29,PROD-046,2,67.55,135.10,USD,debit_card,paid,delivered,standard,TRACK-TIZN1TTK,2024-09-06,2024-09-06,2024-08-29T00:00:00Z,2024-10-27T00:00:00Z
ORD-02803,CUS-0856,2024-04-04,PROD-002,3,2846.71,8540.13,USD,credit_card,paid,out_for_delivery,express,TRACK-G336WDER,2024-04-08,,2024-04-04T00:00:00Z,2025-05-10T00:00:00Z
ORD-02804,CUS-0429,2024-02-29,PROD-042,4,22.38,89.52,USD,credit_card,paid,delivered,next_day,TRACK-0NZ2G8HP,2024-03-01,2024-03-02,2024-02-29T00:00:00Z,2024-04-23T00:00:00Z
ORD-02805,CUS-0158,2024-11-08,PROD-089,3,304.67,914.01,USD,paypal,pending,placed,standard,TRACK-0287ZM4J,2024-11-13,,2024-11-08T00:00:00Z,2025-06-14T00:00:00Z
ORD-02806,CUS-0624,2025-10-12,PROD-033,3,249.21,747.63,USD,credit_card,paid,out_for_delivery,standard,TRACK-NOQ170JW,2025-10-17,,2025-10-12T00:00:00Z,2025-11-02T00:00:00Z
ORD-02807,CUS-0732,2024-11-08,PROD-065,1,339.44,339.44,USD,debit_card,pending,placed,next_day,TRACK-D18JQJ0A,2024-11-09,,2024-11-08T00:00:00Z,2025-03-11T00:00:00Z
ORD-02808,CUS-0520,2024-07-14,PROD-023,2,955.05,1910.10,USD,credit_card,paid,confirmed,next_day,TRACK-7YYIP1F0,2024-07-15,,2024-07-14T00:00:00Z,2025-03-11T00:00:00Z
ORD-02809,CUS-0276,2024-02-15,PROD-043,1,53.52,53.52,USD,credit_card,paid,shipped,standard,TRACK-QOQ99PBX,2024-02-20,,2024-02-15T00:00:00Z,2025-02-08T00:00:00Z
ORD-02810,CUS-0613,2024-05-05,PROD-012,5,922.70,4613.50,USD,credit_card,refunded,returned,next_day,TRACK-0R1WWHKX,2024-05-06,2024-05-06,2024-05-05T00:00:00Z,2024-07-01T00:00:00Z
ORD-02811,CUS-0132,2025-08-25,PROD-051,4,450.36,1801.44,USD,credit_card,refunded,refunded,standard,TRACK-88MMSXSN,2025-09-01,2025-09-04,2025-08-25T00:00:00Z,2025-09-19T00:00:00Z
ORD-02812,CUS-0970,2024-08-05,PROD-089,1,304.67,304.67,USD,credit_card,paid,delivered,international,TRACK-I0EGB0KJ,2024-09-01,2024-09-03,2024-08-05T00:00:00Z,2024-11-20T00:00:00Z
ORD-02813,CUS-0684,2025-10-08,PROD-026,5,295.00,1475.00,USD,credit_card,paid,placed,next_day,TRACK-9Y4TLWFO,2025-10-09,,2025-10-08T00:00:00Z,2025-11-18T00:00:00Z
ORD-02814,CUS-0465,2024-03-08,PROD-006,4,1049.94,4199.76,USD,paypal,failed,cancelled,standard,TRACK-I5XCPGBK,2024-03-18,,2024-03-08T00:00:00Z,2025-07-19T00:00:00Z
ORD-02815,CUS-0085,2025-04-29,PROD-024,5,522.20,2611.00,USD,paypal,paid,processing,next_day,TRACK-BFNXRL47,2025-04-30,,2025-04-29T00:00:00Z,2025-10-01T00:00:00Z
ORD-02816,CUS-0721,2024-01-01,PROD-079,4,363.45,1453.80,USD,paypal,paid,delivered,standard,TRACK-EP3A8N5D,2024-01-11,2024-01-12,2024-01-01T00:00:00Z,2025-08-14T00:00:00Z
ORD-02817,CUS-0133,2025-12-24,PROD-012,1,922.70,922.70,USD,credit_card,partially_refunded,refunded,express,TRACK-PHUIVL9Y,2025-12-26,2025-12-26,2025-12-24T00:00:00Z,2025-12-26T00:00:00Z
ORD-02818,CUS-0514,2025-08-28,PROD-081,4,150.38,601.52,USD,credit_card,refunded,refunded,express,TRACK-YERXTH6X,2025-09-01,2025-09-04,2025-08-28T00:00:00Z,2025-11-21T00:00:00Z
ORD-02819,CUS-0701,2024-06-25,PROD-022,1,500.24,500.24,USD,debit_card,paid,out_for_delivery,international,TRACK-U1XMM1BH,2024-07-16,,2024-06-25T00:00:00Z,2024-08-24T00:00:00Z
ORD-02820,CUS-0680,2025-12-25,PROD-090,5,289.84,1449.20,USD,credit_card,paid,delayed,standard,TRACK-O9I0WZ5S,2026-01-01,,2025-12-25T00:00:00Z,2025-12-29T00:00:00Z
ORD-02821,CUS-0571,2024-09-02,PROD-070,1,55.18,55.18,USD,credit_card,refunded,returned,express,TRACK-0FQ76SHB,2024-09-06,2024-09-07,2024-09-02T00:00:00Z,2025-12-27T00:00:00Z
ORD-02822,CUS-0981,2024-03-21,PROD-065,5,339.44,1697.20,USD,debit_card,paid,placed,standard,TRACK-6RXEIBB6,2024-03-27,,2024-03-21T00:00:00Z,2024-05-27T00:00:00Z
ORD-02823,CUS-0511,2024-11-23,PROD-040,4,337.08,1348.32,USD,credit_card,paid,delayed,standard,TRACK-DWCJTAC1,2024-11-28,,2024-11-23T00:00:00Z,2025-03-25T00:00:00Z
ORD-02824,CUS-0061,2025-10-15,PROD-088,2,191.92,383.84,USD,credit_card,paid,delivered,standard,TRACK-3VJAD3I2,2025-10-25,2025-10-26,2025-10-15T00:00:00Z,2025-11-29T00:00:00Z
ORD-02825,CUS-0677,2025-07-25,PROD-082,1,235.36,235.36,USD,debit_card,paid,delivered,express,TRACK-17JIQPKN,2025-07-29,2025-07-31,2025-07-25T00:00:00Z,2025-12-15T00:00:00Z
ORD-02826,CUS-0588,2025-01-17,PROD-013,5,1278.38,6391.90,USD,credit_card,paid,delivered,standard,TRACK-HOL1L57W,2025-01-26,2025-01-26,2025-01-17T00:00:00Z,2025-10-07T00:00:00Z
ORD-02827,CUS-0473,2025-12-05,PROD-095,1,106.35,106.35,USD,debit_card,paid,delivered,next_day,TRACK-Y152ISE0,2025-12-06,2025-12-08,2025-12-05T00:00:00Z,2025-12-08T00:00:00Z
ORD-02828,CUS-0581,2025-07-01,PROD-061,5,118.46,592.30,USD,bank_transfer,paid,shipped,standard,TRACK-EOYUN445,2025-07-11,,2025-07-01T00:00:00Z,2025-10-26T00:00:00Z
ORD-02829,CUS-0891,2025-11-21,PROD-058,1,354.13,354.13,USD,debit_card,paid,delivered,express,TRACK-3P2M7270,2025-11-24,2025-11-27,2025-11-21T00:00:00Z,2025-12-11T00:00:00Z
ORD-02830,CUS-0615,2025-05-17,PROD-060,4,420.27,1681.08,USD,credit_card,paid,out_for_delivery,next_day,TRACK-X3SBQB3S,2025-05-18,,2025-05-17T00:00:00Z,2025-10-31T00:00:00Z
ORD-02831,CUS-0749,2025-05-01,PROD-032,2,126.22,252.44,USD,debit_card,refunded,cancelled,express,TRACK-IQKDXGRS,2025-05-04,,2025-05-01T00:00:00Z,2025-05-14T00:00:00Z
ORD-02832,CUS-0458,2025-10-22,PROD-032,5,126.22,631.10,USD,credit_card,partially_refunded,returned,standard,TRACK-4A0MCQ5H,2025-10-27,2025-10-28,2025-10-22T00:00:00Z,2025-10-22T00:00:00Z
ORD-02833,CUS-0654,2025-06-10,PROD-043,4,53.52,214.08,USD,credit_card,paid,delivered,express,TRACK-GWSAFZYF,2025-06-14,2025-06-16,2025-06-10T00:00:00Z,2025-12-25T00:00:00Z
ORD-02834,CUS-0770,2025-02-11,PROD-064,5,384.19,1920.95,USD,paypal,paid,delayed,standard,TRACK-STRYP003,2025-02-21,,2025-02-11T00:00:00Z,2025-02-16T00:00:00Z
ORD-02835,CUS-0428,2024-07-11,PROD-017,1,657.92,657.92,USD,debit_card,paid,shipped,standard,TRACK-ILWUR6QW,2024-07-18,,2024-07-11T00:00:00Z,2025-08-21T00:00:00Z
ORD-02836,CUS-0500,2024-04-24,PROD-016,4,551.74,2206.96,USD,credit_card,paid,delayed,standard,TRACK-KTLVIHN2,2024-05-04,,2024-04-24T00:00:00Z,2025-01-05T00:00:00Z
ORD-02837,CUS-0107,2024-05-24,PROD-054,4,511.50,2046.00,USD,debit_card,refunded,refunded,standard,TRACK-AVFXC6I4,2024-05-31,2024-06-03,2024-05-24T00:00:00Z,2025-08-26T00:00:00Z
ORD-02838,CUS-0064,2025-11-24,PROD-009,5,788.22,3941.10,USD,debit_card,paid,placed,standard,TRACK-QA2ZUVZB,2025-11-29,,2025-11-24T00:00:00Z,2026-01-01T00:00:00Z
ORD-02839,CUS-0564,2024-01-23,PROD-086,2,272.87,545.74,USD,credit_card,paid,confirmed,standard,TRACK-DTXBB7N5,2024-02-02,,2024-01-23T00:00:00Z,2025-05-22T00:00:00Z
ORD-02840,CUS-0244,2024-04-02,PROD-038,4,302.64,1210.56,USD,paypal,partially_refunded,returned,standard,TRACK-K4MKD984,2024-04-09,2024-04-11,2024-04-02T00:00:00Z,2024-06-17T00:00:00Z
ORD-02841,CUS-0425,2024-11-04,PROD-097,5,43.21,216.05,USD,credit_card,paid,placed,express,TRACK-GYNIOLOA,2024-11-07,,2024-11-04T00:00:00Z,2025-03-18T00:00:00Z
ORD-02842,CUS-0214,2024-07-02,PROD-042,3,22.38,67.14,USD,crypto,refunded,cancelled,standard,TRACK-9DNOQ3XW,2024-07-12,,2024-07-02T00:00:00Z,2025-11-05T00:00:00Z
ORD-02843,CUS-0498,2025-10-02,PROD-065,1,339.44,339.44,USD,credit_card,refunded,cancelled,standard,TRACK-C2F8J7JV,2025-10-12,,2025-10-02T00:00:00Z,2025-10-29T00:00:00Z
ORD-02844,CUS-0355,2025-08-07,PROD-004,1,2579.89,2579.89,USD,paypal,paid,delivered,standard,TRACK-80CSB57V,2025-08-16,2025-08-18,2025-08-07T00:00:00Z,2025-11-18T00:00:00Z
ORD-02845,CUS-0373,2024-07-28,PROD-013,2,1278.38,2556.76,USD,bank_transfer,refunded,returned,standard,TRACK-BWU5P86K,2024-08-03,2024-08-05,2024-07-28T00:00:00Z,2025-11-23T00:00:00Z
ORD-02846,CUS-0729,2025-09-16,PROD-004,5,2579.89,12899.45,USD,paypal,pending,placed,next_day,TRACK-ABV94IY7,2025-09-17,,2025-09-16T00:00:00Z,2025-10-17T00:00:00Z
ORD-02847,CUS-0838,2024-05-10,PROD-051,3,450.36,1351.08,USD,paypal,paid,delivered,standard,TRACK-ETN0E95V,2024-05-20,2024-05-22,2024-05-10T00:00:00Z,2024-08-28T00:00:00Z
ORD-02848,CUS-0144,2024-08-04,PROD-066,1,77.92,77.92,USD,paypal,partially_refunded,returned,standard,TRACK-51EH7XGN,2024-08-12,2024-08-15,2024-08-04T00:00:00Z,2024-11-03T00:00:00Z
ORD-02849,CUS-0506,2025-02-13,PROD-058,1,354.13,354.13,USD,paypal,paid,delivered,express,TRACK-PR3DF85I,2025-02-17,2025-02-19,2025-02-13T00:00:00Z,2025-04-16T00:00:00Z
ORD-02850,CUS-0255,2024-08-02,PROD-094,3,179.49,538.47,USD,credit_card,paid,processing,standard,TRACK-IPZTQELM,2024-08-12,,2024-08-02T00:00:00Z,2025-05-08T00:00:00Z
ORD-02851,CUS-0736,2024-01-29,PROD-089,5,304.67,1523.35,USD,paypal,paid,shipped,standard,TRACK-2XD3TTVG,2024-02-07,,2024-01-29T00:00:00Z,2024-06-08T00:00:00Z
ORD-02852,CUS-0298,2025-01-30,PROD-037,5,290.16,1450.80,USD,paypal,paid,confirmed,standard,TRACK-ONVAS4K5,2025-02-09,,2025-01-30T00:00:00Z,2025-12-24T00:00:00Z
ORD-02853,CUS-0450,2024-05-24,PROD-030,2,342.95,685.90,USD,credit_card,paid,processing,standard,TRACK-8J4H9UHS,2024-05-29,,2024-05-24T00:00:00Z,2025-05-07T00:00:00Z
ORD-02854,CUS-0258,2024-10-27,PROD-014,3,474.04,1422.12,USD,credit_card,partially_refunded,refunded,express,TRACK-KMAJKDPH,2024-10-30,2024-10-30,2024-10-27T00:00:00Z,2025-04-21T00:00:00Z
ORD-02855,CUS-0470,2024-11-02,PROD-076,1,158.70,158.70,USD,credit_card,paid,shipped,standard,TRACK-GMGIEKJT,2024-11-08,,2024-11-02T00:00:00Z,2025-11-09T00:00:00Z
ORD-02856,CUS-0384,2025-08-13,PROD-016,5,551.74,2758.70,USD,bank_transfer,paid,shipped,standard,TRACK-1XVR7JET,2025-08-18,,2025-08-13T00:00:00Z,2025-11-03T00:00:00Z
ORD-02857,CUS-0685,2024-01-29,PROD-058,4,354.13,1416.52,USD,credit_card,paid,out_for_delivery,standard,TRACK-2AZ7GKXQ,2024-02-03,,2024-01-29T00:00:00Z,2025-10-17T00:00:00Z
ORD-02858,CUS-0887,2025-07-15,PROD-037,4,290.16,1160.64,USD,credit_card,paid,confirmed,express,TRACK-J8PM75YY,2025-07-17,,2025-07-15T00:00:00Z,2025-10-31T00:00:00Z
ORD-02859,CUS-0563,2024-02-22,PROD-018,5,1487.38,7436.90,USD,debit_card,paid,cancelled,standard,TRACK-ARSAS6GB,2024-02-28,,2024-02-22T00:00:00Z,2024-08-21T00:00:00Z
ORD-02860,CUS-0642,2024-01-05,PROD-015,5,987.77,4938.85,USD,paypal,paid,shipped,standard,TRACK-HMJUH0R2,2024-01-11,,2024-01-05T00:00:00Z,2025-08-21T00:00:00Z
ORD-02861,CUS-0012,2024-11-18,PROD-022,1,500.24,500.24,USD,credit_card,pending,placed,standard,TRACK-RU244U23,2024-11-27,,2024-11-18T00:00:00Z,2025-05-07T00:00:00Z
ORD-02862,CUS-0808,2025-12-08,PROD-079,3,363.45,1090.35,USD,debit_card,refunded,returned,express,TRACK-2I4KT4QX,2025-12-10,2025-12-11,2025-12-08T00:00:00Z,2026-01-01T00:00:00Z
ORD-02863,CUS-0547,2025-05-17,PROD-014,1,474.04,474.04,USD,credit_card,paid,delayed,standard,TRACK-6TFNS6UV,2025-05-26,,2025-05-17T00:00:00Z,2025-11-05T00:00:00Z
ORD-02864,CUS-0052,2024-11-30,PROD-070,1,55.18,55.18,USD,paypal,refunded,refunded,international,TRACK-GXS68AUW,2024-12-24,2024-12-26,2024-11-30T00:00:00Z,2025-04-22T00:00:00Z
ORD-02865,CUS-0941,2024-04-15,PROD-015,4,987.77,3951.08,USD,paypal,paid,confirmed,express,TRACK-6IK7ZIEM,2024-04-19,,2024-04-15T00:00:00Z,2024-05-06T00:00:00Z
ORD-02866,CUS-0773,2024-05-29,PROD-014,3,474.04,1422.12,USD,paypal,paid,delivered,express,TRACK-SSH1Z97Y,2024-06-02,2024-06-05,2024-05-29T00:00:00Z,2025-10-13T00:00:00Z
ORD-02867,CUS-0077,2024-11-15,PROD-043,2,53.52,107.04,USD,credit_card,paid,cancelled,express,TRACK-Y6Y7V62C,2024-11-19,,2024-11-15T00:00:00Z,2025-06-27T00:00:00Z
ORD-02868,CUS-0688,2025-05-23,PROD-084,1,52.10,52.10,USD,paypal,pending,placed,express,TRACK-30Z7IGOI,2025-05-26,,2025-05-23T00:00:00Z,2025-06-30T00:00:00Z
ORD-02869,CUS-0118,2025-04-26,PROD-081,2,150.38,300.76,USD,credit_card,paid,processing,standard,TRACK-81DL87XP,2025-05-02,,2025-04-26T00:00:00Z,2025-10-11T00:00:00Z
ORD-02870,CUS-0665,2025-11-13,PROD-035,2,297.43,594.86,USD,paypal,paid,delivered,standard,TRACK-NCK49E6S,2025-11-22,2025-11-24,2025-11-13T00:00:00Z,2025-11-29T00:00:00Z
ORD-02871,CUS-0612,2024-04-27,PROD-091,5,84.12,420.60,USD,credit_card,paid,confirmed,next_day,TRACK-NYMRIXPT,2024-04-28,,2024-04-27T00:00:00Z,2024-12-11T00:00:00Z
ORD-02872,CUS-0091,2025-04-06,PROD-028,3,249.80,749.40,USD,credit_card,pending,placed,next_day,TRACK-DT63AOTG,2025-04-07,,2025-04-06T00:00:00Z,2025-08-04T00:00:00Z
ORD-02873,CUS-0163,2024-12-21,PROD-050,3,81.10,243.30,USD,paypal,partially_refunded,refunded,standard,TRACK-XVXEUSX4,2024-12-26,2024-12-29,2024-12-21T00:00:00Z,2025-02-16T00:00:00Z
ORD-02874,CUS-0355,2024-09-01,PROD-037,4,290.16,1160.64,USD,credit_card,paid,delivered,standard,TRACK-66JVJ8H9,2024-09-08,2024-09-10,2024-09-01T00:00:00Z,2025-05-27T00:00:00Z
ORD-02875,CUS-0048,2024-03-12,PROD-078,1,251.87,251.87,USD,paypal,partially_refunded,refunded,express,TRACK-LWDTH79G,2024-03-15,2024-03-18,2024-03-12T00:00:00Z,2024-08-31T00:00:00Z
ORD-02876,CUS-0399,2024-10-21,PROD-050,1,81.10,81.10,USD,credit_card,paid,delayed,next_day,TRACK-IBMM3UXP,2024-10-22,,2024-10-21T00:00:00Z,2025-07-12T00:00:00Z
ORD-02877,CUS-0119,2025-01-19,PROD-008,4,1441.53,5766.12,USD,debit_card,paid,confirmed,express,TRACK-DWNA2LF4,2025-01-23,,2025-01-19T00:00:00Z,2025-07-06T00:00:00Z
ORD-02878,CUS-0221,2025-05-25,PROD-093,3,61.11,183.33,USD,credit_card,paid,delivered,standard,TRACK-YZHGS50N,2025-06-04,2025-06-06,2025-05-25T00:00:00Z,2025-10-16T00:00:00Z
ORD-02879,CUS-0988,2024-09-18,PROD-032,4,126.22,504.88,USD,credit_card,refunded,refunded,standard,TRACK-1OT0AW20,2024-09-26,2024-09-27,2024-09-18T00:00:00Z,2024-10-18T00:00:00Z
ORD-02880,CUS-0083,2025-04-20,PROD-077,1,484.12,484.12,USD,credit_card,paid,delivered,standard,TRACK-AWSQPIZL,2025-04-29,2025-04-29,2025-04-20T00:00:00Z,2025-06-18T00:00:00Z
ORD-02881,CUS-0170,2025-03-26,PROD-095,4,106.35,425.40,USD,credit_card,paid,out_for_delivery,standard,TRACK-4TQSJEOP,2025-04-05,,2025-03-26T00:00:00Z,2025-04-26T00:00:00Z
ORD-02882,CUS-0261,2024-05-22,PROD-085,3,152.73,458.19,USD,paypal,paid,delivered,express,TRACK-LDMKMK9U,2024-05-25,2024-05-25,2024-05-22T00:00:00Z,2025-06-26T00:00:00Z
ORD-02883,CUS-0066,2025-08-10,PROD-033,5,249.21,1246.05,USD,debit_card,pending,placed,next_day,TRACK-ZB58M7K4,2025-08-11,,2025-08-10T00:00:00Z,2025-09-22T00:00:00Z
ORD-02884,CUS-0665,2025-01-18,PROD-096,2,93.24,186.48,USD,credit_card,failed,cancelled,standard,TRACK-I6W38029,2025-01-28,,2025-01-18T00:00:00Z,2025-09-09T00:00:00Z
ORD-02885,CUS-0923,2025-02-03,PROD-052,4,580.62,2322.48,USD,paypal,paid,out_for_delivery,next_day,TRACK-FJKA4D9L,2025-02-04,,2025-02-03T00:00:00Z,2025-12-03T00:00:00Z
ORD-02886,CUS-0506,2025-02-18,PROD-002,3,2846.71,8540.13,USD,paypal,paid,delayed,standard,TRACK-DENCRTPL,2025-02-28,,2025-02-18T00:00:00Z,2025-09-21T00:00:00Z
ORD-02887,CUS-0753,2024-02-19,PROD-066,1,77.92,77.92,USD,credit_card,paid,delivered,standard,TRACK-Q1PG4VIG,2024-02-27,2024-02-27,2024-02-19T00:00:00Z,2025-06-05T00:00:00Z
ORD-02888,CUS-0645,2024-06-26,PROD-058,4,354.13,1416.52,USD,credit_card,paid,shipped,express,TRACK-C6E8DM27,2024-06-29,,2024-06-26T00:00:00Z,2024-09-18T00:00:00Z
ORD-02889,CUS-0688,2024-05-11,PROD-071,2,489.66,979.32,USD,debit_card,paid,processing,international,TRACK-4X6BL7IJ,2024-06-02,,2024-05-11T00:00:00Z,2025-03-23T00:00:00Z
ORD-02890,CUS-0018,2025-04-09,PROD-100,1,46.48,46.48,USD,bank_transfer,paid,delivered,international,TRACK-92HECOZH,2025-05-02,2025-05-03,2025-04-09T00:00:00Z,2025-11-30T00:00:00Z
ORD-02891,CUS-0348,2025-12-03,PROD-025,1,499.30,499.30,USD,debit_card,paid,delayed,standard,TRACK-T7INUDFZ,2025-12-12,,2025-12-03T00:00:00Z,2025-12-11T00:00:00Z
ORD-02892,CUS-0373,2025-04-23,PROD-067,1,317.35,317.35,USD,credit_card,paid,shipped,standard,TRACK-XHB9FP9Z,2025-05-02,,2025-04-23T00:00:00Z,2025-08-20T00:00:00Z
ORD-02893,CUS-0004,2025-06-08,PROD-013,2,1278.38,2556.76,USD,bank_transfer,refunded,cancelled,next_day,TRACK-35MR83DE,2025-06-09,,2025-06-08T00:00:00Z,2025-09-10T00:00:00Z
ORD-02894,CUS-0103,2024-04-16,PROD-023,5,955.05,4775.25,USD,paypal,paid,delivered,next_day,TRACK-HAXQZVK9,2024-04-17,2024-04-19,2024-04-16T00:00:00Z,2025-04-25T00:00:00Z
ORD-02895,CUS-0904,2025-03-23,PROD-061,4,118.46,473.84,USD,paypal,partially_refunded,returned,standard,TRACK-MO3DEEI9,2025-04-02,2025-04-05,2025-03-23T00:00:00Z,2025-08-07T00:00:00Z
ORD-02896,CUS-0126,2025-03-31,PROD-081,3,150.38,451.14,USD,credit_card,paid,shipped,express,TRACK-ZG9BEKGI,2025-04-03,,2025-03-31T00:00:00Z,2025-10-23T00:00:00Z
ORD-02897,CUS-0395,2024-08-21,PROD-040,2,337.08,674.16,USD,credit_card,paid,delivered,standard,TRACK-04Y63WQ0,2024-08-26,2024-08-26,2024-08-21T00:00:00Z,2025-01-30T00:00:00Z
ORD-02898,CUS-0137,2024-06-14,PROD-079,4,363.45,1453.80,USD,credit_card,paid,delayed,standard,TRACK-497U0PQW,2024-06-20,,2024-06-14T00:00:00Z,2024-10-11T00:00:00Z
ORD-02899,CUS-0746,2024-04-05,PROD-099,4,110.41,441.64,USD,credit_card,refunded,returned,standard,TRACK-BB5BYJB3,2024-04-11,2024-04-11,2024-04-05T00:00:00Z,2025-11-25T00:00:00Z
ORD-02900,CUS-0349,2025-03-03,PROD-050,5,81.10,405.50,USD,credit_card,paid,cancelled,standard,TRACK-DH4MQWE1,2025-03-12,,2025-03-03T00:00:00Z,2025-12-21T00:00:00Z
ORD-02901,CUS-0928,2025-09-06,PROD-024,1,522.20,522.20,USD,debit_card,paid,confirmed,standard,TRACK-GJT5A1O3,2025-09-16,,2025-09-06T00:00:00Z,2025-10-21T00:00:00Z
ORD-02902,CUS-0474,2025-02-12,PROD-061,3,118.46,355.38,USD,credit_card,paid,shipped,express,TRACK-MVFUJIC5,2025-02-15,,2025-02-12T00:00:00Z,2025-06-13T00:00:00Z
ORD-02903,CUS-0266,2024-09-24,PROD-059,5,284.59,1422.95,USD,credit_card,paid,delivered,standard,TRACK-8O0J3T8U,2024-09-30,2024-10-01,2024-09-24T00:00:00Z,2025-08-19T00:00:00Z
ORD-02904,CUS-0731,2025-11-26,PROD-035,3,297.43,892.29,USD,credit_card,paid,delivered,standard,TRACK-K2YKKMX2,2025-12-06,2025-12-08,2025-11-26T00:00:00Z,2025-12-17T00:00:00Z
ORD-02905,CUS-0083,2024-09-25,PROD-090,2,289.84,579.68,USD,credit_card,paid,confirmed,standard,TRACK-QWVJNBCH,2024-10-04,,2024-09-25T00:00:00Z,2025-02-10T00:00:00Z
ORD-02906,CUS-0240,2024-05-12,PROD-069,4,271.07,1084.28,USD,credit_card,paid,out_for_delivery,standard,TRACK-XE1HVLN7,2024-05-22,,2024-05-12T00:00:00Z,2025-04-20T00:00:00Z
ORD-02907,CUS-0742,2024-04-24,PROD-074,2,76.36,152.72,USD,credit_card,paid,out_for_delivery,standard,TRACK-32P4H78Q,2024-04-29,,2024-04-24T00:00:00Z,2024-11-28T00:00:00Z
ORD-02908,CUS-0262,2025-07-26,PROD-052,4,580.62,2322.48,USD,credit_card,paid,confirmed,next_day,TRACK-R88U3DXX,2025-07-27,,2025-07-26T00:00:00Z,2025-12-13T00:00:00Z
ORD-02909,CUS-0956,2025-06-13,PROD-021,5,373.51,1867.55,USD,credit_card,paid,cancelled,next_day,TRACK-H7LPWKWL,2025-06-14,,2025-06-13T00:00:00Z,2025-09-13T00:00:00Z
ORD-02910,CUS-0038,2025-06-05,PROD-051,1,450.36,450.36,USD,bank_transfer,paid,shipped,next_day,TRACK-DOQSO9OC,2025-06-06,,2025-06-05T00:00:00Z,2025-12-14T00:00:00Z
ORD-02911,CUS-0403,2025-11-22,PROD-021,4,373.51,1494.04,USD,bank_transfer,refunded,cancelled,standard,TRACK-ISE6JN59,2025-11-27,,2025-11-22T00:00:00Z,2025-12-09T00:00:00Z
ORD-02912,CUS-0607,2025-04-08,PROD-078,3,251.87,755.61,USD,paypal,paid,processing,standard,TRACK-CJ0IJLMA,2025-04-14,,2025-04-08T00:00:00Z,2025-06-19T00:00:00Z
ORD-02913,CUS-0144,2025-09-23,PROD-010,5,1931.10,9655.50,USD,credit_card,paid,delivered,express,TRACK-KDC885IT,2025-09-27,2025-09-28,2025-09-23T00:00:00Z,2025-12-04T00:00:00Z
ORD-02914,CUS-0719,2025-10-31,PROD-020,2,848.04,1696.08,USD,debit_card,paid,confirmed,standard,TRACK-F8LCRO2P,2025-11-10,,2025-10-31T00:00:00Z,2025-12-25T00:00:00Z
ORD-02915,CUS-0544,2025-12-14,PROD-026,5,295.00,1475.00,USD,credit_card,paid,confirmed,standard,TRACK-NOKYAA8X,2025-12-22,,2025-12-14T00:00:00Z,2025-12-24T00:00:00Z
ORD-02916,CUS-0708,2025-08-17,PROD-038,4,302.64,1210.56,USD,credit_card,paid,processing,next_day,TRACK-3MAEDN6B,2025-08-18,,2025-08-17T00:00:00Z,2025-11-11T00:00:00Z
ORD-02917,CUS-0228,2025-12-02,PROD-033,2,249.21,498.42,USD,credit_card,paid,out_for_delivery,standard,TRACK-NUQPW6KA,2025-12-12,,2025-12-02T00:00:00Z,2025-12-10T00:00:00Z
ORD-02918,CUS-0528,2024-07-06,PROD-023,1,955.05,955.05,USD,bank_transfer,paid,placed,standard,TRACK-81RA4N9F,2024-07-14,,2024-07-06T00:00:00Z,2025-06-03T00:00:00Z
ORD-02919,CUS-0901,2024-11-20,PROD-046,1,67.55,67.55,USD,debit_card,paid,confirmed,express,TRACK-KNMSHOQF,2024-11-24,,2024-11-20T00:00:00Z,2025-04-13T00:00:00Z
ORD-02920,CUS-0801,2025-08-13,PROD-075,2,343.41,686.82,USD,debit_card,refunded,refunded,next_day,TRACK-3WUZONUA,2025-08-14,2025-08-14,2025-08-13T00:00:00Z,2025-11-08T00:00:00Z
ORD-02921,CUS-0964,2024-07-03,PROD-099,5,110.41,552.05,USD,debit_card,paid,shipped,standard,TRACK-0BGH9DJ8,2024-07-08,,2024-07-03T00:00:00Z,2025-02-27T00:00:00Z
ORD-02922,CUS-0669,2024-01-19,PROD-057,4,81.68,326.72,USD,credit_card,paid,delivered,express,TRACK-6Z6B95WM,2024-01-21,2024-01-23,2024-01-19T00:00:00Z,2025-04-16T00:00:00Z
ORD-02923,CUS-0584,2024-08-20,PROD-079,5,363.45,1817.25,USD,credit_card,partially_refunded,returned,next_day,TRACK-U4BJNDMV,2024-08-21,2024-08-23,2024-08-20T00:00:00Z,2024-11-15T00:00:00Z
ORD-02924,CUS-0904,2025-07-23,PROD-038,4,302.64,1210.56,USD,debit_card,paid,delivered,next_day,TRACK-BDL8JY46,2025-07-24,2025-07-27,2025-07-23T00:00:00Z,2025-12-17T00:00:00Z
ORD-02925,CUS-0778,2024-03-20,PROD-045,3,111.96,335.88,USD,paypal,paid,delivered,express,TRACK-V3EEXQ1B,2024-03-22,2024-03-25,2024-03-20T00:00:00Z,2025-09-07T00:00:00Z
ORD-02926,CUS-0289,2024-01-15,PROD-087,3,89.66,268.98,USD,credit_card,paid,delivered,express,TRACK-YI2Y7L1V,2024-01-18,2024-01-18,2024-01-15T00:00:00Z,2025-11-15T00:00:00Z
ORD-02927,CUS-0830,2024-07-09,PROD-074,5,76.36,381.80,USD,bank_transfer,paid,shipped,express,TRACK-59R4KPIQ,2024-07-12,,2024-07-09T00:00:00Z,2025-07-28T00:00:00Z
ORD-02928,CUS-0782,2025-07-23,PROD-057,3,81.68,245.04,USD,debit_card,refunded,cancelled,next_day,TRACK-PNIC9E82,2025-07-24,,2025-07-23T00:00:00Z,2025-12-20T00:00:00Z
ORD-02929,CUS-0831,2024-05-21,PROD-048,3,127.33,381.99,USD,credit_card,paid,placed,standard,TRACK-PRRFOI0H,2024-05-28,,2024-05-21T00:00:00Z,2024-05-31T00:00:00Z
ORD-02930,CUS-0126,2024-01-28,PROD-011,2,1007.07,2014.14,USD,credit_card,paid,delivered,express,TRACK-SY2U1JBD,2024-01-30,2024-01-30,2024-01-28T00:00:00Z,2025-11-20T00:00:00Z
ORD-02931,CUS-0465,2025-04-23,PROD-040,3,337.08,1011.24,USD,credit_card,paid,delivered,standard,TRACK-9YUDV35G,2025-05-02,2025-05-02,2025-04-23T00:00:00Z,2025-10-29T00:00:00Z
ORD-02932,CUS-0070,2024-09-20,PROD-023,3,955.05,2865.15,USD,debit_card,paid,cancelled,standard,TRACK-J20SARVQ,2024-09-30,,2024-09-20T00:00:00Z,2025-05-07T00:00:00Z
ORD-02933,CUS-0276,2024-07-16,PROD-094,4,179.49,717.96,USD,debit_card,paid,delivered,standard,TRACK-LGLQ8N5W,2024-07-26,2024-07-28,2024-07-16T00:00:00Z,2025-09-04T00:00:00Z
ORD-02934,CUS-0447,2025-10-02,PROD-078,2,251.87,503.74,USD,credit_card,refunded,returned,express,TRACK-1GQE1IE7,2025-10-06,2025-10-09,2025-10-02T00:00:00Z,2025-12-06T00:00:00Z
ORD-02935,CUS-0901,2025-12-09,PROD-053,2,574.29,1148.58,USD,credit_card,paid,processing,standard,TRACK-1JIPM6TU,2025-12-19,,2025-12-09T00:00:00Z,2025-12-31T00:00:00Z
ORD-02936,CUS-0206,2024-11-25,PROD-066,4,77.92,311.68,USD,paypal,paid,delivered,express,TRACK-S8UK7FSP,2024-11-27,2024-11-30,2024-11-25T00:00:00Z,2025-11-27T00:00:00Z
ORD-02937,CUS-0930,2025-09-24,PROD-036,3,341.40,1024.20,USD,paypal,paid,confirmed,next_day,TRACK-53QBKLM6,2025-09-25,,2025-09-24T00:00:00Z,2025-12-10T00:00:00Z
ORD-02938,CUS-0171,2025-10-15,PROD-052,1,580.62,580.62,USD,credit_card,failed,cancelled,standard,TRACK-615ISAYA,2025-10-25,,2025-10-15T00:00:00Z,2025-12-30T00:00:00Z
ORD-02939,CUS-0484,2024-01-09,PROD-069,4,271.07,1084.28,USD,credit_card,paid,delivered,next_day,TRACK-2FJLLAFG,2024-01-10,2024-01-11,2024-01-09T00:00:00Z,2024-05-18T00:00:00Z
ORD-02940,CUS-0527,2024-04-15,PROD-071,4,489.66,1958.64,USD,credit_card,paid,delivered,standard,TRACK-2LTH8G6I,2024-04-23,2024-04-24,2024-04-15T00:00:00Z,2025-02-21T00:00:00Z
ORD-02941,CUS-0266,2024-10-01,PROD-018,1,1487.38,1487.38,USD,paypal,partially_refunded,returned,standard,TRACK-SU7YJTXJ,2024-10-11,2024-10-12,2024-10-01T00:00:00Z,2024-12-24T00:00:00Z
ORD-02942,CUS-0220,2024-07-15,PROD-088,2,191.92,383.84,USD,crypto,paid,confirmed,next_day,TRACK-K19EVQBZ,2024-07-16,,2024-07-15T00:00:00Z,2025-12-18T00:00:00Z
ORD-02943,CUS-0410,2024-05-30,PROD-026,1,295.00,295.00,USD,credit_card,paid,processing,standard,TRACK-Q1L84CJX,2024-06-06,,2024-05-30T00:00:00Z,2025-08-30T00:00:00Z
ORD-02944,CUS-0135,2025-05-04,PROD-020,1,848.04,848.04,USD,paypal,paid,delivered,standard,TRACK-967W921F,2025-05-10,2025-05-12,2025-05-04T00:00:00Z,2025-10-25T00:00:00Z
ORD-02945,CUS-0881,2024-07-24,PROD-058,1,354.13,354.13,USD,credit_card,paid,processing,standard,TRACK-S3XS2PJI,2024-08-03,,2024-07-24T00:00:00Z,2024-09-15T00:00:00Z
ORD-02946,CUS-0410,2024-01-05,PROD-085,5,152.73,763.65,USD,debit_card,paid,processing,next_day,TRACK-8R80N18M,2024-01-06,,2024-01-05T00:00:00Z,2025-04-01T00:00:00Z
ORD-02947,CUS-0927,2024-04-05,PROD-063,3,328.94,986.82,USD,bank_transfer,paid,out_for_delivery,standard,TRACK-ILIH1VBI,2024-04-15,,2024-04-05T00:00:00Z,2025-12-02T00:00:00Z
ORD-02948,CUS-0937,2025-11-22,PROD-038,1,302.64,302.64,USD,credit_card,paid,shipped,express,TRACK-0YQ18G75,2025-11-24,,2025-11-22T00:00:00Z,2025-11-24T00:00:00Z
ORD-02949,CUS-0473,2025-10-09,PROD-078,4,251.87,1007.48,USD,bank_transfer,paid,confirmed,express,TRACK-BUWFJEQP,2025-10-12,,2025-10-09T00:00:00Z,2025-11-09T00:00:00Z
ORD-02950,CUS-0920,2024-06-03,PROD-058,1,354.13,354.13,USD,debit_card,pending,placed,standard,TRACK-ELLYQ5RN,2024-06-08,,2024-06-03T00:00:00Z,2025-09-10T00:00:00Z
ORD-02951,CUS-0733,2024-10-31,PROD-039,3,482.81,1448.43,USD,credit_card,paid,delivered,express,TRACK-2UBZ8ZRR,2024-11-04,2024-11-04,2024-10-31T00:00:00Z,2024-11-09T00:00:00Z
ORD-02952,CUS-0830,2024-10-20,PROD-022,5,500.24,2501.20,USD,credit_card,refunded,cancelled,next_day,TRACK-YA7UIET2,2024-10-21,,2024-10-20T00:00:00Z,2025-11-23T00:00:00Z
ORD-02953,CUS-0328,2024-11-16,PROD-091,1,84.12,84.12,USD,debit_card,refunded,refunded,express,TRACK-WB4S4A1J,2024-11-18,2024-11-19,2024-11-16T00:00:00Z,2025-11-27T00:00:00Z
ORD-02954,CUS-0226,2024-06-03,PROD-014,5,474.04,2370.20,USD,debit_card,paid,shipped,next_day,TRACK-B1TS46T1,2024-06-04,,2024-06-03T00:00:00Z,2025-10-26T00:00:00Z
ORD-02955,CUS-0719,2025-08-01,PROD-047,5,81.88,409.40,USD,paypal,paid,out_for_delivery,standard,TRACK-YXE4SWFS,2025-08-11,,2025-08-01T00:00:00Z,2025-12-26T00:00:00Z
ORD-02956,CUS-0865,2025-02-09,PROD-070,2,55.18,110.36,USD,credit_card,refunded,cancelled,next_day,TRACK-BGJPQOHB,2025-02-10,,2025-02-09T00:00:00Z,2025-11-13T00:00:00Z
ORD-02957,CUS-0066,2025-08-15,PROD-050,1,81.10,81.10,USD,paypal,partially_refunded,returned,express,TRACK-OBXZ8043,2025-08-18,2025-08-20,2025-08-15T00:00:00Z,2025-08-31T00:00:00Z
ORD-02958,CUS-0123,2024-12-25,PROD-070,1,55.18,55.18,USD,credit_card,paid,placed,standard,TRACK-YP8L5I09,2025-01-04,,2024-12-25T00:00:00Z,2025-09-20T00:00:00Z
ORD-02959,CUS-0507,2024-12-11,PROD-018,5,1487.38,7436.90,USD,credit_card,paid,shipped,standard,TRACK-AF077GY3,2024-12-17,,2024-12-11T00:00:00Z,2025-11-27T00:00:00Z
ORD-02960,CUS-0353,2025-05-13,PROD-022,2,500.24,1000.48,USD,paypal,paid,processing,standard,TRACK-ZHCN8IFQ,2025-05-20,,2025-05-13T00:00:00Z,2025-09-02T00:00:00Z
ORD-02961,CUS-0136,2025-03-27,PROD-060,4,420.27,1681.08,USD,credit_card,paid,confirmed,express,TRACK-SJAG787L,2025-03-30,,2025-03-27T00:00:00Z,2025-04-27T00:00:00Z
ORD-02962,CUS-0629,2025-07-05,PROD-049,2,49.02,98.04,USD,credit_card,paid,shipped,next_day,TRACK-TPWSDZ1O,2025-07-06,,2025-07-05T00:00:00Z,2025-12-09T00:00:00Z
ORD-02963,CUS-0129,2024-04-05,PROD-073,4,114.42,457.68,USD,credit_card,paid,out_for_delivery,standard,TRACK-OAI3A7TC,2024-04-10,,2024-04-05T00:00:00Z,2024-05-07T00:00:00Z
ORD-02964,CUS-0494,2025-04-27,PROD-090,5,289.84,1449.20,USD,bank_transfer,paid,processing,standard,TRACK-9S90HXCT,2025-05-07,,2025-04-27T00:00:00Z,2025-05-09T00:00:00Z
ORD-02965,CUS-0213,2024-07-09,PROD-024,3,522.20,1566.60,USD,credit_card,pending,placed,express,TRACK-HWFR5X5J,2024-07-13,,2024-07-09T00:00:00Z,2025-04-25T00:00:00Z
ORD-02966,CUS-0788,2025-05-08,PROD-037,2,290.16,580.32,USD,credit_card,paid,out_for_delivery,express,TRACK-Z4K230Q3,2025-05-11,,2025-05-08T00:00:00Z,2025-05-14T00:00:00Z
ORD-02967,CUS-0418,2025-07-25,PROD-051,4,450.36,1801.44,USD,credit_card,paid,out_for_delivery,international,TRACK-UJ5YNHP9,2025-08-09,,2025-07-25T00:00:00Z,2025-11-17T00:00:00Z
ORD-02968,CUS-0385,2025-07-28,PROD-011,2,1007.07,2014.14,USD,paypal,paid,shipped,next_day,TRACK-V686TS1U,2025-07-29,,2025-07-28T00:00:00Z,2025-08-14T00:00:00Z
ORD-02969,CUS-0182,2024-03-19,PROD-065,2,339.44,678.88,USD,credit_card,refunded,refunded,express,TRACK-H282EPCG,2024-03-22,2024-03-23,2024-03-19T00:00:00Z,2025-02-14T00:00:00Z
ORD-02970,CUS-0775,2024-04-14,PROD-095,5,106.35,531.75,USD,credit_card,paid,processing,standard,TRACK-P215KRGT,2024-04-23,,2024-04-14T00:00:00Z,2024-05-12T00:00:00Z
ORD-02971,CUS-0742,2024-06-20,PROD-013,3,1278.38,3835.14,USD,paypal,refunded,returned,standard,TRACK-BIB9TSXF,2024-06-28,2024-07-01,2024-06-20T00:00:00Z,2025-08-22T00:00:00Z
ORD-02972,CUS-0442,2025-04-22,PROD-085,5,152.73,763.65,USD,debit_card,paid,processing,standard,TRACK-8RVJWH9M,2025-04-28,,2025-04-22T00:00:00Z,2025-08-06T00:00:00Z
ORD-02973,CUS-0908,2025-07-01,PROD-088,3,191.92,575.76,USD,paypal,paid,delivered,standard,TRACK-0DVNU48U,2025-07-08,2025-07-08,2025-07-01T00:00:00Z,2025-08-09T00:00:00Z
ORD-02974,CUS-0003,2024-10-05,PROD-066,5,77.92,389.60,USD,paypal,paid,delivered,standard,TRACK-ISDUB7T1,2024-10-12,2024-10-13,2024-10-05T00:00:00Z,2025-02-11T00:00:00Z
ORD-02975,CUS-0056,2024-02-18,PROD-013,4,1278.38,5113.52,USD,paypal,paid,shipped,standard,TRACK-TZ9WF55R,2024-02-28,,2024-02-18T00:00:00Z,2025-01-11T00:00:00Z
ORD-02976,CUS-0049,2024-06-27,PROD-017,3,657.92,1973.76,USD,credit_card,paid,delivered,next_day,TRACK-3X5GRN5Y,2024-06-28,2024-06-30,2024-06-27T00:00:00Z,2024-07-09T00:00:00Z
ORD-02977,CUS-0254,2024-01-14,PROD-088,4,191.92,767.68,USD,debit_card,paid,delivered,express,TRACK-EJP8FWPR,2024-01-16,2024-01-16,2024-01-14T00:00:00Z,2024-12-06T00:00:00Z
ORD-02978,CUS-0916,2025-02-20,PROD-011,2,1007.07,2014.14,USD,debit_card,paid,delivered,express,TRACK-POR7AZ48,2025-02-23,2025-02-24,2025-02-20T00:00:00Z,2025-04-30T00:00:00Z
ORD-02979,CUS-0174,2024-04-24,PROD-080,4,255.93,1023.72,USD,paypal,paid,shipped,express,TRACK-AOKYMJYG,2024-04-26,,2024-04-24T00:00:00Z,2025-04-29T00:00:00Z
ORD-02980,CUS-0392,2024-01-20,PROD-043,3,53.52,160.56,USD,credit_card,paid,delivered,standard,TRACK-UCXU3T4Z,2024-01-25,2024-01-26,2024-01-20T00:00:00Z,2025-09-18T00:00:00Z
ORD-02981,CUS-0240,2024-03-06,PROD-046,1,67.55,67.55,USD,debit_card,paid,delivered,international,TRACK-K7SOOITB,2024-04-02,2024-04-04,2024-03-06T00:00:00Z,2024-04-09T00:00:00Z
ORD-02982,CUS-0486,2025-11-07,PROD-001,3,2193.82,6581.46,USD,debit_card,paid,processing,next_day,TRACK-ZRVCF7C8,2025-11-08,,2025-11-07T00:00:00Z,2025-12-20T00:00:00Z
ORD-02983,CUS-0844,2024-11-30,PROD-034,4,347.18,1388.72,USD,debit_card,paid,processing,next_day,TRACK-C5QVO1PB,2024-12-01,,2024-11-30T00:00:00Z,2025-11-29T00:00:00Z
ORD-02984,CUS-0624,2025-05-13,PROD-078,3,251.87,755.61,USD,paypal,partially_refunded,refunded,standard,TRACK-5VX974PP,2025-05-23,2025-05-23,2025-05-13T00:00:00Z,2025-08-24T00:00:00Z
ORD-02985,CUS-0338,2024-04-17,PROD-010,5,1931.10,9655.50,USD,credit_card,paid,delivered,international,TRACK-6TKKR2DX,2024-05-13,2024-05-15,2024-04-17T00:00:00Z,2025-03-08T00:00:00Z
ORD-02986,CUS-0473,2025-05-03,PROD-037,4,290.16,1160.64,USD,credit_card,pending,placed,express,TRACK-120TSGTN,2025-05-06,,2025-05-03T00:00:00Z,2025-11-11T00:00:00Z
ORD-02987,CUS-0967,2024-08-25,PROD-093,2,61.11,122.22,USD,credit_card,paid,cancelled,standard,TRACK-L9C3PFQ6,2024-09-04,,2024-08-25T00:00:00Z,2025-10-17T00:00:00Z
ORD-02988,CUS-0967,2024-06-14,PROD-050,4,81.10,324.40,USD,credit_card,paid,out_for_delivery,international,TRACK-WTT3E9VA,2024-07-11,,2024-06-14T00:00:00Z,2025-03-01T00:00:00Z
ORD-02989,CUS-0408,2024-04-14,PROD-031,4,88.52,354.08,USD,debit_card,paid,delivered,international,TRACK-JZOOYWUH,2024-04-29,2024-04-30,2024-04-14T00:00:00Z,2025-03-22T00:00:00Z
ORD-02990,CUS-0337,2025-07-05,PROD-089,2,304.67,609.34,USD,debit_card,paid,delivered,standard,TRACK-0IXJIF4S,2025-07-14,2025-07-15,2025-07-05T00:00:00Z,2025-12-13T00:00:00Z
ORD-02991,CUS-0179,2024-01-09,PROD-096,4,93.24,372.96,USD,credit_card,paid,out_for_delivery,standard,TRACK-HRQZDUA4,2024-01-14,,2024-01-09T00:00:00Z,2024-02-18T00:00:00Z
ORD-02992,CUS-0021,2024-06-20,PROD-027,4,795.29,3181.16,USD,debit_card,paid,shipped,standard,TRACK-QAZ32LWZ,2024-06-25,,2024-06-20T00:00:00Z,2024-11-14T00:00:00Z
ORD-02993,CUS-0977,2025-12-12,PROD-064,4,384.19,1536.76,USD,credit_card,paid,delayed,standard,TRACK-A5VK1M1F,2025-12-21,,2025-12-12T00:00:00Z,2025-12-23T00:00:00Z
ORD-02994,CUS-0980,2025-01-12,PROD-026,2,295.00,590.00,USD,credit_card,paid,out_for_delivery,express,TRACK-9FR8QOOE,2025-01-14,,2025-01-12T00:00:00Z,2025-03-22T00:00:00Z
ORD-02995,CUS-0621,2024-07-13,PROD-097,2,43.21,86.42,USD,credit_card,paid,delivered,standard,TRACK-3B15BP16,2024-07-20,2024-07-23,2024-07-13T00:00:00Z,2025-02-24T00:00:00Z
ORD-02996,CUS-0304,2025-01-19,PROD-072,3,172.02,516.06,USD,credit_card,paid,delivered,express,TRACK-0AT4H78I,2025-01-22,2025-01-23,2025-01-19T00:00:00Z,2025-11-21T00:00:00Z
ORD-02997,CUS-0511,2024-06-26,PROD-049,1,49.02,49.02,USD,debit_card,failed,cancelled,standard,TRACK-W48HMKNU,2024-07-06,,2024-06-26T00:00:00Z,2025-07-24T00:00:00Z
ORD-02998,CUS-0541,2025-08-14,PROD-088,5,191.92,959.60,USD,credit_card,paid,processing,standard,TRACK-VQ5GXQOF,2025-08-23,,2025-08-14T00:00:00Z,2025-11-27T00:00:00Z
ORD-02999,CUS-0221,2025-01-10,PROD-047,3,81.88,245.64,USD,credit_card,paid,delivered,standard,TRACK-CCV23JYZ,2025-01-17,2025-01-18,2025-01-10T00:00:00Z,2025-04-17T00:00:00Z
ORD-03000,CUS-0907,2025-08-13,PROD-044,3,26.86,80.58,USD,debit_card,paid,processing,standard,TRACK-DUNURM84,2025-08-20,,2025-08-13T00:00:00Z,2025-09-07T00:00:00Z
ORD-03001,CUS-0267,2024-05-31,PROD-041,1,22.71,22.71,USD,credit_card,pending,placed,next_day,TRACK-1SXAQI0P,2024-06-01,,2024-05-31T00:00:00Z,2024-10-12T00:00:00Z
ORD-03002,CUS-0069,2024-04-11,PROD-019,1,1140.33,1140.33,USD,paypal,paid,placed,express,TRACK-RQFBCKPK,2024-04-14,,2024-04-11T00:00:00Z,2025-03-16T00:00:00Z
ORD-03003,CUS-0725,2025-12-22,PROD-056,5,520.14,2600.70,USD,debit_card,paid,shipped,standard,TRACK-GW8X3KDD,2025-12-29,,2025-12-22T00:00:00Z,2025-12-29T00:00:00Z
ORD-03004,CUS-0220,2024-05-27,PROD-077,5,484.12,2420.60,USD,bank_transfer,paid,processing,next_day,TRACK-OUB93JSR,2024-05-28,,2024-05-27T00:00:00Z,2025-01-28T00:00:00Z
ORD-03005,CUS-0343,2025-06-21,PROD-098,2,168.10,336.20,USD,debit_card,partially_refunded,refunded,standard,TRACK-QNEKRBSZ,2025-07-01,2025-07-04,2025-06-21T00:00:00Z,2025-07-24T00:00:00Z
ORD-03006,CUS-0474,2024-06-23,PROD-032,3,126.22,378.66,USD,credit_card,paid,shipped,express,TRACK-F4LUF31F,2024-06-25,,2024-06-23T00:00:00Z,2024-08-21T00:00:00Z
ORD-03007,CUS-0436,2024-11-07,PROD-027,5,795.29,3976.45,USD,debit_card,paid,processing,standard,TRACK-6YE84C6O,2024-11-15,,2024-11-07T00:00:00Z,2025-05-12T00:00:00Z
ORD-03008,CUS-0950,2024-01-31,PROD-100,2,46.48,92.96,USD,paypal,paid,delivered,express,TRACK-906DLFHR,2024-02-02,2024-02-02,2024-01-31T00:00:00Z,2024-02-20T00:00:00Z
ORD-03009,CUS-0283,2024-10-03,PROD-097,2,43.21,86.42,USD,paypal,paid,processing,standard,TRACK-1VBU6IJX,2024-10-11,,2024-10-03T00:00:00Z,2024-10-13T00:00:00Z
ORD-03010,CUS-0057,2025-06-25,PROD-094,4,179.49,717.96,USD,debit_card,failed,cancelled,express,TRACK-KSNSKFGQ,2025-06-28,,2025-06-25T00:00:00Z,2025-09-23T00:00:00Z
ORD-03011,CUS-0479,2025-01-10,PROD-043,4,53.52,214.08,USD,debit_card,failed,cancelled,standard,TRACK-8URMDH2E,2025-01-18,,2025-01-10T00:00:00Z,2025-06-18T00:00:00Z
ORD-03012,CUS-0625,2024-05-20,PROD-036,2,341.40,682.80,USD,debit_card,paid,delayed,standard,TRACK-DNW6GSDJ,2024-05-29,,2024-05-20T00:00:00Z,2024-08-05T00:00:00Z
ORD-03013,CUS-0706,2024-07-04,PROD-037,1,290.16,290.16,USD,bank_transfer,paid,delivered,next_day,TRACK-IL5QHGBV,2024-07-05,2024-07-08,2024-07-04T00:00:00Z,2025-02-07T00:00:00Z
ORD-03014,CUS-0385,2024-08-22,PROD-019,1,1140.33,1140.33,USD,credit_card,partially_refunded,returned,next_day,TRACK-MHQW69XH,2024-08-23,2024-08-26,2024-08-22T00:00:00Z,2025-05-23T00:00:00Z
ORD-03015,CUS-0365,2024-05-26,PROD-066,4,77.92,311.68,USD,credit_card,partially_refunded,returned,standard,TRACK-K3246VCY,2024-06-04,2024-06-07,2024-05-26T00:00:00Z,2024-06-24T00:00:00Z
ORD-03016,CUS-0656,2025-12-30,PROD-032,4,126.22,504.88,USD,debit_card,paid,delayed,standard,TRACK-977YY5L5,2025-12-31,,2025-12-30T00:00:00Z,2026-01-01T00:00:00Z
ORD-03017,CUS-0205,2025-06-28,PROD-053,4,574.29,2297.16,USD,credit_card,paid,out_for_delivery,express,TRACK-ALLC7M1N,2025-06-30,,2025-06-28T00:00:00Z,2025-11-01T00:00:00Z
ORD-03018,CUS-0954,2025-09-01,PROD-039,5,482.81,2414.05,USD,bank_transfer,paid,confirmed,express,TRACK-O155DTVC,2025-09-03,,2025-09-01T00:00:00Z,2025-11-04T00:00:00Z
ORD-03019,CUS-0449,2025-08-29,PROD-017,4,657.92,2631.68,USD,credit_card,refunded,returned,next_day,TRACK-GOHE1G5G,2025-08-30,2025-09-02,2025-08-29T00:00:00Z,2025-10-15T00:00:00Z
ORD-03020,CUS-0655,2024-04-08,PROD-009,4,788.22,3152.88,USD,bank_transfer,paid,delivered,express,TRACK-PAJMFOTE,2024-04-10,2024-04-12,2024-04-08T00:00:00Z,2025-07-10T00:00:00Z
ORD-03021,CUS-0086,2024-01-02,PROD-075,2,343.41,686.82,USD,credit_card,paid,delivered,standard,TRACK-RD7Z2E8N,2024-01-08,2024-01-08,2024-01-02T00:00:00Z,2024-09-03T00:00:00Z
ORD-03022,CUS-0832,2024-07-26,PROD-005,3,925.08,2775.24,USD,bank_transfer,paid,delivered,express,TRACK-1WLZ8H8C,2024-07-28,2024-07-28,2024-07-26T00:00:00Z,2024-09-22T00:00:00Z
ORD-03023,CUS-0662,2024-10-13,PROD-084,4,52.10,208.40,USD,credit_card,paid,processing,standard,TRACK-2SN5QACT,2024-10-22,,2024-10-13T00:00:00Z,2025-04-10T00:00:00Z
ORD-03024,CUS-0021,2024-11-23,PROD-088,3,191.92,575.76,USD,credit_card,partially_refunded,returned,express,TRACK-GTIDM6A7,2024-11-27,2024-11-30,2024-11-23T00:00:00Z,2025-04-03T00:00:00Z
ORD-03025,CUS-0843,2024-08-29,PROD-014,3,474.04,1422.12,USD,paypal,paid,delivered,standard,TRACK-7KA6O1RX,2024-09-08,2024-09-11,2024-08-29T00:00:00Z,2024-11-03T00:00:00Z
ORD-03026,CUS-0646,2024-10-03,PROD-076,2,158.70,317.40,USD,crypto,paid,out_for_delivery,next_day,TRACK-DD5671KX,2024-10-04,,2024-10-03T00:00:00Z,2025-05-30T00:00:00Z
ORD-03027,CUS-0851,2024-01-24,PROD-018,4,1487.38,5949.52,USD,debit_card,paid,delayed,standard,TRACK-0M9JTBEP,2024-02-01,,2024-01-24T00:00:00Z,2025-12-26T00:00:00Z
ORD-03028,CUS-0006,2024-04-08,PROD-017,5,657.92,3289.60,USD,credit_card,partially_refunded,refunded,international,TRACK-PRMQG03J,2024-04-26,2024-04-28,2024-04-08T00:00:00Z,2025-12-01T00:00:00Z
ORD-03029,CUS-0040,2025-03-26,PROD-052,4,580.62,2322.48,USD,debit_card,paid,shipped,standard,TRACK-C448GO0K,2025-04-05,,2025-03-26T00:00:00Z,2025-05-17T00:00:00Z
ORD-03030,CUS-0020,2025-11-17,PROD-088,5,191.92,959.60,USD,paypal,paid,shipped,standard,TRACK-P0MJ3QIH,2025-11-24,,2025-11-17T00:00:00Z,2025-12-16T00:00:00Z
ORD-03031,CUS-0129,2025-06-18,PROD-040,4,337.08,1348.32,USD,credit_card,paid,delivered,express,TRACK-4X06F645,2025-06-20,2025-06-22,2025-06-18T00:00:00Z,2025-08-04T00:00:00Z
ORD-03032,CUS-0981,2025-04-03,PROD-024,4,522.20,2088.80,USD,debit_card,paid,shipped,express,TRACK-XAIJ5HRA,2025-04-07,,2025-04-03T00:00:00Z,2025-12-10T00:00:00Z
ORD-03033,CUS-0746,2024-05-23,PROD-043,2,53.52,107.04,USD,paypal,paid,processing,standard,TRACK-45Y96BKW,2024-05-29,,2024-05-23T00:00:00Z,2025-03-06T00:00:00Z
ORD-03034,CUS-0137,2024-07-11,PROD-007,2,2312.54,4625.08,USD,paypal,paid,delivered,express,TRACK-RHK74MBB,2024-07-13,2024-07-15,2024-07-11T00:00:00Z,2025-09-05T00:00:00Z
ORD-03035,CUS-0246,2024-07-22,PROD-070,4,55.18,220.72,USD,debit_card,paid,shipped,express,TRACK-K1OMNWKC,2024-07-26,,2024-07-22T00:00:00Z,2025-06-15T00:00:00Z
ORD-03036,CUS-0873,2024-04-26,PROD-089,2,304.67,609.34,USD,credit_card,paid,delivered,standard,TRACK-KLLZVRG4,2024-05-05,2024-05-07,2024-04-26T00:00:00Z,2025-11-01T00:00:00Z
ORD-03037,CUS-0215,2025-05-30,PROD-012,5,922.70,4613.50,USD,credit_card,paid,delivered,express,TRACK-D8OIK23V,2025-06-01,2025-06-03,2025-05-30T00:00:00Z,2025-12-03T00:00:00Z
ORD-03038,CUS-0116,2025-06-06,PROD-049,2,49.02,98.04,USD,debit_card,paid,shipped,express,TRACK-Q1YJUCYY,2025-06-08,,2025-06-06T00:00:00Z,2025-09-09T00:00:00Z
ORD-03039,CUS-0659,2025-05-20,PROD-035,4,297.43,1189.72,USD,credit_card,paid,shipped,standard,TRACK-7PY2Z96Q,2025-05-26,,2025-05-20T00:00:00Z,2025-06-14T00:00:00Z
ORD-03040,CUS-0206,2024-09-11,PROD-066,3,77.92,233.76,USD,credit_card,partially_refunded,returned,standard,TRACK-3HKVPLMT,2024-09-17,2024-09-18,2024-09-11T00:00:00Z,2025-07-12T00:00:00Z
ORD-03041,CUS-0843,2025-05-13,PROD-039,4,482.81,1931.24,USD,crypto,paid,placed,express,TRACK-O0N1DJ6Y,2025-05-15,,2025-05-13T00:00:00Z,2025-07-28T00:00:00Z
ORD-03042,CUS-0265,2024-11-15,PROD-013,4,1278.38,5113.52,USD,paypal,paid,out_for_delivery,express,TRACK-4U0HVNFW,2024-11-18,,2024-11-15T00:00:00Z,2025-09-15T00:00:00Z
ORD-03043,CUS-0230,2024-08-06,PROD-061,3,118.46,355.38,USD,paypal,paid,delivered,next_day,TRACK-FB7D0ZYS,2024-08-07,2024-08-10,2024-08-06T00:00:00Z,2025-05-03T00:00:00Z
ORD-03044,CUS-0908,2025-04-03,PROD-034,5,347.18,1735.90,USD,bank_transfer,partially_refunded,refunded,standard,TRACK-EQT9OJ4X,2025-04-09,2025-04-12,2025-04-03T00:00:00Z,2025-12-14T00:00:00Z
ORD-03045,CUS-0965,2024-03-25,PROD-086,5,272.87,1364.35,USD,paypal,paid,delivered,express,TRACK-YZMZUQ8A,2024-03-28,2024-03-28,2024-03-25T00:00:00Z,2024-05-30T00:00:00Z
ORD-03046,CUS-0597,2025-08-22,PROD-098,5,168.10,840.50,USD,credit_card,paid,shipped,next_day,TRACK-VWXEERGC,2025-08-23,,2025-08-22T00:00:00Z,2025-09-27T00:00:00Z
ORD-03047,CUS-0916,2024-11-13,PROD-057,1,81.68,81.68,USD,paypal,paid,shipped,standard,TRACK-94SL42U1,2024-11-19,,2024-11-13T00:00:00Z,2025-07-06T00:00:00Z
ORD-03048,CUS-0031,2024-04-28,PROD-072,1,172.02,172.02,USD,debit_card,paid,delivered,standard,TRACK-QJ6U9BL5,2024-05-04,2024-05-06,2024-04-28T00:00:00Z,2024-06-04T00:00:00Z
ORD-03049,CUS-0855,2024-05-03,PROD-098,2,168.10,336.20,USD,credit_card,paid,delivered,standard,TRACK-JXU2X6O5,2024-05-08,2024-05-10,2024-05-03T00:00:00Z,2025-10-09T00:00:00Z
ORD-03050,CUS-0074,2025-07-20,PROD-002,4,2846.71,11386.84,USD,paypal,paid,out_for_delivery,standard,TRACK-JYEU3QAH,2025-07-27,,2025-07-20T00:00:00Z,2025-07-31T00:00:00Z
ORD-03051,CUS-0851,2024-10-04,PROD-050,2,81.10,162.20,USD,debit_card,paid,delivered,express,TRACK-F4US3SR8,2024-10-08,2024-10-08,2024-10-04T00:00:00Z,2025-10-06T00:00:00Z
ORD-03052,CUS-0820,2024-10-16,PROD-054,5,511.50,2557.50,USD,bank_transfer,paid,delivered,standard,TRACK-CGFKNM6H,2024-10-24,2024-10-24,2024-10-16T00:00:00Z,2025-05-04T00:00:00Z
ORD-03053,CUS-0150,2024-05-26,PROD-060,2,420.27,840.54,USD,credit_card,paid,shipped,express,TRACK-J8HDI8S5,2024-05-29,,2024-05-26T00:00:00Z,2025-04-19T00:00:00Z
ORD-03054,CUS-0481,2025-03-18,PROD-014,2,474.04,948.08,USD,credit_card,paid,cancelled,standard,TRACK-RNKRB2UJ,2025-03-23,,2025-03-18T00:00:00Z,2025-09-26T00:00:00Z
ORD-03055,CUS-0588,2024-10-13,PROD-079,5,363.45,1817.25,USD,debit_card,paid,processing,express,TRACK-5WOBPPM7,2024-10-16,,2024-10-13T00:00:00Z,2025-11-18T00:00:00Z
ORD-03056,CUS-0451,2025-09-09,PROD-068,3,296.26,888.78,USD,paypal,paid,processing,standard,TRACK-LQMHHIOC,2025-09-18,,2025-09-09T00:00:00Z,2025-11-20T00:00:00Z
ORD-03057,CUS-0214,2025-01-22,PROD-017,1,657.92,657.92,USD,bank_transfer,paid,processing,express,TRACK-7YOENPX9,2025-01-24,,2025-01-22T00:00:00Z,2025-04-28T00:00:00Z
ORD-03058,CUS-0886,2025-07-01,PROD-051,2,450.36,900.72,USD,credit_card,paid,out_for_delivery,express,TRACK-AHCCPTTQ,2025-07-04,,2025-07-01T00:00:00Z,2025-12-24T00:00:00Z
ORD-03059,CUS-0151,2024-09-14,PROD-006,4,1049.94,4199.76,USD,credit_card,paid,shipped,standard,TRACK-NPHN1O9T,2024-09-19,,2024-09-14T00:00:00Z,2025-12-27T00:00:00Z
ORD-03060,CUS-0634,2025-11-06,PROD-019,2,1140.33,2280.66,USD,credit_card,refunded,returned,standard,TRACK-68GCR08T,2025-11-12,2025-11-12,2025-11-06T00:00:00Z,2025-12-17T00:00:00Z
ORD-03061,CUS-0551,2025-07-30,PROD-058,2,354.13,708.26,USD,debit_card,paid,out_for_delivery,standard,TRACK-6DIMQZ30,2025-08-09,,2025-07-30T00:00:00Z,2025-11-27T00:00:00Z
ORD-03062,CUS-0726,2024-12-21,PROD-095,5,106.35,531.75,USD,credit_card,pending,placed,express,TRACK-E3WW5CHA,2024-12-24,,2024-12-21T00:00:00Z,2025-08-20T00:00:00Z
ORD-03063,CUS-0904,2025-12-31,PROD-035,1,297.43,297.43,USD,credit_card,paid,delivered,standard,TRACK-B0RKW7CI,2025-12-31,2025-12-31,2025-12-31T00:00:00Z,2026-01-01T00:00:00Z
ORD-03064,CUS-0594,2024-11-15,PROD-055,5,407.21,2036.05,USD,credit_card,paid,processing,standard,TRACK-1UDTYZHI,2024-11-21,,2024-11-15T00:00:00Z,2025-06-25T00:00:00Z
ORD-03065,CUS-0768,2024-07-22,PROD-059,4,284.59,1138.36,USD,credit_card,pending,placed,standard,TRACK-ROV55P6Z,2024-07-31,,2024-07-22T00:00:00Z,2025-12-21T00:00:00Z
ORD-03066,CUS-0114,2024-03-17,PROD-083,1,189.30,189.30,USD,debit_card,paid,shipped,express,TRACK-VXF82G7C,2024-03-21,,2024-03-17T00:00:00Z,2025-08-15T00:00:00Z
ORD-03067,CUS-0594,2024-12-17,PROD-092,5,102.76,513.80,USD,debit_card,refunded,refunded,next_day,TRACK-XB6BYVSC,2024-12-18,2024-12-18,2024-12-17T00:00:00Z,2025-03-08T00:00:00Z
ORD-03068,CUS-0236,2024-05-25,PROD-019,4,1140.33,4561.32,USD,credit_card,paid,shipped,next_day,TRACK-PIBW1JA8,2024-05-26,,2024-05-25T00:00:00Z,2025-04-04T00:00:00Z
ORD-03069,CUS-0780,2024-09-13,PROD-035,2,297.43,594.86,USD,credit_card,paid,shipped,express,TRACK-KJ1DRLJ0,2024-09-15,,2024-09-13T00:00:00Z,2025-01-01T00:00:00Z
ORD-03070,CUS-0598,2025-06-03,PROD-017,2,657.92,1315.84,USD,credit_card,pending,placed,standard,TRACK-PC5AX0QU,2025-06-09,,2025-06-03T00:00:00Z,2025-08-21T00:00:00Z
ORD-03071,CUS-0922,2024-01-29,PROD-012,2,922.70,1845.40,USD,credit_card,partially_refunded,refunded,standard,TRACK-MLYHCNF4,2024-02-05,2024-02-07,2024-01-29T00:00:00Z,2025-08-12T00:00:00Z
ORD-03072,CUS-0480,2025-03-18,PROD-060,5,420.27,2101.35,USD,crypto,paid,delivered,standard,TRACK-Y7WPG8E5,2025-03-25,2025-03-26,2025-03-18T00:00:00Z,2025-11-25T00:00:00Z
ORD-03073,CUS-0376,2025-07-13,PROD-091,1,84.12,84.12,USD,credit_card,pending,placed,next_day,TRACK-8LBB0F7W,2025-07-14,,2025-07-13T00:00:00Z,2025-07-25T00:00:00Z
ORD-03074,CUS-0397,2024-04-09,PROD-045,1,111.96,111.96,USD,credit_card,paid,out_for_delivery,express,TRACK-F46LF2SA,2024-04-11,,2024-04-09T00:00:00Z,2025-12-23T00:00:00Z
ORD-03075,CUS-0932,2024-01-26,PROD-054,3,511.50,1534.50,USD,credit_card,paid,shipped,express,TRACK-A4SXVM9R,2024-01-28,,2024-01-26T00:00:00Z,2024-06-02T00:00:00Z
ORD-03076,CUS-0827,2024-10-16,PROD-007,4,2312.54,9250.16,USD,debit_card,paid,processing,standard,TRACK-63U3LEIF,2024-10-26,,2024-10-16T00:00:00Z,2025-02-23T00:00:00Z
ORD-03077,CUS-0303,2024-08-26,PROD-015,2,987.77,1975.54,USD,credit_card,paid,delivered,standard,TRACK-TBG7CRRB,2024-09-01,2024-09-02,2024-08-26T00:00:00Z,2025-05-30T00:00:00Z
ORD-03078,CUS-0143,2024-12-04,PROD-026,1,295.00,295.00,USD,credit_card,paid,out_for_delivery,express,TRACK-LC32RBS4,2024-12-08,,2024-12-04T00:00:00Z,2025-02-27T00:00:00Z
ORD-03079,CUS-0520,2024-02-06,PROD-051,3,450.36,1351.08,USD,credit_card,pending,placed,standard,TRACK-I4HZVE1Z,2024-02-15,,2024-02-06T00:00:00Z,2024-12-16T00:00:00Z
ORD-03080,CUS-0845,2025-11-11,PROD-045,3,111.96,335.88,USD,paypal,paid,out_for_delivery,standard,TRACK-XW0HIJA6,2025-11-16,,2025-11-11T00:00:00Z,2025-12-23T00:00:00Z
ORD-03081,CUS-0863,2024-12-13,PROD-090,5,289.84,1449.20,USD,paypal,paid,delayed,express,TRACK-EX9IA5EF,2024-12-17,,2024-12-13T00:00:00Z,2024-12-30T00:00:00Z
ORD-03082,CUS-0752,2025-09-02,PROD-096,5,93.24,466.20,USD,credit_card,paid,shipped,standard,TRACK-8X11PHHG,2025-09-11,,2025-09-02T00:00:00Z,2025-11-30T00:00:00Z
ORD-03083,CUS-0544,2024-12-27,PROD-049,3,49.02,147.06,USD,bank_transfer,paid,out_for_delivery,express,TRACK-MX46ATNT,2024-12-30,,2024-12-27T00:00:00Z,2025-09-06T00:00:00Z
ORD-03084,CUS-0977,2025-11-22,PROD-087,5,89.66,448.30,USD,paypal,refunded,cancelled,express,TRACK-VC480OCG,2025-11-25,,2025-11-22T00:00:00Z,2025-11-28T00:00:00Z
ORD-03085,CUS-0262,2024-04-26,PROD-056,2,520.14,1040.28,USD,paypal,paid,placed,standard,TRACK-0VSIAQQC,2024-05-06,,2024-04-26T00:00:00Z,2025-07-01T00:00:00Z
ORD-03086,CUS-0647,2024-04-12,PROD-008,1,1441.53,1441.53,USD,debit_card,paid,delivered,next_day,TRACK-HD72LVUH,2024-04-13,2024-04-13,2024-04-12T00:00:00Z,2025-04-15T00:00:00Z
ORD-03087,CUS-0227,2024-09-03,PROD-084,5,52.10,260.50,USD,credit_card,paid,delayed,standard,TRACK-HRL37TDG,2024-09-13,,2024-09-03T00:00:00Z,2025-01-11T00:00:00Z
ORD-03088,CUS-0024,2025-11-17,PROD-083,1,189.30,189.30,USD,debit_card,paid,placed,express,TRACK-H4MTTMXG,2025-11-21,,2025-11-17T00:00:00Z,2025-12-04T00:00:00Z
ORD-03089,CUS-0014,2025-06-27,PROD-086,5,272.87,1364.35,USD,credit_card,paid,out_for_delivery,next_day,TRACK-RZ056MW7,2025-06-28,,2025-06-27T00:00:00Z,2025-12-25T00:00:00Z
ORD-03090,CUS-0855,2025-03-20,PROD-021,3,373.51,1120.53,USD,credit_card,paid,processing,next_day,TRACK-KFTSCZ7Z,2025-03-21,,2025-03-20T00:00:00Z,2025-11-26T00:00:00Z
ORD-03091,CUS-0480,2025-08-28,PROD-084,2,52.10,104.20,USD,debit_card,paid,out_for_delivery,express,TRACK-O234W4FM,2025-08-30,,2025-08-28T00:00:00Z,2025-11-30T00:00:00Z
ORD-03092,CUS-0666,2024-01-06,PROD-060,3,420.27,1260.81,USD,credit_card,paid,cancelled,standard,TRACK-0IKJJE6U,2024-01-15,,2024-01-06T00:00:00Z,2025-12-13T00:00:00Z
ORD-03093,CUS-0399,2025-04-26,PROD-067,3,317.35,952.05,USD,credit_card,paid,shipped,standard,TRACK-Y6H9WAVI,2025-05-01,,2025-04-26T00:00:00Z,2025-09-12T00:00:00Z
ORD-03094,CUS-0109,2024-01-08,PROD-088,2,191.92,383.84,USD,credit_card,paid,delivered,standard,TRACK-EKRNUTPC,2024-01-16,2024-01-17,2024-01-08T00:00:00Z,2025-06-09T00:00:00Z
ORD-03095,CUS-0313,2024-10-21,PROD-095,2,106.35,212.70,USD,debit_card,partially_refunded,returned,standard,TRACK-KJ1696AS,2024-10-27,2024-10-28,2024-10-21T00:00:00Z,2025-09-11T00:00:00Z
ORD-03096,CUS-0547,2024-04-09,PROD-072,4,172.02,688.08,USD,debit_card,paid,placed,next_day,TRACK-D5YT1R23,2024-04-10,,2024-04-09T00:00:00Z,2024-08-11T00:00:00Z
ORD-03097,CUS-0315,2024-08-16,PROD-049,3,49.02,147.06,USD,credit_card,paid,shipped,standard,TRACK-TPSO1W63,2024-08-24,,2024-08-16T00:00:00Z,2024-09-11T00:00:00Z
ORD-03098,CUS-0215,2024-07-23,PROD-022,5,500.24,2501.20,USD,debit_card,paid,processing,standard,TRACK-1RLJ5F8K,2024-07-29,,2024-07-23T00:00:00Z,2025-07-19T00:00:00Z
ORD-03099,CUS-0352,2024-11-27,PROD-071,5,489.66,2448.30,USD,debit_card,paid,processing,standard,TRACK-UBI0ESSX,2024-12-07,,2024-11-27T00:00:00Z,2025-12-05T00:00:00Z
ORD-03100,CUS-0025,2025-11-29,PROD-042,1,22.38,22.38,USD,credit_card,paid,shipped,next_day,TRACK-SZRR1JUV,2025-11-30,,2025-11-29T00:00:00Z,2025-12-16T00:00:00Z
ORD-03101,CUS-0510,2025-06-30,PROD-012,1,922.70,922.70,USD,bank_transfer,paid,delivered,standard,TRACK-KBFCKOIM,2025-07-08,2025-07-09,2025-06-30T00:00:00Z,2025-09-01T00:00:00Z
ORD-03102,CUS-0484,2024-06-21,PROD-008,3,1441.53,4324.59,USD,debit_card,paid,shipped,international,TRACK-3YGWEJ4X,2024-07-15,,2024-06-21T00:00:00Z,2024-10-12T00:00:00Z
ORD-03103,CUS-0572,2025-04-05,PROD-008,3,1441.53,4324.59,USD,paypal,paid,delivered,standard,TRACK-1X9G4OEW,2025-04-15,2025-04-15,2025-04-05T00:00:00Z,2025-08-15T00:00:00Z
ORD-03104,CUS-0109,2024-01-01,PROD-076,5,158.70,793.50,USD,credit_card,paid,delayed,standard,TRACK-1QLQNM6X,2024-01-10,,2024-01-01T00:00:00Z,2025-01-15T00:00:00Z
ORD-03105,CUS-0019,2025-03-15,PROD-063,2,328.94,657.88,USD,credit_card,partially_refunded,refunded,next_day,TRACK-2O4H1IED,2025-03-16,2025-03-19,2025-03-15T00:00:00Z,2025-04-11T00:00:00Z
ORD-03106,CUS-0512,2025-10-26,PROD-008,1,1441.53,1441.53,USD,credit_card,paid,delivered,standard,TRACK-T3J157OF,2025-10-31,2025-10-31,2025-10-26T00:00:00Z,2025-12-16T00:00:00Z
ORD-03107,CUS-0368,2024-11-23,PROD-089,4,304.67,1218.68,USD,credit_card,paid,shipped,standard,TRACK-YVORLFOS,2024-11-30,,2024-11-23T00:00:00Z,2025-02-16T00:00:00Z
ORD-03108,CUS-0934,2025-08-29,PROD-065,4,339.44,1357.76,USD,credit_card,refunded,cancelled,express,TRACK-H4VJ8YYK,2025-09-02,,2025-08-29T00:00:00Z,2025-10-14T00:00:00Z
ORD-03109,CUS-0225,2025-12-28,PROD-080,3,255.93,767.79,USD,paypal,refunded,cancelled,standard,TRACK-0KZP3QCS,2025-12-31,,2025-12-28T00:00:00Z,2025-12-29T00:00:00Z
ORD-03110,CUS-0953,2025-05-04,PROD-053,1,574.29,574.29,USD,credit_card,paid,placed,standard,TRACK-UOPGFZXX,2025-05-12,,2025-05-04T00:00:00Z,2025-10-01T00:00:00Z
ORD-03111,CUS-0284,2024-11-01,PROD-009,3,788.22,2364.66,USD,debit_card,paid,out_for_delivery,next_day,TRACK-G1M69P2V,2024-11-02,,2024-11-01T00:00:00Z,2025-09-03T00:00:00Z
ORD-03112,CUS-0104,2025-03-21,PROD-090,2,289.84,579.68,USD,debit_card,paid,out_for_delivery,standard,TRACK-2JUXBOB9,2025-03-30,,2025-03-21T00:00:00Z,2025-06-17T00:00:00Z
ORD-03113,CUS-0213,2024-08-09,PROD-091,5,84.12,420.60,USD,bank_transfer,paid,delivered,standard,TRACK-RRHW5HGD,2024-08-17,2024-08-17,2024-08-09T00:00:00Z,2025-02-21T00:00:00Z
ORD-03114,CUS-0146,2025-10-20,PROD-050,5,81.10,405.50,USD,crypto,paid,delivered,express,TRACK-H0EB42WQ,2025-10-23,2025-10-25,2025-10-20T00:00:00Z,2025-12-11T00:00:00Z
ORD-03115,CUS-0536,2024-01-03,PROD-044,1,26.86,26.86,USD,debit_card,paid,delivered,express,TRACK-WJ11VV4O,2024-01-07,2024-01-07,2024-01-03T00:00:00Z,2025-02-27T00:00:00Z
ORD-03116,CUS-0886,2025-12-20,PROD-020,5,848.04,4240.20,USD,debit_card,partially_refunded,refunded,express,TRACK-5EO9NX50,2025-12-23,2025-12-26,2025-12-20T00:00:00Z,2025-12-23T00:00:00Z
ORD-03117,CUS-0639,2025-01-29,PROD-049,2,49.02,98.04,USD,credit_card,refunded,cancelled,express,TRACK-IA2QNJXJ,2025-02-02,,2025-01-29T00:00:00Z,2025-10-17T00:00:00Z
ORD-03118,CUS-0237,2025-05-27,PROD-100,5,46.48,232.40,USD,debit_card,pending,placed,express,TRACK-LFTE36QA,2025-05-30,,2025-05-27T00:00:00Z,2025-12-31T00:00:00Z
ORD-03119,CUS-0657,2025-11-03,PROD-075,5,343.41,1717.05,USD,credit_card,paid,delivered,express,TRACK-YESNZOJ5,2025-11-07,2025-11-07,2025-11-03T00:00:00Z,2025-12-29T00:00:00Z
ORD-03120,CUS-0946,2024-01-27,PROD-072,2,172.02,344.04,USD,debit_card,paid,confirmed,standard,TRACK-YKNDZLR3,2024-02-05,,2024-01-27T00:00:00Z,2025-03-09T00:00:00Z
ORD-03121,CUS-0420,2025-02-17,PROD-024,3,522.20,1566.60,USD,paypal,refunded,refunded,standard,TRACK-6TTHUH80,2025-02-24,2025-02-24,2025-02-17T00:00:00Z,2025-12-09T00:00:00Z
ORD-03122,CUS-0729,2024-07-10,PROD-016,4,551.74,2206.96,USD,credit_card,refunded,returned,express,TRACK-OJUQ9KP4,2024-07-14,2024-07-16,2024-07-10T00:00:00Z,2025-10-20T00:00:00Z
ORD-03123,CUS-0027,2024-11-25,PROD-093,3,61.11,183.33,USD,paypal,paid,out_for_delivery,standard,TRACK-1EJ5Y3VO,2024-12-05,,2024-11-25T00:00:00Z,2025-04-02T00:00:00Z
ORD-03124,CUS-0924,2024-04-23,PROD-061,5,118.46,592.30,USD,debit_card,paid,delivered,standard,TRACK-ZOBIZ0B7,2024-05-01,2024-05-04,2024-04-23T00:00:00Z,2025-06-08T00:00:00Z
ORD-03125,CUS-0393,2024-02-17,PROD-086,1,272.87,272.87,USD,credit_card,paid,confirmed,standard,TRACK-A7YP1HGI,2024-02-24,,2024-02-17T00:00:00Z,2024-07-10T00:00:00Z
ORD-03126,CUS-0031,2024-11-14,PROD-078,1,251.87,251.87,USD,paypal,paid,confirmed,standard,TRACK-8XOWD06G,2024-11-21,,2024-11-14T00:00:00Z,2024-11-27T00:00:00Z
ORD-03127,CUS-0591,2024-04-18,PROD-033,1,249.21,249.21,USD,paypal,partially_refunded,returned,standard,TRACK-JFZD1LZU,2024-04-26,2024-04-28,2024-04-18T00:00:00Z,2025-03-15T00:00:00Z
ORD-03128,CUS-0027,2025-11-01,PROD-077,2,484.12,968.24,USD,credit_card,paid,out_for_delivery,express,TRACK-73N9F8XG,2025-11-03,,2025-11-01T00:00:00Z,2025-12-15T00:00:00Z
ORD-03129,CUS-0202,2025-02-19,PROD-002,1,2846.71,2846.71,USD,debit_card,paid,shipped,standard,TRACK-S87UKBX3,2025-02-24,,2025-02-19T00:00:00Z,2025-12-22T00:00:00Z
ORD-03130,CUS-0590,2025-07-14,PROD-094,1,179.49,179.49,USD,debit_card,paid,delivered,standard,TRACK-I4CJURXI,2025-07-22,2025-07-24,2025-07-14T00:00:00Z,2025-11-29T00:00:00Z
ORD-03131,CUS-0980,2024-02-25,PROD-079,4,363.45,1453.80,USD,credit_card,paid,delivered,express,TRACK-QL7GDXQ4,2024-02-29,2024-02-29,2024-02-25T00:00:00Z,2024-09-07T00:00:00Z
ORD-03132,CUS-0985,2025-07-08,PROD-086,4,272.87,1091.48,USD,paypal,paid,shipped,next_day,TRACK-YYWH189U,2025-07-09,,2025-07-08T00:00:00Z,2025-07-21T00:00:00Z
ORD-03133,CUS-0236,2025-04-18,PROD-073,4,114.42,457.68,USD,debit_card,paid,processing,express,TRACK-AB6J8GX6,2025-04-22,,2025-04-18T00:00:00Z,2025-09-24T00:00:00Z
ORD-03134,CUS-0651,2024-05-06,PROD-039,1,482.81,482.81,USD,paypal,refunded,cancelled,standard,TRACK-37B85TNT,2024-05-12,,2024-05-06T00:00:00Z,2024-11-16T00:00:00Z
ORD-03135,CUS-0962,2024-09-22,PROD-029,5,868.72,4343.60,USD,credit_card,paid,out_for_delivery,standard,TRACK-WKGD6PKQ,2024-09-30,,2024-09-22T00:00:00Z,2024-12-17T00:00:00Z
ORD-03136,CUS-0719,2024-03-27,PROD-041,3,22.71,68.13,USD,credit_card,paid,confirmed,express,TRACK-C75GIEUU,2024-03-29,,2024-03-27T00:00:00Z,2025-07-25T00:00:00Z
ORD-03137,CUS-0830,2025-12-18,PROD-090,4,289.84,1159.36,USD,credit_card,partially_refunded,refunded,standard,TRACK-BLZZBLN9,2025-12-23,2025-12-26,2025-12-18T00:00:00Z,2025-12-25T00:00:00Z
ORD-03138,CUS-0216,2024-02-27,PROD-035,4,297.43,1189.72,USD,credit_card,paid,delivered,express,TRACK-3JI1NZA4,2024-03-02,2024-03-02,2024-02-27T00:00:00Z,2024-04-23T00:00:00Z
ORD-03139,CUS-0933,2025-10-18,PROD-071,5,489.66,2448.30,USD,credit_card,paid,confirmed,express,TRACK-SBFCI5BY,2025-10-22,,2025-10-18T00:00:00Z,2025-11-14T00:00:00Z
ORD-03140,CUS-0664,2025-02-23,PROD-066,1,77.92,77.92,USD,paypal,paid,out_for_delivery,express,TRACK-KBFQ1MEN,2025-02-25,,2025-02-23T00:00:00Z,2025-10-07T00:00:00Z
ORD-03141,CUS-0691,2024-05-29,PROD-088,5,191.92,959.60,USD,bank_transfer,paid,delivered,standard,TRACK-TRZE6B8R,2024-06-06,2024-06-07,2024-05-29T00:00:00Z,2025-03-28T00:00:00Z
ORD-03142,CUS-0548,2025-03-05,PROD-057,3,81.68,245.04,USD,credit_card,paid,delivered,international,TRACK-DTB9O4ML,2025-03-20,2025-03-20,2025-03-05T00:00:00Z,2025-03-23T00:00:00Z
ORD-03143,CUS-0714,2024-12-05,PROD-077,2,484.12,968.24,USD,paypal,pending,placed,standard,TRACK-NOZYW1HC,2024-12-11,,2024-12-05T00:00:00Z,2025-02-18T00:00:00Z
ORD-03144,CUS-0648,2025-12-02,PROD-069,5,271.07,1355.35,USD,debit_card,paid,placed,standard,TRACK-4TYWJWL4,2025-12-09,,2025-12-02T00:00:00Z,2025-12-03T00:00:00Z
ORD-03145,CUS-0826,2024-11-27,PROD-065,3,339.44,1018.32,USD,credit_card,paid,shipped,express,TRACK-5V48714N,2024-11-29,,2024-11-27T00:00:00Z,2025-03-30T00:00:00Z
ORD-03146,CUS-0594,2025-05-01,PROD-071,5,489.66,2448.30,USD,paypal,paid,delivered,express,TRACK-UKXT614O,2025-05-03,2025-05-06,2025-05-01T00:00:00Z,2025-11-10T00:00:00Z
ORD-03147,CUS-0954,2025-08-07,PROD-005,3,925.08,2775.24,USD,debit_card,paid,delivered,standard,TRACK-MXDUUA62,2025-08-15,2025-08-18,2025-08-07T00:00:00Z,2025-09-25T00:00:00Z
ORD-03148,CUS-0053,2025-05-30,PROD-069,1,271.07,271.07,USD,paypal,paid,shipped,standard,TRACK-FUH82QCF,2025-06-07,,2025-05-30T00:00:00Z,2025-07-03T00:00:00Z
ORD-03149,CUS-0362,2025-07-07,PROD-030,3,342.95,1028.85,USD,debit_card,paid,confirmed,international,TRACK-F4QW2FHI,2025-07-28,,2025-07-07T00:00:00Z,2025-11-27T00:00:00Z
ORD-03150,CUS-0522,2025-10-22,PROD-034,1,347.18,347.18,USD,credit_card,paid,shipped,standard,TRACK-PRGDYE01,2025-10-29,,2025-10-22T00:00:00Z,2025-11-25T00:00:00Z
ORD-03151,CUS-0318,2025-06-10,PROD-083,3,189.30,567.90,USD,debit_card,paid,placed,international,TRACK-OCYC3DAD,2025-07-05,,2025-06-10T00:00:00Z,2025-11-30T00:00:00Z
ORD-03152,CUS-0595,2025-05-16,PROD-096,2,93.24,186.48,USD,credit_card,paid,placed,standard,TRACK-ZW2AGRCB,2025-05-26,,2025-05-16T00:00:00Z,2025-11-04T00:00:00Z
ORD-03153,CUS-0808,2024-01-10,PROD-039,3,482.81,1448.43,USD,bank_transfer,paid,shipped,standard,TRACK-DCU8895H,2024-01-20,,2024-01-10T00:00:00Z,2024-11-22T00:00:00Z
ORD-03154,CUS-0205,2024-03-12,PROD-052,3,580.62,1741.86,USD,debit_card,paid,shipped,standard,TRACK-DVJCF9TP,2024-03-20,,2024-03-12T00:00:00Z,2025-02-28T00:00:00Z
ORD-03155,CUS-0393,2025-02-12,PROD-038,5,302.64,1513.20,USD,paypal,refunded,refunded,standard,TRACK-I1FUSDSM,2025-02-17,2025-02-17,2025-02-12T00:00:00Z,2025-11-07T00:00:00Z
ORD-03156,CUS-0484,2024-03-09,PROD-005,3,925.08,2775.24,USD,debit_card,paid,shipped,express,TRACK-Q82ZR36E,2024-03-12,,2024-03-09T00:00:00Z,2025-09-11T00:00:00Z
ORD-03157,CUS-0800,2024-04-01,PROD-030,3,342.95,1028.85,USD,paypal,partially_refunded,refunded,standard,TRACK-F1SSGFJH,2024-04-09,2024-04-12,2024-04-01T00:00:00Z,2025-02-07T00:00:00Z
ORD-03158,CUS-0998,2025-11-18,PROD-092,4,102.76,411.04,USD,credit_card,paid,delivered,express,TRACK-HFRJ5ZFF,2025-11-20,2025-11-21,2025-11-18T00:00:00Z,2025-11-26T00:00:00Z
ORD-03159,CUS-0314,2025-02-06,PROD-001,1,2193.82,2193.82,USD,debit_card,paid,delivered,next_day,TRACK-WKAO3FQ7,2025-02-07,2025-02-07,2025-02-06T00:00:00Z,2025-09-02T00:00:00Z
ORD-03160,CUS-0633,2025-11-13,PROD-046,5,67.55,337.75,USD,credit_card,paid,confirmed,standard,TRACK-650DJI1Y,2025-11-18,,2025-11-13T00:00:00Z,2025-12-31T00:00:00Z
ORD-03161,CUS-0348,2024-02-18,PROD-072,2,172.02,344.04,USD,credit_card,paid,shipped,express,TRACK-GVJPKKKJ,2024-02-21,,2024-02-18T00:00:00Z,2025-04-19T00:00:00Z
ORD-03162,CUS-0323,2024-06-07,PROD-049,4,49.02,196.08,USD,credit_card,paid,placed,standard,TRACK-JKAZPL66,2024-06-17,,2024-06-07T00:00:00Z,2025-06-07T00:00:00Z
ORD-03163,CUS-0794,2024-08-11,PROD-092,1,102.76,102.76,USD,bank_transfer,paid,cancelled,next_day,TRACK-RTQRNZ2R,2024-08-12,,2024-08-11T00:00:00Z,2025-04-14T00:00:00Z
ORD-03164,CUS-0933,2024-11-08,PROD-024,2,522.20,1044.40,USD,bank_transfer,refunded,returned,express,TRACK-S2C4YX18,2024-11-10,2024-11-11,2024-11-08T00:00:00Z,2025-11-19T00:00:00Z
ORD-03165,CUS-0517,2025-03-12,PROD-019,1,1140.33,1140.33,USD,debit_card,paid,confirmed,next_day,TRACK-U5TQU4X3,2025-03-13,,2025-03-12T00:00:00Z,2025-04-18T00:00:00Z
ORD-03166,CUS-0597,2025-12-10,PROD-040,1,337.08,337.08,USD,credit_card,paid,out_for_delivery,express,TRACK-E4M80KBP,2025-12-12,,2025-12-10T00:00:00Z,2025-12-20T00:00:00Z
ORD-03167,CUS-0811,2025-02-06,PROD-067,5,317.35,1586.75,USD,credit_card,refunded,refunded,standard,TRACK-NFQ7N6WW,2025-02-16,2025-02-19,2025-02-06T00:00:00Z,2025-03-13T00:00:00Z
ORD-03168,CUS-0953,2024-01-27,PROD-024,3,522.20,1566.60,USD,paypal,paid,shipped,standard,TRACK-2S0S5K1A,2024-02-04,,2024-01-27T00:00:00Z,2025-02-14T00:00:00Z
ORD-03169,CUS-0142,2024-06-03,PROD-003,2,986.69,1973.38,USD,paypal,paid,processing,standard,TRACK-RBNIUHRV,2024-06-11,,2024-06-03T00:00:00Z,2024-10-21T00:00:00Z
ORD-03170,CUS-0960,2024-12-01,PROD-026,3,295.00,885.00,USD,debit_card,failed,cancelled,next_day,TRACK-7F9LTUOZ,2024-12-02,,2024-12-01T00:00:00Z,2025-10-05T00:00:00Z
ORD-03171,CUS-0951,2024-05-21,PROD-047,3,81.88,245.64,USD,credit_card,refunded,cancelled,standard,TRACK-4C32080X,2024-05-29,,2024-05-21T00:00:00Z,2025-06-07T00:00:00Z
ORD-03172,CUS-0570,2024-02-15,PROD-066,5,77.92,389.60,USD,debit_card,paid,shipped,standard,TRACK-XHXXD9WI,2024-02-21,,2024-02-15T00:00:00Z,2025-06-29T00:00:00Z
ORD-03173,CUS-0058,2024-04-23,PROD-022,1,500.24,500.24,USD,credit_card,paid,out_for_delivery,international,TRACK-O83FTYZS,2024-05-05,,2024-04-23T00:00:00Z,2025-09-23T00:00:00Z
ORD-03174,CUS-0621,2024-12-24,PROD-051,4,450.36,1801.44,USD,bank_transfer,paid,cancelled,next_day,TRACK-43RD16NJ,2024-12-25,,2024-12-24T00:00:00Z,2025-10-02T00:00:00Z
ORD-03175,CUS-0716,2025-01-28,PROD-025,1,499.30,499.30,USD,paypal,paid,delivered,standard,TRACK-LUIN14LV,2025-02-04,2025-02-07,2025-01-28T00:00:00Z,2025-06-21T00:00:00Z
ORD-03176,CUS-0235,2024-08-26,PROD-007,3,2312.54,6937.62,USD,credit_card,paid,delivered,express,TRACK-7Q0JMO05,2024-08-28,2024-08-30,2024-08-26T00:00:00Z,2025-03-18T00:00:00Z
ORD-03177,CUS-0576,2024-03-19,PROD-083,4,189.30,757.20,USD,paypal,partially_refunded,returned,standard,TRACK-YNS4P10C,2024-03-28,2024-03-29,2024-03-19T00:00:00Z,2025-12-16T00:00:00Z
ORD-03178,CUS-0391,2024-10-18,PROD-013,4,1278.38,5113.52,USD,credit_card,paid,processing,express,TRACK-KTBQRZE8,2024-10-21,,2024-10-18T00:00:00Z,2024-10-24T00:00:00Z
ORD-03179,CUS-0115,2025-09-20,PROD-076,4,158.70,634.80,USD,credit_card,paid,delivered,express,TRACK-K422DKNO,2025-09-24,2025-09-26,2025-09-20T00:00:00Z,2025-12-31T00:00:00Z
ORD-03180,CUS-0567,2025-07-29,PROD-055,3,407.21,1221.63,USD,credit_card,refunded,cancelled,next_day,TRACK-UY5J3N6M,2025-07-30,,2025-07-29T00:00:00Z,2025-11-22T00:00:00Z
ORD-03181,CUS-0202,2024-03-08,PROD-071,3,489.66,1468.98,USD,credit_card,paid,delivered,next_day,TRACK-Q79XTMPG,2024-03-09,2024-03-09,2024-03-08T00:00:00Z,2025-12-10T00:00:00Z
ORD-03182,CUS-0233,2025-05-07,PROD-021,4,373.51,1494.04,USD,debit_card,paid,processing,standard,TRACK-OWW2R83Q,2025-05-16,,2025-05-07T00:00:00Z,2025-10-28T00:00:00Z
ORD-03183,CUS-0712,2025-01-10,PROD-050,5,81.10,405.50,USD,crypto,partially_refunded,returned,express,TRACK-D2C7MIBP,2025-01-14,2025-01-17,2025-01-10T00:00:00Z,2025-11-28T00:00:00Z
ORD-03184,CUS-0859,2024-04-26,PROD-045,1,111.96,111.96,USD,credit_card,failed,cancelled,express,TRACK-83KKOFBD,2024-04-29,,2024-04-26T00:00:00Z,2025-07-13T00:00:00Z
ORD-03185,CUS-0630,2025-09-27,PROD-054,4,511.50,2046.00,USD,credit_card,refunded,returned,international,TRACK-12S49H3G,2025-10-13,2025-10-16,2025-09-27T00:00:00Z,2025-10-05T00:00:00Z
ORD-03186,CUS-0579,2025-06-13,PROD-053,2,574.29,1148.58,USD,debit_card,paid,shipped,express,TRACK-U815BRYQ,2025-06-16,,2025-06-13T00:00:00Z,2025-07-13T00:00:00Z
ORD-03187,CUS-0380,2025-08-21,PROD-055,1,407.21,407.21,USD,paypal,paid,delivered,next_day,TRACK-Z3AF3T81,2025-08-22,2025-08-24,2025-08-21T00:00:00Z,2025-11-20T00:00:00Z
ORD-03188,CUS-0300,2025-01-26,PROD-011,3,1007.07,3021.21,USD,credit_card,paid,shipped,express,TRACK-YMAXYMFL,2025-01-28,,2025-01-26T00:00:00Z,2025-02-11T00:00:00Z
ORD-03189,CUS-0267,2025-01-18,PROD-042,4,22.38,89.52,USD,credit_card,paid,delivered,express,TRACK-5T2WF559,2025-01-20,2025-01-23,2025-01-18T00:00:00Z,2025-12-31T00:00:00Z
ORD-03190,CUS-0639,2025-10-24,PROD-062,4,282.17,1128.68,USD,debit_card,paid,shipped,standard,TRACK-KECS7HKF,2025-11-03,,2025-10-24T00:00:00Z,2025-12-22T00:00:00Z
ORD-03191,CUS-0869,2024-03-10,PROD-023,4,955.05,3820.20,USD,debit_card,paid,placed,express,TRACK-SR2826U2,2024-03-14,,2024-03-10T00:00:00Z,2024-08-02T00:00:00Z
ORD-03192,CUS-0128,2025-03-20,PROD-011,4,1007.07,4028.28,USD,bank_transfer,paid,confirmed,standard,TRACK-BOMI53VT,2025-03-30,,2025-03-20T00:00:00Z,2025-05-08T00:00:00Z
ORD-03193,CUS-0417,2025-03-01,PROD-086,3,272.87,818.61,USD,debit_card,paid,delivered,next_day,TRACK-DI2ZG884,2025-03-02,2025-03-02,2025-03-01T00:00:00Z,2025-09-09T00:00:00Z
ORD-03194,CUS-0885,2025-12-02,PROD-009,1,788.22,788.22,USD,credit_card,paid,confirmed,standard,TRACK-4ZN573VJ,2025-12-11,,2025-12-02T00:00:00Z,2025-12-30T00:00:00Z
ORD-03195,CUS-0302,2025-07-14,PROD-068,1,296.26,296.26,USD,credit_card,paid,delivered,express,TRACK-AY1FZK9Q,2025-07-18,2025-07-20,2025-07-14T00:00:00Z,2025-10-01T00:00:00Z
ORD-03196,CUS-0320,2024-04-25,PROD-037,4,290.16,1160.64,USD,paypal,failed,cancelled,express,TRACK-4D8ODG9V,2024-04-27,,2024-04-25T00:00:00Z,2025-05-12T00:00:00Z
ORD-03197,CUS-0011,2025-11-22,PROD-015,5,987.77,4938.85,USD,credit_card,paid,out_for_delivery,standard,TRACK-C1EDM2Z9,2025-11-30,,2025-11-22T00:00:00Z,2025-12-16T00:00:00Z
ORD-03198,CUS-0685,2025-11-25,PROD-061,1,118.46,118.46,USD,paypal,failed,cancelled,next_day,TRACK-CEISHYVJ,2025-11-26,,2025-11-25T00:00:00Z,2025-12-27T00:00:00Z
ORD-03199,CUS-0090,2025-11-12,PROD-051,4,450.36,1801.44,USD,credit_card,paid,cancelled,standard,TRACK-VIJ2B8NC,2025-11-19,,2025-11-12T00:00:00Z,2025-12-12T00:00:00Z
ORD-03200,CUS-0233,2024-03-21,PROD-015,5,987.77,4938.85,USD,credit_card,paid,out_for_delivery,express,TRACK-MO7GDS70,2024-03-25,,2024-03-21T00:00:00Z,2025-08-31T00:00:00Z
ORD-03201,CUS-0320,2024-02-25,PROD-016,1,551.74,551.74,USD,bank_transfer,partially_refunded,returned,express,TRACK-9WGGVYJ2,2024-02-28,2024-02-28,2024-02-25T00:00:00Z,2025-04-09T00:00:00Z
ORD-03202,CUS-0443,2024-12-19,PROD-011,5,1007.07,5035.35,USD,bank_transfer,paid,delivered,next_day,TRACK-EBV3ZJTC,2024-12-20,2024-12-21,2024-12-19T00:00:00Z,2025-10-02T00:00:00Z
ORD-03203,CUS-0173,2024-12-11,PROD-045,5,111.96,559.80,USD,credit_card,paid,confirmed,standard,TRACK-GCERKNCM,2024-12-20,,2024-12-11T00:00:00Z,2025-01-08T00:00:00Z
ORD-03204,CUS-0540,2024-02-09,PROD-082,5,235.36,1176.80,USD,credit_card,paid,out_for_delivery,express,TRACK-7ARDM8ZP,2024-02-11,,2024-02-09T00:00:00Z,2024-11-06T00:00:00Z
ORD-03205,CUS-0159,2025-12-08,PROD-008,3,1441.53,4324.59,USD,paypal,paid,out_for_delivery,international,TRACK-IN1ULA02,2025-12-31,,2025-12-08T00:00:00Z,2025-12-31T00:00:00Z
ORD-03206,CUS-0590,2025-09-07,PROD-021,1,373.51,373.51,USD,bank_transfer,paid,delivered,next_day,TRACK-PU0T5665,2025-09-08,2025-09-08,2025-09-07T00:00:00Z,2025-11-02T00:00:00Z
ORD-03207,CUS-0147,2025-10-27,PROD-011,2,1007.07,2014.14,USD,bank_transfer,paid,out_for_delivery,standard,TRACK-Z0ND6R3B,2025-11-02,,2025-10-27T00:00:00Z,2025-12-03T00:00:00Z
ORD-03208,CUS-0082,2024-06-18,PROD-005,4,925.08,3700.32,USD,paypal,paid,confirmed,standard,TRACK-TAHG18UK,2024-06-24,,2024-06-18T00:00:00Z,2024-10-21T00:00:00Z
ORD-03209,CUS-0858,2024-08-31,PROD-074,5,76.36,381.80,USD,credit_card,failed,cancelled,standard,TRACK-22IDC5VI,2024-09-08,,2024-08-31T00:00:00Z,2024-10-10T00:00:00Z
ORD-03210,CUS-0236,2025-04-18,PROD-076,2,158.70,317.40,USD,paypal,paid,delivered,express,TRACK-QGQQH70K,2025-04-20,2025-04-23,2025-04-18T00:00:00Z,2025-11-08T00:00:00Z
ORD-03211,CUS-0517,2025-08-24,PROD-003,1,986.69,986.69,USD,debit_card,paid,placed,next_day,TRACK-0WKZ50VQ,2025-08-25,,2025-08-24T00:00:00Z,2025-10-01T00:00:00Z
ORD-03212,CUS-0383,2025-08-24,PROD-032,5,126.22,631.10,USD,paypal,refunded,refunded,express,TRACK-LLCEZWJT,2025-08-28,2025-08-30,2025-08-24T00:00:00Z,2025-09-24T00:00:00Z
ORD-03213,CUS-0815,2025-01-02,PROD-075,3,343.41,1030.23,USD,credit_card,paid,shipped,standard,TRACK-YHJGZX82,2025-01-07,,2025-01-02T00:00:00Z,2025-09-28T00:00:00Z
ORD-03214,CUS-0538,2024-06-04,PROD-078,1,251.87,251.87,USD,paypal,paid,out_for_delivery,standard,TRACK-6XJLCVW2,2024-06-14,,2024-06-04T00:00:00Z,2025-08-21T00:00:00Z
ORD-03215,CUS-0295,2025-02-10,PROD-087,1,89.66,89.66,USD,bank_transfer,paid,delivered,express,TRACK-Y3MRRRIS,2025-02-14,2025-02-14,2025-02-10T00:00:00Z,2025-09-28T00:00:00Z
ORD-03216,CUS-0813,2025-07-03,PROD-056,2,520.14,1040.28,USD,credit_card,paid,shipped,standard,TRACK-JS3ZA772,2025-07-09,,2025-07-03T00:00:00Z,2025-12-05T00:00:00Z
ORD-03217,CUS-0533,2025-05-06,PROD-073,3,114.42,343.26,USD,paypal,paid,delayed,standard,TRACK-P1HPY354,2025-05-13,,2025-05-06T00:00:00Z,2025-10-25T00:00:00Z
ORD-03218,CUS-0076,2024-10-21,PROD-050,5,81.10,405.50,USD,credit_card,paid,confirmed,express,TRACK-ABJKEYKU,2024-10-23,,2024-10-21T00:00:00Z,2025-11-08T00:00:00Z
ORD-03219,CUS-0026,2025-12-12,PROD-049,4,49.02,196.08,USD,debit_card,pending,placed,standard,TRACK-RJS89FLJ,2025-12-20,,2025-12-12T00:00:00Z,2025-12-15T00:00:00Z
ORD-03220,CUS-0614,2024-03-04,PROD-028,4,249.80,999.20,USD,credit_card,paid,delivered,next_day,TRACK-23RHU1RG,2024-03-05,2024-03-06,2024-03-04T00:00:00Z,2024-12-08T00:00:00Z
ORD-03221,CUS-0987,2024-12-03,PROD-027,5,795.29,3976.45,USD,debit_card,partially_refunded,returned,standard,TRACK-II670NJE,2024-12-09,2024-12-11,2024-12-03T00:00:00Z,2025-09-19T00:00:00Z
ORD-03222,CUS-0225,2024-12-30,PROD-045,1,111.96,111.96,USD,paypal,paid,out_for_delivery,express,TRACK-T2XR3RFB,2025-01-01,,2024-12-30T00:00:00Z,2025-09-10T00:00:00Z
ORD-03223,CUS-0877,2025-05-29,PROD-016,5,551.74,2758.70,USD,debit_card,paid,delivered,standard,TRACK-F400PO7M,2025-06-04,2025-06-05,2025-05-29T00:00:00Z,2025-08-03T00:00:00Z
ORD-03224,CUS-0019,2024-09-29,PROD-027,4,795.29,3181.16,USD,credit_card,paid,out_for_delivery,express,TRACK-O0Y7LPSV,2024-10-03,,2024-09-29T00:00:00Z,2024-12-14T00:00:00Z
ORD-03225,CUS-0349,2024-06-14,PROD-028,5,249.80,1249.00,USD,credit_card,paid,processing,express,TRACK-I58BDYTG,2024-06-18,,2024-06-14T00:00:00Z,2025-12-22T00:00:00Z
ORD-03226,CUS-0745,2024-01-18,PROD-025,2,499.30,998.60,USD,credit_card,pending,placed,standard,TRACK-8WM5FHPE,2024-01-28,,2024-01-18T00:00:00Z,2024-04-05T00:00:00Z
ORD-03227,CUS-0559,2024-03-12,PROD-055,5,407.21,2036.05,USD,paypal,paid,confirmed,standard,TRACK-71719PJC,2024-03-20,,2024-03-12T00:00:00Z,2025-02-15T00:00:00Z
ORD-03228,CUS-0969,2024-02-02,PROD-070,3,55.18,165.54,USD,paypal,paid,delivered,standard,TRACK-SLKRRMIE,2024-02-11,2024-02-13,2024-02-02T00:00:00Z,2025-05-18T00:00:00Z
ORD-03229,CUS-0852,2024-03-06,PROD-038,4,302.64,1210.56,USD,credit_card,paid,processing,standard,TRACK-9LO7I8P3,2024-03-16,,2024-03-06T00:00:00Z,2024-09-10T00:00:00Z
ORD-03230,CUS-0229,2024-05-30,PROD-043,1,53.52,53.52,USD,credit_card,paid,out_for_delivery,express,TRACK-X9D4GTCA,2024-06-03,,2024-05-30T00:00:00Z,2024-08-13T00:00:00Z
ORD-03231,CUS-0021,2025-04-09,PROD-020,1,848.04,848.04,USD,credit_card,paid,delivered,standard,TRACK-6SJ9WPBL,2025-04-15,2025-04-16,2025-04-09T00:00:00Z,2025-04-27T00:00:00Z
ORD-03232,CUS-0605,2025-04-14,PROD-033,5,249.21,1246.05,USD,credit_card,paid,delivered,next_day,TRACK-8OSMJJX2,2025-04-15,2025-04-17,2025-04-14T00:00:00Z,2025-12-29T00:00:00Z
ORD-03233,CUS-0160,2024-11-27,PROD-079,3,363.45,1090.35,USD,paypal,paid,out_for_delivery,standard,TRACK-84HHAIAQ,2024-12-05,,2024-11-27T00:00:00Z,2025-06-22T00:00:00Z
ORD-03234,CUS-0832,2024-08-29,PROD-020,3,848.04,2544.12,USD,bank_transfer,refunded,refunded,standard,TRACK-IXBEESWD,2024-09-05,2024-09-05,2024-08-29T00:00:00Z,2024-08-30T00:00:00Z
ORD-03235,CUS-0112,2024-05-19,PROD-012,5,922.70,4613.50,USD,paypal,paid,shipped,standard,TRACK-R0DRXDNO,2024-05-27,,2024-05-19T00:00:00Z,2025-01-16T00:00:00Z
ORD-03236,CUS-0462,2025-05-20,PROD-006,1,1049.94,1049.94,USD,credit_card,paid,delivered,international,TRACK-YXR1QNJN,2025-06-06,2025-06-08,2025-05-20T00:00:00Z,2025-11-25T00:00:00Z
ORD-03237,CUS-0270,2024-06-18,PROD-055,2,407.21,814.42,USD,credit_card,paid,confirmed,express,TRACK-5K1OBWL6,2024-06-22,,2024-06-18T00:00:00Z,2024-09-19T00:00:00Z
ORD-03238,CUS-0662,2025-01-24,PROD-020,1,848.04,848.04,USD,credit_card,paid,delivered,standard,TRACK-TNKT5W7C,2025-01-31,2025-02-03,2025-01-24T00:00:00Z,2025-09-03T00:00:00Z
ORD-03239,CUS-0008,2024-09-13,PROD-071,4,489.66,1958.64,USD,bank_transfer,paid,delivered,standard,TRACK-YVLNZUQQ,2024-09-20,2024-09-23,2024-09-13T00:00:00Z,2024-10-17T00:00:00Z
ORD-03240,CUS-0165,2024-10-25,PROD-032,1,126.22,126.22,USD,bank_transfer,pending,placed,international,TRACK-ZEW5ADAP,2024-11-22,,2024-10-25T00:00:00Z,2025-12-13T00:00:00Z
ORD-03241,CUS-0277,2024-01-24,PROD-022,1,500.24,500.24,USD,paypal,paid,confirmed,standard,TRACK-Q1BKJGSE,2024-01-29,,2024-01-24T00:00:00Z,2025-09-28T00:00:00Z
ORD-03242,CUS-0561,2025-01-03,PROD-084,4,52.10,208.40,USD,debit_card,paid,out_for_delivery,express,TRACK-RKYIQHZQ,2025-01-06,,2025-01-03T00:00:00Z,2025-02-22T00:00:00Z
ORD-03243,CUS-0653,2025-02-03,PROD-028,1,249.80,249.80,USD,debit_card,paid,delivered,express,TRACK-JR6VH5Y6,2025-02-05,2025-02-07,2025-02-03T00:00:00Z,2025-07-16T00:00:00Z
ORD-03244,CUS-0890,2024-11-22,PROD-032,3,126.22,378.66,USD,credit_card,paid,delivered,express,TRACK-UEJ8I7KT,2024-11-24,2024-11-26,2024-11-22T00:00:00Z,2024-11-23T00:00:00Z
ORD-03245,CUS-0554,2024-10-28,PROD-066,5,77.92,389.60,USD,paypal,paid,delayed,next_day,TRACK-B4X7K0N3,2024-10-29,,2024-10-28T00:00:00Z,2024-11-22T00:00:00Z
ORD-03246,CUS-0582,2025-01-25,PROD-087,5,89.66,448.30,USD,credit_card,paid,processing,international,TRACK-RZUBLMAT,2025-02-17,,2025-01-25T00:00:00Z,2025-11-14T00:00:00Z
ORD-03247,CUS-0348,2024-10-22,PROD-067,3,317.35,952.05,USD,debit_card,paid,shipped,standard,TRACK-W6XG6OIB,2024-10-29,,2024-10-22T00:00:00Z,2025-05-20T00:00:00Z
ORD-03248,CUS-0743,2024-03-04,PROD-065,5,339.44,1697.20,USD,credit_card,paid,delivered,express,TRACK-T6BDSJ9G,2024-03-07,2024-03-09,2024-03-04T00:00:00Z,2025-12-13T00:00:00Z
ORD-03249,CUS-0503,2024-02-24,PROD-087,1,89.66,89.66,USD,credit_card,refunded,returned,express,TRACK-MIHUNIB5,2024-02-26,2024-02-26,2024-02-24T00:00:00Z,2025-02-12T00:00:00Z
ORD-03250,CUS-0306,2025-08-07,PROD-097,5,43.21,216.05,USD,credit_card,paid,placed,standard,TRACK-AM6WHWOP,2025-08-13,,2025-08-07T00:00:00Z,2025-09-07T00:00:00Z
ORD-03251,CUS-0426,2024-02-25,PROD-049,3,49.02,147.06,USD,credit_card,paid,delivered,express,TRACK-QGZBMWG9,2024-02-27,2024-02-28,2024-02-25T00:00:00Z,2025-10-31T00:00:00Z
ORD-03252,CUS-0642,2024-03-16,PROD-028,2,249.80,499.60,USD,credit_card,paid,delivered,next_day,TRACK-BEY9HRG0,2024-03-17,2024-03-17,2024-03-16T00:00:00Z,2025-06-15T00:00:00Z
ORD-03253,CUS-0759,2025-07-26,PROD-064,5,384.19,1920.95,USD,debit_card,paid,delayed,express,TRACK-DUO1QA75,2025-07-29,,2025-07-26T00:00:00Z,2025-12-02T00:00:00Z
ORD-03254,CUS-0306,2024-07-19,PROD-026,1,295.00,295.00,USD,credit_card,paid,out_for_delivery,standard,TRACK-VH6CGFK0,2024-07-24,,2024-07-19T00:00:00Z,2024-09-12T00:00:00Z
ORD-03255,CUS-0369,2024-07-23,PROD-040,5,337.08,1685.40,USD,debit_card,paid,processing,standard,TRACK-8SSRI5IL,2024-07-29,,2024-07-23T00:00:00Z,2025-01-21T00:00:00Z
ORD-03256,CUS-0377,2025-06-13,PROD-093,1,61.11,61.11,USD,credit_card,paid,placed,international,TRACK-I7SUFAH4,2025-06-24,,2025-06-13T00:00:00Z,2025-06-15T00:00:00Z
ORD-03257,CUS-0115,2025-09-14,PROD-093,2,61.11,122.22,USD,credit_card,paid,shipped,express,TRACK-85CDIMYN,2025-09-16,,2025-09-14T00:00:00Z,2025-09-26T00:00:00Z
ORD-03258,CUS-0641,2024-04-04,PROD-070,4,55.18,220.72,USD,paypal,failed,cancelled,standard,TRACK-KNPKIR1A,2024-04-11,,2024-04-04T00:00:00Z,2024-07-04T00:00:00Z
ORD-03259,CUS-0089,2025-05-28,PROD-003,1,986.69,986.69,USD,debit_card,pending,placed,next_day,TRACK-56WHLVJ8,2025-05-29,,2025-05-28T00:00:00Z,2025-10-26T00:00:00Z
ORD-03260,CUS-0368,2024-09-29,PROD-052,2,580.62,1161.24,USD,debit_card,paid,shipped,express,TRACK-MHP17A1P,2024-10-02,,2024-09-29T00:00:00Z,2025-03-24T00:00:00Z
ORD-03261,CUS-0395,2024-08-01,PROD-029,4,868.72,3474.88,USD,credit_card,paid,processing,standard,TRACK-GLTCC13B,2024-08-06,,2024-08-01T00:00:00Z,2025-04-14T00:00:00Z
ORD-03262,CUS-0182,2024-03-14,PROD-003,2,986.69,1973.38,USD,credit_card,paid,out_for_delivery,standard,TRACK-2OO5NU9Q,2024-03-22,,2024-03-14T00:00:00Z,2025-01-13T00:00:00Z
ORD-03263,CUS-0114,2024-05-12,PROD-013,5,1278.38,6391.90,USD,paypal,paid,shipped,standard,TRACK-GR09R19F,2024-05-22,,2024-05-12T00:00:00Z,2025-01-29T00:00:00Z
ORD-03264,CUS-0057,2024-10-21,PROD-085,4,152.73,610.92,USD,paypal,paid,delivered,express,TRACK-4YHRPWSK,2024-10-25,2024-10-25,2024-10-21T00:00:00Z,2025-01-07T00:00:00Z
ORD-03265,CUS-0394,2025-12-07,PROD-031,5,88.52,442.60,USD,credit_card,paid,delivered,standard,TRACK-QVDM6MVI,2025-12-13,2025-12-14,2025-12-07T00:00:00Z,2025-12-26T00:00:00Z
ORD-03266,CUS-0945,2025-05-03,PROD-067,1,317.35,317.35,USD,paypal,paid,processing,express,TRACK-FJGVMFCW,2025-05-07,,2025-05-03T00:00:00Z,2025-07-01T00:00:00Z
ORD-03267,CUS-0285,2024-11-09,PROD-040,4,337.08,1348.32,USD,credit_card,paid,cancelled,standard,TRACK-NRU4UICC,2024-11-16,,2024-11-09T00:00:00Z,2025-02-01T00:00:00Z
ORD-03268,CUS-0737,2025-10-02,PROD-010,5,1931.10,9655.50,USD,credit_card,paid,placed,express,TRACK-TFP9UOBX,2025-10-04,,2025-10-02T00:00:00Z,2025-10-20T00:00:00Z
ORD-03269,CUS-0243,2024-04-13,PROD-048,1,127.33,127.33,USD,debit_card,paid,processing,express,TRACK-LFLJYKQH,2024-04-16,,2024-04-13T00:00:00Z,2025-10-23T00:00:00Z
ORD-03270,CUS-0675,2024-02-27,PROD-014,1,474.04,474.04,USD,credit_card,refunded,refunded,standard,TRACK-KBRCDCGI,2024-03-05,2024-03-08,2024-02-27T00:00:00Z,2025-02-12T00:00:00Z
ORD-03271,CUS-0697,2025-01-18,PROD-036,1,341.40,341.40,USD,debit_card,partially_refunded,refunded,international,TRACK-81GCM94Q,2025-02-08,2025-02-11,2025-01-18T00:00:00Z,2025-03-05T00:00:00Z
ORD-03272,CUS-0982,2025-07-30,PROD-048,1,127.33,127.33,USD,credit_card,paid,out_for_delivery,standard,TRACK-MYDP2NF1,2025-08-07,,2025-07-30T00:00:00Z,2025-08-28T00:00:00Z
ORD-03273,CUS-0492,2024-11-07,PROD-012,4,922.70,3690.80,USD,credit_card,refunded,returned,standard,TRACK-3E822L8U,2024-11-17,2024-11-19,2024-11-07T00:00:00Z,2025-05-22T00:00:00Z
ORD-03274,CUS-0289,2024-04-10,PROD-038,5,302.64,1513.20,USD,credit_card,paid,delivered,standard,TRACK-JAS0S3AX,2024-04-17,2024-04-18,2024-04-10T00:00:00Z,2025-07-31T00:00:00Z
ORD-03275,CUS-0780,2025-02-11,PROD-079,1,363.45,363.45,USD,paypal,paid,delivered,express,TRACK-BWQTVLUC,2025-02-13,2025-02-13,2025-02-11T00:00:00Z,2025-10-24T00:00:00Z
ORD-03276,CUS-0023,2025-06-19,PROD-085,4,152.73,610.92,USD,credit_card,paid,delivered,standard,TRACK-M6Y7E4C5,2025-06-27,2025-06-30,2025-06-19T00:00:00Z,2025-12-08T00:00:00Z
ORD-03277,CUS-0590,2025-03-16,PROD-068,4,296.26,1185.04,USD,debit_card,paid,out_for_delivery,express,TRACK-TEPGHU7N,2025-03-20,,2025-03-16T00:00:00Z,2025-09-19T00:00:00Z
ORD-03278,CUS-0480,2024-11-02,PROD-079,1,363.45,363.45,USD,paypal,paid,placed,standard,TRACK-7DNASVMD,2024-11-11,,2024-11-02T00:00:00Z,2024-12-18T00:00:00Z
ORD-03279,CUS-0083,2025-11-25,PROD-049,4,49.02,196.08,USD,paypal,partially_refunded,refunded,standard,TRACK-J9ULZWOO,2025-12-02,2025-12-05,2025-11-25T00:00:00Z,2025-12-01T00:00:00Z
ORD-03280,CUS-0713,2025-08-08,PROD-049,3,49.02,147.06,USD,crypto,paid,shipped,standard,TRACK-G991KGNH,2025-08-18,,2025-08-08T00:00:00Z,2025-11-13T00:00:00Z
ORD-03281,CUS-0602,2024-12-18,PROD-080,4,255.93,1023.72,USD,credit_card,pending,placed,next_day,TRACK-W3QBP9MW,2024-12-19,,2024-12-18T00:00:00Z,2025-12-27T00:00:00Z
ORD-03282,CUS-0278,2024-03-04,PROD-081,2,150.38,300.76,USD,credit_card,paid,processing,international,TRACK-Q7W8BT60,2024-03-26,,2024-03-04T00:00:00Z,2024-12-10T00:00:00Z
ORD-03283,CUS-0003,2025-02-09,PROD-074,2,76.36,152.72,USD,credit_card,paid,delivered,express,TRACK-FUFM82ZH,2025-02-12,2025-02-13,2025-02-09T00:00:00Z,2025-02-11T00:00:00Z
ORD-03284,CUS-0742,2025-07-16,PROD-073,3,114.42,343.26,USD,paypal,paid,processing,next_day,TRACK-QPE8PQ85,2025-07-17,,2025-07-16T00:00:00Z,2025-07-19T00:00:00Z
ORD-03285,CUS-0373,2025-05-24,PROD-074,2,76.36,152.72,USD,credit_card,refunded,refunded,express,TRACK-LI1N2YCS,2025-05-28,2025-05-29,2025-05-24T00:00:00Z,2025-11-23T00:00:00Z
ORD-03286,CUS-0411,2024-05-22,PROD-072,5,172.02,860.10,USD,paypal,paid,shipped,standard,TRACK-47B7YRVE,2024-06-01,,2024-05-22T00:00:00Z,2024-08-16T00:00:00Z
ORD-03287,CUS-0932,2024-03-12,PROD-075,4,343.41,1373.64,USD,credit_card,refunded,returned,express,TRACK-YS7B1QAY,2024-03-16,2024-03-17,2024-03-12T00:00:00Z,2025-10-25T00:00:00Z
ORD-03288,CUS-0454,2025-05-14,PROD-073,1,114.42,114.42,USD,credit_card,paid,delayed,express,TRACK-R5LG0Y9K,2025-05-16,,2025-05-14T00:00:00Z,2025-06-15T00:00:00Z
ORD-03289,CUS-0636,2024-08-10,PROD-074,2,76.36,152.72,USD,credit_card,pending,placed,express,TRACK-Q43BG03X,2024-08-13,,2024-08-10T00:00:00Z,2025-04-21T00:00:00Z
ORD-03290,CUS-0025,2025-06-11,PROD-076,2,158.70,317.40,USD,paypal,paid,confirmed,express,TRACK-47C1G6D3,2025-06-15,,2025-06-11T00:00:00Z,2025-08-05T00:00:00Z
ORD-03291,CUS-0903,2024-12-04,PROD-006,3,1049.94,3149.82,USD,paypal,paid,shipped,express,TRACK-ERM5TZS9,2024-12-06,,2024-12-04T00:00:00Z,2025-08-13T00:00:00Z
ORD-03292,CUS-0287,2025-07-18,PROD-065,3,339.44,1018.32,USD,credit_card,paid,out_for_delivery,express,TRACK-J5GGT8J3,2025-07-20,,2025-07-18T00:00:00Z,2025-10-30T00:00:00Z
ORD-03293,CUS-0286,2024-04-05,PROD-060,4,420.27,1681.08,USD,credit_card,paid,shipped,standard,TRACK-N3T268O2,2024-04-11,,2024-04-05T00:00:00Z,2025-03-24T00:00:00Z
ORD-03294,CUS-0027,2024-03-12,PROD-011,4,1007.07,4028.28,USD,bank_transfer,paid,delivered,standard,TRACK-FWZ94DYB,2024-03-20,2024-03-21,2024-03-12T00:00:00Z,2024-06-23T00:00:00Z
ORD-03295,CUS-0024,2025-02-13,PROD-075,5,343.41,1717.05,USD,credit_card,paid,delivered,next_day,TRACK-F0DUQ0FN,2025-02-14,2025-02-14,2025-02-13T00:00:00Z,2025-03-19T00:00:00Z
ORD-03296,CUS-0825,2025-08-28,PROD-005,2,925.08,1850.16,USD,credit_card,paid,shipped,standard,TRACK-GM6KX24Z,2025-09-04,,2025-08-28T00:00:00Z,2025-12-27T00:00:00Z
ORD-03297,CUS-0587,2024-05-06,PROD-051,4,450.36,1801.44,USD,credit_card,paid,confirmed,standard,TRACK-216ERHSU,2024-05-14,,2024-05-06T00:00:00Z,2025-07-24T00:00:00Z
ORD-03298,CUS-0937,2024-11-12,PROD-007,3,2312.54,6937.62,USD,credit_card,paid,shipped,standard,TRACK-HKKMCWYY,2024-11-18,,2024-11-12T00:00:00Z,2025-11-04T00:00:00Z
ORD-03299,CUS-0152,2024-03-16,PROD-081,3,150.38,451.14,USD,credit_card,paid,confirmed,standard,TRACK-DAX158X3,2024-03-25,,2024-03-16T00:00:00Z,2025-11-13T00:00:00Z
ORD-03300,CUS-0011,2024-02-28,PROD-064,2,384.19,768.38,USD,paypal,paid,delivered,standard,TRACK-4KQ4HJKC,2024-03-09,2024-03-11,2024-02-28T00:00:00Z,2025-10-02T00:00:00Z
ORD-03301,CUS-0137,2024-05-10,PROD-017,3,657.92,1973.76,USD,credit_card,paid,delivered,international,TRACK-D0K2KS8U,2024-05-25,2024-05-27,2024-05-10T00:00:00Z,2025-02-06T00:00:00Z
ORD-03302,CUS-0228,2024-10-14,PROD-082,3,235.36,706.08,USD,credit_card,paid,out_for_delivery,express,TRACK-6HR3BD0B,2024-10-16,,2024-10-14T00:00:00Z,2025-04-13T00:00:00Z
ORD-03303,CUS-0957,2024-12-31,PROD-064,5,384.19,1920.95,USD,credit_card,paid,delivered,express,TRACK-WVLOMKXR,2025-01-03,2025-01-06,2024-12-31T00:00:00Z,2025-10-21T00:00:00Z
ORD-03304,CUS-0732,2024-08-13,PROD-012,3,922.70,2768.10,USD,debit_card,paid,delivered,standard,TRACK-OV90KAF2,2024-08-19,2024-08-19,2024-08-13T00:00:00Z,2025-08-07T00:00:00Z
ORD-03305,CUS-0262,2024-12-27,PROD-096,2,93.24,186.48,USD,credit_card,paid,delivered,next_day,TRACK-K9YELDAU,2024-12-28,2024-12-29,2024-12-27T00:00:00Z,2025-11-09T00:00:00Z
ORD-03306,CUS-0044,2024-12-08,PROD-007,5,2312.54,11562.70,USD,debit_card,paid,confirmed,express,TRACK-8GN1OCVD,2024-12-10,,2024-12-08T00:00:00Z,2025-07-07T00:00:00Z
ORD-03307,CUS-0362,2025-09-26,PROD-027,4,795.29,3181.16,USD,credit_card,paid,delivered,standard,TRACK-BQT1DTRB,2025-10-05,2025-10-07,2025-09-26T00:00:00Z,2025-12-19T00:00:00Z
ORD-03308,CUS-0956,2024-11-27,PROD-028,3,249.80,749.40,USD,paypal,partially_refunded,returned,standard,TRACK-HPJEZ6G0,2024-12-07,2024-12-07,2024-11-27T00:00:00Z,2025-11-08T00:00:00Z
ORD-03309,CUS-0575,2025-08-22,PROD-043,3,53.52,160.56,USD,paypal,pending,placed,standard,TRACK-F14M6MW6,2025-08-29,,2025-08-22T00:00:00Z,2025-10-05T00:00:00Z
ORD-03310,CUS-0935,2024-03-12,PROD-035,5,297.43,1487.15,USD,credit_card,paid,delivered,standard,TRACK-PM6H3EDX,2024-03-17,2024-03-18,2024-03-12T00:00:00Z,2025-09-24T00:00:00Z
ORD-03311,CUS-0046,2024-09-11,PROD-086,2,272.87,545.74,USD,credit_card,paid,delivered,standard,TRACK-TO5J3ZEU,2024-09-16,2024-09-19,2024-09-11T00:00:00Z,2024-10-18T00:00:00Z
ORD-03312,CUS-0320,2024-05-03,PROD-070,1,55.18,55.18,USD,credit_card,paid,placed,express,TRACK-T8NEIAEH,2024-05-06,,2024-05-03T00:00:00Z,2024-06-14T00:00:00Z
ORD-03313,CUS-0886,2025-01-06,PROD-027,3,795.29,2385.87,USD,credit_card,paid,delivered,express,TRACK-OQDXFH52,2025-01-10,2025-01-11,2025-01-06T00:00:00Z,2025-04-17T00:00:00Z
ORD-03314,CUS-0262,2025-11-13,PROD-091,4,84.12,336.48,USD,credit_card,paid,shipped,standard,TRACK-EV8729CI,2025-11-20,,2025-11-13T00:00:00Z,2025-11-13T00:00:00Z
ORD-03315,CUS-0782,2024-01-03,PROD-050,1,81.10,81.10,USD,credit_card,failed,cancelled,express,TRACK-0ZAZTVK7,2024-01-06,,2024-01-03T00:00:00Z,2025-09-27T00:00:00Z
ORD-03316,CUS-0205,2024-03-04,PROD-055,1,407.21,407.21,USD,credit_card,paid,out_for_delivery,express,TRACK-DHYNHY86,2024-03-07,,2024-03-04T00:00:00Z,2025-05-31T00:00:00Z
ORD-03317,CUS-0359,2025-05-28,PROD-015,1,987.77,987.77,USD,credit_card,paid,delivered,express,TRACK-XNTMLSIP,2025-06-01,2025-06-04,2025-05-28T00:00:00Z,2025-07-03T00:00:00Z
ORD-03318,CUS-0204,2024-12-14,PROD-088,5,191.92,959.60,USD,paypal,paid,out_for_delivery,standard,TRACK-7A3B0C5U,2024-12-24,,2024-12-14T00:00:00Z,2025-09-10T00:00:00Z
ORD-03319,CUS-0322,2024-09-11,PROD-050,4,81.10,324.40,USD,paypal,paid,out_for_delivery,express,TRACK-G6HVOGSI,2024-09-15,,2024-09-11T00:00:00Z,2025-05-03T00:00:00Z
ORD-03320,CUS-0343,2025-05-16,PROD-040,1,337.08,337.08,USD,credit_card,paid,confirmed,standard,TRACK-GK4M306I,2025-05-23,,2025-05-16T00:00:00Z,2026-01-01T00:00:00Z
ORD-03321,CUS-0456,2025-06-08,PROD-022,2,500.24,1000.48,USD,debit_card,refunded,returned,international,TRACK-MP01NKGX,2025-06-27,2025-06-29,2025-06-08T00:00:00Z,2025-10-04T00:00:00Z
ORD-03322,CUS-0937,2025-01-28,PROD-003,3,986.69,2960.07,USD,credit_card,paid,delivered,standard,TRACK-IR9F42J0,2025-02-03,2025-02-04,2025-01-28T00:00:00Z,2025-02-19T00:00:00Z
ORD-03323,CUS-0416,2025-06-13,PROD-070,3,55.18,165.54,USD,credit_card,paid,processing,express,TRACK-I2X32OOF,2025-06-16,,2025-06-13T00:00:00Z,2025-10-29T00:00:00Z
ORD-03324,CUS-0721,2024-08-23,PROD-019,5,1140.33,5701.65,USD,bank_transfer,paid,confirmed,standard,TRACK-VQZSXK22,2024-08-31,,2024-08-23T00:00:00Z,2025-08-06T00:00:00Z
ORD-03325,CUS-0727,2024-07-15,PROD-002,1,2846.71,2846.71,USD,paypal,paid,delivered,express,TRACK-O6NUR357,2024-07-17,2024-07-18,2024-07-15T00:00:00Z,2025-09-10T00:00:00Z
ORD-03326,CUS-0302,2024-10-18,PROD-042,5,22.38,111.90,USD,credit_card,refunded,cancelled,express,TRACK-RU0V8E0J,2024-10-22,,2024-10-18T00:00:00Z,2025-05-10T00:00:00Z
ORD-03327,CUS-0305,2025-11-26,PROD-040,4,337.08,1348.32,USD,credit_card,paid,out_for_delivery,express,TRACK-DT95B12Q,2025-11-30,,2025-11-26T00:00:00Z,2025-12-31T00:00:00Z
ORD-03328,CUS-0182,2024-03-31,PROD-026,5,295.00,1475.00,USD,debit_card,paid,delayed,standard,TRACK-QFSTYSY6,2024-04-06,,2024-03-31T00:00:00Z,2024-07-29T00:00:00Z
ORD-03329,CUS-0655,2024-01-30,PROD-065,3,339.44,1018.32,USD,debit_card,paid,shipped,express,TRACK-7975VNFW,2024-02-03,,2024-01-30T00:00:00Z,2024-12-08T00:00:00Z
ORD-03330,CUS-0770,2024-11-11,PROD-082,4,235.36,941.44,USD,debit_card,partially_refunded,returned,international,TRACK-0IM4H1AQ,2024-11-26,2024-11-27,2024-11-11T00:00:00Z,2025-12-06T00:00:00Z
ORD-03331,CUS-0127,2025-12-05,PROD-084,2,52.10,104.20,USD,crypto,paid,shipped,standard,TRACK-2G0E7H4N,2025-12-10,,2025-12-05T00:00:00Z,2025-12-12T00:00:00Z
ORD-03332,CUS-0997,2025-09-23,PROD-099,4,110.41,441.64,USD,debit_card,partially_refunded,refunded,standard,TRACK-W468WZNJ,2025-09-30,2025-10-02,2025-09-23T00:00:00Z,2025-12-04T00:00:00Z
ORD-03333,CUS-0478,2024-08-26,PROD-023,3,955.05,2865.15,USD,debit_card,paid,delivered,express,TRACK-9W281M4V,2024-08-30,2024-09-02,2024-08-26T00:00:00Z,2025-10-02T00:00:00Z
ORD-03334,CUS-0035,2025-01-08,PROD-024,5,522.20,2611.00,USD,bank_transfer,paid,delayed,standard,TRACK-M364E4L0,2025-01-17,,2025-01-08T00:00:00Z,2025-08-27T00:00:00Z
ORD-03335,CUS-0956,2025-08-14,PROD-023,1,955.05,955.05,USD,paypal,paid,processing,express,TRACK-X5UQIN5I,2025-08-16,,2025-08-14T00:00:00Z,2025-12-01T00:00:00Z
ORD-03336,CUS-0765,2024-05-29,PROD-028,2,249.80,499.60,USD,debit_card,pending,placed,express,TRACK-D908M32G,2024-06-02,,2024-05-29T00:00:00Z,2024-09-28T00:00:00Z
ORD-03337,CUS-0403,2024-05-09,PROD-053,1,574.29,574.29,USD,credit_card,paid,cancelled,express,TRACK-W4JUNR3B,2024-05-13,,2024-05-09T00:00:00Z,2024-12-12T00:00:00Z
ORD-03338,CUS-0424,2024-09-06,PROD-051,5,450.36,2251.80,USD,credit_card,paid,out_for_delivery,next_day,TRACK-BNS3YMS6,2024-09-07,,2024-09-06T00:00:00Z,2025-02-23T00:00:00Z
ORD-03339,CUS-0232,2024-03-09,PROD-098,5,168.10,840.50,USD,credit_card,paid,delivered,express,TRACK-LLGSQ0QQ,2024-03-12,2024-03-12,2024-03-09T00:00:00Z,2024-11-15T00:00:00Z
ORD-03340,CUS-0899,2024-04-02,PROD-038,1,302.64,302.64,USD,paypal,paid,delayed,express,TRACK-7U2Q4NRV,2024-04-05,,2024-04-02T00:00:00Z,2025-11-02T00:00:00Z
ORD-03341,CUS-0456,2024-12-12,PROD-034,1,347.18,347.18,USD,credit_card,refunded,cancelled,express,TRACK-RP89B8R9,2024-12-16,,2024-12-12T00:00:00Z,2025-11-25T00:00:00Z
ORD-03342,CUS-0329,2024-10-21,PROD-030,4,342.95,1371.80,USD,bank_transfer,paid,confirmed,standard,TRACK-4LM4JBEP,2024-10-31,,2024-10-21T00:00:00Z,2025-01-23T00:00:00Z
ORD-03343,CUS-0056,2025-01-05,PROD-015,5,987.77,4938.85,USD,paypal,pending,placed,standard,TRACK-696VGCPW,2025-01-15,,2025-01-05T00:00:00Z,2025-03-09T00:00:00Z
ORD-03344,CUS-0361,2024-05-30,PROD-017,2,657.92,1315.84,USD,debit_card,paid,shipped,international,TRACK-B3UB2RC0,2024-06-15,,2024-05-30T00:00:00Z,2025-06-26T00:00:00Z
ORD-03345,CUS-0393,2024-01-13,PROD-060,5,420.27,2101.35,USD,credit_card,failed,cancelled,international,TRACK-ABM5ZKMD,2024-01-30,,2024-01-13T00:00:00Z,2025-07-30T00:00:00Z
ORD-03346,CUS-0748,2024-01-23,PROD-036,1,341.40,341.40,USD,credit_card,paid,delivered,next_day,TRACK-KQAHSU1G,2024-01-24,2024-01-25,2024-01-23T00:00:00Z,2025-05-02T00:00:00Z
ORD-03347,CUS-0195,2024-05-29,PROD-095,3,106.35,319.05,USD,credit_card,paid,out_for_delivery,standard,TRACK-6MFXCIJK,2024-06-07,,2024-05-29T00:00:00Z,2024-10-17T00:00:00Z
ORD-03348,CUS-0425,2025-07-16,PROD-094,5,179.49,897.45,USD,debit_card,paid,confirmed,standard,TRACK-NZLWQT40,2025-07-25,,2025-07-16T00:00:00Z,2025-11-21T00:00:00Z
ORD-03349,CUS-0560,2025-02-21,PROD-042,1,22.38,22.38,USD,paypal,paid,delivered,express,TRACK-89J1S4P8,2025-02-23,2025-02-23,2025-02-21T00:00:00Z,2025-08-31T00:00:00Z
ORD-03350,CUS-0504,2025-11-12,PROD-073,5,114.42,572.10,USD,credit_card,paid,out_for_delivery,express,TRACK-D8I05391,2025-11-16,,2025-11-12T00:00:00Z,2025-12-21T00:00:00Z
ORD-03351,CUS-0223,2025-04-19,PROD-001,5,2193.82,10969.10,USD,debit_card,paid,shipped,express,TRACK-4SJXC33I,2025-04-22,,2025-04-19T00:00:00Z,2025-06-16T00:00:00Z
ORD-03352,CUS-0900,2025-11-02,PROD-040,4,337.08,1348.32,USD,credit_card,paid,cancelled,standard,TRACK-XYFP49SQ,2025-11-11,,2025-11-02T00:00:00Z,2025-11-04T00:00:00Z
ORD-03353,CUS-0523,2025-07-13,PROD-010,5,1931.10,9655.50,USD,paypal,paid,delivered,next_day,TRACK-XHTEBQSX,2025-07-14,2025-07-16,2025-07-13T00:00:00Z,2025-09-15T00:00:00Z
ORD-03354,CUS-0262,2024-08-23,PROD-041,2,22.71,45.42,USD,credit_card,paid,shipped,express,TRACK-E96CYL8D,2024-08-27,,2024-08-23T00:00:00Z,2025-02-24T00:00:00Z
ORD-03355,CUS-0744,2025-11-26,PROD-088,2,191.92,383.84,USD,credit_card,paid,out_for_delivery,international,TRACK-S7CMD2G5,2025-12-06,,2025-11-26T00:00:00Z,2025-11-26T00:00:00Z
ORD-03356,CUS-0546,2025-07-09,PROD-066,5,77.92,389.60,USD,paypal,paid,delivered,express,TRACK-XK2LQQFS,2025-07-12,2025-07-15,2025-07-09T00:00:00Z,2025-12-31T00:00:00Z
ORD-03357,CUS-0195,2024-10-12,PROD-011,5,1007.07,5035.35,USD,paypal,paid,processing,standard,TRACK-TCB7HQ57,2024-10-17,,2024-10-12T00:00:00Z,2025-09-22T00:00:00Z
ORD-03358,CUS-0623,2024-02-11,PROD-093,2,61.11,122.22,USD,credit_card,paid,out_for_delivery,express,TRACK-QDAG4YGQ,2024-02-15,,2024-02-11T00:00:00Z,2025-09-27T00:00:00Z
ORD-03359,CUS-0225,2024-12-04,PROD-027,5,795.29,3976.45,USD,debit_card,paid,shipped,next_day,TRACK-9YWUBAJ3,2024-12-05,,2024-12-04T00:00:00Z,2025-02-10T00:00:00Z
ORD-03360,CUS-0233,2025-04-14,PROD-076,5,158.70,793.50,USD,credit_card,paid,cancelled,express,TRACK-9D8F10BN,2025-04-18,,2025-04-14T00:00:00Z,2025-09-26T00:00:00Z
ORD-03361,CUS-0683,2025-08-14,PROD-099,3,110.41,331.23,USD,debit_card,partially_refunded,returned,international,TRACK-BFIPQV9R,2025-08-31,2025-09-01,2025-08-14T00:00:00Z,2025-10-22T00:00:00Z
ORD-03362,CUS-0602,2025-01-26,PROD-051,1,450.36,450.36,USD,credit_card,partially_refunded,returned,standard,TRACK-GWH1RETM,2025-01-31,2025-02-01,2025-01-26T00:00:00Z,2025-08-20T00:00:00Z
ORD-03363,CUS-0873,2025-03-22,PROD-095,2,106.35,212.70,USD,credit_card,paid,delivered,next_day,TRACK-6S1GIGUC,2025-03-23,2025-03-25,2025-03-22T00:00:00Z,2025-10-11T00:00:00Z
ORD-03364,CUS-0556,2025-12-03,PROD-042,3,22.38,67.14,USD,credit_card,paid,shipped,standard,TRACK-WW8OSU78,2025-12-12,,2025-12-03T00:00:00Z,2025-12-07T00:00:00Z
ORD-03365,CUS-0073,2024-03-19,PROD-080,2,255.93,511.86,USD,credit_card,paid,processing,standard,TRACK-7KDV9KY2,2024-03-27,,2024-03-19T00:00:00Z,2025-03-12T00:00:00Z
ORD-03366,CUS-0767,2024-10-17,PROD-002,3,2846.71,8540.13,USD,debit_card,paid,out_for_delivery,standard,TRACK-A1Y1X9D7,2024-10-22,,2024-10-17T00:00:00Z,2025-10-23T00:00:00Z
ORD-03367,CUS-0676,2025-01-30,PROD-092,3,102.76,308.28,USD,bank_transfer,failed,cancelled,standard,TRACK-BHPA95JE,2025-02-05,,2025-01-30T00:00:00Z,2025-02-19T00:00:00Z
ORD-03368,CUS-0436,2025-02-08,PROD-087,1,89.66,89.66,USD,paypal,paid,shipped,next_day,TRACK-1A31P710,2025-02-09,,2025-02-08T00:00:00Z,2025-12-02T00:00:00Z
ORD-03369,CUS-0100,2025-05-24,PROD-081,1,150.38,150.38,USD,debit_card,paid,delivered,express,TRACK-SPFFCLA1,2025-05-28,2025-05-31,2025-05-24T00:00:00Z,2025-06-30T00:00:00Z
ORD-03370,CUS-0156,2025-09-04,PROD-049,4,49.02,196.08,USD,credit_card,paid,delayed,express,TRACK-7IW6S8PC,2025-09-08,,2025-09-04T00:00:00Z,2025-12-04T00:00:00Z
ORD-03371,CUS-0037,2025-06-25,PROD-006,3,1049.94,3149.82,USD,credit_card,paid,delayed,standard,TRACK-1UZYMPR4,2025-07-01,,2025-06-25T00:00:00Z,2025-07-31T00:00:00Z
ORD-03372,CUS-0452,2025-09-09,PROD-009,3,788.22,2364.66,USD,credit_card,paid,confirmed,standard,TRACK-RSQXPIZ0,2025-09-17,,2025-09-09T00:00:00Z,2025-12-30T00:00:00Z
ORD-03373,CUS-0028,2025-03-23,PROD-009,3,788.22,2364.66,USD,credit_card,paid,delivered,standard,TRACK-7QIELDVO,2025-03-30,2025-03-30,2025-03-23T00:00:00Z,2025-04-01T00:00:00Z
ORD-03374,CUS-0864,2024-11-06,PROD-005,2,925.08,1850.16,USD,paypal,refunded,returned,standard,TRACK-XOEL8XVY,2024-11-11,2024-11-13,2024-11-06T00:00:00Z,2025-12-14T00:00:00Z
ORD-03375,CUS-0976,2025-07-05,PROD-011,4,1007.07,4028.28,USD,paypal,paid,delivered,standard,TRACK-7A7NACPY,2025-07-15,2025-07-15,2025-07-05T00:00:00Z,2025-10-01T00:00:00Z
ORD-03376,CUS-0762,2024-03-10,PROD-065,4,339.44,1357.76,USD,paypal,pending,placed,next_day,TRACK-FZPGPNEM,2024-03-11,,2024-03-10T00:00:00Z,2024-05-27T00:00:00Z
ORD-03377,CUS-0567,2025-07-28,PROD-010,4,1931.10,7724.40,USD,credit_card,paid,delivered,standard,TRACK-83KZNCMK,2025-08-07,2025-08-10,2025-07-28T00:00:00Z,2025-12-09T00:00:00Z
ORD-03378,CUS-0988,2025-11-23,PROD-078,1,251.87,251.87,USD,debit_card,paid,confirmed,standard,TRACK-LZCCXWI2,2025-12-02,,2025-11-23T00:00:00Z,2025-12-06T00:00:00Z
ORD-03379,CUS-0018,2025-11-30,PROD-006,4,1049.94,4199.76,USD,bank_transfer,pending,placed,next_day,TRACK-F7SP2Y8I,2025-12-01,,2025-11-30T00:00:00Z,2025-12-29T00:00:00Z
ORD-03380,CUS-0377,2025-12-07,PROD-056,3,520.14,1560.42,USD,debit_card,paid,delivered,standard,TRACK-T4NBE1VJ,2025-12-12,2025-12-13,2025-12-07T00:00:00Z,2025-12-19T00:00:00Z
ORD-03381,CUS-0269,2024-11-02,PROD-075,1,343.41,343.41,USD,credit_card,paid,processing,standard,TRACK-77S5JLF7,2024-11-09,,2024-11-02T00:00:00Z,2025-03-30T00:00:00Z
ORD-03382,CUS-0982,2025-12-24,PROD-080,3,255.93,767.79,USD,debit_card,refunded,cancelled,express,TRACK-M5CDIOHM,2025-12-27,,2025-12-24T00:00:00Z,2025-12-30T00:00:00Z
ORD-03383,CUS-0878,2024-08-28,PROD-014,2,474.04,948.08,USD,debit_card,paid,delivered,next_day,TRACK-HMD66DEX,2024-08-29,2024-08-30,2024-08-28T00:00:00Z,2024-11-07T00:00:00Z
ORD-03384,CUS-0965,2025-12-14,PROD-027,4,795.29,3181.16,USD,credit_card,paid,out_for_delivery,next_day,TRACK-WS0EH50G,2025-12-15,,2025-12-14T00:00:00Z,2025-12-16T00:00:00Z
ORD-03385,CUS-0834,2024-03-19,PROD-016,1,551.74,551.74,USD,credit_card,paid,delivered,standard,TRACK-8TXBRU5H,2024-03-28,2024-03-28,2024-03-19T00:00:00Z,2025-08-29T00:00:00Z
ORD-03386,CUS-0825,2025-09-11,PROD-084,1,52.10,52.10,USD,paypal,paid,delivered,express,TRACK-U9P7F43S,2025-09-15,2025-09-18,2025-09-11T00:00:00Z,2025-12-04T00:00:00Z
ORD-03387,CUS-0750,2025-10-13,PROD-065,1,339.44,339.44,USD,debit_card,paid,delivered,standard,TRACK-I17X9SGT,2025-10-20,2025-10-20,2025-10-13T00:00:00Z,2025-12-21T00:00:00Z
ORD-03388,CUS-0538,2025-04-07,PROD-100,4,46.48,185.92,USD,paypal,paid,delivered,express,TRACK-PBORBKPJ,2025-04-09,2025-04-11,2025-04-07T00:00:00Z,2025-10-19T00:00:00Z
ORD-03389,CUS-0279,2024-10-06,PROD-066,1,77.92,77.92,USD,paypal,paid,delivered,international,TRACK-VYQ5U36J,2024-10-20,2024-10-21,2024-10-06T00:00:00Z,2025-02-17T00:00:00Z
ORD-03390,CUS-0568,2025-07-19,PROD-075,1,343.41,343.41,USD,debit_card,paid,placed,standard,TRACK-TT4HOXVD,2025-07-28,,2025-07-19T00:00:00Z,2025-10-18T00:00:00Z
ORD-03391,CUS-0783,2025-01-19,PROD-066,4,77.92,311.68,USD,debit_card,paid,delivered,next_day,TRACK-8J24TJMJ,2025-01-20,2025-01-21,2025-01-19T00:00:00Z,2025-09-08T00:00:00Z
ORD-03392,CUS-0581,2025-10-29,PROD-025,2,499.30,998.60,USD,credit_card,refunded,returned,standard,TRACK-JYCYCR95,2025-11-06,2025-11-09,2025-10-29T00:00:00Z,2025-12-05T00:00:00Z
ORD-03393,CUS-0314,2025-03-10,PROD-085,4,152.73,610.92,USD,debit_card,paid,shipped,next_day,TRACK-JVSV7MER,2025-03-11,,2025-03-10T00:00:00Z,2025-05-08T00:00:00Z
ORD-03394,CUS-0099,2024-01-15,PROD-033,2,249.21,498.42,USD,credit_card,paid,confirmed,standard,TRACK-3M4VA7S4,2024-01-21,,2024-01-15T00:00:00Z,2025-09-07T00:00:00Z
ORD-03395,CUS-0801,2024-01-24,PROD-047,5,81.88,409.40,USD,debit_card,paid,delivered,standard,TRACK-HA0T3KXZ,2024-02-01,2024-02-01,2024-01-24T00:00:00Z,2024-05-14T00:00:00Z
ORD-03396,CUS-0508,2024-11-26,PROD-037,4,290.16,1160.64,USD,credit_card,paid,delivered,express,TRACK-O8PHPZAB,2024-11-30,2024-12-03,2024-11-26T00:00:00Z,2025-10-23T00:00:00Z
ORD-03397,CUS-0806,2024-08-14,PROD-007,4,2312.54,9250.16,USD,paypal,paid,shipped,express,TRACK-Z1QJP8HK,2024-08-16,,2024-08-14T00:00:00Z,2025-08-10T00:00:00Z
ORD-03398,CUS-0699,2024-02-24,PROD-059,3,284.59,853.77,USD,bank_transfer,paid,shipped,standard,TRACK-D93H37K5,2024-03-01,,2024-02-24T00:00:00Z,2024-05-25T00:00:00Z
ORD-03399,CUS-0786,2024-05-17,PROD-061,4,118.46,473.84,USD,credit_card,paid,delivered,express,TRACK-7ZD9M0AF,2024-05-19,2024-05-19,2024-05-17T00:00:00Z,2025-04-21T00:00:00Z
ORD-03400,CUS-0764,2024-11-23,PROD-067,2,317.35,634.70,USD,paypal,paid,shipped,standard,TRACK-HDQ8SZ7Q,2024-12-02,,2024-11-23T00:00:00Z,2025-08-30T00:00:00Z
ORD-03401,CUS-0289,2024-05-24,PROD-054,1,511.50,511.50,USD,credit_card,paid,shipped,standard,TRACK-E0DSOSQO,2024-06-03,,2024-05-24T00:00:00Z,2024-07-10T00:00:00Z
ORD-03402,CUS-0082,2025-06-05,PROD-100,5,46.48,232.40,USD,bank_transfer,paid,placed,next_day,TRACK-PJTCS5QX,2025-06-06,,2025-06-05T00:00:00Z,2025-07-01T00:00:00Z
ORD-03403,CUS-0794,2024-04-22,PROD-025,5,499.30,2496.50,USD,debit_card,paid,shipped,standard,TRACK-0UFOHHVP,2024-04-29,,2024-04-22T00:00:00Z,2024-08-06T00:00:00Z
ORD-03404,CUS-0545,2025-06-25,PROD-089,4,304.67,1218.68,USD,debit_card,paid,delivered,international,TRACK-H9RIQLD4,2025-07-19,2025-07-20,2025-06-25T00:00:00Z,2025-08-31T00:00:00Z
ORD-03405,CUS-0963,2025-04-11,PROD-087,5,89.66,448.30,USD,credit_card,refunded,returned,next_day,TRACK-XVACIPSY,2025-04-12,2025-04-12,2025-04-11T00:00:00Z,2025-10-09T00:00:00Z
ORD-03406,CUS-0277,2024-06-12,PROD-098,2,168.10,336.20,USD,debit_card,paid,out_for_delivery,express,TRACK-YQX7JD3M,2024-06-16,,2024-06-12T00:00:00Z,2025-08-09T00:00:00Z
ORD-03407,CUS-0086,2025-02-08,PROD-028,3,249.80,749.40,USD,credit_card,paid,processing,standard,TRACK-N17BI6QL,2025-02-15,,2025-02-08T00:00:00Z,2025-10-22T00:00:00Z
ORD-03408,CUS-0293,2024-01-16,PROD-005,3,925.08,2775.24,USD,paypal,paid,confirmed,standard,TRACK-92VRZSQZ,2024-01-21,,2024-01-16T00:00:00Z,2025-08-23T00:00:00Z
ORD-03409,CUS-0416,2025-03-03,PROD-092,4,102.76,411.04,USD,paypal,paid,delivered,express,TRACK-HU0RT7NZ,2025-03-07,2025-03-10,2025-03-03T00:00:00Z,2025-11-23T00:00:00Z
ORD-03410,CUS-0612,2025-08-03,PROD-006,4,1049.94,4199.76,USD,debit_card,paid,delivered,express,TRACK-8W3R6U98,2025-08-07,2025-08-08,2025-08-03T00:00:00Z,2025-08-21T00:00:00Z
ORD-03411,CUS-0901,2024-04-20,PROD-002,2,2846.71,5693.42,USD,debit_card,paid,out_for_delivery,standard,TRACK-KSGV2F8N,2024-04-28,,2024-04-20T00:00:00Z,2025-02-06T00:00:00Z
ORD-03412,CUS-0896,2024-11-25,PROD-033,4,249.21,996.84,USD,debit_card,paid,delivered,standard,TRACK-04FX0AKN,2024-12-05,2024-12-07,2024-11-25T00:00:00Z,2025-09-05T00:00:00Z
ORD-03413,CUS-0863,2025-01-18,PROD-002,5,2846.71,14233.55,USD,credit_card,paid,shipped,express,TRACK-KAE90I2H,2025-01-21,,2025-01-18T00:00:00Z,2025-06-18T00:00:00Z
ORD-03414,CUS-0886,2025-12-25,PROD-023,3,955.05,2865.15,USD,paypal,paid,processing,express,TRACK-XCE6Q7XV,2025-12-29,,2025-12-25T00:00:00Z,2025-12-29T00:00:00Z
ORD-03415,CUS-0847,2025-08-08,PROD-005,4,925.08,3700.32,USD,debit_card,paid,delivered,express,TRACK-LIYMWL7G,2025-08-10,2025-08-10,2025-08-08T00:00:00Z,2025-09-12T00:00:00Z
ORD-03416,CUS-0088,2025-08-07,PROD-041,5,22.71,113.55,USD,credit_card,paid,delivered,standard,TRACK-LA6FRBG7,2025-08-17,2025-08-17,2025-08-07T00:00:00Z,2025-09-24T00:00:00Z
ORD-03417,CUS-0476,2024-01-18,PROD-069,1,271.07,271.07,USD,credit_card,paid,shipped,standard,TRACK-AYJ9UI8N,2024-01-25,,2024-01-18T00:00:00Z,2025-04-11T00:00:00Z
ORD-03418,CUS-0643,2024-07-12,PROD-076,2,158.70,317.40,USD,credit_card,paid,delayed,international,TRACK-AY0EE5J2,2024-08-09,,2024-07-12T00:00:00Z,2025-02-22T00:00:00Z
ORD-03419,CUS-0041,2025-01-27,PROD-081,1,150.38,150.38,USD,debit_card,paid,placed,standard,TRACK-XRKUOA1N,2025-02-01,,2025-01-27T00:00:00Z,2025-03-23T00:00:00Z
ORD-03420,CUS-0992,2025-06-05,PROD-016,2,551.74,1103.48,USD,bank_transfer,paid,processing,standard,TRACK-EY50UCAI,2025-06-11,,2025-06-05T00:00:00Z,2025-07-15T00:00:00Z
ORD-03421,CUS-0739,2024-05-03,PROD-097,2,43.21,86.42,USD,credit_card,paid,delivered,next_day,TRACK-Y7T746KG,2024-05-04,2024-05-05,2024-05-03T00:00:00Z,2024-06-09T00:00:00Z
ORD-03422,CUS-0177,2024-04-12,PROD-018,3,1487.38,4462.14,USD,credit_card,paid,delayed,express,TRACK-D4B1V4MY,2024-04-14,,2024-04-12T00:00:00Z,2025-03-14T00:00:00Z
ORD-03423,CUS-0626,2025-05-29,PROD-062,3,282.17,846.51,USD,paypal,refunded,refunded,next_day,TRACK-T275W4ZW,2025-05-30,2025-06-01,2025-05-29T00:00:00Z,2025-11-25T00:00:00Z
ORD-03424,CUS-0126,2025-08-07,PROD-080,4,255.93,1023.72,USD,debit_card,refunded,refunded,express,TRACK-OAD304DM,2025-08-09,2025-08-09,2025-08-07T00:00:00Z,2025-11-29T00:00:00Z
ORD-03425,CUS-0054,2025-11-14,PROD-011,3,1007.07,3021.21,USD,debit_card,paid,confirmed,standard,TRACK-78Y6UEAJ,2025-11-21,,2025-11-14T00:00:00Z,2025-11-23T00:00:00Z
ORD-03426,CUS-0664,2024-01-31,PROD-081,1,150.38,150.38,USD,debit_card,paid,delivered,standard,TRACK-WZG1FYUH,2024-02-08,2024-02-09,2024-01-31T00:00:00Z,2025-11-14T00:00:00Z
ORD-03427,CUS-0748,2024-05-09,PROD-090,1,289.84,289.84,USD,credit_card,paid,delivered,next_day,TRACK-LMYQZ5P8,2024-05-10,2024-05-10,2024-05-09T00:00:00Z,2025-08-27T00:00:00Z
ORD-03428,CUS-0838,2024-11-14,PROD-079,3,363.45,1090.35,USD,credit_card,paid,delivered,standard,TRACK-IMUE2I0L,2024-11-24,2024-11-27,2024-11-14T00:00:00Z,2025-07-06T00:00:00Z
ORD-03429,CUS-0684,2024-01-17,PROD-026,4,295.00,1180.00,USD,debit_card,paid,delivered,express,TRACK-S843U73Z,2024-01-19,2024-01-20,2024-01-17T00:00:00Z,2025-01-03T00:00:00Z
ORD-03430,CUS-0296,2024-10-01,PROD-006,1,1049.94,1049.94,USD,credit_card,paid,confirmed,international,TRACK-D52SJYD2,2024-10-31,,2024-10-01T00:00:00Z,2024-12-24T00:00:00Z
ORD-03431,CUS-0351,2024-09-25,PROD-070,5,55.18,275.90,USD,credit_card,paid,confirmed,international,TRACK-AALXVGPC,2024-10-20,,2024-09-25T00:00:00Z,2025-03-18T00:00:00Z
ORD-03432,CUS-0680,2025-03-20,PROD-096,3,93.24,279.72,USD,credit_card,paid,delivered,express,TRACK-Y4FEOSLI,2025-03-23,2025-03-25,2025-03-20T00:00:00Z,2025-06-26T00:00:00Z
ORD-03433,CUS-0558,2024-08-01,PROD-039,1,482.81,482.81,USD,paypal,paid,delivered,standard,TRACK-PQSHE9G1,2024-08-06,2024-08-08,2024-08-01T00:00:00Z,2025-01-04T00:00:00Z
ORD-03434,CUS-0045,2025-01-06,PROD-083,4,189.30,757.20,USD,credit_card,paid,shipped,express,TRACK-S9JBTMMW,2025-01-09,,2025-01-06T00:00:00Z,2025-10-31T00:00:00Z
ORD-03435,CUS-0835,2024-09-20,PROD-061,2,118.46,236.92,USD,bank_transfer,paid,delayed,international,TRACK-MB9KZYX5,2024-10-18,,2024-09-20T00:00:00Z,2025-12-18T00:00:00Z
ORD-03436,CUS-0814,2025-12-03,PROD-018,1,1487.38,1487.38,USD,paypal,paid,delivered,standard,TRACK-LJVGSCDQ,2025-12-13,2025-12-15,2025-12-03T00:00:00Z,2025-12-12T00:00:00Z
ORD-03437,CUS-0926,2024-05-14,PROD-035,2,297.43,594.86,USD,debit_card,refunded,cancelled,standard,TRACK-WUY69KP8,2024-05-23,,2024-05-14T00:00:00Z,2024-12-24T00:00:00Z
ORD-03438,CUS-0004,2025-09-21,PROD-036,3,341.40,1024.20,USD,debit_card,failed,cancelled,standard,TRACK-U2KPXNK5,2025-09-27,,2025-09-21T00:00:00Z,2025-11-30T00:00:00Z
ORD-03439,CUS-0852,2025-06-02,PROD-022,1,500.24,500.24,USD,debit_card,paid,placed,next_day,TRACK-41MFE6V5,2025-06-03,,2025-06-02T00:00:00Z,2025-07-12T00:00:00Z
ORD-03440,CUS-0251,2024-03-26,PROD-014,4,474.04,1896.16,USD,credit_card,partially_refunded,refunded,standard,TRACK-34O6PIBY,2024-04-05,2024-04-06,2024-03-26T00:00:00Z,2025-02-16T00:00:00Z
ORD-03441,CUS-0595,2024-03-21,PROD-006,3,1049.94,3149.82,USD,debit_card,paid,shipped,standard,TRACK-AXW41ZU4,2024-03-28,,2024-03-21T00:00:00Z,2025-06-17T00:00:00Z
ORD-03442,CUS-0216,2025-09-25,PROD-044,2,26.86,53.72,USD,debit_card,paid,delivered,standard,TRACK-Z4NF15JD,2025-10-03,2025-10-03,2025-09-25T00:00:00Z,2025-11-10T00:00:00Z
ORD-03443,CUS-0427,2025-02-06,PROD-088,3,191.92,575.76,USD,paypal,partially_refunded,returned,standard,TRACK-AHNMOQDP,2025-02-14,2025-02-17,2025-02-06T00:00:00Z,2025-08-24T00:00:00Z
ORD-03444,CUS-0614,2025-09-22,PROD-029,2,868.72,1737.44,USD,debit_card,paid,shipped,express,TRACK-X7IKP7SL,2025-09-25,,2025-09-22T00:00:00Z,2025-10-15T00:00:00Z
ORD-03445,CUS-0731,2024-07-30,PROD-068,4,296.26,1185.04,USD,debit_card,paid,delivered,standard,TRACK-PWC0II0C,2024-08-04,2024-08-07,2024-07-30T00:00:00Z,2025-10-08T00:00:00Z
ORD-03446,CUS-0490,2025-11-30,PROD-050,1,81.10,81.10,USD,paypal,paid,shipped,standard,TRACK-0MH742DY,2025-12-10,,2025-11-30T00:00:00Z,2025-12-23T00:00:00Z
ORD-03447,CUS-0943,2025-09-17,PROD-040,5,337.08,1685.40,USD,debit_card,paid,delivered,next_day,TRACK-BYD4NT4N,2025-09-18,2025-09-20,2025-09-17T00:00:00Z,2025-11-06T00:00:00Z
ORD-03448,CUS-0314,2024-01-27,PROD-055,2,407.21,814.42,USD,credit_card,refunded,cancelled,next_day,TRACK-GKTPGR68,2024-01-28,,2024-01-27T00:00:00Z,2024-04-25T00:00:00Z
ORD-03449,CUS-0468,2025-02-23,PROD-029,4,868.72,3474.88,USD,paypal,paid,delivered,standard,TRACK-9PIVNY47,2025-03-01,2025-03-04,2025-02-23T00:00:00Z,2025-11-03T00:00:00Z
ORD-03450,CUS-0776,2025-11-13,PROD-021,2,373.51,747.02,USD,paypal,paid,out_for_delivery,next_day,TRACK-QCJZOY08,2025-11-14,,2025-11-13T00:00:00Z,2025-11-20T00:00:00Z
ORD-03451,CUS-0427,2024-01-29,PROD-033,2,249.21,498.42,USD,bank_transfer,paid,confirmed,standard,TRACK-8X83J6Z3,2024-02-05,,2024-01-29T00:00:00Z,2025-05-02T00:00:00Z
ORD-03452,CUS-0179,2025-12-06,PROD-035,3,297.43,892.29,USD,paypal,paid,delivered,standard,TRACK-QJZGD2WA,2025-12-15,2025-12-17,2025-12-06T00:00:00Z,2025-12-21T00:00:00Z
ORD-03453,CUS-0526,2025-07-29,PROD-010,2,1931.10,3862.20,USD,credit_card,paid,processing,next_day,TRACK-1RAW0M18,2025-07-30,,2025-07-29T00:00:00Z,2025-10-24T00:00:00Z
ORD-03454,CUS-0198,2025-10-24,PROD-032,1,126.22,126.22,USD,debit_card,paid,delivered,standard,TRACK-DTTNOOG9,2025-11-02,2025-11-04,2025-10-24T00:00:00Z,2025-11-04T00:00:00Z
ORD-03455,CUS-0066,2024-07-17,PROD-006,1,1049.94,1049.94,USD,debit_card,partially_refunded,refunded,standard,TRACK-THY17BKJ,2024-07-25,2024-07-25,2024-07-17T00:00:00Z,2025-09-05T00:00:00Z
ORD-03456,CUS-0652,2025-11-22,PROD-083,1,189.30,189.30,USD,credit_card,paid,processing,standard,TRACK-OLSG7D32,2025-11-27,,2025-11-22T00:00:00Z,2025-12-24T00:00:00Z
ORD-03457,CUS-0806,2025-06-11,PROD-003,5,986.69,4933.45,USD,credit_card,partially_refunded,returned,next_day,TRACK-RJ5UZRT9,2025-06-12,2025-06-12,2025-06-11T00:00:00Z,2025-08-26T00:00:00Z
ORD-03458,CUS-0782,2024-09-06,PROD-076,5,158.70,793.50,USD,credit_card,paid,out_for_delivery,standard,TRACK-TVFUIY13,2024-09-16,,2024-09-06T00:00:00Z,2025-02-25T00:00:00Z
ORD-03459,CUS-0807,2025-09-24,PROD-070,1,55.18,55.18,USD,credit_card,paid,shipped,next_day,TRACK-P3X8VVEC,2025-09-25,,2025-09-24T00:00:00Z,2025-12-22T00:00:00Z
ORD-03460,CUS-0362,2025-03-31,PROD-087,5,89.66,448.30,USD,debit_card,paid,confirmed,standard,TRACK-NXPPBDSD,2025-04-06,,2025-03-31T00:00:00Z,2025-11-08T00:00:00Z
ORD-03461,CUS-0235,2025-04-16,PROD-012,2,922.70,1845.40,USD,bank_transfer,paid,processing,standard,TRACK-9UMTIUWQ,2025-04-26,,2025-04-16T00:00:00Z,2025-05-16T00:00:00Z
ORD-03462,CUS-0813,2024-12-03,PROD-015,1,987.77,987.77,USD,credit_card,refunded,cancelled,standard,TRACK-H9PVHLG4,2024-12-10,,2024-12-03T00:00:00Z,2025-04-04T00:00:00Z
ORD-03463,CUS-0379,2024-03-31,PROD-058,2,354.13,708.26,USD,paypal,paid,placed,express,TRACK-LECXPNGW,2024-04-02,,2024-03-31T00:00:00Z,2025-09-05T00:00:00Z
ORD-03464,CUS-0460,2024-05-25,PROD-005,3,925.08,2775.24,USD,debit_card,paid,shipped,standard,TRACK-2L16YBOV,2024-05-30,,2024-05-25T00:00:00Z,2024-06-24T00:00:00Z
ORD-03465,CUS-0016,2025-11-20,PROD-099,5,110.41,552.05,USD,debit_card,paid,shipped,express,TRACK-UQJXL31J,2025-11-24,,2025-11-20T00:00:00Z,2025-11-24T00:00:00Z
ORD-03466,CUS-0417,2025-11-20,PROD-090,1,289.84,289.84,USD,paypal,partially_refunded,refunded,next_day,TRACK-XPIAYC1Y,2025-11-21,2025-11-22,2025-11-20T00:00:00Z,2025-11-30T00:00:00Z
ORD-03467,CUS-0219,2024-07-03,PROD-009,2,788.22,1576.44,USD,credit_card,paid,placed,express,TRACK-FSP9BDVB,2024-07-06,,2024-07-03T00:00:00Z,2025-01-31T00:00:00Z
ORD-03468,CUS-0742,2024-10-05,PROD-096,2,93.24,186.48,USD,paypal,pending,placed,express,TRACK-ZMSAE6T3,2024-10-07,,2024-10-05T00:00:00Z,2024-11-13T00:00:00Z
ORD-03469,CUS-0676,2025-06-22,PROD-056,5,520.14,2600.70,USD,debit_card,paid,delivered,express,TRACK-F352WRMQ,2025-06-24,2025-06-26,2025-06-22T00:00:00Z,2025-09-26T00:00:00Z
ORD-03470,CUS-0960,2025-03-14,PROD-062,4,282.17,1128.68,USD,credit_card,paid,delivered,express,TRACK-H90HA682,2025-03-17,2025-03-20,2025-03-14T00:00:00Z,2025-07-10T00:00:00Z
ORD-03471,CUS-0520,2024-12-15,PROD-085,1,152.73,152.73,USD,paypal,paid,delivered,standard,TRACK-NQK612JU,2024-12-22,2024-12-25,2024-12-15T00:00:00Z,2025-04-24T00:00:00Z
ORD-03472,CUS-0177,2024-02-18,PROD-013,5,1278.38,6391.90,USD,credit_card,paid,shipped,express,TRACK-B1YQ2XJS,2024-02-22,,2024-02-18T00:00:00Z,2024-02-24T00:00:00Z
ORD-03473,CUS-0899,2025-06-17,PROD-016,4,551.74,2206.96,USD,crypto,paid,cancelled,standard,TRACK-1Q279IZV,2025-06-24,,2025-06-17T00:00:00Z,2025-09-21T00:00:00Z
ORD-03474,CUS-0463,2025-03-09,PROD-098,1,168.10,168.10,USD,paypal,partially_refunded,refunded,standard,TRACK-RVI91M04,2025-03-19,2025-03-21,2025-03-09T00:00:00Z,2025-06-17T00:00:00Z
ORD-03475,CUS-0699,2024-08-09,PROD-097,5,43.21,216.05,USD,debit_card,paid,delivered,standard,TRACK-6N7OJ2W7,2024-08-19,2024-08-22,2024-08-09T00:00:00Z,2025-04-23T00:00:00Z
ORD-03476,CUS-0042,2025-03-30,PROD-033,5,249.21,1246.05,USD,credit_card,paid,placed,standard,TRACK-MEGS7UKA,2025-04-07,,2025-03-30T00:00:00Z,2025-09-13T00:00:00Z
ORD-03477,CUS-0586,2024-04-09,PROD-023,5,955.05,4775.25,USD,paypal,paid,delivered,standard,TRACK-1BSR1OVJ,2024-04-17,2024-04-17,2024-04-09T00:00:00Z,2025-01-20T00:00:00Z
ORD-03478,CUS-0866,2025-01-28,PROD-011,3,1007.07,3021.21,USD,debit_card,paid,delivered,standard,TRACK-JX6Y181Z,2025-02-02,2025-02-04,2025-01-28T00:00:00Z,2025-08-26T00:00:00Z
ORD-03479,CUS-0199,2025-02-25,PROD-017,2,657.92,1315.84,USD,credit_card,failed,cancelled,standard,TRACK-7B7M1Y7T,2025-03-05,,2025-02-25T00:00:00Z,2025-06-24T00:00:00Z
ORD-03480,CUS-0344,2025-07-18,PROD-062,4,282.17,1128.68,USD,credit_card,paid,out_for_delivery,express,TRACK-6P2HFDWZ,2025-07-21,,2025-07-18T00:00:00Z,2025-12-08T00:00:00Z
ORD-03481,CUS-0440,2025-01-01,PROD-011,3,1007.07,3021.21,USD,debit_card,paid,out_for_delivery,express,TRACK-84KJZTMV,2025-01-04,,2025-01-01T00:00:00Z,2025-04-15T00:00:00Z
ORD-03482,CUS-0708,2025-05-07,PROD-021,4,373.51,1494.04,USD,credit_card,refunded,refunded,express,TRACK-FHDNP9HY,2025-05-11,2025-05-11,2025-05-07T00:00:00Z,2025-08-29T00:00:00Z
ORD-03483,CUS-0726,2024-06-04,PROD-032,4,126.22,504.88,USD,credit_card,paid,delayed,standard,TRACK-EG6RLTZD,2024-06-12,,2024-06-04T00:00:00Z,2025-05-22T00:00:00Z
ORD-03484,CUS-0588,2025-09-21,PROD-050,4,81.10,324.40,USD,paypal,partially_refunded,refunded,standard,TRACK-EY9P4NEL,2025-09-27,2025-09-27,2025-09-21T00:00:00Z,2025-12-31T00:00:00Z
ORD-03485,CUS-0412,2025-10-28,PROD-019,4,1140.33,4561.32,USD,credit_card,paid,delivered,express,TRACK-5ESUUUYK,2025-11-01,2025-11-03,2025-10-28T00:00:00Z,2025-11-13T00:00:00Z
ORD-03486,CUS-0445,2025-12-31,PROD-083,1,189.30,189.30,USD,crypto,paid,delivered,standard,TRACK-LT00QWHX,2025-12-31,2025-12-31,2025-12-31T00:00:00Z,2026-01-01T00:00:00Z
ORD-03487,CUS-0163,2024-11-02,PROD-001,5,2193.82,10969.10,USD,debit_card,paid,delayed,next_day,TRACK-JWSNQMQI,2024-11-03,,2024-11-02T00:00:00Z,2025-05-30T00:00:00Z
ORD-03488,CUS-0419,2025-06-13,PROD-072,1,172.02,172.02,USD,credit_card,paid,shipped,standard,TRACK-9HVELD52,2025-06-23,,2025-06-13T00:00:00Z,2025-10-16T00:00:00Z
ORD-03489,CUS-0209,2024-06-26,PROD-025,4,499.30,1997.20,USD,debit_card,paid,delivered,standard,TRACK-SVKKUC8A,2024-07-03,2024-07-04,2024-06-26T00:00:00Z,2025-02-20T00:00:00Z
ORD-03490,CUS-0366,2025-08-18,PROD-079,1,363.45,363.45,USD,credit_card,paid,delivered,standard,TRACK-DRYP7ZZ3,2025-08-24,2025-08-27,2025-08-18T00:00:00Z,2025-09-29T00:00:00Z
ORD-03491,CUS-0013,2024-05-31,PROD-041,5,22.71,113.55,USD,credit_card,paid,out_for_delivery,standard,TRACK-EBFK9N6C,2024-06-10,,2024-05-31T00:00:00Z,2024-11-02T00:00:00Z
ORD-03492,CUS-0362,2024-06-06,PROD-052,3,580.62,1741.86,USD,debit_card,paid,shipped,express,TRACK-OFVF9BPM,2024-06-09,,2024-06-06T00:00:00Z,2025-08-10T00:00:00Z
ORD-03493,CUS-0802,2024-02-25,PROD-064,2,384.19,768.38,USD,crypto,paid,out_for_delivery,standard,TRACK-PCB69785,2024-03-04,,2024-02-25T00:00:00Z,2025-02-20T00:00:00Z
ORD-03494,CUS-0240,2025-06-25,PROD-065,2,339.44,678.88,USD,paypal,partially_refunded,refunded,express,TRACK-JHDDXCY5,2025-06-29,2025-07-01,2025-06-25T00:00:00Z,2025-12-06T00:00:00Z
ORD-03495,CUS-0414,2024-04-19,PROD-080,1,255.93,255.93,USD,debit_card,paid,delivered,express,TRACK-4TSRL21M,2024-04-23,2024-04-23,2024-04-19T00:00:00Z,2025-07-02T00:00:00Z
ORD-03496,CUS-0143,2025-09-08,PROD-031,2,88.52,177.04,USD,credit_card,paid,out_for_delivery,standard,TRACK-CXCNC495,2025-09-13,,2025-09-08T00:00:00Z,2025-09-14T00:00:00Z
ORD-03497,CUS-0849,2024-09-21,PROD-003,4,986.69,3946.76,USD,debit_card,paid,delivered,standard,TRACK-21BX6S2B,2024-09-26,2024-09-27,2024-09-21T00:00:00Z,2024-09-23T00:00:00Z
ORD-03498,CUS-0911,2025-03-02,PROD-070,1,55.18,55.18,USD,debit_card,partially_refunded,returned,express,TRACK-4VB2QKH2,2025-03-06,2025-03-07,2025-03-02T00:00:00Z,2025-10-04T00:00:00Z
ORD-03499,CUS-0142,2024-04-23,PROD-031,3,88.52,265.56,USD,credit_card,paid,out_for_delivery,standard,TRACK-8OANOZ6F,2024-05-02,,2024-04-23T00:00:00Z,2025-06-09T00:00:00Z
ORD-03500,CUS-0398,2024-06-15,PROD-076,2,158.70,317.40,USD,credit_card,paid,shipped,standard,TRACK-99IFDZ3P,2024-06-20,,2024-06-15T00:00:00Z,2025-11-09T00:00:00Z
ORD-03501,CUS-0404,2025-05-29,PROD-017,1,657.92,657.92,USD,paypal,pending,placed,standard,TRACK-EOSLNC07,2025-06-04,,2025-05-29T00:00:00Z,2025-09-15T00:00:00Z
ORD-03502,CUS-0256,2024-10-15,PROD-064,4,384.19,1536.76,USD,credit_card,paid,delivered,express,TRACK-5TFLWEST,2024-10-19,2024-10-20,2024-10-15T00:00:00Z,2025-08-01T00:00:00Z
ORD-03503,CUS-0124,2024-06-01,PROD-063,2,328.94,657.88,USD,debit_card,paid,delayed,express,TRACK-SXIGZQL1,2024-06-05,,2024-06-01T00:00:00Z,2024-07-21T00:00:00Z
ORD-03504,CUS-0382,2024-10-19,PROD-041,3,22.71,68.13,USD,debit_card,paid,placed,next_day,TRACK-KLGKEH9W,2024-10-20,,2024-10-19T00:00:00Z,2024-11-05T00:00:00Z
ORD-03505,CUS-0816,2025-10-18,PROD-021,3,373.51,1120.53,USD,paypal,paid,delivered,standard,TRACK-JDY5QTSP,2025-10-25,2025-10-26,2025-10-18T00:00:00Z,2025-12-05T00:00:00Z
ORD-03506,CUS-0938,2024-01-01,PROD-002,3,2846.71,8540.13,USD,paypal,failed,cancelled,international,TRACK-9MVF5IHH,2024-01-23,,2024-01-01T00:00:00Z,2025-08-12T00:00:00Z
ORD-03507,CUS-0895,2024-07-24,PROD-045,4,111.96,447.84,USD,paypal,paid,confirmed,standard,TRACK-J80E7NV7,2024-07-31,,2024-07-24T00:00:00Z,2025-03-28T00:00:00Z
ORD-03508,CUS-0427,2024-06-15,PROD-077,1,484.12,484.12,USD,debit_card,pending,placed,international,TRACK-FM3N50BV,2024-06-25,,2024-06-15T00:00:00Z,2025-06-13T00:00:00Z
ORD-03509,CUS-0242,2025-12-24,PROD-065,5,339.44,1697.20,USD,debit_card,paid,out_for_delivery,express,TRACK-XBH5JU3U,2025-12-26,,2025-12-24T00:00:00Z,2025-12-27T00:00:00Z
ORD-03510,CUS-0927,2025-01-24,PROD-063,5,328.94,1644.70,USD,crypto,paid,confirmed,express,TRACK-CL6WXE6K,2025-01-27,,2025-01-24T00:00:00Z,2025-09-29T00:00:00Z
ORD-03511,CUS-0624,2024-01-27,PROD-037,3,290.16,870.48,USD,credit_card,paid,placed,standard,TRACK-MJA1ILW9,2024-02-04,,2024-01-27T00:00:00Z,2025-02-24T00:00:00Z
ORD-03512,CUS-0078,2025-11-03,PROD-003,3,986.69,2960.07,USD,credit_card,pending,placed,express,TRACK-39WNPUDR,2025-11-07,,2025-11-03T00:00:00Z,2025-11-03T00:00:00Z
ORD-03513,CUS-0572,2025-07-25,PROD-079,5,363.45,1817.25,USD,credit_card,paid,shipped,express,TRACK-PXCYE0K8,2025-07-29,,2025-07-25T00:00:00Z,2025-11-09T00:00:00Z
ORD-03514,CUS-0307,2024-09-06,PROD-028,5,249.80,1249.00,USD,paypal,paid,delivered,express,TRACK-TN2QAVJD,2024-09-10,2024-09-13,2024-09-06T00:00:00Z,2025-10-12T00:00:00Z
ORD-03515,CUS-0141,2025-07-19,PROD-099,4,110.41,441.64,USD,paypal,paid,delivered,express,TRACK-7V9T3WYB,2025-07-22,2025-07-24,2025-07-19T00:00:00Z,2025-10-15T00:00:00Z
ORD-03516,CUS-0850,2025-07-16,PROD-061,4,118.46,473.84,USD,credit_card,refunded,cancelled,standard,TRACK-LTD24B4H,2025-07-22,,2025-07-16T00:00:00Z,2025-07-21T00:00:00Z
ORD-03517,CUS-0418,2025-02-15,PROD-038,2,302.64,605.28,USD,debit_card,paid,placed,express,TRACK-G9I2VKC4,2025-02-17,,2025-02-15T00:00:00Z,2025-05-16T00:00:00Z
ORD-03518,CUS-0612,2024-07-25,PROD-052,5,580.62,2903.10,USD,credit_card,paid,delivered,standard,TRACK-P15031BC,2024-07-30,2024-07-31,2024-07-25T00:00:00Z,2025-10-09T00:00:00Z
ORD-03519,CUS-0323,2025-06-22,PROD-083,1,189.30,189.30,USD,credit_card,paid,delivered,express,TRACK-QUXGQHIO,2025-06-24,2025-06-25,2025-06-22T00:00:00Z,2025-06-26T00:00:00Z
ORD-03520,CUS-0334,2024-08-13,PROD-089,2,304.67,609.34,USD,debit_card,refunded,cancelled,express,TRACK-BCDW57IA,2024-08-15,,2024-08-13T00:00:00Z,2025-05-09T00:00:00Z
ORD-03521,CUS-0961,2025-11-04,PROD-072,1,172.02,172.02,USD,credit_card,refunded,returned,next_day,TRACK-FDJH1Y3M,2025-11-05,2025-11-06,2025-11-04T00:00:00Z,2025-11-07T00:00:00Z
ORD-03522,CUS-0080,2025-03-29,PROD-005,3,925.08,2775.24,USD,credit_card,paid,shipped,standard,TRACK-0ZB7CV0E,2025-04-07,,2025-03-29T00:00:00Z,2025-12-15T00:00:00Z
ORD-03523,CUS-0823,2025-10-04,PROD-048,1,127.33,127.33,USD,debit_card,pending,placed,standard,TRACK-AZD30M4E,2025-10-10,,2025-10-04T00:00:00Z,2025-12-01T00:00:00Z
ORD-03524,CUS-0797,2024-12-05,PROD-098,1,168.10,168.10,USD,debit_card,refunded,refunded,express,TRACK-QBUVIAWD,2024-12-09,2024-12-10,2024-12-05T00:00:00Z,2025-01-29T00:00:00Z
ORD-03525,CUS-0615,2024-02-02,PROD-012,3,922.70,2768.10,USD,credit_card,paid,shipped,standard,TRACK-ENT2ER1C,2024-02-11,,2024-02-02T00:00:00Z,2025-08-23T00:00:00Z
ORD-03526,CUS-0233,2025-07-06,PROD-038,2,302.64,605.28,USD,bank_transfer,paid,shipped,express,TRACK-CFMIPG7R,2025-07-10,,2025-07-06T00:00:00Z,2025-07-20T00:00:00Z
ORD-03527,CUS-0363,2024-08-23,PROD-024,2,522.20,1044.40,USD,credit_card,partially_refunded,refunded,express,TRACK-M21UCRG0,2024-08-25,2024-08-28,2024-08-23T00:00:00Z,2025-10-28T00:00:00Z
ORD-03528,CUS-0036,2025-10-08,PROD-081,3,150.38,451.14,USD,debit_card,paid,delivered,standard,TRACK-SCTMRQA4,2025-10-15,2025-10-18,2025-10-08T00:00:00Z,2025-12-02T00:00:00Z
ORD-03529,CUS-0932,2025-04-17,PROD-017,1,657.92,657.92,USD,debit_card,paid,placed,standard,TRACK-8K2BAHZM,2025-04-26,,2025-04-17T00:00:00Z,2025-06-29T00:00:00Z
ORD-03530,CUS-0880,2024-03-08,PROD-065,3,339.44,1018.32,USD,credit_card,paid,delivered,express,TRACK-TAQ54NE5,2024-03-12,2024-03-12,2024-03-08T00:00:00Z,2025-08-23T00:00:00Z
ORD-03531,CUS-0326,2024-09-23,PROD-032,4,126.22,504.88,USD,paypal,paid,shipped,standard,TRACK-0KSJ7IVK,2024-10-03,,2024-09-23T00:00:00Z,2024-12-18T00:00:00Z
ORD-03532,CUS-0410,2024-06-27,PROD-052,4,580.62,2322.48,USD,paypal,paid,delayed,express,TRACK-6D8SZI5I,2024-06-30,,2024-06-27T00:00:00Z,2025-05-04T00:00:00Z
ORD-03533,CUS-0973,2024-11-22,PROD-011,3,1007.07,3021.21,USD,credit_card,refunded,returned,express,TRACK-Q9QGTV3O,2024-11-25,2024-11-25,2024-11-22T00:00:00Z,2025-01-02T00:00:00Z
ORD-03534,CUS-0210,2024-04-29,PROD-014,2,474.04,948.08,USD,paypal,paid,cancelled,next_day,TRACK-RQ2TX2XS,2024-04-30,,2024-04-29T00:00:00Z,2024-10-15T00:00:00Z
ORD-03535,CUS-0586,2024-02-29,PROD-031,5,88.52,442.60,USD,credit_card,paid,placed,express,TRACK-FLK3BX47,2024-03-04,,2024-02-29T00:00:00Z,2024-03-26T00:00:00Z
ORD-03536,CUS-0600,2024-10-05,PROD-099,4,110.41,441.64,USD,bank_transfer,paid,delivered,next_day,TRACK-OM6ASA2G,2024-10-06,2024-10-08,2024-10-05T00:00:00Z,2025-04-12T00:00:00Z
ORD-03537,CUS-0752,2025-06-01,PROD-021,5,373.51,1867.55,USD,credit_card,paid,delayed,express,TRACK-QQUAXJEA,2025-06-04,,2025-06-01T00:00:00Z,2025-09-14T00:00:00Z
ORD-03538,CUS-0992,2024-04-16,PROD-087,4,89.66,358.64,USD,bank_transfer,paid,out_for_delivery,standard,TRACK-GRW1B4LI,2024-04-22,,2024-04-16T00:00:00Z,2024-06-12T00:00:00Z
ORD-03539,CUS-0119,2025-08-28,PROD-087,2,89.66,179.32,USD,bank_transfer,paid,shipped,express,TRACK-9KAT0LGC,2025-08-31,,2025-08-28T00:00:00Z,2025-12-04T00:00:00Z
ORD-03540,CUS-0748,2025-12-27,PROD-038,3,302.64,907.92,USD,paypal,refunded,cancelled,standard,TRACK-6MHRL06A,2025-12-31,,2025-12-27T00:00:00Z,2025-12-31T00:00:00Z
ORD-03541,CUS-0227,2024-06-01,PROD-066,4,77.92,311.68,USD,debit_card,paid,delivered,standard,TRACK-CBZ2DLF7,2024-06-07,2024-06-07,2024-06-01T00:00:00Z,2025-08-10T00:00:00Z
ORD-03542,CUS-0702,2025-08-09,PROD-061,3,118.46,355.38,USD,paypal,paid,delivered,express,TRACK-LQ0S52QN,2025-08-11,2025-08-14,2025-08-09T00:00:00Z,2025-12-06T00:00:00Z
ORD-03543,CUS-0251,2024-12-16,PROD-055,5,407.21,2036.05,USD,credit_card,paid,out_for_delivery,next_day,TRACK-XUVF5HWD,2024-12-17,,2024-12-16T00:00:00Z,2025-11-05T00:00:00Z
ORD-03544,CUS-0572,2025-05-20,PROD-011,5,1007.07,5035.35,USD,debit_card,paid,processing,standard,TRACK-LQ6CYYOZ,2025-05-28,,2025-05-20T00:00:00Z,2025-08-20T00:00:00Z
ORD-03545,CUS-0520,2024-03-28,PROD-065,5,339.44,1697.20,USD,credit_card,paid,delayed,standard,TRACK-249PXQEM,2024-04-07,,2024-03-28T00:00:00Z,2025-07-02T00:00:00Z
ORD-03546,CUS-0353,2024-09-28,PROD-070,5,55.18,275.90,USD,credit_card,paid,processing,standard,TRACK-2RT46JCT,2024-10-04,,2024-09-28T00:00:00Z,2025-09-01T00:00:00Z
ORD-03547,CUS-0280,2024-07-31,PROD-040,3,337.08,1011.24,USD,debit_card,paid,placed,next_day,TRACK-9LVDSQR3,2024-08-01,,2024-07-31T00:00:00Z,2025-04-09T00:00:00Z
ORD-03548,CUS-0321,2025-08-18,PROD-063,1,328.94,328.94,USD,credit_card,paid,cancelled,express,TRACK-CPSFA8H0,2025-08-21,,2025-08-18T00:00:00Z,2025-10-31T00:00:00Z
ORD-03549,CUS-0239,2024-01-04,PROD-057,1,81.68,81.68,USD,crypto,paid,confirmed,express,TRACK-3VSQEJ7O,2024-01-08,,2024-01-04T00:00:00Z,2025-11-29T00:00:00Z
ORD-03550,CUS-0225,2025-07-01,PROD-040,4,337.08,1348.32,USD,credit_card,paid,out_for_delivery,next_day,TRACK-NDDZTPJH,2025-07-02,,2025-07-01T00:00:00Z,2025-09-19T00:00:00Z
ORD-03551,CUS-0773,2024-04-18,PROD-064,5,384.19,1920.95,USD,debit_card,partially_refunded,refunded,standard,TRACK-E5EATO45,2024-04-25,2024-04-28,2024-04-18T00:00:00Z,2025-10-24T00:00:00Z
ORD-03552,CUS-0257,2024-10-17,PROD-005,2,925.08,1850.16,USD,credit_card,paid,delivered,express,TRACK-DC3J7GKO,2024-10-19,2024-10-20,2024-10-17T00:00:00Z,2025-10-11T00:00:00Z
ORD-03553,CUS-0166,2025-09-14,PROD-039,5,482.81,2414.05,USD,credit_card,paid,delivered,express,TRACK-P6CM363E,2025-09-18,2025-09-19,2025-09-14T00:00:00Z,2025-12-12T00:00:00Z
ORD-03554,CUS-0637,2024-09-10,PROD-011,5,1007.07,5035.35,USD,credit_card,refunded,refunded,express,TRACK-55G2FQRG,2024-09-12,2024-09-15,2024-09-10T00:00:00Z,2025-10-09T00:00:00Z
ORD-03555,CUS-0944,2024-03-19,PROD-083,2,189.30,378.60,USD,debit_card,refunded,refunded,next_day,TRACK-ZGO1V3KF,2024-03-20,2024-03-21,2024-03-19T00:00:00Z,2025-07-19T00:00:00Z
ORD-03556,CUS-0493,2024-10-30,PROD-036,4,341.40,1365.60,USD,credit_card,paid,processing,standard,TRACK-LE768NU7,2024-11-08,,2024-10-30T00:00:00Z,2025-06-30T00:00:00Z
ORD-03557,CUS-0162,2025-12-04,PROD-059,4,284.59,1138.36,USD,credit_card,pending,placed,next_day,TRACK-GTRDD9V4,2025-12-05,,2025-12-04T00:00:00Z,2025-12-12T00:00:00Z
ORD-03558,CUS-0318,2025-10-23,PROD-024,5,522.20,2611.00,USD,bank_transfer,paid,processing,standard,TRACK-H3JBAGY8,2025-10-30,,2025-10-23T00:00:00Z,2025-11-26T00:00:00Z
ORD-03559,CUS-0481,2024-06-18,PROD-015,1,987.77,987.77,USD,debit_card,pending,placed,standard,TRACK-NBB2GFWV,2024-06-28,,2024-06-18T00:00:00Z,2025-07-24T00:00:00Z
ORD-03560,CUS-0711,2024-11-23,PROD-062,2,282.17,564.34,USD,credit_card,paid,confirmed,express,TRACK-UTUTZMUN,2024-11-27,,2024-11-23T00:00:00Z,2025-01-21T00:00:00Z
ORD-03561,CUS-0598,2025-10-25,PROD-098,3,168.10,504.30,USD,debit_card,paid,delivered,standard,TRACK-PK61CTAI,2025-11-01,2025-11-04,2025-10-25T00:00:00Z,2025-10-30T00:00:00Z
ORD-03562,CUS-0720,2025-03-08,PROD-003,1,986.69,986.69,USD,debit_card,paid,delayed,express,TRACK-H2RSBYI4,2025-03-12,,2025-03-08T00:00:00Z,2025-06-02T00:00:00Z
ORD-03563,CUS-0073,2025-01-16,PROD-072,1,172.02,172.02,USD,bank_transfer,paid,delivered,standard,TRACK-OOLMOW99,2025-01-25,2025-01-25,2025-01-16T00:00:00Z,2025-03-14T00:00:00Z
ORD-03564,CUS-0488,2024-06-23,PROD-045,3,111.96,335.88,USD,debit_card,pending,placed,standard,TRACK-QNKXLTKF,2024-07-01,,2024-06-23T00:00:00Z,2024-07-17T00:00:00Z
ORD-03565,CUS-0078,2025-01-04,PROD-094,2,179.49,358.98,USD,paypal,paid,processing,express,TRACK-R7XIVV63,2025-01-08,,2025-01-04T00:00:00Z,2025-03-08T00:00:00Z
ORD-03566,CUS-0752,2025-11-02,PROD-011,5,1007.07,5035.35,USD,credit_card,partially_refunded,refunded,next_day,TRACK-2BRIFF6W,2025-11-03,2025-11-04,2025-11-02T00:00:00Z,2025-11-16T00:00:00Z
ORD-03567,CUS-0677,2025-01-28,PROD-063,1,328.94,328.94,USD,debit_card,refunded,refunded,standard,TRACK-N8VJF3GE,2025-02-05,2025-02-07,2025-01-28T00:00:00Z,2025-04-14T00:00:00Z
ORD-03568,CUS-0514,2025-10-19,PROD-032,2,126.22,252.44,USD,debit_card,paid,processing,international,TRACK-IWB5YHEX,2025-11-08,,2025-10-19T00:00:00Z,2025-10-31T00:00:00Z
ORD-03569,CUS-0511,2024-12-28,PROD-084,5,52.10,260.50,USD,bank_transfer,paid,processing,next_day,TRACK-J63HW22Z,2024-12-29,,2024-12-28T00:00:00Z,2025-09-17T00:00:00Z
ORD-03570,CUS-0770,2025-08-11,PROD-011,2,1007.07,2014.14,USD,credit_card,paid,shipped,next_day,TRACK-FD4V9MVN,2025-08-12,,2025-08-11T00:00:00Z,2025-12-20T00:00:00Z
ORD-03571,CUS-0713,2024-08-21,PROD-066,2,77.92,155.84,USD,debit_card,pending,placed,express,TRACK-RJT33VVO,2024-08-24,,2024-08-21T00:00:00Z,2025-02-25T00:00:00Z
ORD-03572,CUS-0851,2024-10-09,PROD-011,3,1007.07,3021.21,USD,credit_card,paid,shipped,international,TRACK-0LJL2VX7,2024-11-03,,2024-10-09T00:00:00Z,2025-05-16T00:00:00Z
ORD-03573,CUS-0576,2024-06-16,PROD-025,2,499.30,998.60,USD,debit_card,paid,processing,standard,TRACK-THYNYW45,2024-06-24,,2024-06-16T00:00:00Z,2025-05-30T00:00:00Z
ORD-03574,CUS-0095,2025-08-31,PROD-030,2,342.95,685.90,USD,debit_card,refunded,refunded,standard,TRACK-59LE4PMN,2025-09-10,2025-09-13,2025-08-31T00:00:00Z,2025-12-25T00:00:00Z
ORD-03575,CUS-0361,2024-02-05,PROD-057,3,81.68,245.04,USD,crypto,paid,out_for_delivery,express,TRACK-DWDT62IN,2024-02-07,,2024-02-05T00:00:00Z,2025-11-13T00:00:00Z
ORD-03576,CUS-0670,2024-12-10,PROD-048,1,127.33,127.33,USD,credit_card,paid,confirmed,standard,TRACK-1K1B00C6,2024-12-18,,2024-12-10T00:00:00Z,2025-11-13T00:00:00Z
ORD-03577,CUS-0143,2025-11-08,PROD-004,2,2579.89,5159.78,USD,debit_card,paid,confirmed,standard,TRACK-9Q8TGEP8,2025-11-16,,2025-11-08T00:00:00Z,2025-12-03T00:00:00Z
ORD-03578,CUS-0645,2025-12-13,PROD-072,4,172.02,688.08,USD,bank_transfer,paid,out_for_delivery,standard,TRACK-1AWOK8OI,2025-12-22,,2025-12-13T00:00:00Z,2026-01-01T00:00:00Z
ORD-03579,CUS-0522,2024-11-16,PROD-058,4,354.13,1416.52,USD,paypal,paid,delivered,standard,TRACK-UW1U8DAW,2024-11-25,2024-11-27,2024-11-16T00:00:00Z,2025-10-14T00:00:00Z
ORD-03580,CUS-0213,2024-07-13,PROD-068,3,296.26,888.78,USD,paypal,pending,placed,standard,TRACK-7NEZV40G,2024-07-23,,2024-07-13T00:00:00Z,2024-11-18T00:00:00Z
ORD-03581,CUS-0057,2024-03-24,PROD-090,2,289.84,579.68,USD,credit_card,paid,delivered,international,TRACK-AOLHGV86,2024-04-22,2024-04-22,2024-03-24T00:00:00Z,2025-10-16T00:00:00Z
ORD-03582,CUS-0387,2024-11-12,PROD-049,1,49.02,49.02,USD,paypal,partially_refunded,refunded,standard,TRACK-9N31372V,2024-11-18,2024-11-19,2024-11-12T00:00:00Z,2025-06-12T00:00:00Z
ORD-03583,CUS-0796,2025-09-01,PROD-048,4,127.33,509.32,USD,paypal,paid,delivered,express,TRACK-VBAKAGO0,2025-09-05,2025-09-07,2025-09-01T00:00:00Z,2025-09-25T00:00:00Z
ORD-03584,CUS-0935,2024-03-23,PROD-073,2,114.42,228.84,USD,credit_card,paid,delivered,standard,TRACK-WI538HSX,2024-04-01,2024-04-02,2024-03-23T00:00:00Z,2024-09-03T00:00:00Z
ORD-03585,CUS-0639,2024-01-09,PROD-091,3,84.12,252.36,USD,debit_card,paid,cancelled,standard,TRACK-F53IPP1A,2024-01-18,,2024-01-09T00:00:00Z,2024-06-08T00:00:00Z
ORD-03586,CUS-0765,2025-09-30,PROD-072,2,172.02,344.04,USD,debit_card,paid,delivered,standard,TRACK-C43DDND6,2025-10-05,2025-10-08,2025-09-30T00:00:00Z,2025-11-07T00:00:00Z
ORD-03587,CUS-0577,2025-11-23,PROD-062,1,282.17,282.17,USD,paypal,paid,shipped,next_day,TRACK-XZUY84O6,2025-11-24,,2025-11-23T00:00:00Z,2025-12-08T00:00:00Z
ORD-03588,CUS-0106,2024-02-21,PROD-005,5,925.08,4625.40,USD,debit_card,partially_refunded,refunded,standard,TRACK-C02ZKEHL,2024-02-27,2024-02-28,2024-02-21T00:00:00Z,2024-05-12T00:00:00Z
ORD-03589,CUS-0265,2025-12-11,PROD-062,2,282.17,564.34,USD,credit_card,paid,delivered,standard,TRACK-A73H39Q8,2025-12-16,2025-12-18,2025-12-11T00:00:00Z,2025-12-19T00:00:00Z
ORD-03590,CUS-0527,2024-03-26,PROD-029,4,868.72,3474.88,USD,bank_transfer,partially_refunded,returned,international,TRACK-U49A9OPS,2024-04-17,2024-04-18,2024-03-26T00:00:00Z,2024-04-26T00:00:00Z
ORD-03591,CUS-0949,2024-07-23,PROD-063,4,328.94,1315.76,USD,credit_card,paid,confirmed,next_day,TRACK-LNJIHE3D,2024-07-24,,2024-07-23T00:00:00Z,2025-12-30T00:00:00Z
ORD-03592,CUS-0630,2025-07-12,PROD-072,1,172.02,172.02,USD,debit_card,paid,placed,express,TRACK-TE9H9Y44,2025-07-15,,2025-07-12T00:00:00Z,2025-10-29T00:00:00Z
ORD-03593,CUS-0140,2024-10-07,PROD-028,2,249.80,499.60,USD,credit_card,paid,delivered,standard,TRACK-36EPCEW8,2024-10-13,2024-10-14,2024-10-07T00:00:00Z,2025-04-10T00:00:00Z
ORD-03594,CUS-0391,2024-12-11,PROD-050,4,81.10,324.40,USD,debit_card,paid,out_for_delivery,standard,TRACK-0OWF9RIG,2024-12-16,,2024-12-11T00:00:00Z,2025-05-19T00:00:00Z
ORD-03595,CUS-0241,2025-07-03,PROD-079,5,363.45,1817.25,USD,debit_card,refunded,returned,next_day,TRACK-8AZPOO8A,2025-07-04,2025-07-05,2025-07-03T00:00:00Z,2025-12-20T00:00:00Z
ORD-03596,CUS-0886,2025-07-22,PROD-094,4,179.49,717.96,USD,credit_card,paid,shipped,express,TRACK-MWD3P8ZP,2025-07-24,,2025-07-22T00:00:00Z,2025-11-24T00:00:00Z
ORD-03597,CUS-0980,2025-01-19,PROD-088,5,191.92,959.60,USD,credit_card,paid,shipped,next_day,TRACK-VNKPFPV6,2025-01-20,,2025-01-19T00:00:00Z,2025-04-22T00:00:00Z
ORD-03598,CUS-0564,2025-04-29,PROD-021,4,373.51,1494.04,USD,debit_card,paid,delivered,express,TRACK-W19TLKLN,2025-05-02,2025-05-04,2025-04-29T00:00:00Z,2025-10-17T00:00:00Z
ORD-03599,CUS-0572,2024-02-11,PROD-022,1,500.24,500.24,USD,credit_card,paid,confirmed,express,TRACK-XSN6F0YC,2024-02-14,,2024-02-11T00:00:00Z,2024-11-07T00:00:00Z
ORD-03600,CUS-0178,2024-02-17,PROD-097,3,43.21,129.63,USD,debit_card,paid,out_for_delivery,standard,TRACK-I5FXW933,2024-02-23,,2024-02-17T00:00:00Z,2025-07-07T00:00:00Z
ORD-03601,CUS-0466,2025-07-17,PROD-074,2,76.36,152.72,USD,paypal,refunded,returned,standard,TRACK-ZBBGB2Q4,2025-07-27,2025-07-27,2025-07-17T00:00:00Z,2025-08-09T00:00:00Z
ORD-03602,CUS-0134,2025-01-04,PROD-012,2,922.70,1845.40,USD,paypal,paid,processing,express,TRACK-TCUMM7PF,2025-01-06,,2025-01-04T00:00:00Z,2025-03-08T00:00:00Z
ORD-03603,CUS-0053,2024-07-23,PROD-050,1,81.10,81.10,USD,paypal,paid,delivered,standard,TRACK-K0BO6NZP,2024-08-02,2024-08-02,2024-07-23T00:00:00Z,2025-09-27T00:00:00Z
ORD-03604,CUS-0331,2025-02-12,PROD-009,3,788.22,2364.66,USD,debit_card,paid,placed,standard,TRACK-5JRHBFX2,2025-02-17,,2025-02-12T00:00:00Z,2025-04-26T00:00:00Z
ORD-03605,CUS-0242,2025-04-05,PROD-072,4,172.02,688.08,USD,debit_card,partially_refunded,refunded,standard,TRACK-1ATJMOV3,2025-04-15,2025-04-18,2025-04-05T00:00:00Z,2025-08-05T00:00:00Z
ORD-03606,CUS-0685,2025-06-11,PROD-027,1,795.29,795.29,USD,debit_card,paid,processing,standard,TRACK-3888XP8F,2025-06-17,,2025-06-11T00:00:00Z,2025-09-24T00:00:00Z
ORD-03607,CUS-0058,2025-10-15,PROD-017,1,657.92,657.92,USD,credit_card,paid,delivered,standard,TRACK-QQ6PTIPV,2025-10-23,2025-10-26,2025-10-15T00:00:00Z,2025-12-11T00:00:00Z
ORD-03608,CUS-0732,2024-01-15,PROD-078,3,251.87,755.61,USD,paypal,partially_refunded,returned,standard,TRACK-BM10VK99,2024-01-22,2024-01-22,2024-01-15T00:00:00Z,2025-11-11T00:00:00Z
ORD-03609,CUS-0399,2025-01-07,PROD-011,5,1007.07,5035.35,USD,paypal,paid,placed,express,TRACK-Z5OG7ML5,2025-01-09,,2025-01-07T00:00:00Z,2025-05-20T00:00:00Z
ORD-03610,CUS-0737,2025-10-10,PROD-045,1,111.96,111.96,USD,paypal,paid,delivered,express,TRACK-BNIIAXZN,2025-10-12,2025-10-15,2025-10-10T00:00:00Z,2025-11-06T00:00:00Z
ORD-03611,CUS-0127,2024-07-21,PROD-032,2,126.22,252.44,USD,debit_card,paid,shipped,standard,TRACK-L2TJHG1J,2024-07-28,,2024-07-21T00:00:00Z,2025-12-25T00:00:00Z
ORD-03612,CUS-0098,2024-11-05,PROD-052,5,580.62,2903.10,USD,paypal,partially_refunded,refunded,standard,TRACK-25WOE9WN,2024-11-13,2024-11-15,2024-11-05T00:00:00Z,2025-11-24T00:00:00Z
ORD-03613,CUS-0019,2025-05-13,PROD-081,5,150.38,751.90,USD,credit_card,paid,shipped,standard,TRACK-PYVYPY99,2025-05-18,,2025-05-13T00:00:00Z,2025-08-09T00:00:00Z
ORD-03614,CUS-0451,2025-02-06,PROD-008,1,1441.53,1441.53,USD,debit_card,paid,confirmed,express,TRACK-TFF6VZCR,2025-02-09,,2025-02-06T00:00:00Z,2025-08-03T00:00:00Z
ORD-03615,CUS-0624,2024-12-03,PROD-051,1,450.36,450.36,USD,paypal,refunded,refunded,international,TRACK-YA4Y0W71,2024-12-26,2024-12-28,2024-12-03T00:00:00Z,2025-07-18T00:00:00Z
ORD-03616,CUS-0008,2024-11-13,PROD-084,5,52.10,260.50,USD,debit_card,paid,out_for_delivery,standard,TRACK-CMCLOL9M,2024-11-19,,2024-11-13T00:00:00Z,2024-12-17T00:00:00Z
ORD-03617,CUS-0433,2025-05-28,PROD-018,1,1487.38,1487.38,USD,paypal,paid,confirmed,standard,TRACK-23J737XR,2025-06-05,,2025-05-28T00:00:00Z,2025-09-29T00:00:00Z
ORD-03618,CUS-0534,2024-05-05,PROD-045,2,111.96,223.92,USD,credit_card,paid,out_for_delivery,express,TRACK-CJ1AJ0IM,2024-05-09,,2024-05-05T00:00:00Z,2024-06-17T00:00:00Z
ORD-03619,CUS-0764,2025-10-26,PROD-082,2,235.36,470.72,USD,credit_card,partially_refunded,returned,standard,TRACK-VQJDDGB9,2025-11-04,2025-11-06,2025-10-26T00:00:00Z,2025-11-20T00:00:00Z
ORD-03620,CUS-0980,2025-10-10,PROD-051,2,450.36,900.72,USD,credit_card,paid,shipped,international,TRACK-ZDHYVPQC,2025-11-05,,2025-10-10T00:00:00Z,2025-12-28T00:00:00Z
ORD-03621,CUS-0346,2024-04-21,PROD-017,5,657.92,3289.60,USD,debit_card,paid,delivered,express,TRACK-8FFWEC74,2024-04-23,2024-04-23,2024-04-21T00:00:00Z,2025-03-05T00:00:00Z
ORD-03622,CUS-0495,2025-12-09,PROD-075,4,343.41,1373.64,USD,credit_card,paid,delivered,standard,TRACK-JWWUTSXI,2025-12-19,2025-12-20,2025-12-09T00:00:00Z,2025-12-21T00:00:00Z
ORD-03623,CUS-0677,2024-11-17,PROD-005,2,925.08,1850.16,USD,debit_card,paid,delivered,standard,TRACK-IZ6J4CEV,2024-11-26,2024-11-27,2024-11-17T00:00:00Z,2025-07-09T00:00:00Z
ORD-03624,CUS-0713,2025-06-06,PROD-067,3,317.35,952.05,USD,credit_card,paid,processing,standard,TRACK-PUC8SOKP,2025-06-11,,2025-06-06T00:00:00Z,2025-11-02T00:00:00Z
ORD-03625,CUS-0171,2024-04-13,PROD-007,5,2312.54,11562.70,USD,credit_card,paid,delivered,express,TRACK-C2WVWH1F,2024-04-16,2024-04-16,2024-04-13T00:00:00Z,2024-08-08T00:00:00Z
ORD-03626,CUS-0387,2025-06-06,PROD-023,1,955.05,955.05,USD,paypal,paid,placed,express,TRACK-27Q86DU5,2025-06-10,,2025-06-06T00:00:00Z,2025-11-17T00:00:00Z
ORD-03627,CUS-0739,2025-04-10,PROD-005,4,925.08,3700.32,USD,debit_card,paid,confirmed,express,TRACK-7U9P6MCM,2025-04-13,,2025-04-10T00:00:00Z,2025-08-07T00:00:00Z
ORD-03628,CUS-0287,2024-02-21,PROD-003,2,986.69,1973.38,USD,credit_card,paid,out_for_delivery,express,TRACK-CCEQLY47,2024-02-24,,2024-02-21T00:00:00Z,2024-05-26T00:00:00Z
ORD-03629,CUS-0716,2025-10-06,PROD-081,4,150.38,601.52,USD,paypal,pending,placed,express,TRACK-OS516XEN,2025-10-08,,2025-10-06T00:00:00Z,2025-11-05T00:00:00Z
ORD-03630,CUS-0053,2024-10-29,PROD-004,3,2579.89,7739.67,USD,debit_card,paid,delivered,standard,TRACK-6J2TQWOO,2024-11-03,2024-11-03,2024-10-29T00:00:00Z,2025-05-07T00:00:00Z
ORD-03631,CUS-0475,2024-02-20,PROD-005,1,925.08,925.08,USD,credit_card,paid,cancelled,standard,TRACK-C4RP6PLY,2024-02-28,,2024-02-20T00:00:00Z,2025-11-04T00:00:00Z
ORD-03632,CUS-0345,2025-05-09,PROD-043,2,53.52,107.04,USD,paypal,paid,delivered,standard,TRACK-JXT3CNRY,2025-05-19,2025-05-20,2025-05-09T00:00:00Z,2025-09-08T00:00:00Z
ORD-03633,CUS-0153,2024-06-23,PROD-063,3,328.94,986.82,USD,credit_card,paid,cancelled,standard,TRACK-OGWHFEMX,2024-06-28,,2024-06-23T00:00:00Z,2024-10-11T00:00:00Z
ORD-03634,CUS-0179,2025-08-26,PROD-080,5,255.93,1279.65,USD,debit_card,paid,processing,next_day,TRACK-3S8DYDGL,2025-08-27,,2025-08-26T00:00:00Z,2025-09-01T00:00:00Z
ORD-03635,CUS-0466,2025-12-05,PROD-060,1,420.27,420.27,USD,credit_card,pending,placed,standard,TRACK-CYZ4USVV,2025-12-13,,2025-12-05T00:00:00Z,2025-12-21T00:00:00Z
ORD-03636,CUS-0674,2024-11-25,PROD-039,2,482.81,965.62,USD,credit_card,paid,shipped,standard,TRACK-5TEPGG3Y,2024-11-30,,2024-11-25T00:00:00Z,2025-07-10T00:00:00Z
ORD-03637,CUS-0239,2024-07-20,PROD-051,4,450.36,1801.44,USD,bank_transfer,paid,delayed,next_day,TRACK-9M73SLZ3,2024-07-21,,2024-07-20T00:00:00Z,2024-08-01T00:00:00Z
ORD-03638,CUS-0964,2025-04-11,PROD-094,4,179.49,717.96,USD,debit_card,paid,cancelled,standard,TRACK-HPGCYZO6,2025-04-18,,2025-04-11T00:00:00Z,2025-11-26T00:00:00Z
ORD-03639,CUS-0359,2024-03-09,PROD-029,1,868.72,868.72,USD,credit_card,refunded,returned,express,TRACK-58VP4GL7,2024-03-12,2024-03-12,2024-03-09T00:00:00Z,2025-03-25T00:00:00Z
ORD-03640,CUS-0359,2025-09-26,PROD-017,1,657.92,657.92,USD,debit_card,paid,delivered,standard,TRACK-HVRJQAYZ,2025-10-03,2025-10-06,2025-09-26T00:00:00Z,2025-12-02T00:00:00Z
ORD-03641,CUS-0883,2025-08-14,PROD-037,2,290.16,580.32,USD,credit_card,paid,out_for_delivery,standard,TRACK-ML15G35F,2025-08-19,,2025-08-14T00:00:00Z,2025-10-01T00:00:00Z
ORD-03642,CUS-0034,2025-08-20,PROD-067,1,317.35,317.35,USD,paypal,paid,confirmed,international,TRACK-UHP899DF,2025-09-06,,2025-08-20T00:00:00Z,2025-11-04T00:00:00Z
ORD-03643,CUS-0119,2025-11-09,PROD-040,2,337.08,674.16,USD,debit_card,paid,delivered,express,TRACK-C5KE33JW,2025-11-11,2025-11-12,2025-11-09T00:00:00Z,2025-11-21T00:00:00Z
ORD-03644,CUS-0144,2025-08-02,PROD-038,3,302.64,907.92,USD,bank_transfer,refunded,cancelled,standard,TRACK-VPZZB25W,2025-08-07,,2025-08-02T00:00:00Z,2025-11-16T00:00:00Z
ORD-03645,CUS-0592,2024-08-16,PROD-078,3,251.87,755.61,USD,paypal,paid,delivered,next_day,TRACK-UQOVQ0OV,2024-08-17,2024-08-17,2024-08-16T00:00:00Z,2025-11-15T00:00:00Z
ORD-03646,CUS-0473,2024-04-30,PROD-019,4,1140.33,4561.32,USD,credit_card,refunded,cancelled,standard,TRACK-XZ7R2ZC0,2024-05-10,,2024-04-30T00:00:00Z,2025-06-06T00:00:00Z
ORD-03647,CUS-0298,2025-06-29,PROD-023,4,955.05,3820.20,USD,credit_card,partially_refunded,refunded,standard,TRACK-X7G9S0GD,2025-07-05,2025-07-07,2025-06-29T00:00:00Z,2026-01-01T00:00:00Z
ORD-03648,CUS-0627,2024-11-17,PROD-024,5,522.20,2611.00,USD,debit_card,paid,shipped,standard,TRACK-L27LIH6D,2024-11-27,,2024-11-17T00:00:00Z,2025-06-02T00:00:00Z
ORD-03649,CUS-0080,2025-03-06,PROD-026,5,295.00,1475.00,USD,paypal,paid,processing,standard,TRACK-90WBKP48,2025-03-14,,2025-03-06T00:00:00Z,2025-10-18T00:00:00Z
ORD-03650,CUS-0999,2024-02-04,PROD-039,4,482.81,1931.24,USD,paypal,paid,confirmed,international,TRACK-T5BZSWVD,2024-02-29,,2024-02-04T00:00:00Z,2024-02-26T00:00:00Z
ORD-03651,CUS-0554,2025-07-24,PROD-033,1,249.21,249.21,USD,paypal,paid,shipped,next_day,TRACK-9RZC0FLA,2025-07-25,,2025-07-24T00:00:00Z,2025-09-14T00:00:00Z
ORD-03652,CUS-0992,2025-03-11,PROD-097,1,43.21,43.21,USD,debit_card,refunded,cancelled,standard,TRACK-BC5OIFGN,2025-03-21,,2025-03-11T00:00:00Z,2025-04-28T00:00:00Z
ORD-03653,CUS-0658,2025-08-18,PROD-092,4,102.76,411.04,USD,debit_card,paid,delivered,standard,TRACK-22HR9N21,2025-08-28,2025-08-31,2025-08-18T00:00:00Z,2025-09-15T00:00:00Z
ORD-03654,CUS-0593,2025-08-26,PROD-057,4,81.68,326.72,USD,paypal,paid,delayed,express,TRACK-PCGNDJPT,2025-08-29,,2025-08-26T00:00:00Z,2025-11-27T00:00:00Z
ORD-03655,CUS-0595,2024-02-12,PROD-064,1,384.19,384.19,USD,crypto,paid,out_for_delivery,standard,TRACK-969EC0F3,2024-02-17,,2024-02-12T00:00:00Z,2025-11-08T00:00:00Z
ORD-03656,CUS-0820,2025-10-28,PROD-057,1,81.68,81.68,USD,debit_card,paid,delivered,express,TRACK-1QDPHJUF,2025-10-31,2025-11-01,2025-10-28T00:00:00Z,2025-12-29T00:00:00Z
ORD-03657,CUS-0533,2024-04-04,PROD-054,4,511.50,2046.00,USD,credit_card,paid,delivered,standard,TRACK-AKM9EAD0,2024-04-13,2024-04-16,2024-04-04T00:00:00Z,2025-07-29T00:00:00Z
ORD-03658,CUS-0013,2024-10-03,PROD-014,3,474.04,1422.12,USD,bank_transfer,paid,delivered,express,TRACK-QDZNX80E,2024-10-06,2024-10-06,2024-10-03T00:00:00Z,2024-12-16T00:00:00Z
ORD-03659,CUS-0704,2025-09-02,PROD-046,5,67.55,337.75,USD,credit_card,paid,processing,next_day,TRACK-9YCR0UPP,2025-09-03,,2025-09-02T00:00:00Z,2025-09-22T00:00:00Z
ORD-03660,CUS-0121,2024-03-10,PROD-041,1,22.71,22.71,USD,paypal,refunded,returned,next_day,TRACK-3CA00SFR,2024-03-11,2024-03-14,2024-03-10T00:00:00Z,2025-03-04T00:00:00Z
ORD-03661,CUS-0196,2025-08-03,PROD-078,5,251.87,1259.35,USD,paypal,paid,delivered,express,TRACK-PWQ7F139,2025-08-05,2025-08-08,2025-08-03T00:00:00Z,2025-11-17T00:00:00Z
ORD-03662,CUS-0790,2025-03-29,PROD-058,2,354.13,708.26,USD,paypal,paid,placed,standard,TRACK-3MEYYIB7,2025-04-03,,2025-03-29T00:00:00Z,2025-10-22T00:00:00Z
ORD-03663,CUS-0146,2025-05-11,PROD-099,4,110.41,441.64,USD,bank_transfer,paid,out_for_delivery,express,TRACK-T5LPXN9E,2025-05-13,,2025-05-11T00:00:00Z,2025-05-16T00:00:00Z
ORD-03664,CUS-0411,2025-02-06,PROD-052,1,580.62,580.62,USD,credit_card,paid,delivered,express,TRACK-ZRWMH05A,2025-02-10,2025-02-10,2025-02-06T00:00:00Z,2025-06-19T00:00:00Z
ORD-03665,CUS-0815,2024-01-15,PROD-067,4,317.35,1269.40,USD,debit_card,paid,delivered,standard,TRACK-5W53NAHO,2024-01-21,2024-01-22,2024-01-15T00:00:00Z,2024-07-08T00:00:00Z
ORD-03666,CUS-0233,2024-11-26,PROD-061,1,118.46,118.46,USD,debit_card,paid,shipped,next_day,TRACK-4KFGP9RJ,2024-11-27,,2024-11-26T00:00:00Z,2025-11-20T00:00:00Z
ORD-03667,CUS-0944,2024-10-17,PROD-024,1,522.20,522.20,USD,credit_card,paid,shipped,next_day,TRACK-S83V9ZS4,2024-10-18,,2024-10-17T00:00:00Z,2025-11-29T00:00:00Z
ORD-03668,CUS-0148,2024-01-19,PROD-028,4,249.80,999.20,USD,paypal,paid,delivered,standard,TRACK-BLL0O7DS,2024-01-27,2024-01-29,2024-01-19T00:00:00Z,2024-06-01T00:00:00Z
ORD-03669,CUS-0294,2024-01-24,PROD-093,5,61.11,305.55,USD,credit_card,paid,out_for_delivery,standard,TRACK-4L48X9AL,2024-02-01,,2024-01-24T00:00:00Z,2024-12-02T00:00:00Z
ORD-03670,CUS-0592,2025-10-03,PROD-049,2,49.02,98.04,USD,debit_card,paid,cancelled,standard,TRACK-DTEOFJ64,2025-10-09,,2025-10-03T00:00:00Z,2025-11-18T00:00:00Z
ORD-03671,CUS-0298,2024-11-27,PROD-096,1,93.24,93.24,USD,debit_card,paid,delivered,standard,TRACK-Z4BXZFY9,2024-12-07,2024-12-10,2024-11-27T00:00:00Z,2025-09-28T00:00:00Z
ORD-03672,CUS-0634,2025-03-06,PROD-021,4,373.51,1494.04,USD,paypal,paid,confirmed,standard,TRACK-460DQTX4,2025-03-15,,2025-03-06T00:00:00Z,2025-03-27T00:00:00Z
ORD-03673,CUS-0551,2025-12-22,PROD-079,4,363.45,1453.80,USD,credit_card,paid,shipped,next_day,TRACK-XUDOF83E,2025-12-23,,2025-12-22T00:00:00Z,2025-12-31T00:00:00Z
ORD-03674,CUS-0228,2025-01-25,PROD-088,5,191.92,959.60,USD,debit_card,paid,out_for_delivery,standard,TRACK-R9GGSPAJ,2025-02-01,,2025-01-25T00:00:00Z,2025-03-02T00:00:00Z
ORD-03675,CUS-0552,2025-08-01,PROD-050,3,81.10,243.30,USD,credit_card,paid,delivered,standard,TRACK-6BBB6F01,2025-08-11,2025-08-12,2025-08-01T00:00:00Z,2025-10-23T00:00:00Z
ORD-03676,CUS-0650,2024-04-13,PROD-062,3,282.17,846.51,USD,credit_card,paid,processing,standard,TRACK-V7V07CMX,2024-04-20,,2024-04-13T00:00:00Z,2025-03-22T00:00:00Z
ORD-03677,CUS-0220,2024-05-17,PROD-081,3,150.38,451.14,USD,bank_transfer,paid,confirmed,express,TRACK-OZ8BULO1,2024-05-19,,2024-05-17T00:00:00Z,2024-05-20T00:00:00Z
ORD-03678,CUS-0726,2025-06-11,PROD-020,5,848.04,4240.20,USD,credit_card,paid,shipped,standard,TRACK-C4ZWBMFN,2025-06-16,,2025-06-11T00:00:00Z,2025-09-13T00:00:00Z
ORD-03679,CUS-0894,2024-06-03,PROD-033,4,249.21,996.84,USD,bank_transfer,partially_refunded,refunded,next_day,TRACK-5XCB7ESQ,2024-06-04,2024-06-06,2024-06-03T00:00:00Z,2025-08-19T00:00:00Z
ORD-03680,CUS-0520,2024-01-22,PROD-066,5,77.92,389.60,USD,bank_transfer,paid,placed,express,TRACK-YFAZD0SN,2024-01-25,,2024-01-22T00:00:00Z,2025-02-18T00:00:00Z
ORD-03681,CUS-0284,2024-07-25,PROD-013,4,1278.38,5113.52,USD,credit_card,paid,confirmed,international,TRACK-UDGCJT8O,2024-08-20,,2024-07-25T00:00:00Z,2025-01-20T00:00:00Z
ORD-03682,CUS-0623,2025-01-11,PROD-041,3,22.71,68.13,USD,credit_card,partially_refunded,returned,international,TRACK-9U59WVL3,2025-01-26,2025-01-29,2025-01-11T00:00:00Z,2025-09-18T00:00:00Z
ORD-03683,CUS-0039,2024-12-20,PROD-008,4,1441.53,5766.12,USD,credit_card,paid,confirmed,next_day,TRACK-K5G2FXZ6,2024-12-21,,2024-12-20T00:00:00Z,2025-12-16T00:00:00Z
ORD-03684,CUS-0096,2024-02-14,PROD-055,5,407.21,2036.05,USD,crypto,refunded,refunded,express,TRACK-YUL20PHD,2024-02-16,2024-02-16,2024-02-14T00:00:00Z,2024-02-21T00:00:00Z
ORD-03685,CUS-0209,2024-09-21,PROD-064,5,384.19,1920.95,USD,paypal,paid,delivered,standard,TRACK-29W772BY,2024-09-29,2024-10-02,2024-09-21T00:00:00Z,2025-03-07T00:00:00Z
ORD-03686,CUS-0458,2025-01-05,PROD-012,3,922.70,2768.10,USD,credit_card,paid,delayed,standard,TRACK-N9GYRLO9,2025-01-14,,2025-01-05T00:00:00Z,2025-05-29T00:00:00Z
ORD-03687,CUS-0855,2025-04-12,PROD-044,5,26.86,134.30,USD,credit_card,paid,delayed,express,TRACK-35XAMVT4,2025-04-16,,2025-04-12T00:00:00Z,2025-05-13T00:00:00Z
ORD-03688,CUS-0367,2024-01-19,PROD-049,2,49.02,98.04,USD,credit_card,failed,cancelled,express,TRACK-1EY0BD4A,2024-01-22,,2024-01-19T00:00:00Z,2024-09-19T00:00:00Z
ORD-03689,CUS-0233,2024-06-15,PROD-001,3,2193.82,6581.46,USD,credit_card,paid,out_for_delivery,express,TRACK-PWPX7QA7,2024-06-17,,2024-06-15T00:00:00Z,2025-11-17T00:00:00Z
ORD-03690,CUS-0055,2025-11-07,PROD-080,1,255.93,255.93,USD,credit_card,pending,placed,express,TRACK-WPGK9ME4,2025-11-10,,2025-11-07T00:00:00Z,2025-11-19T00:00:00Z
ORD-03691,CUS-0265,2024-10-16,PROD-026,5,295.00,1475.00,USD,paypal,pending,placed,next_day,TRACK-BIWMRWMT,2024-10-17,,2024-10-16T00:00:00Z,2025-02-05T00:00:00Z
ORD-03692,CUS-0988,2024-11-11,PROD-083,5,189.30,946.50,USD,debit_card,refunded,refunded,next_day,TRACK-RRCH68HW,2024-11-12,2024-11-13,2024-11-11T00:00:00Z,2025-06-03T00:00:00Z
ORD-03693,CUS-0739,2025-01-19,PROD-027,5,795.29,3976.45,USD,debit_card,paid,delivered,standard,TRACK-JY83EP2X,2025-01-26,2025-01-26,2025-01-19T00:00:00Z,2025-06-19T00:00:00Z
ORD-03694,CUS-0217,2024-08-20,PROD-091,1,84.12,84.12,USD,credit_card,paid,shipped,standard,TRACK-1OPDSN5G,2024-08-26,,2024-08-20T00:00:00Z,2025-03-16T00:00:00Z
ORD-03695,CUS-0781,2025-10-01,PROD-032,2,126.22,252.44,USD,credit_card,pending,placed,next_day,TRACK-F5CREMG7,2025-10-02,,2025-10-01T00:00:00Z,2025-10-15T00:00:00Z
ORD-03696,CUS-0725,2024-10-24,PROD-062,2,282.17,564.34,USD,debit_card,paid,delayed,standard,TRACK-MDZ47FPV,2024-10-30,,2024-10-24T00:00:00Z,2024-10-27T00:00:00Z
ORD-03697,CUS-0592,2025-05-22,PROD-076,1,158.70,158.70,USD,crypto,paid,out_for_delivery,express,TRACK-WNIAI4T1,2025-05-26,,2025-05-22T00:00:00Z,2025-09-08T00:00:00Z
ORD-03698,CUS-0200,2025-09-01,PROD-043,3,53.52,160.56,USD,paypal,paid,confirmed,standard,TRACK-A25NQLQZ,2025-09-06,,2025-09-01T00:00:00Z,2025-10-21T00:00:00Z
ORD-03699,CUS-0260,2024-05-19,PROD-020,3,848.04,2544.12,USD,bank_transfer,paid,out_for_delivery,express,TRACK-1CBHF19K,2024-05-21,,2024-05-19T00:00:00Z,2024-12-01T00:00:00Z
ORD-03700,CUS-0555,2024-11-15,PROD-011,3,1007.07,3021.21,USD,debit_card,refunded,cancelled,standard,TRACK-EZDJJFNF,2024-11-21,,2024-11-15T00:00:00Z,2024-12-22T00:00:00Z
ORD-03701,CUS-0923,2024-07-06,PROD-080,1,255.93,255.93,USD,paypal,paid,out_for_delivery,standard,TRACK-CDYNVYR4,2024-07-12,,2024-07-06T00:00:00Z,2025-12-04T00:00:00Z
ORD-03702,CUS-0908,2024-11-26,PROD-037,2,290.16,580.32,USD,bank_transfer,paid,delivered,international,TRACK-FUEWPCJA,2024-12-06,2024-12-07,2024-11-26T00:00:00Z,2025-06-30T00:00:00Z
ORD-03703,CUS-0556,2025-04-04,PROD-094,1,179.49,179.49,USD,credit_card,pending,placed,standard,TRACK-8YTJ26Q1,2025-04-11,,2025-04-04T00:00:00Z,2025-05-05T00:00:00Z
ORD-03704,CUS-0062,2024-09-16,PROD-041,2,22.71,45.42,USD,crypto,paid,delivered,next_day,TRACK-FF3K8HPK,2024-09-17,2024-09-19,2024-09-16T00:00:00Z,2025-09-02T00:00:00Z
ORD-03705,CUS-0649,2025-01-02,PROD-086,1,272.87,272.87,USD,credit_card,refunded,cancelled,express,TRACK-UHRX8VG6,2025-01-04,,2025-01-02T00:00:00Z,2025-04-14T00:00:00Z
ORD-03706,CUS-0746,2025-05-01,PROD-061,3,118.46,355.38,USD,bank_transfer,paid,delayed,standard,TRACK-X1CKJ1EM,2025-05-08,,2025-05-01T00:00:00Z,2025-10-20T00:00:00Z
ORD-03707,CUS-0415,2025-02-03,PROD-018,1,1487.38,1487.38,USD,debit_card,paid,shipped,standard,TRACK-SNMTMUD6,2025-02-13,,2025-02-03T00:00:00Z,2025-11-19T00:00:00Z
ORD-03708,CUS-0777,2024-08-13,PROD-008,3,1441.53,4324.59,USD,crypto,paid,out_for_delivery,next_day,TRACK-7JWM5THV,2024-08-14,,2024-08-13T00:00:00Z,2025-10-04T00:00:00Z
ORD-03709,CUS-0108,2024-03-12,PROD-016,2,551.74,1103.48,USD,debit_card,paid,cancelled,standard,TRACK-F4CG41D7,2024-03-22,,2024-03-12T00:00:00Z,2025-05-15T00:00:00Z
ORD-03710,CUS-0143,2024-04-03,PROD-046,5,67.55,337.75,USD,debit_card,paid,out_for_delivery,next_day,TRACK-DB2XS3HD,2024-04-04,,2024-04-03T00:00:00Z,2025-03-02T00:00:00Z
ORD-03711,CUS-0955,2025-10-30,PROD-019,5,1140.33,5701.65,USD,debit_card,pending,placed,express,TRACK-K45TXTCA,2025-11-02,,2025-10-30T00:00:00Z,2025-12-06T00:00:00Z
ORD-03712,CUS-0038,2024-09-08,PROD-036,5,341.40,1707.00,USD,credit_card,refunded,cancelled,express,TRACK-7OL8C4W8,2024-09-11,,2024-09-08T00:00:00Z,2024-11-21T00:00:00Z
ORD-03713,CUS-0898,2024-09-03,PROD-031,5,88.52,442.60,USD,debit_card,partially_refunded,refunded,standard,TRACK-1UJYPM7U,2024-09-09,2024-09-09,2024-09-03T00:00:00Z,2025-02-03T00:00:00Z
ORD-03714,CUS-0536,2025-06-20,PROD-072,3,172.02,516.06,USD,paypal,pending,placed,standard,TRACK-NVOXWCRR,2025-06-28,,2025-06-20T00:00:00Z,2025-07-22T00:00:00Z
ORD-03715,CUS-0374,2024-08-03,PROD-024,2,522.20,1044.40,USD,credit_card,paid,placed,express,TRACK-F95MBAEB,2024-08-07,,2024-08-03T00:00:00Z,2024-09-18T00:00:00Z
ORD-03716,CUS-0488,2025-06-15,PROD-047,5,81.88,409.40,USD,debit_card,paid,confirmed,standard,TRACK-RYSVICSM,2025-06-23,,2025-06-15T00:00:00Z,2025-12-01T00:00:00Z
ORD-03717,CUS-0953,2024-07-29,PROD-062,3,282.17,846.51,USD,credit_card,paid,placed,standard,TRACK-T69OQAGR,2024-08-08,,2024-07-29T00:00:00Z,2025-10-24T00:00:00Z
ORD-03718,CUS-0580,2025-05-01,PROD-052,2,580.62,1161.24,USD,credit_card,paid,delivered,standard,TRACK-HPE77UY0,2025-05-06,2025-05-06,2025-05-01T00:00:00Z,2025-06-19T00:00:00Z
ORD-03719,CUS-0345,2025-06-22,PROD-062,2,282.17,564.34,USD,credit_card,refunded,refunded,next_day,TRACK-W9WQBTLP,2025-06-23,2025-06-26,2025-06-22T00:00:00Z,2025-11-28T00:00:00Z
ORD-03720,CUS-0378,2024-08-25,PROD-087,4,89.66,358.64,USD,debit_card,paid,shipped,standard,TRACK-J42PWM0J,2024-09-03,,2024-08-25T00:00:00Z,2024-12-19T00:00:00Z
ORD-03721,CUS-0389,2024-01-06,PROD-066,5,77.92,389.60,USD,debit_card,paid,delivered,express,TRACK-7SZC1FPO,2024-01-09,2024-01-09,2024-01-06T00:00:00Z,2025-01-03T00:00:00Z
ORD-03722,CUS-0974,2024-05-12,PROD-046,3,67.55,202.65,USD,credit_card,refunded,cancelled,express,TRACK-8W17L6BA,2024-05-14,,2024-05-12T00:00:00Z,2025-11-20T00:00:00Z
ORD-03723,CUS-0590,2025-04-22,PROD-089,2,304.67,609.34,USD,debit_card,partially_refunded,refunded,express,TRACK-BG8R88I5,2025-04-24,2025-04-26,2025-04-22T00:00:00Z,2025-11-05T00:00:00Z
ORD-03724,CUS-0215,2025-02-17,PROD-081,2,150.38,300.76,USD,paypal,pending,placed,express,TRACK-3S5QJ8NK,2025-02-21,,2025-02-17T00:00:00Z,2025-11-15T00:00:00Z
ORD-03725,CUS-0534,2024-09-04,PROD-031,4,88.52,354.08,USD,bank_transfer,paid,confirmed,express,TRACK-YE90LP4Y,2024-09-07,,2024-09-04T00:00:00Z,2025-04-29T00:00:00Z
ORD-03726,CUS-0974,2025-07-01,PROD-009,5,788.22,3941.10,USD,credit_card,paid,delivered,next_day,TRACK-YYXM4IV5,2025-07-02,2025-07-04,2025-07-01T00:00:00Z,2025-11-22T00:00:00Z
ORD-03727,CUS-0417,2024-07-24,PROD-058,1,354.13,354.13,USD,debit_card,paid,out_for_delivery,express,TRACK-2TOH9K4C,2024-07-28,,2024-07-24T00:00:00Z,2024-11-02T00:00:00Z
ORD-03728,CUS-0176,2025-04-12,PROD-058,5,354.13,1770.65,USD,debit_card,paid,shipped,standard,TRACK-QL586TE6,2025-04-17,,2025-04-12T00:00:00Z,2025-06-25T00:00:00Z
ORD-03729,CUS-0495,2024-10-27,PROD-005,5,925.08,4625.40,USD,paypal,paid,confirmed,next_day,TRACK-E72OEIH4,2024-10-28,,2024-10-27T00:00:00Z,2025-02-25T00:00:00Z
ORD-03730,CUS-0113,2025-05-25,PROD-052,2,580.62,1161.24,USD,credit_card,paid,delivered,standard,TRACK-IF3LRCXX,2025-05-30,2025-06-01,2025-05-25T00:00:00Z,2025-07-14T00:00:00Z
ORD-03731,CUS-0054,2024-10-31,PROD-063,3,328.94,986.82,USD,paypal,paid,shipped,express,TRACK-BAM5X86X,2024-11-02,,2024-10-31T00:00:00Z,2025-02-08T00:00:00Z
ORD-03732,CUS-0596,2024-05-14,PROD-088,2,191.92,383.84,USD,credit_card,paid,out_for_delivery,next_day,TRACK-A8BS1WCX,2024-05-15,,2024-05-14T00:00:00Z,2024-10-12T00:00:00Z
ORD-03733,CUS-0745,2024-10-09,PROD-078,4,251.87,1007.48,USD,credit_card,paid,confirmed,next_day,TRACK-6XR5XEZG,2024-10-10,,2024-10-09T00:00:00Z,2025-09-24T00:00:00Z
ORD-03734,CUS-0432,2024-07-22,PROD-004,1,2579.89,2579.89,USD,credit_card,paid,delivered,express,TRACK-VYYO6CD6,2024-07-24,2024-07-24,2024-07-22T00:00:00Z,2025-02-21T00:00:00Z
ORD-03735,CUS-0052,2024-01-16,PROD-066,3,77.92,233.76,USD,credit_card,paid,placed,express,TRACK-C6TD37VI,2024-01-18,,2024-01-16T00:00:00Z,2025-02-01T00:00:00Z
ORD-03736,CUS-0263,2025-11-08,PROD-018,2,1487.38,2974.76,USD,debit_card,paid,delayed,standard,TRACK-YDRRDN20,2025-11-14,,2025-11-08T00:00:00Z,2025-12-04T00:00:00Z
ORD-03737,CUS-0372,2025-03-18,PROD-084,3,52.10,156.30,USD,credit_card,paid,out_for_delivery,standard,TRACK-RFY5O5BF,2025-03-25,,2025-03-18T00:00:00Z,2025-04-29T00:00:00Z
ORD-03738,CUS-0929,2025-01-21,PROD-003,1,986.69,986.69,USD,paypal,paid,confirmed,standard,TRACK-590OKMSA,2025-01-31,,2025-01-21T00:00:00Z,2025-05-31T00:00:00Z
ORD-03739,CUS-0775,2025-12-10,PROD-009,2,788.22,1576.44,USD,bank_transfer,paid,delayed,standard,TRACK-MN9LOIQW,2025-12-16,,2025-12-10T00:00:00Z,2025-12-26T00:00:00Z
ORD-03740,CUS-0685,2025-09-14,PROD-061,5,118.46,592.30,USD,debit_card,refunded,cancelled,next_day,TRACK-I14Z9PAT,2025-09-15,,2025-09-14T00:00:00Z,2025-10-10T00:00:00Z
ORD-03741,CUS-0888,2024-05-30,PROD-039,3,482.81,1448.43,USD,credit_card,paid,delivered,standard,TRACK-RE3LTDFN,2024-06-06,2024-06-07,2024-05-30T00:00:00Z,2025-12-23T00:00:00Z
ORD-03742,CUS-0591,2024-09-12,PROD-080,1,255.93,255.93,USD,credit_card,paid,cancelled,express,TRACK-EADDU8L7,2024-09-14,,2024-09-12T00:00:00Z,2025-09-06T00:00:00Z
ORD-03743,CUS-0186,2025-11-07,PROD-009,2,788.22,1576.44,USD,debit_card,paid,shipped,standard,TRACK-VZAYB201,2025-11-15,,2025-11-07T00:00:00Z,2025-11-24T00:00:00Z
ORD-03744,CUS-0963,2025-12-22,PROD-054,5,511.50,2557.50,USD,debit_card,paid,out_for_delivery,express,TRACK-AK2D2Z9Z,2025-12-25,,2025-12-22T00:00:00Z,2025-12-25T00:00:00Z
ORD-03745,CUS-0376,2025-03-28,PROD-047,3,81.88,245.64,USD,credit_card,paid,delivered,express,TRACK-MK5DPLOS,2025-04-01,2025-04-04,2025-03-28T00:00:00Z,2025-07-26T00:00:00Z
ORD-03746,CUS-0157,2025-12-31,PROD-020,3,848.04,2544.12,USD,credit_card,paid,delayed,express,TRACK-NDTWLTWA,2025-12-31,,2025-12-31T00:00:00Z,2025-12-31T00:00:00Z
ORD-03747,CUS-0398,2024-09-14,PROD-026,2,295.00,590.00,USD,debit_card,pending,placed,express,TRACK-F3SJE6FQ,2024-09-16,,2024-09-14T00:00:00Z,2024-11-09T00:00:00Z
ORD-03748,CUS-0052,2025-11-05,PROD-009,5,788.22,3941.10,USD,paypal,failed,cancelled,standard,TRACK-0YG2DXM8,2025-11-14,,2025-11-05T00:00:00Z,2025-12-13T00:00:00Z
ORD-03749,CUS-0718,2025-02-12,PROD-091,4,84.12,336.48,USD,debit_card,refunded,cancelled,express,TRACK-CDNQGS81,2025-02-16,,2025-02-12T00:00:00Z,2025-11-12T00:00:00Z
ORD-03750,CUS-0257,2025-04-13,PROD-005,2,925.08,1850.16,USD,bank_transfer,paid,delayed,standard,TRACK-IU62TWZJ,2025-04-22,,2025-04-13T00:00:00Z,2025-11-21T00:00:00Z
ORD-03751,CUS-0725,2024-12-13,PROD-060,5,420.27,2101.35,USD,paypal,failed,cancelled,standard,TRACK-DLYKFX8W,2024-12-18,,2024-12-13T00:00:00Z,2025-12-17T00:00:00Z
ORD-03752,CUS-0877,2025-01-18,PROD-048,4,127.33,509.32,USD,debit_card,paid,out_for_delivery,next_day,TRACK-3F55ZZOT,2025-01-19,,2025-01-18T00:00:00Z,2025-11-19T00:00:00Z
ORD-03753,CUS-0054,2025-08-13,PROD-071,4,489.66,1958.64,USD,credit_card,paid,shipped,standard,TRACK-61ITBTRQ,2025-08-18,,2025-08-13T00:00:00Z,2025-10-20T00:00:00Z
ORD-03754,CUS-0947,2024-09-15,PROD-084,1,52.10,52.10,USD,debit_card,partially_refunded,returned,standard,TRACK-W8DZ02GN,2024-09-21,2024-09-21,2024-09-15T00:00:00Z,2025-08-11T00:00:00Z
ORD-03755,CUS-0823,2024-06-03,PROD-099,4,110.41,441.64,USD,credit_card,paid,confirmed,standard,TRACK-QAU88QNQ,2024-06-11,,2024-06-03T00:00:00Z,2025-01-27T00:00:00Z
ORD-03756,CUS-0606,2024-12-31,PROD-020,2,848.04,1696.08,USD,credit_card,paid,out_for_delivery,standard,TRACK-YNYPMP6S,2025-01-05,,2024-12-31T00:00:00Z,2025-01-03T00:00:00Z
ORD-03757,CUS-0038,2025-03-05,PROD-046,3,67.55,202.65,USD,credit_card,paid,delivered,standard,TRACK-7BXA2KWV,2025-03-14,2025-03-17,2025-03-05T00:00:00Z,2025-10-21T00:00:00Z
ORD-03758,CUS-0879,2025-05-01,PROD-002,3,2846.71,8540.13,USD,debit_card,paid,delivered,standard,TRACK-IW3KHKT9,2025-05-07,2025-05-08,2025-05-01T00:00:00Z,2025-09-28T00:00:00Z
ORD-03759,CUS-0013,2025-04-27,PROD-013,1,1278.38,1278.38,USD,paypal,pending,placed,express,TRACK-SC2EP33T,2025-05-01,,2025-04-27T00:00:00Z,2025-10-24T00:00:00Z
ORD-03760,CUS-0864,2024-12-17,PROD-094,3,179.49,538.47,USD,credit_card,paid,processing,next_day,TRACK-L1ZC4K31,2024-12-18,,2024-12-17T00:00:00Z,2025-01-17T00:00:00Z
ORD-03761,CUS-0890,2025-07-19,PROD-048,5,127.33,636.65,USD,bank_transfer,paid,out_for_delivery,standard,TRACK-JW8DHEXH,2025-07-25,,2025-07-19T00:00:00Z,2025-09-06T00:00:00Z
ORD-03762,CUS-0335,2025-08-03,PROD-014,3,474.04,1422.12,USD,paypal,paid,placed,standard,TRACK-GIJY80U0,2025-08-13,,2025-08-03T00:00:00Z,2025-10-04T00:00:00Z
ORD-03763,CUS-0967,2025-09-22,PROD-071,5,489.66,2448.30,USD,credit_card,paid,processing,standard,TRACK-HYRYI0C3,2025-10-01,,2025-09-22T00:00:00Z,2025-12-09T00:00:00Z
ORD-03764,CUS-0645,2025-06-27,PROD-075,5,343.41,1717.05,USD,debit_card,paid,delivered,express,TRACK-0C8TLWCM,2025-06-30,2025-07-02,2025-06-27T00:00:00Z,2025-09-12T00:00:00Z
ORD-03765,CUS-0137,2025-04-18,PROD-024,2,522.20,1044.40,USD,paypal,paid,placed,standard,TRACK-OQKSC4TW,2025-04-25,,2025-04-18T00:00:00Z,2025-06-12T00:00:00Z
ORD-03766,CUS-0619,2025-09-27,PROD-019,3,1140.33,3420.99,USD,credit_card,partially_refunded,returned,express,TRACK-PHXRV5S7,2025-09-30,2025-09-30,2025-09-27T00:00:00Z,2025-10-28T00:00:00Z
ORD-03767,CUS-0861,2024-07-22,PROD-002,4,2846.71,11386.84,USD,paypal,paid,out_for_delivery,standard,TRACK-6VVDRUAL,2024-07-31,,2024-07-22T00:00:00Z,2025-10-23T00:00:00Z
ORD-03768,CUS-0222,2024-01-21,PROD-013,5,1278.38,6391.90,USD,paypal,pending,placed,express,TRACK-098F56NS,2024-01-23,,2024-01-21T00:00:00Z,2024-01-30T00:00:00Z
ORD-03769,CUS-0256,2024-05-11,PROD-020,2,848.04,1696.08,USD,paypal,pending,placed,next_day,TRACK-SPX0TPBR,2024-05-12,,2024-05-11T00:00:00Z,2025-03-22T00:00:00Z
ORD-03770,CUS-0082,2025-08-18,PROD-089,3,304.67,914.01,USD,paypal,partially_refunded,refunded,standard,TRACK-1DOMSXJZ,2025-08-24,2025-08-27,2025-08-18T00:00:00Z,2025-12-26T00:00:00Z
ORD-03771,CUS-0677,2025-10-02,PROD-010,1,1931.10,1931.10,USD,paypal,partially_refunded,refunded,standard,TRACK-0LNK4U6X,2025-10-08,2025-10-08,2025-10-02T00:00:00Z,2025-12-10T00:00:00Z
ORD-03772,CUS-0068,2024-02-21,PROD-099,4,110.41,441.64,USD,debit_card,paid,delivered,express,TRACK-64JOCIX4,2024-02-25,2024-02-26,2024-02-21T00:00:00Z,2025-05-31T00:00:00Z
ORD-03773,CUS-0851,2025-11-10,PROD-039,3,482.81,1448.43,USD,debit_card,paid,cancelled,standard,TRACK-WE0VC54X,2025-11-16,,2025-11-10T00:00:00Z,2025-11-16T00:00:00Z
ORD-03774,CUS-0325,2024-05-22,PROD-024,4,522.20,2088.80,USD,credit_card,paid,processing,next_day,TRACK-FFO678E9,2024-05-23,,2024-05-22T00:00:00Z,2025-06-15T00:00:00Z
ORD-03775,CUS-0576,2024-07-16,PROD-009,5,788.22,3941.10,USD,paypal,failed,cancelled,express,TRACK-DRD2FXLG,2024-07-19,,2024-07-16T00:00:00Z,2025-02-17T00:00:00Z
ORD-03776,CUS-0376,2024-07-01,PROD-040,1,337.08,337.08,USD,credit_card,paid,delayed,next_day,TRACK-55XWR2D8,2024-07-02,,2024-07-01T00:00:00Z,2024-07-24T00:00:00Z
ORD-03777,CUS-0062,2025-04-13,PROD-043,5,53.52,267.60,USD,debit_card,paid,delivered,express,TRACK-TH5GR8DA,2025-04-16,2025-04-18,2025-04-13T00:00:00Z,2025-10-09T00:00:00Z
ORD-03778,CUS-0350,2025-02-19,PROD-006,3,1049.94,3149.82,USD,credit_card,paid,delayed,standard,TRACK-AX5ATOMF,2025-02-25,,2025-02-19T00:00:00Z,2025-07-24T00:00:00Z
ORD-03779,CUS-0140,2025-10-19,PROD-003,3,986.69,2960.07,USD,credit_card,paid,confirmed,standard,TRACK-Q3JS9K9B,2025-10-24,,2025-10-19T00:00:00Z,2025-12-09T00:00:00Z
ORD-03780,CUS-0495,2024-10-29,PROD-018,3,1487.38,4462.14,USD,paypal,pending,placed,standard,TRACK-Z4T6YY5L,2024-11-03,,2024-10-29T00:00:00Z,2025-02-21T00:00:00Z
ORD-03781,CUS-0164,2025-09-12,PROD-050,3,81.10,243.30,USD,debit_card,paid,shipped,standard,TRACK-LDEE5EUP,2025-09-19,,2025-09-12T00:00:00Z,2025-10-09T00:00:00Z
ORD-03782,CUS-0646,2025-05-19,PROD-046,1,67.55,67.55,USD,credit_card,paid,delivered,express,TRACK-61ESVQUW,2025-05-22,2025-05-23,2025-05-19T00:00:00Z,2025-10-11T00:00:00Z
ORD-03783,CUS-0259,2024-01-17,PROD-067,4,317.35,1269.40,USD,paypal,paid,shipped,express,TRACK-SAQCQMQM,2024-01-19,,2024-01-17T00:00:00Z,2024-04-03T00:00:00Z
ORD-03784,CUS-0429,2025-12-11,PROD-081,5,150.38,751.90,USD,credit_card,paid,confirmed,express,TRACK-GP0YVPAG,2025-12-13,,2025-12-11T00:00:00Z,2025-12-29T00:00:00Z
ORD-03785,CUS-0022,2025-10-28,PROD-068,1,296.26,296.26,USD,credit_card,paid,delivered,express,TRACK-0YPMWK86,2025-11-01,2025-11-03,2025-10-28T00:00:00Z,2025-11-22T00:00:00Z
ORD-03786,CUS-0822,2024-06-15,PROD-063,1,328.94,328.94,USD,debit_card,refunded,returned,standard,TRACK-LD2SKE1A,2024-06-25,2024-06-27,2024-06-15T00:00:00Z,2024-11-22T00:00:00Z
ORD-03787,CUS-0058,2025-05-26,PROD-071,2,489.66,979.32,USD,debit_card,failed,cancelled,standard,TRACK-ED1I9695,2025-06-03,,2025-05-26T00:00:00Z,2025-12-29T00:00:00Z
ORD-03788,CUS-0516,2025-10-05,PROD-019,3,1140.33,3420.99,USD,debit_card,paid,confirmed,standard,TRACK-SMKLHGXV,2025-10-12,,2025-10-05T00:00:00Z,2025-11-19T00:00:00Z
ORD-03789,CUS-0321,2025-06-25,PROD-031,2,88.52,177.04,USD,credit_card,paid,shipped,express,TRACK-6ZJGUB6X,2025-06-28,,2025-06-25T00:00:00Z,2025-08-27T00:00:00Z
ORD-03790,CUS-0131,2025-05-11,PROD-074,5,76.36,381.80,USD,paypal,paid,confirmed,international,TRACK-A687EFYQ,2025-05-21,,2025-05-11T00:00:00Z,2025-07-08T00:00:00Z
ORD-03791,CUS-0160,2025-10-28,PROD-082,2,235.36,470.72,USD,bank_transfer,paid,delivered,express,TRACK-VRCGYPCM,2025-10-30,2025-11-02,2025-10-28T00:00:00Z,2025-11-11T00:00:00Z
ORD-03792,CUS-0032,2025-06-20,PROD-097,3,43.21,129.63,USD,credit_card,paid,confirmed,standard,TRACK-3NVXRYQG,2025-06-26,,2025-06-20T00:00:00Z,2025-11-07T00:00:00Z
ORD-03793,CUS-0403,2025-11-11,PROD-025,4,499.30,1997.20,USD,bank_transfer,paid,out_for_delivery,express,TRACK-0FPM94Q4,2025-11-15,,2025-11-11T00:00:00Z,2025-12-23T00:00:00Z
ORD-03794,CUS-0964,2024-09-30,PROD-003,2,986.69,1973.38,USD,paypal,paid,shipped,standard,TRACK-P08GH61X,2024-10-08,,2024-09-30T00:00:00Z,2025-12-26T00:00:00Z
ORD-03795,CUS-0091,2024-03-25,PROD-075,5,343.41,1717.05,USD,credit_card,pending,placed,express,TRACK-KLEQLH46,2024-03-28,,2024-03-25T00:00:00Z,2024-04-28T00:00:00Z
ORD-03796,CUS-0178,2024-07-24,PROD-095,2,106.35,212.70,USD,credit_card,refunded,cancelled,express,TRACK-N7C5EQB8,2024-07-28,,2024-07-24T00:00:00Z,2024-10-04T00:00:00Z
ORD-03797,CUS-0687,2025-12-14,PROD-029,4,868.72,3474.88,USD,paypal,paid,delivered,express,TRACK-AIZQPSRV,2025-12-16,2025-12-16,2025-12-14T00:00:00Z,2025-12-14T00:00:00Z
ORD-03798,CUS-0078,2024-03-26,PROD-005,5,925.08,4625.40,USD,paypal,paid,shipped,standard,TRACK-JNRJS556,2024-03-31,,2024-03-26T00:00:00Z,2025-08-16T00:00:00Z
ORD-03799,CUS-0100,2024-10-01,PROD-062,4,282.17,1128.68,USD,credit_card,paid,shipped,standard,TRACK-21WISH6I,2024-10-07,,2024-10-01T00:00:00Z,2024-10-13T00:00:00Z
ORD-03800,CUS-0710,2025-03-31,PROD-043,4,53.52,214.08,USD,debit_card,paid,confirmed,next_day,TRACK-B4F63VET,2025-04-01,,2025-03-31T00:00:00Z,2025-12-12T00:00:00Z
ORD-03801,CUS-0793,2024-06-26,PROD-044,1,26.86,26.86,USD,bank_transfer,partially_refunded,refunded,standard,TRACK-NV7HJYRG,2024-07-03,2024-07-04,2024-06-26T00:00:00Z,2025-04-21T00:00:00Z
ORD-03802,CUS-0600,2025-08-27,PROD-008,2,1441.53,2883.06,USD,credit_card,paid,delayed,standard,TRACK-N11O5LKH,2025-09-03,,2025-08-27T00:00:00Z,2025-08-31T00:00:00Z
ORD-03803,CUS-0868,2024-11-11,PROD-048,3,127.33,381.99,USD,debit_card,paid,delivered,express,TRACK-VAVWR5T9,2024-11-14,2024-11-17,2024-11-11T00:00:00Z,2025-11-24T00:00:00Z
ORD-03804,CUS-0551,2025-05-18,PROD-004,2,2579.89,5159.78,USD,credit_card,paid,shipped,next_day,TRACK-Y63ADSOM,2025-05-19,,2025-05-18T00:00:00Z,2025-07-01T00:00:00Z
ORD-03805,CUS-0438,2025-05-02,PROD-039,2,482.81,965.62,USD,debit_card,paid,confirmed,standard,TRACK-JOKFF6O9,2025-05-11,,2025-05-02T00:00:00Z,2025-08-11T00:00:00Z
ORD-03806,CUS-0775,2024-12-23,PROD-059,5,284.59,1422.95,USD,paypal,pending,placed,standard,TRACK-IKJ7P00I,2025-01-02,,2024-12-23T00:00:00Z,2025-10-10T00:00:00Z
ORD-03807,CUS-0395,2025-11-20,PROD-053,2,574.29,1148.58,USD,paypal,paid,out_for_delivery,express,TRACK-E8AJMWRO,2025-11-24,,2025-11-20T00:00:00Z,2025-12-06T00:00:00Z
ORD-03808,CUS-0059,2025-09-26,PROD-033,3,249.21,747.63,USD,paypal,refunded,returned,express,TRACK-27VMD777,2025-09-28,2025-09-30,2025-09-26T00:00:00Z,2025-11-12T00:00:00Z
ORD-03809,CUS-0440,2024-06-30,PROD-044,5,26.86,134.30,USD,paypal,failed,cancelled,next_day,TRACK-TWOJT1JR,2024-07-01,,2024-06-30T00:00:00Z,2025-02-09T00:00:00Z
ORD-03810,CUS-0923,2025-07-23,PROD-026,2,295.00,590.00,USD,credit_card,paid,delivered,next_day,TRACK-BWQNXF6H,2025-07-24,2025-07-24,2025-07-23T00:00:00Z,2025-08-14T00:00:00Z
ORD-03811,CUS-0234,2024-02-04,PROD-041,2,22.71,45.42,USD,debit_card,paid,delivered,express,TRACK-Q9LKCA6C,2024-02-08,2024-02-08,2024-02-04T00:00:00Z,2025-06-23T00:00:00Z
ORD-03812,CUS-0972,2024-08-23,PROD-063,4,328.94,1315.76,USD,paypal,paid,delivered,standard,TRACK-YQ187QEM,2024-09-01,2024-09-03,2024-08-23T00:00:00Z,2025-12-25T00:00:00Z
ORD-03813,CUS-0684,2025-05-04,PROD-098,2,168.10,336.20,USD,bank_transfer,paid,delivered,standard,TRACK-ASCC4DJY,2025-05-12,2025-05-15,2025-05-04T00:00:00Z,2025-08-17T00:00:00Z
ORD-03814,CUS-0494,2025-01-22,PROD-067,1,317.35,317.35,USD,debit_card,paid,delivered,standard,TRACK-1NMIHIE2,2025-02-01,2025-02-03,2025-01-22T00:00:00Z,2025-08-14T00:00:00Z
ORD-03815,CUS-0026,2024-03-29,PROD-025,1,499.30,499.30,USD,debit_card,paid,out_for_delivery,express,TRACK-GNIOC6DR,2024-04-01,,2024-03-29T00:00:00Z,2025-11-01T00:00:00Z
ORD-03816,CUS-0549,2024-01-15,PROD-071,2,489.66,979.32,USD,debit_card,paid,out_for_delivery,standard,TRACK-CVYL6CAW,2024-01-23,,2024-01-15T00:00:00Z,2024-12-28T00:00:00Z
ORD-03817,CUS-0320,2025-02-13,PROD-096,4,93.24,372.96,USD,debit_card,refunded,cancelled,standard,TRACK-KMTB892S,2025-02-22,,2025-02-13T00:00:00Z,2025-03-01T00:00:00Z
ORD-03818,CUS-0197,2024-04-12,PROD-036,1,341.40,341.40,USD,debit_card,paid,shipped,express,TRACK-PBAHDG1Y,2024-04-14,,2024-04-12T00:00:00Z,2025-11-02T00:00:00Z
ORD-03819,CUS-0023,2024-11-30,PROD-006,4,1049.94,4199.76,USD,credit_card,partially_refunded,returned,standard,TRACK-282D8FT3,2024-12-09,2024-12-11,2024-11-30T00:00:00Z,2025-07-12T00:00:00Z
ORD-03820,CUS-0289,2025-09-27,PROD-050,1,81.10,81.10,USD,debit_card,paid,delivered,express,TRACK-UIXCTURZ,2025-09-30,2025-10-01,2025-09-27T00:00:00Z,2025-12-13T00:00:00Z
ORD-03821,CUS-0238,2024-12-01,PROD-025,4,499.30,1997.20,USD,debit_card,paid,confirmed,standard,TRACK-EMQ1ODX7,2024-12-09,,2024-12-01T00:00:00Z,2025-06-13T00:00:00Z
ORD-03822,CUS-0634,2025-07-26,PROD-099,3,110.41,331.23,USD,debit_card,paid,out_for_delivery,express,TRACK-0U5QHY0W,2025-07-29,,2025-07-26T00:00:00Z,2025-12-06T00:00:00Z
ORD-03823,CUS-0828,2025-06-14,PROD-005,3,925.08,2775.24,USD,paypal,paid,delivered,express,TRACK-XOMEN69X,2025-06-17,2025-06-20,2025-06-14T00:00:00Z,2025-09-18T00:00:00Z
ORD-03824,CUS-0767,2025-06-17,PROD-035,1,297.43,297.43,USD,credit_card,paid,confirmed,standard,TRACK-7XS2E0NK,2025-06-27,,2025-06-17T00:00:00Z,2025-07-27T00:00:00Z
ORD-03825,CUS-0150,2025-01-09,PROD-007,5,2312.54,11562.70,USD,bank_transfer,paid,processing,express,TRACK-4LRTATMN,2025-01-11,,2025-01-09T00:00:00Z,2025-08-26T00:00:00Z
ORD-03826,CUS-0251,2025-07-05,PROD-086,2,272.87,545.74,USD,paypal,paid,out_for_delivery,standard,TRACK-PZBF97CY,2025-07-15,,2025-07-05T00:00:00Z,2025-12-09T00:00:00Z
ORD-03827,CUS-0172,2024-04-10,PROD-052,1,580.62,580.62,USD,bank_transfer,paid,delivered,next_day,TRACK-T8VLPCNU,2024-04-11,2024-04-12,2024-04-10T00:00:00Z,2024-10-12T00:00:00Z
ORD-03828,CUS-0251,2024-07-17,PROD-018,4,1487.38,5949.52,USD,credit_card,paid,out_for_delivery,standard,TRACK-OMJ8B19R,2024-07-22,,2024-07-17T00:00:00Z,2024-10-16T00:00:00Z
ORD-03829,CUS-0789,2024-01-24,PROD-022,2,500.24,1000.48,USD,paypal,refunded,cancelled,standard,TRACK-EICKYDVI,2024-02-02,,2024-01-24T00:00:00Z,2024-06-03T00:00:00Z
ORD-03830,CUS-0677,2024-09-05,PROD-058,2,354.13,708.26,USD,credit_card,refunded,refunded,express,TRACK-ZTIKVIF2,2024-09-08,2024-09-09,2024-09-05T00:00:00Z,2024-11-21T00:00:00Z
ORD-03831,CUS-0596,2025-08-30,PROD-094,4,179.49,717.96,USD,credit_card,partially_refunded,refunded,standard,TRACK-V5QENHSW,2025-09-04,2025-09-05,2025-08-30T00:00:00Z,2025-11-05T00:00:00Z
ORD-03832,CUS-0899,2024-01-10,PROD-004,2,2579.89,5159.78,USD,credit_card,paid,cancelled,express,TRACK-B110OW95,2024-01-14,,2024-01-10T00:00:00Z,2024-03-23T00:00:00Z
ORD-03833,CUS-0293,2025-04-14,PROD-009,2,788.22,1576.44,USD,credit_card,paid,delivered,standard,TRACK-OFVHDVMW,2025-04-24,2025-04-27,2025-04-14T00:00:00Z,2025-05-25T00:00:00Z
ORD-03834,CUS-0705,2024-12-10,PROD-088,2,191.92,383.84,USD,credit_card,paid,processing,express,TRACK-YUPM81NZ,2024-12-12,,2024-12-10T00:00:00Z,2025-02-16T00:00:00Z
ORD-03835,CUS-0888,2024-08-13,PROD-088,4,191.92,767.68,USD,paypal,paid,cancelled,international,TRACK-8U5DLOKI,2024-08-23,,2024-08-13T00:00:00Z,2024-09-24T00:00:00Z
ORD-03836,CUS-0337,2024-08-20,PROD-087,2,89.66,179.32,USD,debit_card,paid,delivered,standard,TRACK-U47Y3PBW,2024-08-25,2024-08-26,2024-08-20T00:00:00Z,2024-09-25T00:00:00Z
ORD-03837,CUS-0518,2025-10-29,PROD-040,5,337.08,1685.40,USD,paypal,paid,delivered,next_day,TRACK-NM5C5Y1N,2025-10-30,2025-10-30,2025-10-29T00:00:00Z,2025-11-23T00:00:00Z
ORD-03838,CUS-0291,2025-07-26,PROD-053,1,574.29,574.29,USD,credit_card,paid,shipped,standard,TRACK-NOFYRLEO,2025-08-01,,2025-07-26T00:00:00Z,2025-10-11T00:00:00Z
ORD-03839,CUS-0870,2025-03-20,PROD-005,5,925.08,4625.40,USD,bank_transfer,paid,delivered,next_day,TRACK-PF1M9HPT,2025-03-21,2025-03-24,2025-03-20T00:00:00Z,2025-04-17T00:00:00Z
ORD-03840,CUS-0456,2024-11-02,PROD-027,2,795.29,1590.58,USD,bank_transfer,paid,confirmed,standard,TRACK-0SYHO7S5,2024-11-08,,2024-11-02T00:00:00Z,2025-07-15T00:00:00Z
ORD-03841,CUS-0591,2025-08-29,PROD-099,3,110.41,331.23,USD,credit_card,paid,processing,next_day,TRACK-KY7LOAQ6,2025-08-30,,2025-08-29T00:00:00Z,2025-10-18T00:00:00Z
ORD-03842,CUS-0462,2025-02-01,PROD-041,3,22.71,68.13,USD,bank_transfer,refunded,returned,standard,TRACK-I9BHE36W,2025-02-11,2025-02-11,2025-02-01T00:00:00Z,2025-07-21T00:00:00Z
ORD-03843,CUS-0112,2024-01-24,PROD-001,1,2193.82,2193.82,USD,credit_card,partially_refunded,returned,standard,TRACK-B2UQO5FD,2024-02-01,2024-02-03,2024-01-24T00:00:00Z,2024-02-02T00:00:00Z
ORD-03844,CUS-0370,2024-09-07,PROD-074,3,76.36,229.08,USD,debit_card,refunded,cancelled,standard,TRACK-40IRG29F,2024-09-14,,2024-09-07T00:00:00Z,2025-07-05T00:00:00Z
ORD-03845,CUS-0099,2025-08-18,PROD-080,3,255.93,767.79,USD,debit_card,paid,delivered,express,TRACK-1PLUKYNH,2025-08-22,2025-08-22,2025-08-18T00:00:00Z,2025-08-25T00:00:00Z
ORD-03846,CUS-0813,2024-07-08,PROD-027,5,795.29,3976.45,USD,debit_card,paid,delivered,express,TRACK-VJTUU8KY,2024-07-11,2024-07-12,2024-07-08T00:00:00Z,2025-02-24T00:00:00Z
ORD-03847,CUS-0709,2024-12-30,PROD-091,2,84.12,168.24,USD,paypal,paid,delivered,standard,TRACK-5SYT4DGX,2025-01-09,2025-01-09,2024-12-30T00:00:00Z,2025-03-17T00:00:00Z
ORD-03848,CUS-0358,2024-02-10,PROD-020,1,848.04,848.04,USD,debit_card,paid,delivered,international,TRACK-814WKYUT,2024-03-08,2024-03-11,2024-02-10T00:00:00Z,2024-08-05T00:00:00Z
ORD-03849,CUS-0907,2024-08-30,PROD-041,3,22.71,68.13,USD,credit_card,paid,shipped,next_day,TRACK-AVPX0X1C,2024-08-31,,2024-08-30T00:00:00Z,2025-01-04T00:00:00Z
ORD-03850,CUS-0121,2024-06-03,PROD-084,1,52.10,52.10,USD,paypal,paid,out_for_delivery,express,TRACK-T0TSZDXO,2024-06-06,,2024-06-03T00:00:00Z,2025-11-05T00:00:00Z
ORD-03851,CUS-0488,2024-05-23,PROD-035,2,297.43,594.86,USD,paypal,refunded,cancelled,express,TRACK-79KLCQ08,2024-05-26,,2024-05-23T00:00:00Z,2025-06-03T00:00:00Z
ORD-03852,CUS-0946,2025-04-14,PROD-096,1,93.24,93.24,USD,credit_card,paid,delivered,standard,TRACK-PAWJZXC7,2025-04-22,2025-04-22,2025-04-14T00:00:00Z,2025-10-02T00:00:00Z
ORD-03853,CUS-0876,2025-12-04,PROD-010,5,1931.10,9655.50,USD,debit_card,refunded,returned,standard,TRACK-6IDYDNRB,2025-12-13,2025-12-13,2025-12-04T00:00:00Z,2025-12-16T00:00:00Z
ORD-03854,CUS-0856,2024-01-12,PROD-014,1,474.04,474.04,USD,credit_card,refunded,returned,express,TRACK-C7S5C5K0,2024-01-14,2024-01-17,2024-01-12T00:00:00Z,2024-02-15T00:00:00Z
ORD-03855,CUS-0900,2024-12-10,PROD-007,5,2312.54,11562.70,USD,paypal,paid,delayed,international,TRACK-8KKD2SGR,2024-12-24,,2024-12-10T00:00:00Z,2025-04-22T00:00:00Z
ORD-03856,CUS-0813,2025-07-02,PROD-021,5,373.51,1867.55,USD,credit_card,paid,delivered,standard,TRACK-47P13VFJ,2025-07-12,2025-07-13,2025-07-02T00:00:00Z,2025-09-20T00:00:00Z
ORD-03857,CUS-0816,2024-11-25,PROD-077,4,484.12,1936.48,USD,debit_card,paid,shipped,express,TRACK-ND8H6MUH,2024-11-28,,2024-11-25T00:00:00Z,2025-09-03T00:00:00Z
ORD-03858,CUS-0192,2024-07-31,PROD-100,5,46.48,232.40,USD,credit_card,paid,delivered,express,TRACK-ROJ01P5W,2024-08-02,2024-08-03,2024-07-31T00:00:00Z,2025-11-10T00:00:00Z
ORD-03859,CUS-0417,2024-02-02,PROD-067,4,317.35,1269.40,USD,debit_card,paid,confirmed,express,TRACK-XP4CD0PP,2024-02-06,,2024-02-02T00:00:00Z,2024-07-05T00:00:00Z
ORD-03860,CUS-0107,2025-12-03,PROD-028,4,249.80,999.20,USD,credit_card,failed,cancelled,standard,TRACK-W3V7Q82E,2025-12-10,,2025-12-03T00:00:00Z,2025-12-24T00:00:00Z
ORD-03861,CUS-0499,2025-09-05,PROD-050,5,81.10,405.50,USD,credit_card,paid,delivered,international,TRACK-6LDKVIHI,2025-09-21,2025-09-24,2025-09-05T00:00:00Z,2025-09-13T00:00:00Z
ORD-03862,CUS-0320,2025-05-19,PROD-035,1,297.43,297.43,USD,debit_card,paid,shipped,next_day,TRACK-0UQXCJWL,2025-05-20,,2025-05-19T00:00:00Z,2025-11-13T00:00:00Z
ORD-03863,CUS-0632,2024-03-21,PROD-051,3,450.36,1351.08,USD,debit_card,paid,placed,express,TRACK-3DSD67JB,2024-03-23,,2024-03-21T00:00:00Z,2024-08-06T00:00:00Z
ORD-03864,CUS-0613,2024-06-27,PROD-029,2,868.72,1737.44,USD,credit_card,partially_refunded,refunded,express,TRACK-ZGXLQEPM,2024-07-01,2024-07-02,2024-06-27T00:00:00Z,2025-09-15T00:00:00Z
ORD-03865,CUS-0095,2025-09-24,PROD-052,1,580.62,580.62,USD,debit_card,paid,out_for_delivery,standard,TRACK-UHZKXFZV,2025-09-29,,2025-09-24T00:00:00Z,2025-09-25T00:00:00Z
ORD-03866,CUS-0363,2024-09-27,PROD-041,4,22.71,90.84,USD,bank_transfer,paid,placed,international,TRACK-URIZW3PE,2024-10-18,,2024-09-27T00:00:00Z,2025-04-24T00:00:00Z
ORD-03867,CUS-0664,2024-08-26,PROD-032,4,126.22,504.88,USD,credit_card,refunded,cancelled,international,TRACK-UO15P7F2,2024-09-22,,2024-08-26T00:00:00Z,2025-12-12T00:00:00Z
ORD-03868,CUS-0775,2025-02-24,PROD-100,2,46.48,92.96,USD,credit_card,paid,confirmed,next_day,TRACK-U1QG8KP1,2025-02-25,,2025-02-24T00:00:00Z,2025-11-26T00:00:00Z
ORD-03869,CUS-0955,2024-03-16,PROD-068,4,296.26,1185.04,USD,paypal,refunded,cancelled,standard,TRACK-KFSEQH11,2024-03-23,,2024-03-16T00:00:00Z,2024-09-04T00:00:00Z
ORD-03870,CUS-0695,2025-07-02,PROD-062,5,282.17,1410.85,USD,credit_card,partially_refunded,refunded,standard,TRACK-RYQJQSCA,2025-07-10,2025-07-12,2025-07-02T00:00:00Z,2025-09-24T00:00:00Z
ORD-03871,CUS-0560,2025-08-08,PROD-002,3,2846.71,8540.13,USD,paypal,paid,processing,express,TRACK-5PN6J25Q,2025-08-10,,2025-08-08T00:00:00Z,2025-10-16T00:00:00Z
ORD-03872,CUS-0037,2025-10-22,PROD-062,2,282.17,564.34,USD,debit_card,paid,processing,next_day,TRACK-KNTYIE9C,2025-10-23,,2025-10-22T00:00:00Z,2025-11-02T00:00:00Z
ORD-03873,CUS-0858,2025-07-15,PROD-005,2,925.08,1850.16,USD,credit_card,paid,confirmed,express,TRACK-EJHJZQ9W,2025-07-17,,2025-07-15T00:00:00Z,2025-10-21T00:00:00Z
ORD-03874,CUS-0454,2025-07-09,PROD-100,2,46.48,92.96,USD,credit_card,paid,shipped,express,TRACK-4MUYOWSH,2025-07-13,,2025-07-09T00:00:00Z,2025-09-06T00:00:00Z
ORD-03875,CUS-0707,2024-04-17,PROD-089,1,304.67,304.67,USD,debit_card,paid,delivered,next_day,TRACK-RZYQX095,2024-04-18,2024-04-20,2024-04-17T00:00:00Z,2025-05-10T00:00:00Z
ORD-03876,CUS-0253,2025-06-12,PROD-067,2,317.35,634.70,USD,credit_card,refunded,returned,standard,TRACK-Q975UQQI,2025-06-21,2025-06-23,2025-06-12T00:00:00Z,2025-11-07T00:00:00Z
ORD-03877,CUS-0805,2024-11-16,PROD-065,1,339.44,339.44,USD,paypal,paid,out_for_delivery,express,TRACK-BFPDBX52,2024-11-19,,2024-11-16T00:00:00Z,2025-03-21T00:00:00Z
ORD-03878,CUS-0145,2024-01-20,PROD-096,1,93.24,93.24,USD,paypal,partially_refunded,returned,standard,TRACK-NEJV4DGG,2024-01-30,2024-02-02,2024-01-20T00:00:00Z,2025-04-21T00:00:00Z
ORD-03879,CUS-0194,2025-11-10,PROD-014,5,474.04,2370.20,USD,credit_card,paid,shipped,standard,TRACK-4X538X7Y,2025-11-20,,2025-11-10T00:00:00Z,2025-11-17T00:00:00Z
ORD-03880,CUS-0545,2025-12-17,PROD-043,5,53.52,267.60,USD,debit_card,pending,placed,standard,TRACK-GHL2FY0T,2025-12-26,,2025-12-17T00:00:00Z,2025-12-19T00:00:00Z
ORD-03881,CUS-0160,2025-09-18,PROD-040,2,337.08,674.16,USD,credit_card,pending,placed,express,TRACK-Z60LZRI1,2025-09-22,,2025-09-18T00:00:00Z,2025-11-09T00:00:00Z
ORD-03882,CUS-0328,2024-05-29,PROD-061,4,118.46,473.84,USD,credit_card,refunded,returned,standard,TRACK-OMLNGY4K,2024-06-03,2024-06-05,2024-05-29T00:00:00Z,2025-08-14T00:00:00Z
ORD-03883,CUS-0001,2024-12-01,PROD-052,4,580.62,2322.48,USD,credit_card,paid,delivered,international,TRACK-LW3S1YDZ,2024-12-16,2024-12-19,2024-12-01T00:00:00Z,2025-02-15T00:00:00Z
ORD-03884,CUS-0593,2024-08-20,PROD-024,3,522.20,1566.60,USD,bank_transfer,paid,delivered,express,TRACK-RTJCPFKA,2024-08-23,2024-08-26,2024-08-20T00:00:00Z,2025-07-29T00:00:00Z
ORD-03885,CUS-0646,2025-12-22,PROD-085,4,152.73,610.92,USD,paypal,paid,out_for_delivery,next_day,TRACK-JAAWZZQY,2025-12-23,,2025-12-22T00:00:00Z,2025-12-28T00:00:00Z
ORD-03886,CUS-0933,2025-08-22,PROD-050,5,81.10,405.50,USD,paypal,failed,cancelled,standard,TRACK-MNPDJ74T,2025-08-29,,2025-08-22T00:00:00Z,2025-12-21T00:00:00Z
ORD-03887,CUS-0392,2025-12-18,PROD-046,2,67.55,135.10,USD,credit_card,paid,cancelled,standard,TRACK-NGKQTGW2,2025-12-27,,2025-12-18T00:00:00Z,2025-12-30T00:00:00Z
ORD-03888,CUS-0644,2025-10-08,PROD-038,2,302.64,605.28,USD,bank_transfer,paid,out_for_delivery,standard,TRACK-6ZLSNV05,2025-10-13,,2025-10-08T00:00:00Z,2025-12-05T00:00:00Z
ORD-03889,CUS-0323,2025-04-15,PROD-008,5,1441.53,7207.65,USD,credit_card,paid,out_for_delivery,international,TRACK-5F3QAOPK,2025-05-11,,2025-04-15T00:00:00Z,2026-01-01T00:00:00Z
ORD-03890,CUS-0593,2024-01-12,PROD-026,1,295.00,295.00,USD,credit_card,paid,shipped,next_day,TRACK-Y24S8E4P,2024-01-13,,2024-01-12T00:00:00Z,2024-08-15T00:00:00Z
ORD-03891,CUS-0448,2025-07-14,PROD-011,5,1007.07,5035.35,USD,paypal,pending,placed,standard,TRACK-MV1PQQT3,2025-07-19,,2025-07-14T00:00:00Z,2025-11-20T00:00:00Z
ORD-03892,CUS-0809,2025-11-21,PROD-033,1,249.21,249.21,USD,debit_card,paid,delivered,express,TRACK-N3YSF3R2,2025-11-25,2025-11-27,2025-11-21T00:00:00Z,2025-11-25T00:00:00Z
ORD-03893,CUS-0571,2025-04-18,PROD-055,4,407.21,1628.84,USD,paypal,paid,placed,international,TRACK-KSJPJXUD,2025-05-16,,2025-04-18T00:00:00Z,2025-08-09T00:00:00Z
ORD-03894,CUS-0440,2024-05-28,PROD-026,2,295.00,590.00,USD,bank_transfer,paid,delivered,next_day,TRACK-XVVS23HK,2024-05-29,2024-05-30,2024-05-28T00:00:00Z,2024-07-10T00:00:00Z
ORD-03895,CUS-0962,2025-03-20,PROD-073,4,114.42,457.68,USD,debit_card,partially_refunded,returned,standard,TRACK-RCPH399I,2025-03-29,2025-03-30,2025-03-20T00:00:00Z,2025-08-21T00:00:00Z
ORD-03896,CUS-0636,2024-03-28,PROD-077,3,484.12,1452.36,USD,debit_card,paid,processing,express,TRACK-I8Y3MHTW,2024-03-30,,2024-03-28T00:00:00Z,2024-05-04T00:00:00Z
ORD-03897,CUS-0927,2024-10-27,PROD-014,4,474.04,1896.16,USD,bank_transfer,partially_refunded,refunded,standard,TRACK-MCWYS6GR,2024-11-02,2024-11-03,2024-10-27T00:00:00Z,2025-12-27T00:00:00Z
ORD-03898,CUS-0174,2025-06-01,PROD-038,5,302.64,1513.20,USD,credit_card,paid,placed,standard,TRACK-LHJNXP90,2025-06-10,,2025-06-01T00:00:00Z,2025-06-05T00:00:00Z
ORD-03899,CUS-0549,2025-08-07,PROD-011,2,1007.07,2014.14,USD,credit_card,paid,out_for_delivery,express,TRACK-2JSFPV6Q,2025-08-09,,2025-08-07T00:00:00Z,2025-12-03T00:00:00Z
ORD-03900,CUS-0687,2024-03-26,PROD-007,5,2312.54,11562.70,USD,paypal,paid,confirmed,next_day,TRACK-NML4WHR9,2024-03-27,,2024-03-26T00:00:00Z,2024-06-07T00:00:00Z
ORD-03901,CUS-0616,2024-11-22,PROD-026,1,295.00,295.00,USD,debit_card,refunded,cancelled,express,TRACK-QDLT8QHY,2024-11-25,,2024-11-22T00:00:00Z,2024-12-26T00:00:00Z
ORD-03902,CUS-0223,2024-06-15,PROD-042,3,22.38,67.14,USD,paypal,paid,confirmed,standard,TRACK-P5L2ZJMF,2024-06-25,,2024-06-15T00:00:00Z,2025-10-03T00:00:00Z
ORD-03903,CUS-0137,2024-10-05,PROD-036,4,341.40,1365.60,USD,credit_card,paid,shipped,standard,TRACK-24TWU0XD,2024-10-14,,2024-10-05T00:00:00Z,2025-08-14T00:00:00Z
ORD-03904,CUS-0172,2025-05-09,PROD-026,5,295.00,1475.00,USD,debit_card,refunded,refunded,standard,TRACK-Y0YNOYAP,2025-05-14,2025-05-14,2025-05-09T00:00:00Z,2025-08-05T00:00:00Z
ORD-03905,CUS-0345,2025-02-12,PROD-068,3,296.26,888.78,USD,debit_card,paid,placed,standard,TRACK-INT2TC8Y,2025-02-17,,2025-02-12T00:00:00Z,2025-09-04T00:00:00Z
ORD-03906,CUS-0671,2024-12-30,PROD-004,4,2579.89,10319.56,USD,debit_card,failed,cancelled,express,TRACK-XGD8ATJZ,2025-01-01,,2024-12-30T00:00:00Z,2025-01-16T00:00:00Z
ORD-03907,CUS-0940,2025-03-11,PROD-004,2,2579.89,5159.78,USD,paypal,paid,delivered,express,TRACK-6RE8IV8A,2025-03-15,2025-03-18,2025-03-11T00:00:00Z,2025-12-05T00:00:00Z
ORD-03908,CUS-0464,2024-03-07,PROD-022,5,500.24,2501.20,USD,credit_card,paid,placed,standard,TRACK-YY15PDTB,2024-03-15,,2024-03-07T00:00:00Z,2024-06-19T00:00:00Z
ORD-03909,CUS-0335,2024-12-04,PROD-026,4,295.00,1180.00,USD,paypal,refunded,returned,standard,TRACK-WLQC66AX,2024-12-11,2024-12-13,2024-12-04T00:00:00Z,2025-06-08T00:00:00Z
ORD-03910,CUS-0015,2024-04-21,PROD-084,5,52.10,260.50,USD,credit_card,paid,out_for_delivery,express,TRACK-U6CLGVJI,2024-04-24,,2024-04-21T00:00:00Z,2025-01-17T00:00:00Z
ORD-03911,CUS-0901,2025-10-23,PROD-026,2,295.00,590.00,USD,paypal,paid,shipped,standard,TRACK-YHXDGK2F,2025-11-01,,2025-10-23T00:00:00Z,2025-11-17T00:00:00Z
ORD-03912,CUS-0253,2024-01-17,PROD-089,2,304.67,609.34,USD,paypal,paid,shipped,standard,TRACK-IFRPU63Y,2024-01-25,,2024-01-17T00:00:00Z,2024-10-12T00:00:00Z
ORD-03913,CUS-0306,2025-11-01,PROD-064,2,384.19,768.38,USD,debit_card,pending,placed,standard,TRACK-44QXU34R,2025-11-09,,2025-11-01T00:00:00Z,2025-12-04T00:00:00Z
ORD-03914,CUS-0313,2024-07-30,PROD-044,2,26.86,53.72,USD,debit_card,paid,shipped,next_day,TRACK-GIYQKQ2Y,2024-07-31,,2024-07-30T00:00:00Z,2024-09-14T00:00:00Z
ORD-03915,CUS-0204,2025-02-12,PROD-026,1,295.00,295.00,USD,debit_card,paid,processing,standard,TRACK-R9AACIZN,2025-02-17,,2025-02-12T00:00:00Z,2025-06-12T00:00:00Z
ORD-03916,CUS-0819,2025-11-07,PROD-094,4,179.49,717.96,USD,credit_card,paid,delivered,standard,TRACK-9M7WI3G5,2025-11-13,2025-11-13,2025-11-07T00:00:00Z,2025-11-24T00:00:00Z
ORD-03917,CUS-0679,2024-05-08,PROD-084,4,52.10,208.40,USD,debit_card,paid,delayed,standard,TRACK-G4GE6V7Q,2024-05-18,,2024-05-08T00:00:00Z,2025-08-26T00:00:00Z
ORD-03918,CUS-0027,2024-07-07,PROD-017,5,657.92,3289.60,USD,credit_card,paid,shipped,standard,TRACK-AZL4C2UV,2024-07-17,,2024-07-07T00:00:00Z,2024-07-18T00:00:00Z
ORD-03919,CUS-0589,2025-08-12,PROD-100,4,46.48,185.92,USD,paypal,paid,shipped,express,TRACK-4U7WJ0VY,2025-08-16,,2025-08-12T00:00:00Z,2025-09-04T00:00:00Z
ORD-03920,CUS-0777,2024-03-06,PROD-057,2,81.68,163.36,USD,credit_card,refunded,cancelled,standard,TRACK-FV2KGGHK,2024-03-12,,2024-03-06T00:00:00Z,2024-07-14T00:00:00Z
ORD-03921,CUS-0096,2024-09-05,PROD-099,2,110.41,220.82,USD,credit_card,paid,delayed,standard,TRACK-XK7WNG1V,2024-09-15,,2024-09-05T00:00:00Z,2025-06-29T00:00:00Z
ORD-03922,CUS-0347,2025-05-17,PROD-065,2,339.44,678.88,USD,credit_card,pending,placed,international,TRACK-QFAZLOHS,2025-06-09,,2025-05-17T00:00:00Z,2025-09-05T00:00:00Z
ORD-03923,CUS-0724,2024-08-16,PROD-021,1,373.51,373.51,USD,debit_card,paid,shipped,express,TRACK-RKRIM9WE,2024-08-19,,2024-08-16T00:00:00Z,2024-12-14T00:00:00Z
ORD-03924,CUS-0015,2025-08-23,PROD-005,4,925.08,3700.32,USD,paypal,paid,shipped,standard,TRACK-7WLQIPN9,2025-08-30,,2025-08-23T00:00:00Z,2025-09-14T00:00:00Z
ORD-03925,CUS-0238,2024-04-06,PROD-075,3,343.41,1030.23,USD,credit_card,paid,confirmed,standard,TRACK-IR1WL2I4,2024-04-11,,2024-04-06T00:00:00Z,2024-12-02T00:00:00Z
ORD-03926,CUS-0604,2025-07-28,PROD-068,4,296.26,1185.04,USD,credit_card,paid,delivered,standard,TRACK-FWI2ZQSV,2025-08-03,2025-08-05,2025-07-28T00:00:00Z,2025-12-12T00:00:00Z
ORD-03927,CUS-0715,2025-06-29,PROD-081,5,150.38,751.90,USD,paypal,paid,shipped,next_day,TRACK-HAX2FFB3,2025-06-30,,2025-06-29T00:00:00Z,2025-07-22T00:00:00Z
ORD-03928,CUS-0414,2025-07-21,PROD-035,3,297.43,892.29,USD,credit_card,paid,delivered,standard,TRACK-M4J73G47,2025-07-30,2025-08-02,2025-07-21T00:00:00Z,2025-09-20T00:00:00Z
ORD-03929,CUS-0629,2024-02-11,PROD-047,5,81.88,409.40,USD,paypal,paid,delayed,express,TRACK-TK2YNJE2,2024-02-14,,2024-02-11T00:00:00Z,2025-08-17T00:00:00Z
ORD-03930,CUS-0711,2025-03-11,PROD-006,5,1049.94,5249.70,USD,debit_card,paid,placed,next_day,TRACK-OY84FYPG,2025-03-12,,2025-03-11T00:00:00Z,2025-08-28T00:00:00Z
ORD-03931,CUS-0373,2024-05-04,PROD-053,3,574.29,1722.87,USD,debit_card,paid,delivered,next_day,TRACK-Q36MMDRQ,2024-05-05,2024-05-07,2024-05-04T00:00:00Z,2024-11-10T00:00:00Z
ORD-03932,CUS-0479,2024-12-27,PROD-006,5,1049.94,5249.70,USD,debit_card,paid,delivered,standard,TRACK-NQLOPS7R,2025-01-06,2025-01-06,2024-12-27T00:00:00Z,2026-01-01T00:00:00Z
ORD-03933,CUS-0713,2024-11-10,PROD-063,1,328.94,328.94,USD,credit_card,paid,delivered,standard,TRACK-YNFS7B06,2024-11-15,2024-11-15,2024-11-10T00:00:00Z,2025-06-17T00:00:00Z
ORD-03934,CUS-0966,2025-06-04,PROD-038,1,302.64,302.64,USD,credit_card,refunded,returned,international,TRACK-G8YSU367,2025-06-15,2025-06-15,2025-06-04T00:00:00Z,2025-10-16T00:00:00Z
ORD-03935,CUS-0308,2025-10-12,PROD-070,5,55.18,275.90,USD,credit_card,paid,shipped,next_day,TRACK-7LCCJZ8V,2025-10-13,,2025-10-12T00:00:00Z,2025-12-05T00:00:00Z
ORD-03936,CUS-0785,2024-03-25,PROD-080,2,255.93,511.86,USD,debit_card,paid,delayed,standard,TRACK-2EZ0W3YU,2024-04-02,,2024-03-25T00:00:00Z,2025-09-05T00:00:00Z
ORD-03937,CUS-0871,2024-08-04,PROD-019,5,1140.33,5701.65,USD,paypal,paid,out_for_delivery,standard,TRACK-PQZVYUIU,2024-08-14,,2024-08-04T00:00:00Z,2025-07-27T00:00:00Z
ORD-03938,CUS-0343,2025-03-31,PROD-076,1,158.70,158.70,USD,credit_card,refunded,returned,international,TRACK-S6ZKSE0A,2025-04-23,2025-04-24,2025-03-31T00:00:00Z,2025-11-30T00:00:00Z
ORD-03939,CUS-0645,2025-04-11,PROD-069,3,271.07,813.21,USD,debit_card,refunded,refunded,next_day,TRACK-O1ZFNSIC,2025-04-12,2025-04-13,2025-04-11T00:00:00Z,2025-09-15T00:00:00Z
ORD-03940,CUS-0049,2025-12-09,PROD-062,4,282.17,1128.68,USD,paypal,paid,confirmed,next_day,TRACK-938T8ZRW,2025-12-10,,2025-12-09T00:00:00Z,2025-12-19T00:00:00Z
ORD-03941,CUS-0728,2025-02-22,PROD-079,2,363.45,726.90,USD,paypal,paid,delivered,standard,TRACK-DI2KV00I,2025-02-27,2025-03-01,2025-02-22T00:00:00Z,2025-04-05T00:00:00Z
ORD-03942,CUS-0277,2024-03-24,PROD-022,3,500.24,1500.72,USD,credit_card,paid,delivered,standard,TRACK-4J10YEHH,2024-03-30,2024-04-01,2024-03-24T00:00:00Z,2024-05-20T00:00:00Z
ORD-03943,CUS-0540,2025-01-26,PROD-094,5,179.49,897.45,USD,bank_transfer,refunded,returned,standard,TRACK-MCJ1MK92,2025-02-05,2025-02-06,2025-01-26T00:00:00Z,2025-10-31T00:00:00Z
ORD-03944,CUS-0193,2025-08-16,PROD-037,3,290.16,870.48,USD,credit_card,paid,confirmed,standard,TRACK-M55ECAR0,2025-08-21,,2025-08-16T00:00:00Z,2025-12-16T00:00:00Z
ORD-03945,CUS-0406,2024-05-26,PROD-038,2,302.64,605.28,USD,paypal,paid,shipped,express,TRACK-D5XI5LGK,2024-05-29,,2024-05-26T00:00:00Z,2025-09-06T00:00:00Z
ORD-03946,CUS-0602,2024-06-04,PROD-092,1,102.76,102.76,USD,credit_card,refunded,refunded,express,TRACK-CNK4OWD1,2024-06-06,2024-06-09,2024-06-04T00:00:00Z,2024-07-12T00:00:00Z
ORD-03947,CUS-0577,2025-07-04,PROD-087,3,89.66,268.98,USD,credit_card,refunded,returned,express,TRACK-1XUHDGD2,2025-07-08,2025-07-11,2025-07-04T00:00:00Z,2025-11-01T00:00:00Z
ORD-03948,CUS-0536,2024-07-06,PROD-054,3,511.50,1534.50,USD,paypal,partially_refunded,returned,next_day,TRACK-4NIT8JYW,2024-07-07,2024-07-09,2024-07-06T00:00:00Z,2024-07-24T00:00:00Z
ORD-03949,CUS-0292,2024-11-27,PROD-098,4,168.10,672.40,USD,paypal,paid,delivered,standard,TRACK-1O8SI91X,2024-12-05,2024-12-07,2024-11-27T00:00:00Z,2025-02-22T00:00:00Z
ORD-03950,CUS-0573,2024-03-09,PROD-081,5,150.38,751.90,USD,credit_card,partially_refunded,refunded,standard,TRACK-3CZ6OMK8,2024-03-15,2024-03-16,2024-03-09T00:00:00Z,2024-06-11T00:00:00Z
ORD-03951,CUS-0712,2025-12-04,PROD-019,4,1140.33,4561.32,USD,credit_card,paid,delivered,express,TRACK-ZKL5T76U,2025-12-08,2025-12-08,2025-12-04T00:00:00Z,2025-12-31T00:00:00Z
ORD-03952,CUS-0593,2025-09-13,PROD-061,1,118.46,118.46,USD,debit_card,pending,placed,next_day,TRACK-H3VECSZF,2025-09-14,,2025-09-13T00:00:00Z,2025-11-03T00:00:00Z
ORD-03953,CUS-0450,2025-03-14,PROD-007,3,2312.54,6937.62,USD,debit_card,paid,shipped,standard,TRACK-V1ZLP4XK,2025-03-19,,2025-03-14T00:00:00Z,2025-05-31T00:00:00Z
ORD-03954,CUS-0402,2024-02-14,PROD-003,3,986.69,2960.07,USD,credit_card,paid,shipped,express,TRACK-OMRBU5MP,2024-02-17,,2024-02-14T00:00:00Z,2024-12-07T00:00:00Z
ORD-03955,CUS-0985,2024-09-06,PROD-010,5,1931.10,9655.50,USD,bank_transfer,refunded,returned,standard,TRACK-TGIXMOQI,2024-09-11,2024-09-14,2024-09-06T00:00:00Z,2024-10-27T00:00:00Z
ORD-03956,CUS-0508,2025-09-24,PROD-062,5,282.17,1410.85,USD,credit_card,paid,delivered,standard,TRACK-K1TDBODL,2025-10-03,2025-10-05,2025-09-24T00:00:00Z,2025-11-22T00:00:00Z
ORD-03957,CUS-0801,2024-05-07,PROD-052,3,580.62,1741.86,USD,credit_card,paid,placed,express,TRACK-PQ5PC7I4,2024-05-11,,2024-05-07T00:00:00Z,2024-08-24T00:00:00Z
ORD-03958,CUS-0059,2024-07-05,PROD-077,1,484.12,484.12,USD,paypal,pending,placed,standard,TRACK-KZVENMA8,2024-07-14,,2024-07-05T00:00:00Z,2025-04-17T00:00:00Z
ORD-03959,CUS-0474,2024-07-16,PROD-080,5,255.93,1279.65,USD,credit_card,paid,delivered,next_day,TRACK-HN86VWPE,2024-07-17,2024-07-20,2024-07-16T00:00:00Z,2025-02-27T00:00:00Z
ORD-03960,CUS-0918,2025-06-16,PROD-030,2,342.95,685.90,USD,debit_card,refunded,returned,next_day,TRACK-4TZGNQLR,2025-06-17,2025-06-18,2025-06-16T00:00:00Z,2025-12-10T00:00:00Z
ORD-03961,CUS-0039,2025-09-18,PROD-043,2,53.52,107.04,USD,crypto,paid,delayed,standard,TRACK-BCT64PBW,2025-09-25,,2025-09-18T00:00:00Z,2026-01-01T00:00:00Z
ORD-03962,CUS-0811,2025-05-23,PROD-057,4,81.68,326.72,USD,debit_card,paid,out_for_delivery,next_day,TRACK-1Q6SE4SJ,2025-05-24,,2025-05-23T00:00:00Z,2025-07-15T00:00:00Z
ORD-03963,CUS-0618,2024-05-14,PROD-064,1,384.19,384.19,USD,debit_card,partially_refunded,returned,next_day,TRACK-PEMSTNPS,2024-05-15,2024-05-16,2024-05-14T00:00:00Z,2025-09-02T00:00:00Z
ORD-03964,CUS-0876,2024-01-19,PROD-082,4,235.36,941.44,USD,credit_card,paid,delivered,express,TRACK-Z07AHCZK,2024-01-21,2024-01-23,2024-01-19T00:00:00Z,2025-08-12T00:00:00Z
ORD-03965,CUS-0554,2024-03-31,PROD-001,3,2193.82,6581.46,USD,paypal,refunded,cancelled,standard,TRACK-8A1YHYKT,2024-04-10,,2024-03-31T00:00:00Z,2025-01-25T00:00:00Z
ORD-03966,CUS-0805,2024-12-04,PROD-024,3,522.20,1566.60,USD,credit_card,paid,shipped,standard,TRACK-669PSH82,2024-12-12,,2024-12-04T00:00:00Z,2025-01-23T00:00:00Z
ORD-03967,CUS-0793,2024-07-21,PROD-067,2,317.35,634.70,USD,credit_card,paid,delayed,express,TRACK-YSEZVZ1X,2024-07-24,,2024-07-21T00:00:00Z,2025-04-14T00:00:00Z
ORD-03968,CUS-0691,2025-02-20,PROD-093,5,61.11,305.55,USD,bank_transfer,paid,processing,next_day,TRACK-PJZL7A0Y,2025-02-21,,2025-02-20T00:00:00Z,2025-02-23T00:00:00Z
ORD-03969,CUS-0071,2024-09-04,PROD-079,5,363.45,1817.25,USD,credit_card,paid,delayed,next_day,TRACK-3UC00IG3,2024-09-05,,2024-09-04T00:00:00Z,2025-12-03T00:00:00Z
ORD-03970,CUS-0808,2025-05-23,PROD-047,3,81.88,245.64,USD,bank_transfer,failed,cancelled,next_day,TRACK-GVWFFOUF,2025-05-24,,2025-05-23T00:00:00Z,2025-11-21T00:00:00Z
ORD-03971,CUS-0228,2025-10-07,PROD-095,5,106.35,531.75,USD,credit_card,paid,confirmed,standard,TRACK-PTTMDBZI,2025-10-16,,2025-10-07T00:00:00Z,2025-10-16T00:00:00Z
ORD-03972,CUS-0208,2025-10-16,PROD-024,3,522.20,1566.60,USD,credit_card,failed,cancelled,standard,TRACK-XK2DJFKH,2025-10-21,,2025-10-16T00:00:00Z,2025-11-28T00:00:00Z
ORD-03973,CUS-0630,2025-05-31,PROD-042,5,22.38,111.90,USD,credit_card,paid,delivered,standard,TRACK-6H4VJXOT,2025-06-07,2025-06-07,2025-05-31T00:00:00Z,2025-11-16T00:00:00Z
ORD-03974,CUS-0403,2025-01-18,PROD-021,5,373.51,1867.55,USD,paypal,paid,delivered,standard,TRACK-1834L238,2025-01-25,2025-01-28,2025-01-18T00:00:00Z,2025-03-21T00:00:00Z
ORD-03975,CUS-0477,2024-01-15,PROD-021,4,373.51,1494.04,USD,credit_card,paid,placed,next_day,TRACK-RU2VHGH3,2024-01-16,,2024-01-15T00:00:00Z,2025-01-02T00:00:00Z
ORD-03976,CUS-0916,2024-07-06,PROD-084,4,52.10,208.40,USD,paypal,refunded,returned,express,TRACK-KT6EKTT4,2024-07-09,2024-07-10,2024-07-06T00:00:00Z,2024-10-17T00:00:00Z
ORD-03977,CUS-0556,2024-10-23,PROD-037,1,290.16,290.16,USD,credit_card,paid,delivered,standard,TRACK-4G27QF5H,2024-10-28,2024-10-29,2024-10-23T00:00:00Z,2025-01-22T00:00:00Z
ORD-03978,CUS-0161,2024-08-25,PROD-004,4,2579.89,10319.56,USD,credit_card,paid,delayed,standard,TRACK-7MB2XHY2,2024-08-30,,2024-08-25T00:00:00Z,2025-03-26T00:00:00Z
ORD-03979,CUS-0285,2025-04-16,PROD-088,5,191.92,959.60,USD,debit_card,paid,delivered,next_day,TRACK-CZ7WZHCT,2025-04-17,2025-04-19,2025-04-16T00:00:00Z,2025-09-26T00:00:00Z
ORD-03980,CUS-0073,2024-05-13,PROD-003,1,986.69,986.69,USD,debit_card,failed,cancelled,express,TRACK-LTD3YG35,2024-05-15,,2024-05-13T00:00:00Z,2024-07-20T00:00:00Z
ORD-03981,CUS-0362,2025-12-01,PROD-022,3,500.24,1500.72,USD,paypal,refunded,cancelled,express,TRACK-3PVSPL4K,2025-12-05,,2025-12-01T00:00:00Z,2025-12-03T00:00:00Z
ORD-03982,CUS-0012,2024-07-06,PROD-052,2,580.62,1161.24,USD,credit_card,paid,shipped,standard,TRACK-CQRWQKTV,2024-07-15,,2024-07-06T00:00:00Z,2025-01-25T00:00:00Z
ORD-03983,CUS-0868,2024-08-14,PROD-073,4,114.42,457.68,USD,credit_card,partially_refunded,returned,next_day,TRACK-KA91AP0R,2024-08-15,2024-08-18,2024-08-14T00:00:00Z,2024-10-18T00:00:00Z
ORD-03984,CUS-0484,2025-08-14,PROD-027,5,795.29,3976.45,USD,debit_card,paid,processing,standard,TRACK-0F4V5F3S,2025-08-23,,2025-08-14T00:00:00Z,2025-12-06T00:00:00Z
ORD-03985,CUS-0810,2024-04-22,PROD-002,4,2846.71,11386.84,USD,paypal,partially_refunded,refunded,next_day,TRACK-JMO7CRIB,2024-04-23,2024-04-25,2024-04-22T00:00:00Z,2025-08-21T00:00:00Z
ORD-03986,CUS-0534,2024-08-18,PROD-042,1,22.38,22.38,USD,paypal,paid,shipped,standard,TRACK-2E8QKU7Z,2024-08-23,,2024-08-18T00:00:00Z,2024-10-08T00:00:00Z
ORD-03987,CUS-0701,2025-01-24,PROD-095,3,106.35,319.05,USD,debit_card,paid,shipped,express,TRACK-KTOBY20R,2025-01-27,,2025-01-24T00:00:00Z,2025-12-14T00:00:00Z
ORD-03988,CUS-0839,2024-03-01,PROD-051,4,450.36,1801.44,USD,crypto,paid,confirmed,standard,TRACK-46GWXH8F,2024-03-09,,2024-03-01T00:00:00Z,2025-09-12T00:00:00Z
ORD-03989,CUS-0191,2024-01-14,PROD-019,3,1140.33,3420.99,USD,credit_card,paid,processing,express,TRACK-K2UHUS3Q,2024-01-17,,2024-01-14T00:00:00Z,2024-08-29T00:00:00Z
ORD-03990,CUS-0149,2025-01-20,PROD-049,1,49.02,49.02,USD,credit_card,refunded,refunded,express,TRACK-FEOAL1YN,2025-01-23,2025-01-23,2025-01-20T00:00:00Z,2025-02-13T00:00:00Z
ORD-03991,CUS-0901,2025-10-06,PROD-073,5,114.42,572.10,USD,credit_card,paid,delivered,standard,TRACK-VG29KW1A,2025-10-11,2025-10-12,2025-10-06T00:00:00Z,2025-11-18T00:00:00Z
ORD-03992,CUS-0387,2024-03-14,PROD-023,3,955.05,2865.15,USD,paypal,paid,shipped,standard,TRACK-RJ8DUD51,2024-03-21,,2024-03-14T00:00:00Z,2025-01-19T00:00:00Z
ORD-03993,CUS-0118,2025-08-04,PROD-085,1,152.73,152.73,USD,paypal,paid,shipped,standard,TRACK-4BLZR0FF,2025-08-09,,2025-08-04T00:00:00Z,2025-12-10T00:00:00Z
ORD-03994,CUS-0536,2025-03-13,PROD-050,4,81.10,324.40,USD,debit_card,pending,placed,express,TRACK-5PCAJ1T3,2025-03-15,,2025-03-13T00:00:00Z,2025-04-28T00:00:00Z
ORD-03995,CUS-0564,2024-06-05,PROD-006,1,1049.94,1049.94,USD,bank_transfer,refunded,returned,standard,TRACK-N6Q2G9ON,2024-06-11,2024-06-13,2024-06-05T00:00:00Z,2025-03-18T00:00:00Z
ORD-03996,CUS-0309,2024-12-29,PROD-100,1,46.48,46.48,USD,debit_card,paid,out_for_delivery,standard,TRACK-LT6U22WW,2025-01-07,,2024-12-29T00:00:00Z,2025-09-06T00:00:00Z
ORD-03997,CUS-0967,2025-11-28,PROD-047,1,81.88,81.88,USD,bank_transfer,refunded,cancelled,standard,TRACK-7SRKFF29,2025-12-06,,2025-11-28T00:00:00Z,2025-12-11T00:00:00Z
ORD-03998,CUS-0818,2024-01-13,PROD-053,1,574.29,574.29,USD,debit_card,paid,confirmed,standard,TRACK-GII1DKWB,2024-01-18,,2024-01-13T00:00:00Z,2025-09-06T00:00:00Z
ORD-03999,CUS-0218,2025-08-09,PROD-092,3,102.76,308.28,USD,paypal,paid,processing,standard,TRACK-G5CSOAAZ,2025-08-14,,2025-08-09T00:00:00Z,2025-10-16T00:00:00Z
ORD-04000,CUS-0612,2025-10-31,PROD-007,2,2312.54,4625.08,USD,paypal,paid,processing,standard,TRACK-9IHNB2ZF,2025-11-05,,2025-10-31T00:00:00Z,2025-11-28T00:00:00Z
ORD-04001,CUS-0207,2024-03-13,PROD-012,3,922.70,2768.10,USD,credit_card,paid,cancelled,express,TRACK-R8Y7SPTO,2024-03-15,,2024-03-13T00:00:00Z,2025-04-02T00:00:00Z
ORD-04002,CUS-0884,2025-05-30,PROD-010,1,1931.10,1931.10,USD,debit_card,paid,processing,next_day,TRACK-HPU1FH7A,2025-05-31,,2025-05-30T00:00:00Z,2025-08-13T00:00:00Z
ORD-04003,CUS-0775,2025-01-01,PROD-064,3,384.19,1152.57,USD,paypal,paid,placed,express,TRACK-S9FVUZTC,2025-01-05,,2025-01-01T00:00:00Z,2025-01-04T00:00:00Z
ORD-04004,CUS-0624,2025-07-31,PROD-009,1,788.22,788.22,USD,credit_card,paid,out_for_delivery,next_day,TRACK-BUYGRX2Q,2025-08-01,,2025-07-31T00:00:00Z,2025-11-11T00:00:00Z
ORD-04005,CUS-0509,2024-12-03,PROD-067,5,317.35,1586.75,USD,debit_card,paid,out_for_delivery,express,TRACK-PFZR0K0L,2024-12-06,,2024-12-03T00:00:00Z,2025-06-05T00:00:00Z
ORD-04006,CUS-0461,2024-08-07,PROD-037,4,290.16,1160.64,USD,paypal,partially_refunded,returned,express,TRACK-TKTH72E8,2024-08-09,2024-08-10,2024-08-07T00:00:00Z,2025-08-16T00:00:00Z
ORD-04007,CUS-0361,2024-10-06,PROD-065,3,339.44,1018.32,USD,credit_card,paid,shipped,standard,TRACK-LOBQZ847,2024-10-11,,2024-10-06T00:00:00Z,2024-11-30T00:00:00Z
ORD-04008,CUS-0043,2025-03-17,PROD-034,3,347.18,1041.54,USD,debit_card,paid,confirmed,standard,TRACK-B0MJKHWU,2025-03-23,,2025-03-17T00:00:00Z,2025-06-15T00:00:00Z
ORD-04009,CUS-0433,2024-04-11,PROD-041,2,22.71,45.42,USD,credit_card,paid,delayed,standard,TRACK-QUE1HBX7,2024-04-20,,2024-04-11T00:00:00Z,2024-08-13T00:00:00Z
ORD-04010,CUS-0072,2025-11-30,PROD-028,5,249.80,1249.00,USD,credit_card,refunded,cancelled,next_day,TRACK-34FZ9DT2,2025-12-01,,2025-11-30T00:00:00Z,2025-12-05T00:00:00Z
ORD-04011,CUS-0090,2025-04-30,PROD-070,3,55.18,165.54,USD,credit_card,refunded,returned,standard,TRACK-ELHDZHWM,2025-05-05,2025-05-06,2025-04-30T00:00:00Z,2025-12-21T00:00:00Z
ORD-04012,CUS-0910,2025-09-29,PROD-004,4,2579.89,10319.56,USD,bank_transfer,paid,cancelled,express,TRACK-D3NIOWPX,2025-10-03,,2025-09-29T00:00:00Z,2025-10-12T00:00:00Z
ORD-04013,CUS-0575,2024-07-13,PROD-060,1,420.27,420.27,USD,paypal,paid,out_for_delivery,express,TRACK-5LVPF7J5,2024-07-16,,2024-07-13T00:00:00Z,2025-06-02T00:00:00Z
ORD-04014,CUS-0128,2024-06-05,PROD-076,4,158.70,634.80,USD,paypal,paid,placed,next_day,TRACK-T33FZKXB,2024-06-06,,2024-06-05T00:00:00Z,2024-07-29T00:00:00Z
ORD-04015,CUS-0230,2024-05-02,PROD-080,4,255.93,1023.72,USD,paypal,paid,confirmed,standard,TRACK-SDDDBAZR,2024-05-12,,2024-05-02T00:00:00Z,2025-08-25T00:00:00Z
ORD-04016,CUS-0236,2024-11-02,PROD-061,5,118.46,592.30,USD,credit_card,pending,placed,standard,TRACK-0QAB7UR8,2024-11-12,,2024-11-02T00:00:00Z,2025-06-03T00:00:00Z
ORD-04017,CUS-0696,2024-05-07,PROD-030,4,342.95,1371.80,USD,bank_transfer,paid,confirmed,standard,TRACK-SCB6RUXR,2024-05-15,,2024-05-07T00:00:00Z,2025-01-24T00:00:00Z
ORD-04018,CUS-0068,2025-02-16,PROD-088,4,191.92,767.68,USD,paypal,refunded,refunded,express,TRACK-JMTY0SX2,2025-02-19,2025-02-21,2025-02-16T00:00:00Z,2025-04-26T00:00:00Z
ORD-04019,CUS-0294,2024-02-29,PROD-044,3,26.86,80.58,USD,credit_card,paid,delivered,international,TRACK-SO4HP90L,2024-03-15,2024-03-18,2024-02-29T00:00:00Z,2024-08-28T00:00:00Z
ORD-04020,CUS-0506,2025-03-07,PROD-054,4,511.50,2046.00,USD,debit_card,refunded,refunded,standard,TRACK-MG4DQTHG,2025-03-12,2025-03-13,2025-03-07T00:00:00Z,2025-12-07T00:00:00Z
ORD-04021,CUS-0976,2025-07-20,PROD-014,4,474.04,1896.16,USD,credit_card,paid,delivered,standard,TRACK-4OK8SM0V,2025-07-28,2025-07-28,2025-07-20T00:00:00Z,2025-10-01T00:00:00Z
ORD-04022,CUS-0377,2025-01-20,PROD-084,5,52.10,260.50,USD,credit_card,refunded,refunded,express,TRACK-7IGKHWTS,2025-01-23,2025-01-23,2025-01-20T00:00:00Z,2025-07-08T00:00:00Z
ORD-04023,CUS-0139,2024-03-25,PROD-045,2,111.96,223.92,USD,bank_transfer,paid,shipped,express,TRACK-74L8OSDW,2024-03-27,,2024-03-25T00:00:00Z,2025-10-07T00:00:00Z
ORD-04024,CUS-0280,2025-05-28,PROD-094,4,179.49,717.96,USD,debit_card,paid,shipped,express,TRACK-EWLEG1NE,2025-05-31,,2025-05-28T00:00:00Z,2025-11-05T00:00:00Z
ORD-04025,CUS-0197,2025-12-27,PROD-031,2,88.52,177.04,USD,crypto,refunded,refunded,express,TRACK-D5Y2PV7W,2025-12-31,2025-12-31,2025-12-27T00:00:00Z,2025-12-29T00:00:00Z
ORD-04026,CUS-0830,2025-07-06,PROD-100,1,46.48,46.48,USD,credit_card,paid,confirmed,next_day,TRACK-GWMI5WYV,2025-07-07,,2025-07-06T00:00:00Z,2025-11-25T00:00:00Z
ORD-04027,CUS-0220,2025-11-01,PROD-086,5,272.87,1364.35,USD,credit_card,paid,shipped,standard,TRACK-QUC0V4LL,2025-11-06,,2025-11-01T00:00:00Z,2025-12-21T00:00:00Z
ORD-04028,CUS-0624,2025-12-15,PROD-055,1,407.21,407.21,USD,credit_card,paid,delayed,standard,TRACK-RL14AG2L,2025-12-24,,2025-12-15T00:00:00Z,2025-12-27T00:00:00Z
ORD-04029,CUS-0384,2025-08-29,PROD-067,5,317.35,1586.75,USD,paypal,paid,processing,standard,TRACK-2MD7TZG3,2025-09-05,,2025-08-29T00:00:00Z,2025-11-15T00:00:00Z
ORD-04030,CUS-0814,2024-01-23,PROD-035,5,297.43,1487.15,USD,credit_card,paid,delivered,standard,TRACK-0QFWQSWE,2024-01-31,2024-01-31,2024-01-23T00:00:00Z,2024-01-23T00:00:00Z
ORD-04031,CUS-0025,2024-10-18,PROD-088,4,191.92,767.68,USD,credit_card,refunded,returned,express,TRACK-RT8ID9SQ,2024-10-21,2024-10-22,2024-10-18T00:00:00Z,2025-04-22T00:00:00Z
ORD-04032,CUS-0166,2025-02-03,PROD-015,3,987.77,2963.31,USD,credit_card,refunded,returned,next_day,TRACK-8D0BGYXL,2025-02-04,2025-02-06,2025-02-03T00:00:00Z,2025-03-17T00:00:00Z
ORD-04033,CUS-0750,2025-10-28,PROD-011,2,1007.07,2014.14,USD,paypal,paid,confirmed,next_day,TRACK-N52IID7R,2025-10-29,,2025-10-28T00:00:00Z,2025-11-29T00:00:00Z
ORD-04034,CUS-0152,2025-03-06,PROD-057,5,81.68,408.40,USD,paypal,refunded,returned,express,TRACK-Q5WB276Q,2025-03-10,2025-03-10,2025-03-06T00:00:00Z,2025-07-04T00:00:00Z
ORD-04035,CUS-0389,2025-09-09,PROD-030,5,342.95,1714.75,USD,bank_transfer,paid,delivered,next_day,TRACK-OMCJ67OP,2025-09-10,2025-09-13,2025-09-09T00:00:00Z,2025-12-07T00:00:00Z
ORD-04036,CUS-0586,2024-12-19,PROD-008,3,1441.53,4324.59,USD,credit_card,paid,delivered,standard,TRACK-CBUOE8T4,2024-12-26,2024-12-26,2024-12-19T00:00:00Z,2025-08-29T00:00:00Z
ORD-04037,CUS-0425,2025-06-03,PROD-008,2,1441.53,2883.06,USD,debit_card,refunded,cancelled,express,TRACK-I6PARQJW,2025-06-06,,2025-06-03T00:00:00Z,2025-10-13T00:00:00Z
ORD-04038,CUS-0359,2025-01-26,PROD-098,3,168.10,504.30,USD,credit_card,paid,shipped,international,TRACK-VF28IJ6N,2025-02-15,,2025-01-26T00:00:00Z,2025-08-22T00:00:00Z
ORD-04039,CUS-0560,2024-01-06,PROD-008,2,1441.53,2883.06,USD,credit_card,paid,confirmed,standard,TRACK-XPJNC06N,2024-01-15,,2024-01-06T00:00:00Z,2025-08-07T00:00:00Z
ORD-04040,CUS-0429,2025-12-03,PROD-018,4,1487.38,5949.52,USD,credit_card,paid,shipped,standard,TRACK-I7E4TI3I,2025-12-11,,2025-12-03T00:00:00Z,2025-12-10T00:00:00Z
ORD-04041,CUS-0473,2024-07-10,PROD-044,4,26.86,107.44,USD,credit_card,failed,cancelled,express,TRACK-NM7CXDWN,2024-07-14,,2024-07-10T00:00:00Z,2025-03-07T00:00:00Z
ORD-04042,CUS-0131,2025-02-04,PROD-062,4,282.17,1128.68,USD,debit_card,refunded,returned,standard,TRACK-8WKDEF2M,2025-02-10,2025-02-12,2025-02-04T00:00:00Z,2025-07-10T00:00:00Z
ORD-04043,CUS-0531,2024-12-23,PROD-016,2,551.74,1103.48,USD,credit_card,paid,confirmed,express,TRACK-WW4VDSSM,2024-12-25,,2024-12-23T00:00:00Z,2025-07-11T00:00:00Z
ORD-04044,CUS-0003,2025-10-04,PROD-079,5,363.45,1817.25,USD,debit_card,paid,delivered,express,TRACK-25BZT0U1,2025-10-07,2025-10-07,2025-10-04T00:00:00Z,2025-10-16T00:00:00Z
ORD-04045,CUS-0907,2025-04-09,PROD-063,2,328.94,657.88,USD,credit_card,refunded,returned,standard,TRACK-QCIUP9VZ,2025-04-18,2025-04-18,2025-04-09T00:00:00Z,2025-08-11T00:00:00Z
ORD-04046,CUS-0191,2024-05-20,PROD-008,2,1441.53,2883.06,USD,credit_card,paid,shipped,standard,TRACK-RYULYWLZ,2024-05-26,,2024-05-20T00:00:00Z,2024-10-13T00:00:00Z
ORD-04047,CUS-0267,2025-02-21,PROD-082,4,235.36,941.44,USD,debit_card,paid,shipped,next_day,TRACK-AWAKQDKE,2025-02-22,,2025-02-21T00:00:00Z,2025-11-18T00:00:00Z
ORD-04048,CUS-0479,2024-08-17,PROD-092,4,102.76,411.04,USD,credit_card,partially_refunded,returned,next_day,TRACK-5IB96CHB,2024-08-18,2024-08-21,2024-08-17T00:00:00Z,2024-12-14T00:00:00Z
ORD-04049,CUS-0579,2024-07-29,PROD-048,2,127.33,254.66,USD,bank_transfer,paid,out_for_delivery,express,TRACK-EGHERPE5,2024-08-01,,2024-07-29T00:00:00Z,2024-10-04T00:00:00Z
ORD-04050,CUS-0675,2024-12-07,PROD-060,3,420.27,1260.81,USD,credit_card,paid,delivered,standard,TRACK-K3XIM6FD,2024-12-15,2024-12-15,2024-12-07T00:00:00Z,2025-03-28T00:00:00Z
ORD-04051,CUS-0688,2024-06-21,PROD-082,3,235.36,706.08,USD,credit_card,partially_refunded,returned,standard,TRACK-78S88ERT,2024-06-28,2024-06-28,2024-06-21T00:00:00Z,2025-10-12T00:00:00Z
ORD-04052,CUS-0056,2025-12-20,PROD-027,3,795.29,2385.87,USD,credit_card,paid,delivered,next_day,TRACK-U5V5T0AR,2025-12-21,2025-12-23,2025-12-20T00:00:00Z,2025-12-27T00:00:00Z
ORD-04053,CUS-0525,2025-04-27,PROD-054,5,511.50,2557.50,USD,credit_card,paid,delivered,standard,TRACK-W6PHK0VX,2025-05-05,2025-05-06,2025-04-27T00:00:00Z,2025-05-30T00:00:00Z
ORD-04054,CUS-0053,2024-11-20,PROD-027,2,795.29,1590.58,USD,bank_transfer,paid,confirmed,standard,TRACK-T6E37TD5,2024-11-29,,2024-11-20T00:00:00Z,2025-03-16T00:00:00Z
ORD-04055,CUS-0250,2024-08-04,PROD-010,5,1931.10,9655.50,USD,paypal,paid,out_for_delivery,next_day,TRACK-89UHLY10,2024-08-05,,2024-08-04T00:00:00Z,2025-02-21T00:00:00Z
ORD-04056,CUS-0500,2024-04-24,PROD-096,1,93.24,93.24,USD,credit_card,refunded,returned,express,TRACK-O3ULZ8DA,2024-04-28,2024-04-28,2024-04-24T00:00:00Z,2025-06-19T00:00:00Z
ORD-04057,CUS-0281,2024-09-30,PROD-006,1,1049.94,1049.94,USD,credit_card,paid,processing,express,TRACK-Z1XED6AW,2024-10-03,,2024-09-30T00:00:00Z,2025-12-05T00:00:00Z
ORD-04058,CUS-0937,2025-08-25,PROD-065,1,339.44,339.44,USD,credit_card,paid,confirmed,next_day,TRACK-SC63GN3J,2025-08-26,,2025-08-25T00:00:00Z,2025-09-10T00:00:00Z
ORD-04059,CUS-0541,2024-01-22,PROD-041,1,22.71,22.71,USD,debit_card,paid,delivered,express,TRACK-209C3AW7,2024-01-26,2024-01-28,2024-01-22T00:00:00Z,2025-07-14T00:00:00Z
ORD-04060,CUS-0847,2024-03-16,PROD-012,2,922.70,1845.40,USD,credit_card,paid,shipped,standard,TRACK-M4V4JIE0,2024-03-26,,2024-03-16T00:00:00Z,2024-08-23T00:00:00Z
ORD-04061,CUS-0213,2025-12-22,PROD-047,5,81.88,409.40,USD,bank_transfer,refunded,cancelled,standard,TRACK-6R81P04D,2025-12-31,,2025-12-22T00:00:00Z,2025-12-25T00:00:00Z
ORD-04062,CUS-0586,2025-03-06,PROD-013,3,1278.38,3835.14,USD,debit_card,refunded,returned,express,TRACK-Y6P0HTZY,2025-03-08,2025-03-09,2025-03-06T00:00:00Z,2025-07-30T00:00:00Z
ORD-04063,CUS-0538,2024-02-11,PROD-097,1,43.21,43.21,USD,paypal,refunded,returned,next_day,TRACK-83XAZ60W,2024-02-12,2024-02-15,2024-02-11T00:00:00Z,2025-05-20T00:00:00Z
ORD-04064,CUS-0433,2024-03-07,PROD-047,4,81.88,327.52,USD,debit_card,paid,confirmed,international,TRACK-RZ1FEEWL,2024-03-27,,2024-03-07T00:00:00Z,2024-12-31T00:00:00Z
ORD-04065,CUS-0265,2024-09-23,PROD-014,5,474.04,2370.20,USD,credit_card,paid,processing,standard,TRACK-C3WHUJAB,2024-09-29,,2024-09-23T00:00:00Z,2025-09-02T00:00:00Z
ORD-04066,CUS-0520,2024-11-12,PROD-029,2,868.72,1737.44,USD,bank_transfer,paid,shipped,standard,TRACK-NPA25BPL,2024-11-17,,2024-11-12T00:00:00Z,2025-04-07T00:00:00Z
ORD-04067,CUS-0792,2024-10-04,PROD-079,1,363.45,363.45,USD,debit_card,partially_refunded,returned,standard,TRACK-L4CQRUY9,2024-10-09,2024-10-10,2024-10-04T00:00:00Z,2025-06-18T00:00:00Z
ORD-04068,CUS-0208,2025-08-14,PROD-036,2,341.40,682.80,USD,credit_card,partially_refunded,returned,standard,TRACK-L15R433Y,2025-08-20,2025-08-20,2025-08-14T00:00:00Z,2025-12-16T00:00:00Z
ORD-04069,CUS-0992,2025-12-01,PROD-075,3,343.41,1030.23,USD,bank_transfer,paid,shipped,standard,TRACK-AA9P9URV,2025-12-07,,2025-12-01T00:00:00Z,2025-12-28T00:00:00Z
ORD-04070,CUS-0851,2025-09-15,PROD-033,4,249.21,996.84,USD,debit_card,paid,shipped,standard,TRACK-9F73U3S2,2025-09-25,,2025-09-15T00:00:00Z,2025-11-09T00:00:00Z
ORD-04071,CUS-0578,2025-08-20,PROD-063,4,328.94,1315.76,USD,bank_transfer,refunded,refunded,standard,TRACK-S7W8GME2,2025-08-30,2025-08-31,2025-08-20T00:00:00Z,2025-09-10T00:00:00Z
ORD-04072,CUS-0324,2025-11-19,PROD-017,4,657.92,2631.68,USD,debit_card,paid,placed,express,TRACK-KCQT9B0L,2025-11-22,,2025-11-19T00:00:00Z,2025-11-23T00:00:00Z
ORD-04073,CUS-0184,2025-01-15,PROD-034,4,347.18,1388.72,USD,debit_card,paid,processing,next_day,TRACK-UTSBC23I,2025-01-16,,2025-01-15T00:00:00Z,2025-09-25T00:00:00Z
ORD-04074,CUS-0873,2024-02-22,PROD-083,4,189.30,757.20,USD,debit_card,partially_refunded,refunded,next_day,TRACK-CS5IF5EX,2024-02-23,2024-02-23,2024-02-22T00:00:00Z,2025-02-25T00:00:00Z
ORD-04075,CUS-0464,2024-06-11,PROD-030,2,342.95,685.90,USD,credit_card,refunded,refunded,standard,TRACK-ZOBQMFW0,2024-06-20,2024-06-21,2024-06-11T00:00:00Z,2024-08-11T00:00:00Z
ORD-04076,CUS-0936,2025-08-11,PROD-079,1,363.45,363.45,USD,debit_card,paid,confirmed,standard,TRACK-HTXX3ZCS,2025-08-18,,2025-08-11T00:00:00Z,2025-12-12T00:00:00Z
ORD-04077,CUS-0148,2025-06-07,PROD-057,3,81.68,245.04,USD,debit_card,paid,out_for_delivery,standard,TRACK-E7H03URP,2025-06-14,,2025-06-07T00:00:00Z,2025-10-05T00:00:00Z
ORD-04078,CUS-0240,2025-10-22,PROD-027,5,795.29,3976.45,USD,debit_card,paid,delivered,standard,TRACK-WE0BS3RA,2025-10-28,2025-10-28,2025-10-22T00:00:00Z,2025-11-27T00:00:00Z
ORD-04079,CUS-0655,2025-05-04,PROD-095,3,106.35,319.05,USD,credit_card,paid,processing,standard,TRACK-TD1MWX31,2025-05-11,,2025-05-04T00:00:00Z,2025-08-07T00:00:00Z
ORD-04080,CUS-0925,2024-05-25,PROD-008,1,1441.53,1441.53,USD,credit_card,paid,delivered,standard,TRACK-7VEUEDO8,2024-06-03,2024-06-06,2024-05-25T00:00:00Z,2025-12-11T00:00:00Z
ORD-04081,CUS-0670,2024-01-28,PROD-079,5,363.45,1817.25,USD,credit_card,paid,shipped,standard,TRACK-WICFMNLV,2024-02-04,,2024-01-28T00:00:00Z,2025-09-30T00:00:00Z
ORD-04082,CUS-0460,2024-01-12,PROD-024,3,522.20,1566.60,USD,credit_card,refunded,cancelled,standard,TRACK-WZ84AGFN,2024-01-20,,2024-01-12T00:00:00Z,2025-10-05T00:00:00Z
ORD-04083,CUS-0836,2025-04-19,PROD-054,1,511.50,511.50,USD,credit_card,paid,out_for_delivery,standard,TRACK-BZAD1ZWA,2025-04-25,,2025-04-19T00:00:00Z,2025-08-05T00:00:00Z
ORD-04084,CUS-0683,2024-09-12,PROD-021,3,373.51,1120.53,USD,debit_card,paid,delivered,standard,TRACK-HR6L3ZMB,2024-09-18,2024-09-21,2024-09-12T00:00:00Z,2025-09-07T00:00:00Z
ORD-04085,CUS-0320,2024-06-25,PROD-013,1,1278.38,1278.38,USD,credit_card,refunded,cancelled,express,TRACK-FL67G86W,2024-06-27,,2024-06-25T00:00:00Z,2025-12-27T00:00:00Z
ORD-04086,CUS-0837,2024-08-11,PROD-034,5,347.18,1735.90,USD,credit_card,paid,out_for_delivery,next_day,TRACK-ZB6NBQG5,2024-08-12,,2024-08-11T00:00:00Z,2025-02-06T00:00:00Z
ORD-04087,CUS-0975,2024-12-27,PROD-013,1,1278.38,1278.38,USD,bank_transfer,paid,delivered,standard,TRACK-WC83O3NY,2025-01-03,2025-01-05,2024-12-27T00:00:00Z,2025-11-30T00:00:00Z
ORD-04088,CUS-0065,2025-01-08,PROD-100,2,46.48,92.96,USD,credit_card,paid,delivered,standard,TRACK-CWUXIFJV,2025-01-13,2025-01-13,2025-01-08T00:00:00Z,2025-04-05T00:00:00Z
ORD-04089,CUS-0734,2025-11-30,PROD-094,5,179.49,897.45,USD,paypal,refunded,refunded,next_day,TRACK-3JSO8LX2,2025-12-01,2025-12-02,2025-11-30T00:00:00Z,2025-12-11T00:00:00Z
ORD-04090,CUS-0275,2025-12-26,PROD-052,5,580.62,2903.10,USD,debit_card,paid,delivered,next_day,TRACK-J587P1WU,2025-12-27,2025-12-30,2025-12-26T00:00:00Z,2025-12-26T00:00:00Z
ORD-04091,CUS-0106,2025-12-28,PROD-024,4,522.20,2088.80,USD,paypal,paid,shipped,next_day,TRACK-W3BLO820,2025-12-29,,2025-12-28T00:00:00Z,2025-12-30T00:00:00Z
ORD-04092,CUS-0315,2025-07-29,PROD-019,2,1140.33,2280.66,USD,paypal,refunded,cancelled,express,TRACK-6FN3N20V,2025-08-01,,2025-07-29T00:00:00Z,2025-12-13T00:00:00Z
ORD-04093,CUS-0187,2024-06-09,PROD-057,5,81.68,408.40,USD,debit_card,paid,out_for_delivery,standard,TRACK-EPYUPGEO,2024-06-14,,2024-06-09T00:00:00Z,2025-06-08T00:00:00Z
ORD-04094,CUS-0866,2024-04-29,PROD-007,2,2312.54,4625.08,USD,paypal,paid,shipped,standard,TRACK-KX0H9DRA,2024-05-09,,2024-04-29T00:00:00Z,2025-09-10T00:00:00Z
ORD-04095,CUS-0117,2025-05-26,PROD-026,4,295.00,1180.00,USD,debit_card,paid,out_for_delivery,express,TRACK-HNAQB3FX,2025-05-29,,2025-05-26T00:00:00Z,2025-11-26T00:00:00Z
ORD-04096,CUS-0305,2025-06-27,PROD-064,4,384.19,1536.76,USD,credit_card,paid,processing,next_day,TRACK-VJAZ2EVE,2025-06-28,,2025-06-27T00:00:00Z,2025-12-12T00:00:00Z
ORD-04097,CUS-0332,2024-07-21,PROD-033,1,249.21,249.21,USD,paypal,paid,delivered,standard,TRACK-XX1W36CO,2024-07-27,2024-07-29,2024-07-21T00:00:00Z,2025-03-05T00:00:00Z
ORD-04098,CUS-0178,2024-10-08,PROD-024,1,522.20,522.20,USD,credit_card,paid,delivered,express,TRACK-4KAXKHI5,2024-10-11,2024-10-12,2024-10-08T00:00:00Z,2025-12-15T00:00:00Z
ORD-04099,CUS-0776,2024-11-24,PROD-019,2,1140.33,2280.66,USD,credit_card,paid,delivered,standard,TRACK-L6FEHER4,2024-11-30,2024-12-01,2024-11-24T00:00:00Z,2025-09-08T00:00:00Z
ORD-04100,CUS-0106,2024-11-30,PROD-053,5,574.29,2871.45,USD,paypal,paid,delayed,standard,TRACK-JHWNLCWS,2024-12-08,,2024-11-30T00:00:00Z,2025-03-30T00:00:00Z
ORD-04101,CUS-0876,2025-06-13,PROD-015,1,987.77,987.77,USD,debit_card,paid,shipped,standard,TRACK-2AQV2KN4,2025-06-18,,2025-06-13T00:00:00Z,2025-10-12T00:00:00Z
ORD-04102,CUS-0239,2024-04-21,PROD-096,5,93.24,466.20,USD,paypal,failed,cancelled,express,TRACK-IQNHVYWU,2024-04-24,,2024-04-21T00:00:00Z,2024-12-26T00:00:00Z
ORD-04103,CUS-0932,2024-06-22,PROD-025,3,499.30,1497.90,USD,credit_card,paid,delivered,next_day,TRACK-I94LAUSK,2024-06-23,2024-06-25,2024-06-22T00:00:00Z,2025-01-31T00:00:00Z
ORD-04104,CUS-0749,2025-09-26,PROD-067,1,317.35,317.35,USD,paypal,paid,confirmed,standard,TRACK-RD6RT3OJ,2025-10-03,,2025-09-26T00:00:00Z,2025-11-11T00:00:00Z
ORD-04105,CUS-0658,2025-05-09,PROD-053,5,574.29,2871.45,USD,credit_card,paid,delivered,standard,TRACK-SG0SZDR5,2025-05-19,2025-05-19,2025-05-09T00:00:00Z,2025-09-21T00:00:00Z
ORD-04106,CUS-0733,2025-03-07,PROD-027,1,795.29,795.29,USD,bank_transfer,paid,shipped,standard,TRACK-250AZ7LL,2025-03-15,,2025-03-07T00:00:00Z,2025-08-26T00:00:00Z
ORD-04107,CUS-0107,2024-10-06,PROD-043,1,53.52,53.52,USD,credit_card,refunded,cancelled,standard,TRACK-ZTCLAKIX,2024-10-12,,2024-10-06T00:00:00Z,2025-11-19T00:00:00Z
ORD-04108,CUS-0364,2025-06-11,PROD-099,1,110.41,110.41,USD,paypal,paid,shipped,standard,TRACK-DADEABKL,2025-06-17,,2025-06-11T00:00:00Z,2025-10-27T00:00:00Z
ORD-04109,CUS-0105,2024-11-08,PROD-054,3,511.50,1534.50,USD,credit_card,paid,delivered,next_day,TRACK-9XTB0Z6M,2024-11-09,2024-11-12,2024-11-08T00:00:00Z,2025-05-31T00:00:00Z
ORD-04110,CUS-0195,2025-12-26,PROD-038,3,302.64,907.92,USD,debit_card,paid,shipped,express,TRACK-NTKPEZLT,2025-12-29,,2025-12-26T00:00:00Z,2025-12-30T00:00:00Z
ORD-04111,CUS-0511,2024-06-01,PROD-018,1,1487.38,1487.38,USD,debit_card,paid,shipped,standard,TRACK-YNAFSYPQ,2024-06-09,,2024-06-01T00:00:00Z,2024-10-03T00:00:00Z
ORD-04112,CUS-0599,2024-02-18,PROD-023,2,955.05,1910.10,USD,debit_card,paid,delivered,express,TRACK-OPM3XP40,2024-02-20,2024-02-21,2024-02-18T00:00:00Z,2025-03-15T00:00:00Z
ORD-04113,CUS-0456,2024-04-03,PROD-012,4,922.70,3690.80,USD,credit_card,paid,confirmed,standard,TRACK-HG939UG5,2024-04-13,,2024-04-03T00:00:00Z,2025-10-04T00:00:00Z
ORD-04114,CUS-0488,2025-08-21,PROD-082,2,235.36,470.72,USD,credit_card,partially_refunded,returned,standard,TRACK-VIWWR8H2,2025-08-28,2025-08-31,2025-08-21T00:00:00Z,2025-08-26T00:00:00Z
ORD-04115,CUS-0484,2024-07-29,PROD-010,5,1931.10,9655.50,USD,credit_card,paid,delivered,standard,TRACK-RQYMWBV6,2024-08-04,2024-08-05,2024-07-29T00:00:00Z,2024-10-23T00:00:00Z
ORD-04116,CUS-0106,2024-08-11,PROD-024,4,522.20,2088.80,USD,bank_transfer,paid,shipped,express,TRACK-YXTBUQF5,2024-08-14,,2024-08-11T00:00:00Z,2025-10-17T00:00:00Z
ORD-04117,CUS-0273,2024-11-10,PROD-059,1,284.59,284.59,USD,debit_card,paid,delivered,standard,TRACK-ZILE6OLR,2024-11-15,2024-11-17,2024-11-10T00:00:00Z,2025-07-28T00:00:00Z
ORD-04118,CUS-0877,2025-11-15,PROD-058,1,354.13,354.13,USD,paypal,refunded,returned,standard,TRACK-R0UZNO5M,2025-11-22,2025-11-23,2025-11-15T00:00:00Z,2025-12-11T00:00:00Z
ORD-04119,CUS-0356,2025-09-25,PROD-028,5,249.80,1249.00,USD,paypal,paid,delivered,standard,TRACK-WKCY25DS,2025-10-03,2025-10-05,2025-09-25T00:00:00Z,2025-10-30T00:00:00Z
ORD-04120,CUS-0539,2025-09-26,PROD-073,4,114.42,457.68,USD,credit_card,paid,confirmed,standard,TRACK-4XPAAKH0,2025-10-02,,2025-09-26T00:00:00Z,2025-12-27T00:00:00Z
ORD-04121,CUS-0780,2024-01-02,PROD-014,1,474.04,474.04,USD,credit_card,paid,out_for_delivery,express,TRACK-B7QPIZJ8,2024-01-04,,2024-01-02T00:00:00Z,2024-02-03T00:00:00Z
ORD-04122,CUS-0671,2025-04-14,PROD-090,2,289.84,579.68,USD,credit_card,paid,shipped,standard,TRACK-FJX09TI8,2025-04-23,,2025-04-14T00:00:00Z,2025-08-15T00:00:00Z
ORD-04123,CUS-0809,2024-02-26,PROD-068,1,296.26,296.26,USD,credit_card,paid,delayed,standard,TRACK-TRZ1QK5G,2024-03-05,,2024-02-26T00:00:00Z,2024-03-22T00:00:00Z
ORD-04124,CUS-0951,2025-03-09,PROD-021,4,373.51,1494.04,USD,credit_card,paid,shipped,next_day,TRACK-1N3UXJ1N,2025-03-10,,2025-03-09T00:00:00Z,2025-12-08T00:00:00Z
ORD-04125,CUS-0548,2025-05-29,PROD-059,2,284.59,569.18,USD,debit_card,refunded,returned,standard,TRACK-1F92P2FA,2025-06-04,2025-06-06,2025-05-29T00:00:00Z,2025-06-13T00:00:00Z
ORD-04126,CUS-0240,2024-06-27,PROD-002,3,2846.71,8540.13,USD,bank_transfer,paid,confirmed,express,TRACK-1O5CMKQG,2024-06-29,,2024-06-27T00:00:00Z,2025-04-18T00:00:00Z
ORD-04127,CUS-0981,2024-04-18,PROD-039,5,482.81,2414.05,USD,debit_card,paid,shipped,standard,TRACK-P3CSHXMJ,2024-04-24,,2024-04-18T00:00:00Z,2025-02-09T00:00:00Z
ORD-04128,CUS-0473,2025-01-11,PROD-052,5,580.62,2903.10,USD,paypal,paid,shipped,next_day,TRACK-0T1510OA,2025-01-12,,2025-01-11T00:00:00Z,2025-05-09T00:00:00Z
ORD-04129,CUS-0724,2024-10-17,PROD-083,5,189.30,946.50,USD,debit_card,failed,cancelled,standard,TRACK-Q6GZR2RJ,2024-10-23,,2024-10-17T00:00:00Z,2025-03-21T00:00:00Z
ORD-04130,CUS-0738,2025-05-07,PROD-011,2,1007.07,2014.14,USD,paypal,refunded,cancelled,standard,TRACK-NKT7LEGV,2025-05-12,,2025-05-07T00:00:00Z,2025-05-30T00:00:00Z
ORD-04131,CUS-0011,2024-02-27,PROD-014,2,474.04,948.08,USD,bank_transfer,paid,shipped,express,TRACK-YA7DUQI8,2024-03-02,,2024-02-27T00:00:00Z,2025-09-19T00:00:00Z
ORD-04132,CUS-0254,2024-01-01,PROD-040,2,337.08,674.16,USD,credit_card,paid,delivered,express,TRACK-YQR5CT3G,2024-01-05,2024-01-08,2024-01-01T00:00:00Z,2024-07-13T00:00:00Z
ORD-04133,CUS-0267,2024-02-26,PROD-041,3,22.71,68.13,USD,credit_card,paid,delivered,international,TRACK-W0XGJO1K,2024-03-13,2024-03-16,2024-02-26T00:00:00Z,2024-08-28T00:00:00Z
ORD-04134,CUS-0153,2025-05-17,PROD-042,4,22.38,89.52,USD,credit_card,paid,delivered,next_day,TRACK-SA4EJHF2,2025-05-18,2025-05-19,2025-05-17T00:00:00Z,2025-06-09T00:00:00Z
ORD-04135,CUS-0222,2024-02-07,PROD-092,1,102.76,102.76,USD,credit_card,refunded,cancelled,express,TRACK-16W1EQGM,2024-02-09,,2024-02-07T00:00:00Z,2025-10-10T00:00:00Z
ORD-04136,CUS-0895,2024-07-15,PROD-037,4,290.16,1160.64,USD,paypal,paid,placed,standard,TRACK-NVUFM8HC,2024-07-24,,2024-07-15T00:00:00Z,2025-04-04T00:00:00Z
ORD-04137,CUS-0300,2025-12-24,PROD-040,4,337.08,1348.32,USD,debit_card,paid,delivered,standard,TRACK-SHO8R3PX,2025-12-29,2025-12-29,2025-12-24T00:00:00Z,2025-12-31T00:00:00Z
ORD-04138,CUS-0089,2025-07-12,PROD-008,4,1441.53,5766.12,USD,debit_card,partially_refunded,refunded,standard,TRACK-JO7BHOKD,2025-07-17,2025-07-20,2025-07-12T00:00:00Z,2025-08-09T00:00:00Z
ORD-04139,CUS-0861,2024-05-26,PROD-033,1,249.21,249.21,USD,paypal,paid,delivered,standard,TRACK-LI03GDIJ,2024-06-04,2024-06-07,2024-05-26T00:00:00Z,2024-10-25T00:00:00Z
ORD-04140,CUS-0807,2025-09-17,PROD-020,1,848.04,848.04,USD,paypal,pending,placed,express,TRACK-Q56S1L2W,2025-09-19,,2025-09-17T00:00:00Z,2025-12-04T00:00:00Z
ORD-04141,CUS-0179,2025-08-26,PROD-066,2,77.92,155.84,USD,debit_card,paid,confirmed,express,TRACK-P4VPC985,2025-08-29,,2025-08-26T00:00:00Z,2025-12-14T00:00:00Z
ORD-04142,CUS-0153,2024-10-08,PROD-053,4,574.29,2297.16,USD,bank_transfer,paid,delayed,next_day,TRACK-OLXCOMI9,2024-10-09,,2024-10-08T00:00:00Z,2025-10-30T00:00:00Z
ORD-04143,CUS-0639,2025-11-02,PROD-002,4,2846.71,11386.84,USD,credit_card,paid,delivered,express,TRACK-C4Z4AQQI,2025-11-06,2025-11-09,2025-11-02T00:00:00Z,2025-11-04T00:00:00Z
ORD-04144,CUS-0519,2025-02-08,PROD-017,2,657.92,1315.84,USD,credit_card,paid,out_for_delivery,standard,TRACK-Y2NE8BQQ,2025-02-14,,2025-02-08T00:00:00Z,2025-11-23T00:00:00Z
ORD-04145,CUS-0561,2024-09-05,PROD-074,5,76.36,381.80,USD,debit_card,paid,delivered,international,TRACK-YUAO2UCC,2024-10-03,2024-10-04,2024-09-05T00:00:00Z,2025-05-10T00:00:00Z
ORD-04146,CUS-0335,2024-04-15,PROD-016,4,551.74,2206.96,USD,credit_card,paid,placed,next_day,TRACK-AGG3LWP6,2024-04-16,,2024-04-15T00:00:00Z,2024-08-01T00:00:00Z
ORD-04147,CUS-0785,2024-05-07,PROD-007,4,2312.54,9250.16,USD,paypal,paid,shipped,standard,TRACK-7GWY9CJ8,2024-05-16,,2024-05-07T00:00:00Z,2025-05-17T00:00:00Z
ORD-04148,CUS-0411,2024-03-25,PROD-078,1,251.87,251.87,USD,credit_card,paid,processing,standard,TRACK-KECGXHUD,2024-04-02,,2024-03-25T00:00:00Z,2024-08-04T00:00:00Z
ORD-04149,CUS-0148,2025-03-19,PROD-012,3,922.70,2768.10,USD,credit_card,refunded,refunded,standard,TRACK-M0R9UDH4,2025-03-27,2025-03-29,2025-03-19T00:00:00Z,2025-10-31T00:00:00Z
ORD-04150,CUS-0622,2025-07-07,PROD-019,1,1140.33,1140.33,USD,debit_card,paid,shipped,standard,TRACK-WNTJC3W8,2025-07-16,,2025-07-07T00:00:00Z,2025-08-02T00:00:00Z
ORD-04151,CUS-0223,2024-04-04,PROD-009,3,788.22,2364.66,USD,debit_card,paid,delivered,standard,TRACK-LT2KG5EF,2024-04-14,2024-04-15,2024-04-04T00:00:00Z,2025-09-23T00:00:00Z
ORD-04152,CUS-0766,2025-08-24,PROD-022,1,500.24,500.24,USD,paypal,paid,shipped,standard,TRACK-5QXL86HD,2025-08-31,,2025-08-24T00:00:00Z,2025-11-23T00:00:00Z
ORD-04153,CUS-0670,2024-07-15,PROD-038,2,302.64,605.28,USD,paypal,partially_refunded,returned,standard,TRACK-Z0GCQ8X3,2024-07-22,2024-07-22,2024-07-15T00:00:00Z,2025-04-17T00:00:00Z
ORD-04154,CUS-0749,2024-02-23,PROD-095,5,106.35,531.75,USD,credit_card,paid,delivered,standard,TRACK-O9F79OID,2024-02-28,2024-03-02,2024-02-23T00:00:00Z,2025-08-01T00:00:00Z
ORD-04155,CUS-0383,2024-11-20,PROD-009,2,788.22,1576.44,USD,credit_card,paid,shipped,standard,TRACK-NR2KM6AW,2024-11-28,,2024-11-20T00:00:00Z,2025-07-05T00:00:00Z
ORD-04156,CUS-0284,2024-11-22,PROD-048,4,127.33,509.32,USD,credit_card,paid,processing,express,TRACK-UBS8ZD3A,2024-11-25,,2024-11-22T00:00:00Z,2025-04-22T00:00:00Z
ORD-04157,CUS-0037,2025-03-04,PROD-076,1,158.70,158.70,USD,debit_card,paid,confirmed,next_day,TRACK-78F2Y21N,2025-03-05,,2025-03-04T00:00:00Z,2025-04-29T00:00:00Z
ORD-04158,CUS-0375,2025-08-30,PROD-057,4,81.68,326.72,USD,debit_card,paid,out_for_delivery,standard,TRACK-7HTSB6ZX,2025-09-06,,2025-08-30T00:00:00Z,2025-10-16T00:00:00Z
ORD-04159,CUS-0357,2024-07-20,PROD-021,1,373.51,373.51,USD,bank_transfer,paid,delayed,standard,TRACK-YL5DIU32,2024-07-25,,2024-07-20T00:00:00Z,2025-01-02T00:00:00Z
ORD-04160,CUS-0827,2025-09-21,PROD-035,2,297.43,594.86,USD,debit_card,paid,shipped,next_day,TRACK-8Y68F551,2025-09-22,,2025-09-21T00:00:00Z,2025-09-30T00:00:00Z
ORD-04161,CUS-0106,2025-07-18,PROD-006,5,1049.94,5249.70,USD,credit_card,refunded,returned,next_day,TRACK-VU7N2VZI,2025-07-19,2025-07-22,2025-07-18T00:00:00Z,2025-09-25T00:00:00Z
ORD-04162,CUS-0888,2024-01-25,PROD-008,5,1441.53,7207.65,USD,bank_transfer,paid,delivered,standard,TRACK-YEX9TATF,2024-01-30,2024-02-02,2024-01-25T00:00:00Z,2024-12-04T00:00:00Z
ORD-04163,CUS-0269,2024-01-17,PROD-063,4,328.94,1315.76,USD,credit_card,paid,shipped,next_day,TRACK-0GK7JVTP,2024-01-18,,2024-01-17T00:00:00Z,2025-08-21T00:00:00Z
ORD-04164,CUS-0124,2024-01-31,PROD-049,1,49.02,49.02,USD,credit_card,paid,out_for_delivery,express,TRACK-KYLUA6M7,2024-02-03,,2024-01-31T00:00:00Z,2025-04-02T00:00:00Z
ORD-04165,CUS-0251,2024-12-10,PROD-097,3,43.21,129.63,USD,credit_card,paid,confirmed,next_day,TRACK-9P9LAKN1,2024-12-11,,2024-12-10T00:00:00Z,2025-11-05T00:00:00Z
ORD-04166,CUS-0593,2025-11-28,PROD-066,1,77.92,77.92,USD,credit_card,paid,delivered,next_day,TRACK-3IEKZ9L8,2025-11-29,2025-12-01,2025-11-28T00:00:00Z,2025-12-05T00:00:00Z
ORD-04167,CUS-0131,2024-09-23,PROD-060,5,420.27,2101.35,USD,credit_card,refunded,returned,standard,TRACK-F0WN6APO,2024-09-30,2024-10-01,2024-09-23T00:00:00Z,2025-12-16T00:00:00Z
ORD-04168,CUS-0660,2025-08-13,PROD-009,4,788.22,3152.88,USD,debit_card,paid,delayed,express,TRACK-NO8TNVFS,2025-08-17,,2025-08-13T00:00:00Z,2025-09-05T00:00:00Z
ORD-04169,CUS-0827,2025-09-28,PROD-090,4,289.84,1159.36,USD,credit_card,partially_refunded,refunded,express,TRACK-DS95EEBR,2025-10-01,2025-10-01,2025-09-28T00:00:00Z,2025-12-05T00:00:00Z
ORD-04170,CUS-0604,2024-08-26,PROD-075,4,343.41,1373.64,USD,paypal,paid,shipped,next_day,TRACK-A079CALU,2024-08-27,,2024-08-26T00:00:00Z,2024-11-15T00:00:00Z
ORD-04171,CUS-0325,2024-10-04,PROD-068,2,296.26,592.52,USD,bank_transfer,paid,processing,express,TRACK-7NEBR49B,2024-10-07,,2024-10-04T00:00:00Z,2025-04-30T00:00:00Z
ORD-04172,CUS-0916,2025-05-01,PROD-030,5,342.95,1714.75,USD,debit_card,refunded,refunded,next_day,TRACK-XNVYP4IX,2025-05-02,2025-05-04,2025-05-01T00:00:00Z,2025-12-02T00:00:00Z
ORD-04173,CUS-0794,2025-04-17,PROD-064,5,384.19,1920.95,USD,credit_card,failed,cancelled,express,TRACK-70AM1GP8,2025-04-21,,2025-04-17T00:00:00Z,2025-11-27T00:00:00Z
ORD-04174,CUS-0151,2024-01-07,PROD-053,4,574.29,2297.16,USD,bank_transfer,paid,shipped,express,TRACK-S1WVPFG5,2024-01-09,,2024-01-07T00:00:00Z,2025-12-22T00:00:00Z
ORD-04175,CUS-0946,2025-04-17,PROD-080,5,255.93,1279.65,USD,paypal,paid,delivered,express,TRACK-SBGTSVLU,2025-04-20,2025-04-23,2025-04-17T00:00:00Z,2025-07-05T00:00:00Z
ORD-04176,CUS-0711,2024-05-04,PROD-038,5,302.64,1513.20,USD,credit_card,paid,shipped,standard,TRACK-WRRGUQGT,2024-05-13,,2024-05-04T00:00:00Z,2025-05-07T00:00:00Z
ORD-04177,CUS-0498,2024-12-22,PROD-055,3,407.21,1221.63,USD,credit_card,refunded,cancelled,standard,TRACK-PMVIJ9VV,2024-12-29,,2024-12-22T00:00:00Z,2025-03-13T00:00:00Z
ORD-04178,CUS-0106,2025-08-13,PROD-070,2,55.18,110.36,USD,debit_card,paid,confirmed,next_day,TRACK-99ILS71N,2025-08-14,,2025-08-13T00:00:00Z,2025-10-05T00:00:00Z
ORD-04179,CUS-0833,2025-11-15,PROD-030,5,342.95,1714.75,USD,paypal,paid,delivered,express,TRACK-RVRG8SXW,2025-11-19,2025-11-21,2025-11-15T00:00:00Z,2025-12-11T00:00:00Z
ORD-04180,CUS-0388,2025-04-30,PROD-086,1,272.87,272.87,USD,credit_card,failed,cancelled,next_day,TRACK-N0K3BQMN,2025-05-01,,2025-04-30T00:00:00Z,2025-10-14T00:00:00Z
ORD-04181,CUS-0800,2024-08-23,PROD-073,3,114.42,343.26,USD,credit_card,partially_refunded,returned,next_day,TRACK-XN69K5TM,2024-08-24,2024-08-24,2024-08-23T00:00:00Z,2025-09-05T00:00:00Z
ORD-04182,CUS-0775,2024-02-07,PROD-055,2,407.21,814.42,USD,credit_card,paid,placed,international,TRACK-XVL1IJOL,2024-03-01,,2024-02-07T00:00:00Z,2025-08-18T00:00:00Z
ORD-04183,CUS-0523,2025-09-08,PROD-061,2,118.46,236.92,USD,credit_card,paid,shipped,standard,TRACK-6JO7IZC9,2025-09-16,,2025-09-08T00:00:00Z,2025-11-03T00:00:00Z
ORD-04184,CUS-0535,2024-01-30,PROD-061,2,118.46,236.92,USD,debit_card,refunded,cancelled,standard,TRACK-1DCS6WPB,2024-02-07,,2024-01-30T00:00:00Z,2024-07-19T00:00:00Z
ORD-04185,CUS-0952,2024-03-23,PROD-092,4,102.76,411.04,USD,credit_card,paid,delivered,express,TRACK-J7OA8526,2024-03-25,2024-03-27,2024-03-23T00:00:00Z,2024-05-24T00:00:00Z
ORD-04186,CUS-0546,2024-01-10,PROD-005,1,925.08,925.08,USD,debit_card,pending,placed,express,TRACK-7YG8EV23,2024-01-14,,2024-01-10T00:00:00Z,2024-01-14T00:00:00Z
ORD-04187,CUS-0768,2025-09-13,PROD-094,1,179.49,179.49,USD,crypto,paid,delivered,standard,TRACK-FFOWOZML,2025-09-18,2025-09-20,2025-09-13T00:00:00Z,2025-09-17T00:00:00Z
ORD-04188,CUS-0721,2025-08-29,PROD-062,3,282.17,846.51,USD,debit_card,paid,cancelled,standard,TRACK-4FACIXLE,2025-09-06,,2025-08-29T00:00:00Z,2025-12-22T00:00:00Z
ORD-04189,CUS-0269,2024-09-11,PROD-088,3,191.92,575.76,USD,debit_card,paid,delivered,standard,TRACK-N77S4H3B,2024-09-18,2024-09-21,2024-09-11T00:00:00Z,2025-02-14T00:00:00Z
ORD-04190,CUS-0319,2025-10-16,PROD-011,4,1007.07,4028.28,USD,paypal,partially_refunded,returned,standard,TRACK-EZ0SYSZ9,2025-10-23,2025-10-26,2025-10-16T00:00:00Z,2025-10-26T00:00:00Z
ORD-04191,CUS-0437,2025-10-24,PROD-082,5,235.36,1176.80,USD,paypal,paid,delivered,express,TRACK-8DYN9YWT,2025-10-26,2025-10-28,2025-10-24T00:00:00Z,2025-11-07T00:00:00Z
ORD-04192,CUS-0964,2024-12-02,PROD-047,1,81.88,81.88,USD,credit_card,partially_refunded,returned,standard,TRACK-5AKAD9XQ,2024-12-11,2024-12-11,2024-12-02T00:00:00Z,2025-10-24T00:00:00Z
ORD-04193,CUS-0175,2025-10-02,PROD-068,4,296.26,1185.04,USD,paypal,paid,delivered,standard,TRACK-E5SVLBPD,2025-10-07,2025-10-09,2025-10-02T00:00:00Z,2025-11-09T00:00:00Z
ORD-04194,CUS-0969,2024-12-21,PROD-022,2,500.24,1000.48,USD,credit_card,paid,shipped,standard,TRACK-5IAKBZM3,2024-12-30,,2024-12-21T00:00:00Z,2025-11-19T00:00:00Z
ORD-04195,CUS-0676,2024-10-08,PROD-036,1,341.40,341.40,USD,credit_card,paid,delivered,standard,TRACK-0UUFXFEM,2024-10-15,2024-10-18,2024-10-08T00:00:00Z,2024-10-13T00:00:00Z
ORD-04196,CUS-0517,2025-09-14,PROD-031,4,88.52,354.08,USD,credit_card,refunded,refunded,next_day,TRACK-3ETSG8VI,2025-09-15,2025-09-15,2025-09-14T00:00:00Z,2025-10-06T00:00:00Z
ORD-04197,CUS-0821,2024-08-18,PROD-050,5,81.10,405.50,USD,debit_card,paid,delivered,express,TRACK-KHKVXAML,2024-08-21,2024-08-22,2024-08-18T00:00:00Z,2025-05-24T00:00:00Z
ORD-04198,CUS-0883,2024-06-08,PROD-022,2,500.24,1000.48,USD,debit_card,paid,delivered,standard,TRACK-BEBSYL69,2024-06-15,2024-06-16,2024-06-08T00:00:00Z,2024-11-02T00:00:00Z
ORD-04199,CUS-0439,2025-06-25,PROD-064,2,384.19,768.38,USD,paypal,paid,delivered,express,TRACK-M97N5QTC,2025-06-28,2025-06-28,2025-06-25T00:00:00Z,2025-08-23T00:00:00Z
ORD-04200,CUS-0112,2025-03-23,PROD-040,5,337.08,1685.40,USD,paypal,paid,cancelled,express,TRACK-H9S0HMRI,2025-03-25,,2025-03-23T00:00:00Z,2025-10-01T00:00:00Z
ORD-04201,CUS-0154,2024-12-05,PROD-068,5,296.26,1481.30,USD,debit_card,paid,shipped,next_day,TRACK-2TDX4RTQ,2024-12-06,,2024-12-05T00:00:00Z,2025-07-02T00:00:00Z
ORD-04202,CUS-0962,2025-06-22,PROD-070,1,55.18,55.18,USD,credit_card,paid,shipped,next_day,TRACK-QLEGQCSP,2025-06-23,,2025-06-22T00:00:00Z,2025-06-26T00:00:00Z
ORD-04203,CUS-0670,2024-01-25,PROD-005,2,925.08,1850.16,USD,paypal,pending,placed,standard,TRACK-MEXLDWTH,2024-02-01,,2024-01-25T00:00:00Z,2024-12-03T00:00:00Z
ORD-04204,CUS-0817,2025-05-19,PROD-071,5,489.66,2448.30,USD,bank_transfer,refunded,refunded,express,TRACK-69ZBFSZZ,2025-05-23,2025-05-25,2025-05-19T00:00:00Z,2025-10-05T00:00:00Z
ORD-04205,CUS-0189,2024-03-13,PROD-065,3,339.44,1018.32,USD,paypal,paid,delayed,next_day,TRACK-D504QDUH,2024-03-14,,2024-03-13T00:00:00Z,2025-08-01T00:00:00Z
ORD-04206,CUS-0800,2024-04-26,PROD-017,4,657.92,2631.68,USD,debit_card,paid,delivered,next_day,TRACK-TOPN491J,2024-04-27,2024-04-29,2024-04-26T00:00:00Z,2025-09-12T00:00:00Z
ORD-04207,CUS-0600,2025-09-16,PROD-037,2,290.16,580.32,USD,credit_card,pending,placed,standard,TRACK-7EOG9TQF,2025-09-24,,2025-09-16T00:00:00Z,2025-10-13T00:00:00Z
ORD-04208,CUS-0344,2025-11-25,PROD-066,3,77.92,233.76,USD,credit_card,paid,shipped,standard,TRACK-42SR7JZ6,2025-12-02,,2025-11-25T00:00:00Z,2025-11-28T00:00:00Z
ORD-04209,CUS-0989,2024-01-18,PROD-043,2,53.52,107.04,USD,credit_card,paid,shipped,express,TRACK-3MUH4ZMH,2024-01-21,,2024-01-18T00:00:00Z,2025-02-02T00:00:00Z
ORD-04210,CUS-0013,2024-07-02,PROD-078,4,251.87,1007.48,USD,bank_transfer,refunded,returned,standard,TRACK-ZY4FCNNJ,2024-07-11,2024-07-12,2024-07-02T00:00:00Z,2024-12-31T00:00:00Z
ORD-04211,CUS-0956,2025-06-03,PROD-088,4,191.92,767.68,USD,paypal,pending,placed,standard,TRACK-5PXHU2H7,2025-06-12,,2025-06-03T00:00:00Z,2025-10-10T00:00:00Z
ORD-04212,CUS-0732,2024-10-13,PROD-057,3,81.68,245.04,USD,paypal,paid,shipped,standard,TRACK-FPYA4QTP,2024-10-21,,2024-10-13T00:00:00Z,2025-05-07T00:00:00Z
ORD-04213,CUS-0298,2025-10-26,PROD-037,2,290.16,580.32,USD,credit_card,paid,delayed,express,TRACK-BRIXYWZ6,2025-10-28,,2025-10-26T00:00:00Z,2025-12-29T00:00:00Z
ORD-04214,CUS-0324,2024-03-31,PROD-015,5,987.77,4938.85,USD,debit_card,paid,delivered,next_day,TRACK-Y5ME95XN,2024-04-01,2024-04-02,2024-03-31T00:00:00Z,2025-07-04T00:00:00Z
ORD-04215,CUS-0278,2025-09-02,PROD-066,3,77.92,233.76,USD,credit_card,paid,shipped,next_day,TRACK-RNLAQXUI,2025-09-03,,2025-09-02T00:00:00Z,2025-10-15T00:00:00Z
ORD-04216,CUS-0284,2024-05-24,PROD-065,3,339.44,1018.32,USD,paypal,paid,delivered,express,TRACK-N1CM27Q3,2024-05-27,2024-05-27,2024-05-24T00:00:00Z,2025-03-23T00:00:00Z
ORD-04217,CUS-0434,2024-08-08,PROD-048,3,127.33,381.99,USD,paypal,failed,cancelled,standard,TRACK-X91UXZPG,2024-08-16,,2024-08-08T00:00:00Z,2025-05-31T00:00:00Z
ORD-04218,CUS-0794,2024-01-25,PROD-072,3,172.02,516.06,USD,paypal,paid,out_for_delivery,express,TRACK-Y5TYHHMB,2024-01-29,,2024-01-25T00:00:00Z,2025-10-05T00:00:00Z
ORD-04219,CUS-0466,2024-04-02,PROD-051,1,450.36,450.36,USD,credit_card,paid,placed,express,TRACK-99FS8P93,2024-04-06,,2024-04-02T00:00:00Z,2024-12-07T00:00:00Z
ORD-04220,CUS-0374,2025-11-05,PROD-090,5,289.84,1449.20,USD,debit_card,paid,placed,express,TRACK-WDPCSUFI,2025-11-09,,2025-11-05T00:00:00Z,2025-11-27T00:00:00Z
ORD-04221,CUS-0124,2024-12-19,PROD-086,1,272.87,272.87,USD,bank_transfer,pending,placed,standard,TRACK-OPB37JXT,2024-12-25,,2024-12-19T00:00:00Z,2025-08-24T00:00:00Z
ORD-04222,CUS-0790,2025-05-19,PROD-017,3,657.92,1973.76,USD,credit_card,paid,out_for_delivery,standard,TRACK-CEN74IW9,2025-05-24,,2025-05-19T00:00:00Z,2025-11-22T00:00:00Z
ORD-04223,CUS-0929,2024-09-30,PROD-066,5,77.92,389.60,USD,credit_card,paid,shipped,express,TRACK-ZXGV254S,2024-10-02,,2024-09-30T00:00:00Z,2024-10-09T00:00:00Z
ORD-04224,CUS-0107,2025-05-17,PROD-037,4,290.16,1160.64,USD,paypal,paid,shipped,express,TRACK-JJDLDEL7,2025-05-20,,2025-05-17T00:00:00Z,2025-12-07T00:00:00Z
ORD-04225,CUS-0105,2025-11-10,PROD-059,2,284.59,569.18,USD,credit_card,paid,delivered,standard,TRACK-G775G45A,2025-11-19,2025-11-20,2025-11-10T00:00:00Z,2025-12-20T00:00:00Z
ORD-04226,CUS-0003,2025-02-24,PROD-094,1,179.49,179.49,USD,credit_card,refunded,refunded,standard,TRACK-ZXWR5RFE,2025-03-04,2025-03-06,2025-02-24T00:00:00Z,2025-04-05T00:00:00Z
ORD-04227,CUS-0827,2024-07-01,PROD-050,3,81.10,243.30,USD,debit_card,paid,delivered,standard,TRACK-8MQ1F6YS,2024-07-10,2024-07-11,2024-07-01T00:00:00Z,2024-12-06T00:00:00Z
ORD-04228,CUS-0329,2024-12-22,PROD-074,4,76.36,305.44,USD,bank_transfer,paid,confirmed,next_day,TRACK-T7U4YAL7,2024-12-23,,2024-12-22T00:00:00Z,2025-12-01T00:00:00Z
ORD-04229,CUS-0048,2025-05-24,PROD-022,1,500.24,500.24,USD,debit_card,paid,delayed,standard,TRACK-OJO9RCWB,2025-05-30,,2025-05-24T00:00:00Z,2025-07-07T00:00:00Z
ORD-04230,CUS-0195,2025-05-25,PROD-088,3,191.92,575.76,USD,credit_card,paid,shipped,standard,TRACK-6LR8CLPX,2025-06-02,,2025-05-25T00:00:00Z,2025-10-08T00:00:00Z
ORD-04231,CUS-0395,2025-09-27,PROD-073,2,114.42,228.84,USD,credit_card,paid,shipped,express,TRACK-GRTJV9ZO,2025-09-30,,2025-09-27T00:00:00Z,2025-12-09T00:00:00Z
ORD-04232,CUS-0658,2024-10-17,PROD-011,3,1007.07,3021.21,USD,bank_transfer,paid,shipped,standard,TRACK-4IZEJSX0,2024-10-22,,2024-10-17T00:00:00Z,2025-02-24T00:00:00Z
ORD-04233,CUS-0843,2025-05-15,PROD-021,3,373.51,1120.53,USD,debit_card,paid,confirmed,next_day,TRACK-LUMVLLYF,2025-05-16,,2025-05-15T00:00:00Z,2025-07-09T00:00:00Z
ORD-04234,CUS-0470,2024-07-07,PROD-090,1,289.84,289.84,USD,paypal,paid,shipped,express,TRACK-SVVJJSLA,2024-07-11,,2024-07-07T00:00:00Z,2024-09-05T00:00:00Z
ORD-04235,CUS-0012,2024-01-21,PROD-050,4,81.10,324.40,USD,credit_card,paid,out_for_delivery,express,TRACK-Z99JSEH3,2024-01-25,,2024-01-21T00:00:00Z,2024-02-21T00:00:00Z
ORD-04236,CUS-0690,2024-07-06,PROD-074,4,76.36,305.44,USD,debit_card,paid,processing,express,TRACK-LUVGLAF8,2024-07-10,,2024-07-06T00:00:00Z,2024-12-14T00:00:00Z
ORD-04237,CUS-0069,2024-06-20,PROD-070,3,55.18,165.54,USD,crypto,paid,out_for_delivery,standard,TRACK-2QIERIOV,2024-06-29,,2024-06-20T00:00:00Z,2025-07-16T00:00:00Z
ORD-04238,CUS-0672,2024-02-13,PROD-077,2,484.12,968.24,USD,paypal,paid,shipped,express,TRACK-5I0TFVX8,2024-02-16,,2024-02-13T00:00:00Z,2024-04-28T00:00:00Z
ORD-04239,CUS-0601,2025-03-27,PROD-044,1,26.86,26.86,USD,paypal,paid,out_for_delivery,standard,TRACK-AYBNLCTO,2025-04-05,,2025-03-27T00:00:00Z,2025-11-30T00:00:00Z
ORD-04240,CUS-0867,2025-06-17,PROD-040,2,337.08,674.16,USD,paypal,paid,delivered,express,TRACK-Q6THYG19,2025-06-21,2025-06-22,2025-06-17T00:00:00Z,2025-11-22T00:00:00Z
ORD-04241,CUS-0019,2024-05-12,PROD-096,1,93.24,93.24,USD,debit_card,paid,shipped,express,TRACK-IWF9THOD,2024-05-16,,2024-05-12T00:00:00Z,2024-11-17T00:00:00Z
ORD-04242,CUS-0146,2025-04-25,PROD-065,5,339.44,1697.20,USD,credit_card,paid,shipped,standard,TRACK-994V3CK3,2025-05-03,,2025-04-25T00:00:00Z,2025-05-11T00:00:00Z
ORD-04243,CUS-0194,2025-03-15,PROD-032,2,126.22,252.44,USD,debit_card,paid,delivered,next_day,TRACK-33RXDT59,2025-03-16,2025-03-19,2025-03-15T00:00:00Z,2025-05-09T00:00:00Z
ORD-04244,CUS-0583,2024-12-22,PROD-054,2,511.50,1023.00,USD,paypal,paid,delivered,next_day,TRACK-IZF46PS2,2024-12-23,2024-12-24,2024-12-22T00:00:00Z,2025-12-02T00:00:00Z
ORD-04245,CUS-0454,2024-08-02,PROD-093,5,61.11,305.55,USD,bank_transfer,paid,delivered,express,TRACK-1PGACQK4,2024-08-06,2024-08-07,2024-08-02T00:00:00Z,2024-10-14T00:00:00Z
ORD-04246,CUS-0673,2024-12-19,PROD-057,4,81.68,326.72,USD,credit_card,paid,out_for_delivery,international,TRACK-8BTE54JX,2025-01-05,,2024-12-19T00:00:00Z,2025-02-05T00:00:00Z
ORD-04247,CUS-0608,2024-09-26,PROD-017,5,657.92,3289.60,USD,credit_card,paid,delivered,express,TRACK-KSTK59XH,2024-09-29,2024-10-02,2024-09-26T00:00:00Z,2024-10-11T00:00:00Z
ORD-04248,CUS-0486,2025-11-29,PROD-087,1,89.66,89.66,USD,paypal,paid,cancelled,standard,TRACK-DZIJ7Q7G,2025-12-08,,2025-11-29T00:00:00Z,2025-12-22T00:00:00Z
ORD-04249,CUS-0551,2024-01-11,PROD-088,5,191.92,959.60,USD,debit_card,pending,placed,standard,TRACK-2C4X8VOE,2024-01-19,,2024-01-11T00:00:00Z,2025-03-15T00:00:00Z
ORD-04250,CUS-0493,2025-02-23,PROD-032,3,126.22,378.66,USD,credit_card,paid,processing,express,TRACK-VCNIV1GX,2025-02-25,,2025-02-23T00:00:00Z,2025-12-12T00:00:00Z
ORD-04251,CUS-0649,2024-03-12,PROD-006,4,1049.94,4199.76,USD,paypal,paid,delivered,express,TRACK-NDCJP91I,2024-03-15,2024-03-16,2024-03-12T00:00:00Z,2025-05-26T00:00:00Z
ORD-04252,CUS-0403,2025-03-04,PROD-081,3,150.38,451.14,USD,debit_card,paid,out_for_delivery,express,TRACK-XXW62AIA,2025-03-07,,2025-03-04T00:00:00Z,2025-03-28T00:00:00Z
ORD-04253,CUS-0720,2024-11-24,PROD-014,2,474.04,948.08,USD,paypal,paid,out_for_delivery,express,TRACK-MWOIQ45S,2024-11-27,,2024-11-24T00:00:00Z,2025-10-30T00:00:00Z
ORD-04254,CUS-0802,2025-12-14,PROD-026,5,295.00,1475.00,USD,debit_card,paid,delivered,standard,TRACK-5E3V8V9W,2025-12-24,2025-12-27,2025-12-14T00:00:00Z,2025-12-21T00:00:00Z
ORD-04255,CUS-0665,2024-08-11,PROD-033,2,249.21,498.42,USD,debit_card,paid,delivered,international,TRACK-RGO9PV7Q,2024-09-04,2024-09-04,2024-08-11T00:00:00Z,2024-10-11T00:00:00Z
ORD-04256,CUS-0629,2025-05-02,PROD-065,5,339.44,1697.20,USD,credit_card,paid,delivered,next_day,TRACK-CQYONVUH,2025-05-03,2025-05-03,2025-05-02T00:00:00Z,2025-07-25T00:00:00Z
ORD-04257,CUS-0873,2025-01-26,PROD-044,4,26.86,107.44,USD,credit_card,paid,delayed,standard,TRACK-J83E7X57,2025-02-04,,2025-01-26T00:00:00Z,2025-04-27T00:00:00Z
ORD-04258,CUS-0649,2024-05-01,PROD-060,4,420.27,1681.08,USD,debit_card,refunded,returned,standard,TRACK-PM93UPP1,2024-05-08,2024-05-09,2024-05-01T00:00:00Z,2025-02-08T00:00:00Z
ORD-04259,CUS-0955,2025-08-11,PROD-069,2,271.07,542.14,USD,credit_card,refunded,cancelled,express,TRACK-L775S9Y8,2025-08-13,,2025-08-11T00:00:00Z,2025-11-13T00:00:00Z
ORD-04260,CUS-0111,2025-07-23,PROD-068,2,296.26,592.52,USD,credit_card,paid,delivered,express,TRACK-B16IK49E,2025-07-25,2025-07-26,2025-07-23T00:00:00Z,2025-07-31T00:00:00Z
ORD-04261,CUS-0076,2025-07-30,PROD-029,2,868.72,1737.44,USD,paypal,pending,placed,next_day,TRACK-57FS87Q0,2025-07-31,,2025-07-30T00:00:00Z,2025-12-01T00:00:00Z
ORD-04262,CUS-0949,2025-03-04,PROD-023,2,955.05,1910.10,USD,credit_card,paid,processing,express,TRACK-H9XB4FHT,2025-03-07,,2025-03-04T00:00:00Z,2025-05-04T00:00:00Z
ORD-04263,CUS-0145,2024-01-09,PROD-035,1,297.43,297.43,USD,debit_card,paid,shipped,standard,TRACK-ED80OAJ4,2024-01-19,,2024-01-09T00:00:00Z,2025-06-07T00:00:00Z
ORD-04264,CUS-0757,2024-09-13,PROD-021,4,373.51,1494.04,USD,credit_card,paid,delivered,express,TRACK-A5GA0QVV,2024-09-15,2024-09-17,2024-09-13T00:00:00Z,2024-10-06T00:00:00Z
ORD-04265,CUS-0689,2024-07-09,PROD-072,1,172.02,172.02,USD,credit_card,refunded,cancelled,international,TRACK-8P5WQFYR,2024-07-29,,2024-07-09T00:00:00Z,2025-12-29T00:00:00Z
ORD-04266,CUS-0194,2025-05-16,PROD-090,3,289.84,869.52,USD,debit_card,paid,shipped,express,TRACK-JCGT1B76,2025-05-19,,2025-05-16T00:00:00Z,2025-07-29T00:00:00Z
ORD-04267,CUS-0204,2025-10-25,PROD-019,1,1140.33,1140.33,USD,debit_card,paid,out_for_delivery,standard,TRACK-88IFJI16,2025-10-31,,2025-10-25T00:00:00Z,2025-10-31T00:00:00Z
ORD-04268,CUS-0400,2024-11-19,PROD-081,3,150.38,451.14,USD,debit_card,paid,shipped,standard,TRACK-JULE4EP7,2024-11-24,,2024-11-19T00:00:00Z,2025-02-20T00:00:00Z
ORD-04269,CUS-0856,2024-07-05,PROD-048,2,127.33,254.66,USD,debit_card,pending,placed,express,TRACK-YH09WWL1,2024-07-08,,2024-07-05T00:00:00Z,2024-12-03T00:00:00Z
ORD-04270,CUS-0287,2025-11-02,PROD-019,1,1140.33,1140.33,USD,credit_card,paid,shipped,express,TRACK-YHXS8X10,2025-11-04,,2025-11-02T00:00:00Z,2025-12-12T00:00:00Z
ORD-04271,CUS-0710,2025-05-01,PROD-071,4,489.66,1958.64,USD,bank_transfer,paid,processing,next_day,TRACK-3MZA9GEZ,2025-05-02,,2025-05-01T00:00:00Z,2025-12-09T00:00:00Z
ORD-04272,CUS-0445,2025-04-11,PROD-099,5,110.41,552.05,USD,crypto,partially_refunded,refunded,express,TRACK-MF054RZR,2025-04-15,2025-04-15,2025-04-11T00:00:00Z,2025-08-08T00:00:00Z
ORD-04273,CUS-0532,2024-03-01,PROD-024,1,522.20,522.20,USD,crypto,pending,placed,standard,TRACK-V4DUB835,2024-03-06,,2024-03-01T00:00:00Z,2024-03-04T00:00:00Z
ORD-04274,CUS-0203,2025-06-26,PROD-070,4,55.18,220.72,USD,bank_transfer,paid,delivered,standard,TRACK-EKQUFN92,2025-07-04,2025-07-05,2025-06-26T00:00:00Z,2025-09-06T00:00:00Z
ORD-04275,CUS-0887,2025-08-31,PROD-018,3,1487.38,4462.14,USD,debit_card,partially_refunded,returned,standard,TRACK-6SBRULK9,2025-09-06,2025-09-06,2025-08-31T00:00:00Z,2025-11-09T00:00:00Z
ORD-04276,CUS-0678,2024-05-21,PROD-026,5,295.00,1475.00,USD,credit_card,paid,processing,standard,TRACK-Z76LJVHJ,2024-05-27,,2024-05-21T00:00:00Z,2025-06-26T00:00:00Z
ORD-04277,CUS-0415,2024-11-15,PROD-008,4,1441.53,5766.12,USD,credit_card,paid,processing,standard,TRACK-SF64ADK2,2024-11-20,,2024-11-15T00:00:00Z,2024-12-19T00:00:00Z
ORD-04278,CUS-0445,2024-03-03,PROD-083,5,189.30,946.50,USD,credit_card,paid,out_for_delivery,standard,TRACK-0QBZAJ86,2024-03-12,,2024-03-03T00:00:00Z,2025-02-22T00:00:00Z
ORD-04279,CUS-0033,2025-12-23,PROD-065,1,339.44,339.44,USD,credit_card,paid,shipped,standard,TRACK-H1RCET35,2025-12-29,,2025-12-23T00:00:00Z,2025-12-25T00:00:00Z
ORD-04280,CUS-0702,2025-10-16,PROD-070,5,55.18,275.90,USD,bank_transfer,paid,confirmed,standard,TRACK-XP5U5AIU,2025-10-26,,2025-10-16T00:00:00Z,2025-12-29T00:00:00Z
ORD-04281,CUS-0583,2024-12-19,PROD-014,3,474.04,1422.12,USD,credit_card,refunded,cancelled,express,TRACK-ZNK4SDET,2024-12-22,,2024-12-19T00:00:00Z,2025-12-14T00:00:00Z
ORD-04282,CUS-0204,2024-05-25,PROD-051,3,450.36,1351.08,USD,paypal,paid,processing,standard,TRACK-XUQ9WZUU,2024-05-31,,2024-05-25T00:00:00Z,2025-05-29T00:00:00Z
ORD-04283,CUS-0899,2024-09-29,PROD-040,1,337.08,337.08,USD,crypto,paid,shipped,standard,TRACK-JWIFTPA1,2024-10-07,,2024-09-29T00:00:00Z,2025-11-25T00:00:00Z
ORD-04284,CUS-1000,2024-05-22,PROD-096,4,93.24,372.96,USD,paypal,paid,delivered,express,TRACK-DB71KQ8X,2024-05-25,2024-05-28,2024-05-22T00:00:00Z,2024-10-30T00:00:00Z
ORD-04285,CUS-0534,2025-05-25,PROD-053,3,574.29,1722.87,USD,credit_card,paid,processing,standard,TRACK-3W706SM2,2025-05-31,,2025-05-25T00:00:00Z,2025-12-05T00:00:00Z
ORD-04286,CUS-0816,2025-06-08,PROD-072,1,172.02,172.02,USD,credit_card,paid,shipped,next_day,TRACK-OFG9LU5Z,2025-06-09,,2025-06-08T00:00:00Z,2025-08-03T00:00:00Z
ORD-04287,CUS-0619,2024-12-09,PROD-096,2,93.24,186.48,USD,crypto,pending,placed,standard,TRACK-H4C0MRMQ,2024-12-15,,2024-12-09T00:00:00Z,2025-01-10T00:00:00Z
ORD-04288,CUS-0622,2025-10-07,PROD-024,4,522.20,2088.80,USD,debit_card,paid,confirmed,express,TRACK-716DNGXK,2025-10-10,,2025-10-07T00:00:00Z,2025-12-30T00:00:00Z
ORD-04289,CUS-0435,2025-02-06,PROD-095,1,106.35,106.35,USD,credit_card,paid,cancelled,next_day,TRACK-77JOYEAE,2025-02-07,,2025-02-06T00:00:00Z,2025-10-12T00:00:00Z
ORD-04290,CUS-0305,2024-12-10,PROD-086,2,272.87,545.74,USD,debit_card,paid,shipped,next_day,TRACK-47OX402L,2024-12-11,,2024-12-10T00:00:00Z,2025-06-12T00:00:00Z
ORD-04291,CUS-0335,2024-04-04,PROD-015,1,987.77,987.77,USD,credit_card,paid,cancelled,standard,TRACK-5HOEKD9Q,2024-04-12,,2024-04-04T00:00:00Z,2024-12-13T00:00:00Z
ORD-04292,CUS-0642,2024-04-17,PROD-060,2,420.27,840.54,USD,debit_card,paid,delayed,standard,TRACK-6VX67QBH,2024-04-25,,2024-04-17T00:00:00Z,2024-04-26T00:00:00Z
ORD-04293,CUS-0445,2024-06-04,PROD-027,5,795.29,3976.45,USD,paypal,paid,delivered,express,TRACK-WU1VZYP8,2024-06-06,2024-06-09,2024-06-04T00:00:00Z,2025-05-17T00:00:00Z
ORD-04294,CUS-0976,2025-10-27,PROD-042,5,22.38,111.90,USD,credit_card,paid,delivered,standard,TRACK-L1JRLCBN,2025-11-06,2025-11-06,2025-10-27T00:00:00Z,2025-11-21T00:00:00Z
ORD-04295,CUS-0913,2025-11-27,PROD-081,4,150.38,601.52,USD,credit_card,paid,shipped,international,TRACK-HCFAAIBY,2025-12-27,,2025-11-27T00:00:00Z,2025-11-29T00:00:00Z
ORD-04296,CUS-0540,2024-06-11,PROD-097,2,43.21,86.42,USD,debit_card,paid,shipped,express,TRACK-NT0YT2ID,2024-06-15,,2024-06-11T00:00:00Z,2024-12-30T00:00:00Z
ORD-04297,CUS-0706,2025-02-25,PROD-066,4,77.92,311.68,USD,debit_card,paid,out_for_delivery,standard,TRACK-6JC1F52R,2025-03-02,,2025-02-25T00:00:00Z,2025-05-11T00:00:00Z
ORD-04298,CUS-0892,2025-10-02,PROD-019,1,1140.33,1140.33,USD,credit_card,paid,out_for_delivery,express,TRACK-L6OAFAZH,2025-10-06,,2025-10-02T00:00:00Z,2025-10-22T00:00:00Z
ORD-04299,CUS-0639,2024-12-08,PROD-015,3,987.77,2963.31,USD,credit_card,paid,confirmed,express,TRACK-LFIVUDEM,2024-12-11,,2024-12-08T00:00:00Z,2025-01-20T00:00:00Z
ORD-04300,CUS-0191,2024-09-24,PROD-088,3,191.92,575.76,USD,bank_transfer,refunded,returned,express,TRACK-AFOI6ZVQ,2024-09-26,2024-09-27,2024-09-24T00:00:00Z,2024-12-28T00:00:00Z
ORD-04301,CUS-0054,2024-11-27,PROD-077,3,484.12,1452.36,USD,credit_card,refunded,returned,express,TRACK-HINS19UK,2024-11-29,2024-11-30,2024-11-27T00:00:00Z,2025-06-15T00:00:00Z
ORD-04302,CUS-0814,2025-01-16,PROD-053,4,574.29,2297.16,USD,credit_card,paid,delivered,standard,TRACK-AAWBSRXO,2025-01-24,2025-01-27,2025-01-16T00:00:00Z,2025-05-15T00:00:00Z
ORD-04303,CUS-0273,2025-07-23,PROD-024,2,522.20,1044.40,USD,credit_card,paid,processing,standard,TRACK-4J3YRLR0,2025-07-28,,2025-07-23T00:00:00Z,2025-08-12T00:00:00Z
ORD-04304,CUS-0754,2025-09-09,PROD-025,3,499.30,1497.90,USD,debit_card,paid,shipped,standard,TRACK-K519XDFJ,2025-09-16,,2025-09-09T00:00:00Z,2025-11-30T00:00:00Z
ORD-04305,CUS-0093,2025-02-08,PROD-077,2,484.12,968.24,USD,debit_card,refunded,returned,next_day,TRACK-OTFDGRR9,2025-02-09,2025-02-09,2025-02-08T00:00:00Z,2025-08-12T00:00:00Z
ORD-04306,CUS-0367,2024-01-12,PROD-077,5,484.12,2420.60,USD,debit_card,paid,shipped,express,TRACK-HA4LVH6K,2024-01-16,,2024-01-12T00:00:00Z,2025-11-10T00:00:00Z
ORD-04307,CUS-0705,2024-02-18,PROD-023,5,955.05,4775.25,USD,paypal,failed,cancelled,international,TRACK-8OCFSSW9,2024-03-01,,2024-02-18T00:00:00Z,2024-08-19T00:00:00Z
ORD-04308,CUS-0151,2025-09-28,PROD-052,5,580.62,2903.10,USD,credit_card,paid,shipped,express,TRACK-B3G1KAGA,2025-09-30,,2025-09-28T00:00:00Z,2025-11-21T00:00:00Z
ORD-04309,CUS-0754,2025-05-13,PROD-044,1,26.86,26.86,USD,credit_card,paid,delayed,express,TRACK-RZHXKA7U,2025-05-15,,2025-05-13T00:00:00Z,2025-07-02T00:00:00Z
ORD-04310,CUS-0448,2024-11-11,PROD-008,5,1441.53,7207.65,USD,debit_card,paid,shipped,standard,TRACK-Z41EGJY0,2024-11-17,,2024-11-11T00:00:00Z,2024-12-31T00:00:00Z
ORD-04311,CUS-0574,2025-07-23,PROD-076,1,158.70,158.70,USD,credit_card,paid,shipped,express,TRACK-2VGPMU51,2025-07-27,,2025-07-23T00:00:00Z,2025-11-23T00:00:00Z
ORD-04312,CUS-0702,2024-04-28,PROD-020,4,848.04,3392.16,USD,credit_card,paid,cancelled,next_day,TRACK-YVVWMBJI,2024-04-29,,2024-04-28T00:00:00Z,2025-08-20T00:00:00Z
ORD-04313,CUS-0308,2025-02-06,PROD-008,2,1441.53,2883.06,USD,credit_card,partially_refunded,returned,express,TRACK-9RABPKQI,2025-02-10,2025-02-13,2025-02-06T00:00:00Z,2025-07-23T00:00:00Z
ORD-04314,CUS-0118,2024-01-26,PROD-100,5,46.48,232.40,USD,credit_card,pending,placed,next_day,TRACK-HDPSIUYU,2024-01-27,,2024-01-26T00:00:00Z,2025-02-21T00:00:00Z
ORD-04315,CUS-0634,2025-02-06,PROD-032,4,126.22,504.88,USD,debit_card,partially_refunded,refunded,standard,TRACK-VYUBEZ5I,2025-02-12,2025-02-12,2025-02-06T00:00:00Z,2025-12-05T00:00:00Z
ORD-04316,CUS-0991,2025-10-02,PROD-099,3,110.41,331.23,USD,debit_card,paid,confirmed,next_day,TRACK-6WYJ4OQ5,2025-10-03,,2025-10-02T00:00:00Z,2025-12-03T00:00:00Z
ORD-04317,CUS-0321,2025-01-09,PROD-038,1,302.64,302.64,USD,paypal,paid,out_for_delivery,next_day,TRACK-77OXTKR7,2025-01-10,,2025-01-09T00:00:00Z,2025-02-05T00:00:00Z
ORD-04318,CUS-0800,2024-02-29,PROD-092,1,102.76,102.76,USD,credit_card,paid,cancelled,standard,TRACK-UZNQT7U4,2024-03-05,,2024-02-29T00:00:00Z,2025-11-27T00:00:00Z
ORD-04319,CUS-0192,2024-04-30,PROD-009,4,788.22,3152.88,USD,paypal,paid,placed,express,TRACK-4OVD38R3,2024-05-04,,2024-04-30T00:00:00Z,2024-11-19T00:00:00Z
ORD-04320,CUS-0900,2025-08-17,PROD-066,2,77.92,155.84,USD,credit_card,paid,shipped,standard,TRACK-SIINEY03,2025-08-27,,2025-08-17T00:00:00Z,2025-08-24T00:00:00Z
ORD-04321,CUS-0358,2024-10-24,PROD-096,3,93.24,279.72,USD,paypal,paid,processing,standard,TRACK-EDZ03YPO,2024-10-29,,2024-10-24T00:00:00Z,2025-08-23T00:00:00Z
ORD-04322,CUS-0903,2025-09-30,PROD-076,3,158.70,476.10,USD,paypal,paid,placed,next_day,TRACK-58JFTDS6,2025-10-01,,2025-09-30T00:00:00Z,2025-12-20T00:00:00Z
ORD-04323,CUS-0224,2024-07-10,PROD-028,4,249.80,999.20,USD,credit_card,paid,confirmed,standard,TRACK-AYTSJEEL,2024-07-15,,2024-07-10T00:00:00Z,2025-01-03T00:00:00Z
ORD-04324,CUS-0108,2025-06-25,PROD-076,2,158.70,317.40,USD,credit_card,paid,out_for_delivery,standard,TRACK-HZT1QZA7,2025-07-03,,2025-06-25T00:00:00Z,2025-07-27T00:00:00Z
ORD-04325,CUS-0283,2024-02-21,PROD-017,3,657.92,1973.76,USD,paypal,paid,shipped,standard,TRACK-OY4XCQR5,2024-03-01,,2024-02-21T00:00:00Z,2025-12-02T00:00:00Z
ORD-04326,CUS-0583,2025-08-08,PROD-038,5,302.64,1513.20,USD,crypto,paid,shipped,next_day,TRACK-C6ES3UGP,2025-08-09,,2025-08-08T00:00:00Z,2025-10-05T00:00:00Z
ORD-04327,CUS-0774,2025-12-23,PROD-097,4,43.21,172.84,USD,debit_card,paid,out_for_delivery,standard,TRACK-SOO0BF0U,2025-12-31,,2025-12-23T00:00:00Z,2025-12-23T00:00:00Z
ORD-04328,CUS-0229,2025-08-27,PROD-039,2,482.81,965.62,USD,debit_card,paid,shipped,standard,TRACK-HENR5SOV,2025-09-02,,2025-08-27T00:00:00Z,2025-09-27T00:00:00Z
ORD-04329,CUS-0949,2025-01-01,PROD-077,2,484.12,968.24,USD,paypal,paid,placed,standard,TRACK-ZIKQJMK2,2025-01-07,,2025-01-01T00:00:00Z,2025-04-22T00:00:00Z
ORD-04330,CUS-0310,2024-10-31,PROD-088,1,191.92,191.92,USD,credit_card,paid,delivered,standard,TRACK-GBGCHU8F,2024-11-05,2024-11-08,2024-10-31T00:00:00Z,2025-07-14T00:00:00Z
ORD-04331,CUS-0059,2024-12-09,PROD-009,3,788.22,2364.66,USD,credit_card,paid,delivered,standard,TRACK-CNEQCEPT,2024-12-17,2024-12-19,2024-12-09T00:00:00Z,2025-11-08T00:00:00Z
ORD-04332,CUS-0056,2025-01-31,PROD-074,4,76.36,305.44,USD,debit_card,pending,placed,standard,TRACK-6SZSP271,2025-02-06,,2025-01-31T00:00:00Z,2025-04-06T00:00:00Z
ORD-04333,CUS-0520,2025-06-04,PROD-062,5,282.17,1410.85,USD,debit_card,paid,delivered,express,TRACK-YY9F788U,2025-06-08,2025-06-08,2025-06-04T00:00:00Z,2025-06-28T00:00:00Z
ORD-04334,CUS-0195,2025-09-02,PROD-056,5,520.14,2600.70,USD,credit_card,paid,confirmed,express,TRACK-DZAH2244,2025-09-05,,2025-09-02T00:00:00Z,2025-09-10T00:00:00Z
ORD-04335,CUS-0213,2024-12-29,PROD-038,3,302.64,907.92,USD,debit_card,pending,placed,express,TRACK-S31GVVY0,2024-12-31,,2024-12-29T00:00:00Z,2025-08-23T00:00:00Z
ORD-04336,CUS-0330,2025-12-08,PROD-034,5,347.18,1735.90,USD,bank_transfer,paid,delivered,standard,TRACK-E1AUO350,2025-12-17,2025-12-17,2025-12-08T00:00:00Z,2025-12-11T00:00:00Z
ORD-04337,CUS-0160,2024-04-24,PROD-066,3,77.92,233.76,USD,credit_card,refunded,refunded,standard,TRACK-IY9D9MWB,2024-05-04,2024-05-05,2024-04-24T00:00:00Z,2025-04-07T00:00:00Z
ORD-04338,CUS-0628,2025-08-20,PROD-055,1,407.21,407.21,USD,debit_card,paid,placed,standard,TRACK-LHW50QCP,2025-08-29,,2025-08-20T00:00:00Z,2025-10-09T00:00:00Z
ORD-04339,CUS-0061,2025-03-31,PROD-015,4,987.77,3951.08,USD,debit_card,paid,out_for_delivery,express,TRACK-BY0FZRLI,2025-04-04,,2025-03-31T00:00:00Z,2025-10-22T00:00:00Z
ORD-04340,CUS-0633,2025-07-17,PROD-054,2,511.50,1023.00,USD,debit_card,paid,shipped,next_day,TRACK-COF3AEWN,2025-07-18,,2025-07-17T00:00:00Z,2025-09-10T00:00:00Z
ORD-04341,CUS-0043,2024-08-17,PROD-031,3,88.52,265.56,USD,debit_card,pending,placed,express,TRACK-NBGSLCT9,2024-08-21,,2024-08-17T00:00:00Z,2025-09-19T00:00:00Z
ORD-04342,CUS-0828,2024-01-07,PROD-011,4,1007.07,4028.28,USD,credit_card,paid,delivered,express,TRACK-8GCQP44F,2024-01-11,2024-01-11,2024-01-07T00:00:00Z,2025-11-26T00:00:00Z
ORD-04343,CUS-0124,2024-02-01,PROD-092,5,102.76,513.80,USD,credit_card,paid,shipped,standard,TRACK-4UMDBF4I,2024-02-10,,2024-02-01T00:00:00Z,2025-02-19T00:00:00Z
ORD-04344,CUS-0206,2025-05-27,PROD-037,1,290.16,290.16,USD,debit_card,paid,placed,standard,TRACK-EQG36X2Q,2025-06-02,,2025-05-27T00:00:00Z,2025-06-17T00:00:00Z
ORD-04345,CUS-0877,2024-11-21,PROD-078,5,251.87,1259.35,USD,credit_card,paid,delivered,international,TRACK-INZ8GMMT,2024-12-05,2024-12-07,2024-11-21T00:00:00Z,2025-04-22T00:00:00Z
ORD-04346,CUS-0539,2024-05-26,PROD-020,5,848.04,4240.20,USD,bank_transfer,refunded,returned,express,TRACK-LN7XHGUO,2024-05-28,2024-05-29,2024-05-26T00:00:00Z,2025-05-08T00:00:00Z
ORD-04347,CUS-0819,2024-05-26,PROD-001,3,2193.82,6581.46,USD,paypal,paid,delivered,next_day,TRACK-06M5L1MO,2024-05-27,2024-05-30,2024-05-26T00:00:00Z,2024-07-17T00:00:00Z
ORD-04348,CUS-0538,2024-02-11,PROD-069,4,271.07,1084.28,USD,credit_card,paid,delivered,standard,TRACK-M4RFU3VF,2024-02-18,2024-02-20,2024-02-11T00:00:00Z,2024-10-13T00:00:00Z
ORD-04349,CUS-0480,2024-06-25,PROD-095,5,106.35,531.75,USD,credit_card,paid,confirmed,standard,TRACK-GD7IWW7X,2024-06-30,,2024-06-25T00:00:00Z,2025-08-19T00:00:00Z
ORD-04350,CUS-0535,2024-03-17,PROD-034,1,347.18,347.18,USD,credit_card,failed,cancelled,standard,TRACK-5W50CFDE,2024-03-26,,2024-03-17T00:00:00Z,2025-08-01T00:00:00Z
ORD-04351,CUS-0786,2024-08-30,PROD-020,5,848.04,4240.20,USD,paypal,paid,out_for_delivery,standard,TRACK-S5S651O7,2024-09-04,,2024-08-30T00:00:00Z,2024-11-03T00:00:00Z
ORD-04352,CUS-0171,2024-02-17,PROD-044,5,26.86,134.30,USD,credit_card,paid,confirmed,standard,TRACK-X0ZUDQJ3,2024-02-22,,2024-02-17T00:00:00Z,2024-05-07T00:00:00Z
ORD-04353,CUS-0325,2025-04-26,PROD-097,1,43.21,43.21,USD,credit_card,paid,delivered,standard,TRACK-EE1OAWVF,2025-05-01,2025-05-01,2025-04-26T00:00:00Z,2025-10-15T00:00:00Z
ORD-04354,CUS-0306,2025-05-12,PROD-038,4,302.64,1210.56,USD,paypal,paid,delivered,standard,TRACK-ZK2HACI1,2025-05-20,2025-05-20,2025-05-12T00:00:00Z,2025-07-29T00:00:00Z
ORD-04355,CUS-0877,2025-11-08,PROD-087,3,89.66,268.98,USD,debit_card,paid,out_for_delivery,standard,TRACK-3ZNHNSQU,2025-11-15,,2025-11-08T00:00:00Z,2025-11-08T00:00:00Z
ORD-04356,CUS-0359,2024-05-30,PROD-047,3,81.88,245.64,USD,credit_card,pending,placed,express,TRACK-R5LA3UG7,2024-06-03,,2024-05-30T00:00:00Z,2025-03-22T00:00:00Z
ORD-04357,CUS-0420,2024-06-20,PROD-052,5,580.62,2903.10,USD,credit_card,paid,out_for_delivery,standard,TRACK-ZKIJNVLG,2024-06-26,,2024-06-20T00:00:00Z,2025-12-03T00:00:00Z
ORD-04358,CUS-0762,2024-12-09,PROD-048,1,127.33,127.33,USD,credit_card,pending,placed,next_day,TRACK-2VX7VNQT,2024-12-10,,2024-12-09T00:00:00Z,2025-09-12T00:00:00Z
ORD-04359,CUS-0407,2024-03-22,PROD-049,5,49.02,245.10,USD,credit_card,paid,delivered,express,TRACK-LABEUL52,2024-03-24,2024-03-24,2024-03-22T00:00:00Z,2024-11-16T00:00:00Z
ORD-04360,CUS-0736,2024-01-18,PROD-098,1,168.10,168.10,USD,paypal,paid,delayed,standard,TRACK-BDCE8ITO,2024-01-25,,2024-01-18T00:00:00Z,2025-03-10T00:00:00Z
ORD-04361,CUS-0437,2025-06-27,PROD-054,4,511.50,2046.00,USD,paypal,paid,out_for_delivery,standard,TRACK-0EMIU2DG,2025-07-02,,2025-06-27T00:00:00Z,2025-06-30T00:00:00Z
ORD-04362,CUS-0261,2025-12-16,PROD-025,4,499.30,1997.20,USD,debit_card,paid,placed,express,TRACK-UJI2ZZJ0,2025-12-20,,2025-12-16T00:00:00Z,2025-12-24T00:00:00Z
ORD-04363,CUS-0310,2025-10-25,PROD-018,1,1487.38,1487.38,USD,credit_card,paid,delivered,standard,TRACK-OAVBMWBG,2025-11-04,2025-11-04,2025-10-25T00:00:00Z,2025-11-06T00:00:00Z
ORD-04364,CUS-0648,2025-04-17,PROD-072,1,172.02,172.02,USD,paypal,pending,placed,next_day,TRACK-3JP192IU,2025-04-18,,2025-04-17T00:00:00Z,2025-07-03T00:00:00Z
ORD-04365,CUS-0145,2024-11-12,PROD-067,1,317.35,317.35,USD,credit_card,partially_refunded,refunded,next_day,TRACK-JW4RBXXW,2024-11-13,2024-11-14,2024-11-12T00:00:00Z,2025-07-29T00:00:00Z
ORD-04366,CUS-0064,2024-10-02,PROD-043,1,53.52,53.52,USD,credit_card,paid,out_for_delivery,standard,TRACK-SZ6PM1OY,2024-10-08,,2024-10-02T00:00:00Z,2025-03-22T00:00:00Z
ORD-04367,CUS-0195,2025-11-01,PROD-079,1,363.45,363.45,USD,crypto,paid,delivered,standard,TRACK-87Z8RZKS,2025-11-11,2025-11-11,2025-11-01T00:00:00Z,2025-12-31T00:00:00Z
ORD-04368,CUS-0834,2025-09-20,PROD-058,5,354.13,1770.65,USD,crypto,paid,delivered,standard,TRACK-HW755IMX,2025-09-30,2025-09-30,2025-09-20T00:00:00Z,2025-10-17T00:00:00Z
ORD-04369,CUS-0720,2025-12-07,PROD-001,1,2193.82,2193.82,USD,credit_card,refunded,cancelled,express,TRACK-AVKV5CCJ,2025-12-09,,2025-12-07T00:00:00Z,2025-12-26T00:00:00Z
ORD-04370,CUS-0028,2024-04-30,PROD-056,4,520.14,2080.56,USD,paypal,paid,delivered,next_day,TRACK-T78H9CRQ,2024-05-01,2024-05-04,2024-04-30T00:00:00Z,2025-05-21T00:00:00Z
ORD-04371,CUS-0493,2024-07-08,PROD-001,3,2193.82,6581.46,USD,debit_card,paid,delivered,express,TRACK-EE3QI2OX,2024-07-12,2024-07-15,2024-07-08T00:00:00Z,2024-09-18T00:00:00Z
ORD-04372,CUS-0062,2024-05-11,PROD-045,5,111.96,559.80,USD,debit_card,paid,delivered,standard,TRACK-OXTPI98M,2024-05-17,2024-05-19,2024-05-11T00:00:00Z,2025-08-23T00:00:00Z
ORD-04373,CUS-0388,2025-05-11,PROD-091,5,84.12,420.60,USD,paypal,paid,out_for_delivery,next_day,TRACK-7L07ECX9,2025-05-12,,2025-05-11T00:00:00Z,2025-12-26T00:00:00Z
ORD-04374,CUS-0096,2025-01-01,PROD-012,2,922.70,1845.40,USD,paypal,paid,shipped,next_day,TRACK-9L1E891O,2025-01-02,,2025-01-01T00:00:00Z,2025-08-09T00:00:00Z
ORD-04375,CUS-0584,2025-02-25,PROD-058,5,354.13,1770.65,USD,bank_transfer,paid,out_for_delivery,express,TRACK-3BQG3E3A,2025-02-27,,2025-02-25T00:00:00Z,2025-06-29T00:00:00Z
ORD-04376,CUS-0508,2025-12-27,PROD-076,4,158.70,634.80,USD,credit_card,paid,shipped,standard,TRACK-KU5RHIDI,2026-01-01,,2025-12-27T00:00:00Z,2025-12-29T00:00:00Z
ORD-04377,CUS-0365,2025-10-14,PROD-063,4,328.94,1315.76,USD,paypal,pending,placed,standard,TRACK-7XSWAGJM,2025-10-19,,2025-10-14T00:00:00Z,2026-01-01T00:00:00Z
ORD-04378,CUS-0297,2024-06-04,PROD-030,1,342.95,342.95,USD,credit_card,paid,confirmed,standard,TRACK-9F39H1IM,2024-06-09,,2024-06-04T00:00:00Z,2025-06-21T00:00:00Z
ORD-04379,CUS-0462,2024-08-26,PROD-011,2,1007.07,2014.14,USD,credit_card,paid,delayed,standard,TRACK-8JFQC2V6,2024-09-05,,2024-08-26T00:00:00Z,2025-07-19T00:00:00Z
ORD-04380,CUS-0852,2025-05-06,PROD-090,2,289.84,579.68,USD,debit_card,refunded,cancelled,standard,TRACK-XKUBNCZP,2025-05-13,,2025-05-06T00:00:00Z,2025-05-29T00:00:00Z
ORD-04381,CUS-0151,2024-08-02,PROD-035,3,297.43,892.29,USD,credit_card,paid,delivered,express,TRACK-X3HSKQDL,2024-08-05,2024-08-05,2024-08-02T00:00:00Z,2025-06-19T00:00:00Z
ORD-04382,CUS-0863,2024-08-25,PROD-066,2,77.92,155.84,USD,debit_card,paid,out_for_delivery,express,TRACK-QIB8I0CP,2024-08-29,,2024-08-25T00:00:00Z,2025-07-14T00:00:00Z
ORD-04383,CUS-0159,2024-04-02,PROD-092,1,102.76,102.76,USD,credit_card,paid,delivered,express,TRACK-GTIZ7GLZ,2024-04-05,2024-04-06,2024-04-02T00:00:00Z,2025-02-21T00:00:00Z
ORD-04384,CUS-0120,2025-03-13,PROD-010,1,1931.10,1931.10,USD,bank_transfer,paid,delivered,standard,TRACK-MLDS7GOW,2025-03-19,2025-03-22,2025-03-13T00:00:00Z,2025-09-02T00:00:00Z
ORD-04385,CUS-0524,2024-08-22,PROD-071,3,489.66,1468.98,USD,debit_card,paid,delivered,express,TRACK-7NBFB6TF,2024-08-25,2024-08-26,2024-08-22T00:00:00Z,2025-10-15T00:00:00Z
ORD-04386,CUS-0695,2025-11-28,PROD-060,5,420.27,2101.35,USD,credit_card,pending,placed,express,TRACK-SDSU5W45,2025-12-01,,2025-11-28T00:00:00Z,2025-12-31T00:00:00Z
ORD-04387,CUS-0544,2025-09-01,PROD-018,5,1487.38,7436.90,USD,paypal,paid,placed,express,TRACK-A16P7JZ0,2025-09-05,,2025-09-01T00:00:00Z,2025-10-25T00:00:00Z
ORD-04388,CUS-0108,2025-03-27,PROD-067,1,317.35,317.35,USD,paypal,pending,placed,standard,TRACK-OCGCHQVI,2025-04-03,,2025-03-27T00:00:00Z,2025-11-10T00:00:00Z
ORD-04389,CUS-0187,2024-12-05,PROD-088,5,191.92,959.60,USD,credit_card,paid,delivered,standard,TRACK-NJ3ZE6VL,2024-12-12,2024-12-14,2024-12-05T00:00:00Z,2025-04-17T00:00:00Z
ORD-04390,CUS-0251,2024-04-06,PROD-005,5,925.08,4625.40,USD,credit_card,paid,shipped,express,TRACK-5QIGF62M,2024-04-08,,2024-04-06T00:00:00Z,2024-12-31T00:00:00Z
ORD-04391,CUS-0663,2024-01-24,PROD-029,5,868.72,4343.60,USD,credit_card,paid,placed,standard,TRACK-D1GVKNZR,2024-02-02,,2024-01-24T00:00:00Z,2025-05-14T00:00:00Z
ORD-04392,CUS-0112,2024-12-19,PROD-029,5,868.72,4343.60,USD,credit_card,paid,shipped,next_day,TRACK-8893ZRSR,2024-12-20,,2024-12-19T00:00:00Z,2025-03-02T00:00:00Z
ORD-04393,CUS-0463,2025-09-16,PROD-015,5,987.77,4938.85,USD,debit_card,paid,confirmed,standard,TRACK-2D3ZTHIH,2025-09-24,,2025-09-16T00:00:00Z,2025-10-30T00:00:00Z
ORD-04394,CUS-0989,2025-09-27,PROD-085,4,152.73,610.92,USD,credit_card,paid,delayed,standard,TRACK-IMZA667P,2025-10-05,,2025-09-27T00:00:00Z,2025-12-20T00:00:00Z
ORD-04395,CUS-0502,2025-11-13,PROD-059,1,284.59,284.59,USD,bank_transfer,pending,placed,express,TRACK-BM04YQXJ,2025-11-17,,2025-11-13T00:00:00Z,2025-12-21T00:00:00Z
ORD-04396,CUS-0564,2024-08-14,PROD-032,1,126.22,126.22,USD,paypal,paid,placed,express,TRACK-IKNYX2A5,2024-08-16,,2024-08-14T00:00:00Z,2025-02-04T00:00:00Z
ORD-04397,CUS-0406,2024-08-01,PROD-040,2,337.08,674.16,USD,bank_transfer,refunded,cancelled,standard,TRACK-SV82CRG7,2024-08-06,,2024-08-01T00:00:00Z,2025-10-16T00:00:00Z
ORD-04398,CUS-0720,2025-11-13,PROD-032,4,126.22,504.88,USD,credit_card,paid,confirmed,express,TRACK-TG1LMSLG,2025-11-15,,2025-11-13T00:00:00Z,2025-12-03T00:00:00Z
ORD-04399,CUS-0573,2025-06-15,PROD-035,3,297.43,892.29,USD,credit_card,paid,confirmed,standard,TRACK-UDJJP19B,2025-06-21,,2025-06-15T00:00:00Z,2025-09-09T00:00:00Z
ORD-04400,CUS-0752,2025-10-12,PROD-064,5,384.19,1920.95,USD,credit_card,paid,out_for_delivery,express,TRACK-GDIYWFZD,2025-10-16,,2025-10-12T00:00:00Z,2025-12-16T00:00:00Z
ORD-04401,CUS-0887,2025-10-21,PROD-100,2,46.48,92.96,USD,credit_card,paid,delivered,standard,TRACK-5TQH61X4,2025-10-30,2025-10-30,2025-10-21T00:00:00Z,2025-11-07T00:00:00Z
ORD-04402,CUS-0087,2025-03-16,PROD-085,3,152.73,458.19,USD,debit_card,refunded,cancelled,standard,TRACK-5P4Q0PCQ,2025-03-22,,2025-03-16T00:00:00Z,2025-11-10T00:00:00Z
ORD-04403,CUS-0675,2025-07-24,PROD-094,4,179.49,717.96,USD,credit_card,paid,delivered,next_day,TRACK-LXVRFPNR,2025-07-25,2025-07-25,2025-07-24T00:00:00Z,2025-07-28T00:00:00Z
ORD-04404,CUS-0908,2025-12-10,PROD-018,1,1487.38,1487.38,USD,crypto,pending,placed,standard,TRACK-A2S59HZ5,2025-12-17,,2025-12-10T00:00:00Z,2025-12-12T00:00:00Z
ORD-04405,CUS-0470,2024-02-19,PROD-099,2,110.41,220.82,USD,credit_card,paid,shipped,next_day,TRACK-76X8X2NQ,2024-02-20,,2024-02-19T00:00:00Z,2025-05-09T00:00:00Z
ORD-04406,CUS-0582,2024-08-29,PROD-088,3,191.92,575.76,USD,credit_card,refunded,refunded,standard,TRACK-19TQGCHG,2024-09-06,2024-09-07,2024-08-29T00:00:00Z,2024-11-01T00:00:00Z
ORD-04407,CUS-0802,2024-11-04,PROD-004,3,2579.89,7739.67,USD,debit_card,paid,delivered,standard,TRACK-XAMKJ3GG,2024-11-14,2024-11-15,2024-11-04T00:00:00Z,2024-12-10T00:00:00Z
ORD-04408,CUS-0506,2025-05-10,PROD-020,2,848.04,1696.08,USD,debit_card,paid,shipped,standard,TRACK-HQGA5TZK,2025-05-18,,2025-05-10T00:00:00Z,2025-12-28T00:00:00Z
ORD-04409,CUS-0825,2025-10-15,PROD-019,5,1140.33,5701.65,USD,debit_card,failed,cancelled,next_day,TRACK-NV2KF2RU,2025-10-16,,2025-10-15T00:00:00Z,2025-12-01T00:00:00Z
ORD-04410,CUS-0610,2025-05-19,PROD-071,4,489.66,1958.64,USD,bank_transfer,paid,delayed,next_day,TRACK-011JDIAS,2025-05-20,,2025-05-19T00:00:00Z,2025-11-09T00:00:00Z
ORD-04411,CUS-0814,2024-04-05,PROD-057,1,81.68,81.68,USD,bank_transfer,paid,out_for_delivery,standard,TRACK-MVDU1SYJ,2024-04-12,,2024-04-05T00:00:00Z,2025-05-05T00:00:00Z
ORD-04412,CUS-0690,2025-08-17,PROD-037,3,290.16,870.48,USD,credit_card,failed,cancelled,next_day,TRACK-NXMZAXRX,2025-08-18,,2025-08-17T00:00:00Z,2025-11-05T00:00:00Z
ORD-04413,CUS-0082,2024-03-02,PROD-031,5,88.52,442.60,USD,credit_card,paid,out_for_delivery,international,TRACK-F0KSMRVX,2024-03-31,,2024-03-02T00:00:00Z,2024-05-17T00:00:00Z
ORD-04414,CUS-0787,2024-10-22,PROD-072,3,172.02,516.06,USD,credit_card,paid,confirmed,standard,TRACK-YULPBQ3J,2024-10-29,,2024-10-22T00:00:00Z,2025-04-09T00:00:00Z
ORD-04415,CUS-0525,2024-11-10,PROD-060,3,420.27,1260.81,USD,debit_card,paid,delivered,standard,TRACK-XGFVCTN9,2024-11-19,2024-11-22,2024-11-10T00:00:00Z,2025-07-31T00:00:00Z
ORD-04416,CUS-0088,2025-01-24,PROD-010,3,1931.10,5793.30,USD,credit_card,paid,shipped,next_day,TRACK-SEV4PVEN,2025-01-25,,2025-01-24T00:00:00Z,2025-11-03T00:00:00Z
ORD-04417,CUS-0774,2024-03-02,PROD-004,3,2579.89,7739.67,USD,credit_card,paid,delivered,next_day,TRACK-978BX5F3,2024-03-03,2024-03-04,2024-03-02T00:00:00Z,2024-11-18T00:00:00Z
ORD-04418,CUS-0587,2025-09-08,PROD-002,2,2846.71,5693.42,USD,credit_card,paid,shipped,international,TRACK-4JV9KLF2,2025-09-29,,2025-09-08T00:00:00Z,2025-09-17T00:00:00Z
ORD-04419,CUS-0324,2024-07-09,PROD-052,3,580.62,1741.86,USD,credit_card,paid,delivered,standard,TRACK-0FV2074Z,2024-07-14,2024-07-16,2024-07-09T00:00:00Z,2024-08-12T00:00:00Z
ORD-04420,CUS-0098,2024-02-28,PROD-052,3,580.62,1741.86,USD,debit_card,paid,confirmed,express,TRACK-40RWX0YG,2024-03-03,,2024-02-28T00:00:00Z,2025-01-06T00:00:00Z
ORD-04421,CUS-0400,2025-06-15,PROD-081,3,150.38,451.14,USD,debit_card,paid,delivered,standard,TRACK-Q8NX4LN1,2025-06-24,2025-06-27,2025-06-15T00:00:00Z,2025-12-14T00:00:00Z
ORD-04422,CUS-0202,2025-09-26,PROD-095,2,106.35,212.70,USD,debit_card,paid,cancelled,standard,TRACK-T18XWBK9,2025-10-03,,2025-09-26T00:00:00Z,2025-12-27T00:00:00Z
ORD-04423,CUS-0367,2025-08-17,PROD-023,1,955.05,955.05,USD,credit_card,paid,delivered,express,TRACK-VHSN6BNT,2025-08-21,2025-08-21,2025-08-17T00:00:00Z,2025-10-20T00:00:00Z
ORD-04424,CUS-0884,2025-02-12,PROD-018,1,1487.38,1487.38,USD,credit_card,paid,confirmed,standard,TRACK-JZDZ1SWF,2025-02-20,,2025-02-12T00:00:00Z,2025-06-19T00:00:00Z
ORD-04425,CUS-0731,2025-02-25,PROD-089,5,304.67,1523.35,USD,credit_card,partially_refunded,refunded,express,TRACK-NPC7K2I0,2025-03-01,2025-03-01,2025-02-25T00:00:00Z,2025-07-31T00:00:00Z
ORD-04426,CUS-0714,2024-01-26,PROD-095,3,106.35,319.05,USD,credit_card,paid,out_for_delivery,next_day,TRACK-DB39ESXF,2024-01-27,,2024-01-26T00:00:00Z,2025-11-21T00:00:00Z
ORD-04427,CUS-0106,2024-09-19,PROD-007,1,2312.54,2312.54,USD,credit_card,paid,confirmed,standard,TRACK-S76YKXAX,2024-09-26,,2024-09-19T00:00:00Z,2025-08-03T00:00:00Z
ORD-04428,CUS-0172,2024-02-01,PROD-088,1,191.92,191.92,USD,credit_card,paid,confirmed,express,TRACK-SMORSZRE,2024-02-04,,2024-02-01T00:00:00Z,2024-06-12T00:00:00Z
ORD-04429,CUS-0383,2024-05-10,PROD-073,4,114.42,457.68,USD,debit_card,paid,delivered,express,TRACK-7JGD5622,2024-05-12,2024-05-12,2024-05-10T00:00:00Z,2025-02-12T00:00:00Z
ORD-04430,CUS-0598,2024-05-30,PROD-045,3,111.96,335.88,USD,credit_card,refunded,returned,standard,TRACK-0HY9710S,2024-06-08,2024-06-09,2024-05-30T00:00:00Z,2025-04-18T00:00:00Z
ORD-04431,CUS-0505,2024-10-17,PROD-050,5,81.10,405.50,USD,crypto,paid,shipped,express,TRACK-X7WN10WC,2024-10-21,,2024-10-17T00:00:00Z,2025-10-05T00:00:00Z
ORD-04432,CUS-0749,2025-02-24,PROD-011,3,1007.07,3021.21,USD,debit_card,paid,shipped,express,TRACK-YHPIZCTV,2025-02-27,,2025-02-24T00:00:00Z,2025-10-17T00:00:00Z
ORD-04433,CUS-0392,2025-12-15,PROD-070,2,55.18,110.36,USD,credit_card,paid,shipped,express,TRACK-WSLO57PM,2025-12-18,,2025-12-15T00:00:00Z,2025-12-31T00:00:00Z
ORD-04434,CUS-0777,2024-12-03,PROD-038,2,302.64,605.28,USD,crypto,paid,shipped,standard,TRACK-92OT1EJE,2024-12-13,,2024-12-03T00:00:00Z,2025-05-09T00:00:00Z
ORD-04435,CUS-0479,2025-11-02,PROD-023,2,955.05,1910.10,USD,bank_transfer,paid,delayed,standard,TRACK-5FBLKARK,2025-11-07,,2025-11-02T00:00:00Z,2025-11-13T00:00:00Z
ORD-04436,CUS-0257,2024-06-08,PROD-029,1,868.72,868.72,USD,credit_card,partially_refunded,refunded,express,TRACK-VFZR4XXN,2024-06-12,2024-06-15,2024-06-08T00:00:00Z,2025-02-13T00:00:00Z
ORD-04437,CUS-0389,2025-04-23,PROD-084,4,52.10,208.40,USD,paypal,partially_refunded,refunded,next_day,TRACK-6N5L8VLS,2025-04-24,2025-04-25,2025-04-23T00:00:00Z,2025-10-15T00:00:00Z
ORD-04438,CUS-0098,2024-01-27,PROD-020,1,848.04,848.04,USD,credit_card,paid,processing,standard,TRACK-00OM13LF,2024-02-06,,2024-01-27T00:00:00Z,2025-05-28T00:00:00Z
ORD-04439,CUS-0946,2025-07-18,PROD-063,1,328.94,328.94,USD,debit_card,pending,placed,standard,TRACK-LU8V2BLZ,2025-07-26,,2025-07-18T00:00:00Z,2025-07-23T00:00:00Z
ORD-04440,CUS-0169,2024-03-25,PROD-096,3,93.24,279.72,USD,paypal,paid,delivered,next_day,TRACK-1BQ6JDQY,2024-03-26,2024-03-28,2024-03-25T00:00:00Z,2024-04-07T00:00:00Z
ORD-04441,CUS-0134,2024-02-16,PROD-016,5,551.74,2758.70,USD,debit_card,paid,delivered,standard,TRACK-VCPASHW3,2024-02-21,2024-02-22,2024-02-16T00:00:00Z,2024-08-29T00:00:00Z
ORD-04442,CUS-0803,2024-10-05,PROD-076,1,158.70,158.70,USD,debit_card,paid,delivered,standard,TRACK-S7RQG8G2,2024-10-13,2024-10-15,2024-10-05T00:00:00Z,2025-11-26T00:00:00Z
ORD-04443,CUS-0072,2025-03-18,PROD-025,2,499.30,998.60,USD,paypal,refunded,cancelled,standard,TRACK-VNVMMKVC,2025-03-26,,2025-03-18T00:00:00Z,2025-04-17T00:00:00Z
ORD-04444,CUS-0972,2025-07-21,PROD-070,3,55.18,165.54,USD,debit_card,partially_refunded,returned,express,TRACK-IEZGI6JX,2025-07-25,2025-07-26,2025-07-21T00:00:00Z,2025-09-18T00:00:00Z
ORD-04445,CUS-0588,2024-02-25,PROD-028,3,249.80,749.40,USD,credit_card,paid,shipped,next_day,TRACK-Q6DE7UAX,2024-02-26,,2024-02-25T00:00:00Z,2025-06-25T00:00:00Z
ORD-04446,CUS-0492,2024-01-29,PROD-073,3,114.42,343.26,USD,bank_transfer,paid,shipped,standard,TRACK-27RAEQRG,2024-02-08,,2024-01-29T00:00:00Z,2025-12-27T00:00:00Z
ORD-04447,CUS-0469,2025-06-10,PROD-086,5,272.87,1364.35,USD,credit_card,paid,delivered,express,TRACK-0TQ81MBW,2025-06-12,2025-06-13,2025-06-10T00:00:00Z,2025-09-13T00:00:00Z
ORD-04448,CUS-0892,2025-06-09,PROD-037,2,290.16,580.32,USD,credit_card,paid,out_for_delivery,standard,TRACK-LWRTHFHL,2025-06-14,,2025-06-09T00:00:00Z,2025-06-27T00:00:00Z
ORD-04449,CUS-0350,2025-08-06,PROD-044,3,26.86,80.58,USD,credit_card,paid,processing,standard,TRACK-62547MZX,2025-08-11,,2025-08-06T00:00:00Z,2025-11-05T00:00:00Z
ORD-04450,CUS-0714,2025-07-11,PROD-012,3,922.70,2768.10,USD,debit_card,paid,placed,express,TRACK-RESD0UUS,2025-07-13,,2025-07-11T00:00:00Z,2025-12-11T00:00:00Z
ORD-04451,CUS-0573,2024-02-19,PROD-043,1,53.52,53.52,USD,credit_card,refunded,returned,express,TRACK-TWD0H6IA,2024-02-22,2024-02-22,2024-02-19T00:00:00Z,2024-10-08T00:00:00Z
ORD-04452,CUS-0506,2025-07-30,PROD-036,4,341.40,1365.60,USD,debit_card,refunded,cancelled,express,TRACK-UAE0CQIK,2025-08-02,,2025-07-30T00:00:00Z,2026-01-01T00:00:00Z
ORD-04453,CUS-0387,2024-01-03,PROD-078,5,251.87,1259.35,USD,credit_card,paid,confirmed,standard,TRACK-HUIU30Y7,2024-01-08,,2024-01-03T00:00:00Z,2024-10-03T00:00:00Z
ORD-04454,CUS-0878,2024-01-03,PROD-052,1,580.62,580.62,USD,debit_card,paid,out_for_delivery,express,TRACK-656VHWZF,2024-01-05,,2024-01-03T00:00:00Z,2024-08-05T00:00:00Z
ORD-04455,CUS-0972,2024-02-25,PROD-086,3,272.87,818.61,USD,credit_card,paid,cancelled,international,TRACK-UTBLBK6H,2024-03-09,,2024-02-25T00:00:00Z,2024-05-03T00:00:00Z
ORD-04456,CUS-0642,2025-05-13,PROD-055,1,407.21,407.21,USD,bank_transfer,paid,delayed,standard,TRACK-ECRILMYK,2025-05-19,,2025-05-13T00:00:00Z,2025-07-15T00:00:00Z
ORD-04457,CUS-0438,2025-11-16,PROD-048,2,127.33,254.66,USD,crypto,partially_refunded,returned,standard,TRACK-NJDWG2LK,2025-11-21,2025-11-23,2025-11-16T00:00:00Z,2025-12-19T00:00:00Z
ORD-04458,CUS-0343,2025-02-12,PROD-080,1,255.93,255.93,USD,paypal,paid,delivered,standard,TRACK-3L2M0938,2025-02-21,2025-02-22,2025-02-12T00:00:00Z,2025-02-19T00:00:00Z
ORD-04459,CUS-0086,2024-05-01,PROD-055,2,407.21,814.42,USD,credit_card,refunded,refunded,standard,TRACK-GESC34AE,2024-05-10,2024-05-11,2024-05-01T00:00:00Z,2024-09-26T00:00:00Z
ORD-04460,CUS-0793,2024-04-30,PROD-098,4,168.10,672.40,USD,bank_transfer,paid,confirmed,standard,TRACK-NQL8DLRL,2024-05-08,,2024-04-30T00:00:00Z,2024-06-06T00:00:00Z
ORD-04461,CUS-0864,2024-10-08,PROD-014,2,474.04,948.08,USD,credit_card,refunded,cancelled,standard,TRACK-14OXXUYE,2024-10-15,,2024-10-08T00:00:00Z,2025-02-28T00:00:00Z
ORD-04462,CUS-0989,2025-06-29,PROD-019,2,1140.33,2280.66,USD,debit_card,paid,confirmed,standard,TRACK-9BLC72K2,2025-07-08,,2025-06-29T00:00:00Z,2025-12-01T00:00:00Z
ORD-04463,CUS-0708,2025-04-30,PROD-053,4,574.29,2297.16,USD,debit_card,paid,shipped,express,TRACK-IIHEFOG5,2025-05-04,,2025-04-30T00:00:00Z,2025-07-09T00:00:00Z
ORD-04464,CUS-0085,2025-12-05,PROD-093,3,61.11,183.33,USD,paypal,paid,placed,standard,TRACK-D710Q6FC,2025-12-10,,2025-12-05T00:00:00Z,2025-12-29T00:00:00Z
ORD-04465,CUS-0954,2025-03-06,PROD-098,5,168.10,840.50,USD,debit_card,paid,processing,standard,TRACK-UPQLJQZS,2025-03-11,,2025-03-06T00:00:00Z,2025-12-31T00:00:00Z
ORD-04466,CUS-0877,2025-12-25,PROD-043,2,53.52,107.04,USD,credit_card,partially_refunded,refunded,standard,TRACK-RJW2JY56,2025-12-31,2025-12-31,2025-12-25T00:00:00Z,2025-12-28T00:00:00Z
ORD-04467,CUS-0777,2024-07-16,PROD-008,4,1441.53,5766.12,USD,credit_card,paid,out_for_delivery,next_day,TRACK-E9KS98QI,2024-07-17,,2024-07-16T00:00:00Z,2024-11-17T00:00:00Z
ORD-04468,CUS-0754,2024-07-03,PROD-070,4,55.18,220.72,USD,paypal,paid,confirmed,express,TRACK-4Q9XLGD2,2024-07-06,,2024-07-03T00:00:00Z,2024-09-24T00:00:00Z
ORD-04469,CUS-0997,2025-10-30,PROD-055,3,407.21,1221.63,USD,credit_card,paid,out_for_delivery,next_day,TRACK-MN4VDQYJ,2025-10-31,,2025-10-30T00:00:00Z,2025-12-16T00:00:00Z
ORD-04470,CUS-0466,2025-03-15,PROD-079,1,363.45,363.45,USD,credit_card,paid,delivered,international,TRACK-F7IETCPS,2025-03-29,2025-03-30,2025-03-15T00:00:00Z,2025-08-28T00:00:00Z
ORD-04471,CUS-0872,2024-10-10,PROD-030,2,342.95,685.90,USD,paypal,paid,confirmed,standard,TRACK-6FU7RV6H,2024-10-17,,2024-10-10T00:00:00Z,2025-07-24T00:00:00Z
ORD-04472,CUS-0651,2025-02-01,PROD-076,1,158.70,158.70,USD,credit_card,paid,delivered,next_day,TRACK-95VRTW8I,2025-02-02,2025-02-04,2025-02-01T00:00:00Z,2025-04-19T00:00:00Z
ORD-04473,CUS-0755,2024-02-14,PROD-066,1,77.92,77.92,USD,paypal,paid,delivered,next_day,TRACK-AKCQADC1,2024-02-15,2024-02-17,2024-02-14T00:00:00Z,2025-01-06T00:00:00Z
ORD-04474,CUS-0056,2024-09-12,PROD-048,4,127.33,509.32,USD,debit_card,paid,confirmed,standard,TRACK-PA3U5IKZ,2024-09-20,,2024-09-12T00:00:00Z,2025-11-16T00:00:00Z
ORD-04475,CUS-0736,2025-08-06,PROD-042,4,22.38,89.52,USD,credit_card,paid,shipped,standard,TRACK-23C55KWN,2025-08-14,,2025-08-06T00:00:00Z,2025-10-16T00:00:00Z
ORD-04476,CUS-0433,2024-08-07,PROD-037,5,290.16,1450.80,USD,paypal,partially_refunded,returned,next_day,TRACK-VAPAAOPZ,2024-08-08,2024-08-10,2024-08-07T00:00:00Z,2025-01-21T00:00:00Z
ORD-04477,CUS-0137,2025-02-24,PROD-090,1,289.84,289.84,USD,credit_card,refunded,cancelled,standard,TRACK-RH5LAJAZ,2025-03-05,,2025-02-24T00:00:00Z,2025-04-05T00:00:00Z
ORD-04478,CUS-0744,2025-04-06,PROD-098,1,168.10,168.10,USD,credit_card,paid,shipped,express,TRACK-IKSDX52D,2025-04-08,,2025-04-06T00:00:00Z,2025-04-20T00:00:00Z
ORD-04479,CUS-0900,2024-03-29,PROD-076,3,158.70,476.10,USD,paypal,paid,shipped,express,TRACK-DRGHVVQ4,2024-04-01,,2024-03-29T00:00:00Z,2025-09-09T00:00:00Z
ORD-04480,CUS-0200,2025-02-21,PROD-041,2,22.71,45.42,USD,credit_card,paid,processing,express,TRACK-BO2VFS30,2025-02-24,,2025-02-21T00:00:00Z,2025-08-02T00:00:00Z
ORD-04481,CUS-0480,2025-07-11,PROD-055,4,407.21,1628.84,USD,credit_card,paid,shipped,next_day,TRACK-GJPVRZ3R,2025-07-12,,2025-07-11T00:00:00Z,2025-08-15T00:00:00Z
ORD-04482,CUS-0345,2024-05-13,PROD-039,1,482.81,482.81,USD,credit_card,refunded,refunded,international,TRACK-345OJVZU,2024-05-28,2024-05-31,2024-05-13T00:00:00Z,2025-03-26T00:00:00Z
ORD-04483,CUS-0710,2024-10-27,PROD-075,3,343.41,1030.23,USD,paypal,refunded,cancelled,standard,TRACK-Z5N293JV,2024-11-03,,2024-10-27T00:00:00Z,2025-09-15T00:00:00Z
ORD-04484,CUS-0345,2024-05-02,PROD-091,1,84.12,84.12,USD,paypal,paid,delivered,standard,TRACK-6CT073GU,2024-05-07,2024-05-09,2024-05-02T00:00:00Z,2025-03-12T00:00:00Z
ORD-04485,CUS-0461,2024-07-24,PROD-013,4,1278.38,5113.52,USD,paypal,paid,processing,standard,TRACK-53N8N84V,2024-07-29,,2024-07-24T00:00:00Z,2025-02-14T00:00:00Z
ORD-04486,CUS-0785,2024-01-05,PROD-061,2,118.46,236.92,USD,credit_card,paid,delivered,express,TRACK-0Z1G2LK9,2024-01-07,2024-01-10,2024-01-05T00:00:00Z,2024-04-11T00:00:00Z
ORD-04487,CUS-0302,2025-10-04,PROD-073,4,114.42,457.68,USD,paypal,paid,out_for_delivery,standard,TRACK-C8TR0OBQ,2025-10-09,,2025-10-04T00:00:00Z,2025-12-09T00:00:00Z
ORD-04488,CUS-0369,2024-10-03,PROD-006,4,1049.94,4199.76,USD,paypal,paid,delivered,standard,TRACK-4NYD5WF9,2024-10-08,2024-10-09,2024-10-03T00:00:00Z,2025-11-13T00:00:00Z
ORD-04489,CUS-0686,2024-05-15,PROD-058,4,354.13,1416.52,USD,paypal,paid,delivered,standard,TRACK-5BL3BSB9,2024-05-24,2024-05-24,2024-05-15T00:00:00Z,2025-07-05T00:00:00Z
ORD-04490,CUS-0681,2025-05-08,PROD-003,2,986.69,1973.38,USD,credit_card,refunded,refunded,express,TRACK-ZNTV65FA,2025-05-10,2025-05-10,2025-05-08T00:00:00Z,2025-11-23T00:00:00Z
ORD-04491,CUS-0789,2025-11-12,PROD-077,3,484.12,1452.36,USD,credit_card,paid,delivered,standard,TRACK-MPA5M21J,2025-11-22,2025-11-23,2025-11-12T00:00:00Z,2025-11-25T00:00:00Z
ORD-04492,CUS-0218,2024-01-09,PROD-056,4,520.14,2080.56,USD,paypal,partially_refunded,refunded,standard,TRACK-1PVPYH75,2024-01-15,2024-01-17,2024-01-09T00:00:00Z,2025-02-17T00:00:00Z
ORD-04493,CUS-0081,2025-04-07,PROD-096,1,93.24,93.24,USD,credit_card,partially_refunded,refunded,standard,TRACK-TZUEJ203,2025-04-17,2025-04-19,2025-04-07T00:00:00Z,2025-07-09T00:00:00Z
ORD-04494,CUS-0380,2025-05-10,PROD-040,2,337.08,674.16,USD,credit_card,paid,shipped,standard,TRACK-H1KT03V0,2025-05-17,,2025-05-10T00:00:00Z,2025-05-20T00:00:00Z
ORD-04495,CUS-0519,2024-10-30,PROD-074,2,76.36,152.72,USD,credit_card,paid,delivered,express,TRACK-5PK4BLR2,2024-11-03,2024-11-06,2024-10-30T00:00:00Z,2025-02-22T00:00:00Z
ORD-04496,CUS-0769,2025-11-27,PROD-089,1,304.67,304.67,USD,credit_card,paid,out_for_delivery,standard,TRACK-RBEAS5XS,2025-12-06,,2025-11-27T00:00:00Z,2025-12-07T00:00:00Z
ORD-04497,CUS-0506,2024-05-16,PROD-089,3,304.67,914.01,USD,debit_card,paid,shipped,standard,TRACK-4UGNZRQ5,2024-05-25,,2024-05-16T00:00:00Z,2024-09-23T00:00:00Z
ORD-04498,CUS-0147,2024-09-10,PROD-010,1,1931.10,1931.10,USD,paypal,paid,out_for_delivery,standard,TRACK-NCE31T3A,2024-09-15,,2024-09-10T00:00:00Z,2025-02-28T00:00:00Z
ORD-04499,CUS-0623,2024-01-05,PROD-039,5,482.81,2414.05,USD,credit_card,paid,delivered,express,TRACK-JMHJPN5H,2024-01-09,2024-01-11,2024-01-05T00:00:00Z,2024-10-20T00:00:00Z
ORD-04500,CUS-0062,2024-07-06,PROD-023,4,955.05,3820.20,USD,credit_card,paid,delivered,express,TRACK-3GAJSKXC,2024-07-10,2024-07-10,2024-07-06T00:00:00Z,2025-12-26T00:00:00Z
ORD-04501,CUS-0523,2024-08-10,PROD-020,5,848.04,4240.20,USD,paypal,paid,delivered,international,TRACK-KR48CH7C,2024-08-30,2024-08-30,2024-08-10T00:00:00Z,2025-04-13T00:00:00Z
ORD-04502,CUS-0321,2024-09-03,PROD-084,1,52.10,52.10,USD,credit_card,partially_refunded,refunded,standard,TRACK-7YJZO4TT,2024-09-08,2024-09-10,2024-09-03T00:00:00Z,2024-11-06T00:00:00Z
ORD-04503,CUS-0992,2025-09-02,PROD-098,2,168.10,336.20,USD,debit_card,paid,shipped,express,TRACK-4VXIC5JX,2025-09-05,,2025-09-02T00:00:00Z,2025-11-25T00:00:00Z
ORD-04504,CUS-0644,2025-10-07,PROD-054,5,511.50,2557.50,USD,debit_card,paid,delivered,express,TRACK-5COTR1J5,2025-10-09,2025-10-09,2025-10-07T00:00:00Z,2025-10-22T00:00:00Z
ORD-04505,CUS-0430,2025-03-04,PROD-091,5,84.12,420.60,USD,debit_card,paid,shipped,standard,TRACK-V1T4DEKO,2025-03-14,,2025-03-04T00:00:00Z,2025-12-13T00:00:00Z
ORD-04506,CUS-0049,2025-07-05,PROD-058,5,354.13,1770.65,USD,credit_card,paid,delivered,standard,TRACK-R2RAUIF9,2025-07-11,2025-07-12,2025-07-05T00:00:00Z,2025-12-14T00:00:00Z
ORD-04507,CUS-0980,2024-05-21,PROD-001,1,2193.82,2193.82,USD,credit_card,failed,cancelled,standard,TRACK-HYS5QZDI,2024-05-27,,2024-05-21T00:00:00Z,2025-08-22T00:00:00Z
ORD-04508,CUS-0093,2025-04-08,PROD-057,5,81.68,408.40,USD,credit_card,paid,placed,standard,TRACK-OD9ZIAO5,2025-04-13,,2025-04-08T00:00:00Z,2025-12-31T00:00:00Z
ORD-04509,CUS-0465,2024-07-27,PROD-005,4,925.08,3700.32,USD,credit_card,partially_refunded,refunded,international,TRACK-KRZ9OQ8Y,2024-08-09,2024-08-11,2024-07-27T00:00:00Z,2025-02-25T00:00:00Z
ORD-04510,CUS-0691,2025-12-30,PROD-013,5,1278.38,6391.90,USD,debit_card,refunded,refunded,standard,TRACK-GIKRXB2B,2025-12-31,2025-12-31,2025-12-30T00:00:00Z,2025-12-30T00:00:00Z
ORD-04511,CUS-0370,2025-11-05,PROD-049,4,49.02,196.08,USD,debit_card,paid,processing,express,TRACK-ZPSCCU4V,2025-11-09,,2025-11-05T00:00:00Z,2025-12-24T00:00:00Z
ORD-04512,CUS-0211,2025-07-01,PROD-034,2,347.18,694.36,USD,bank_transfer,paid,delivered,standard,TRACK-M5REOOCO,2025-07-11,2025-07-13,2025-07-01T00:00:00Z,2025-11-29T00:00:00Z
ORD-04513,CUS-0454,2024-05-12,PROD-019,2,1140.33,2280.66,USD,credit_card,paid,out_for_delivery,express,TRACK-28LXTJMT,2024-05-14,,2024-05-12T00:00:00Z,2025-07-24T00:00:00Z
ORD-04514,CUS-0008,2025-09-05,PROD-037,4,290.16,1160.64,USD,credit_card,paid,delayed,next_day,TRACK-9BDH5RGO,2025-09-06,,2025-09-05T00:00:00Z,2025-11-20T00:00:00Z
ORD-04515,CUS-0151,2025-04-12,PROD-065,3,339.44,1018.32,USD,debit_card,paid,placed,standard,TRACK-I13Y6YF3,2025-04-21,,2025-04-12T00:00:00Z,2025-12-30T00:00:00Z
ORD-04516,CUS-0942,2024-05-22,PROD-008,3,1441.53,4324.59,USD,debit_card,paid,out_for_delivery,express,TRACK-UTSG8FDB,2024-05-26,,2024-05-22T00:00:00Z,2025-08-12T00:00:00Z
ORD-04517,CUS-0305,2025-04-20,PROD-012,2,922.70,1845.40,USD,credit_card,paid,delivered,express,TRACK-LNDTUXI3,2025-04-23,2025-04-25,2025-04-20T00:00:00Z,2025-09-08T00:00:00Z
ORD-04518,CUS-0355,2024-07-31,PROD-022,5,500.24,2501.20,USD,credit_card,paid,delivered,standard,TRACK-DOE7C9NV,2024-08-08,2024-08-10,2024-07-31T00:00:00Z,2025-01-22T00:00:00Z
ORD-04519,CUS-0937,2024-09-09,PROD-096,3,93.24,279.72,USD,credit_card,paid,confirmed,standard,TRACK-LO6S0VHL,2024-09-18,,2024-09-09T00:00:00Z,2025-04-08T00:00:00Z
ORD-04520,CUS-0331,2024-10-10,PROD-092,3,102.76,308.28,USD,debit_card,paid,delivered,express,TRACK-8IOERUW3,2024-10-13,2024-10-13,2024-10-10T00:00:00Z,2025-12-18T00:00:00Z
ORD-04521,CUS-0770,2025-11-03,PROD-051,3,450.36,1351.08,USD,debit_card,paid,out_for_delivery,standard,TRACK-R8VUGBE5,2025-11-13,,2025-11-03T00:00:00Z,2025-11-27T00:00:00Z
ORD-04522,CUS-0200,2024-02-01,PROD-062,2,282.17,564.34,USD,paypal,paid,placed,standard,TRACK-U9F6PZD7,2024-02-07,,2024-02-01T00:00:00Z,2024-06-19T00:00:00Z
ORD-04523,CUS-0221,2025-04-27,PROD-027,5,795.29,3976.45,USD,credit_card,paid,out_for_delivery,standard,TRACK-5A7F9CMH,2025-05-03,,2025-04-27T00:00:00Z,2025-08-15T00:00:00Z
ORD-04524,CUS-0600,2024-04-04,PROD-006,5,1049.94,5249.70,USD,credit_card,paid,out_for_delivery,next_day,TRACK-GPR3RKB0,2024-04-05,,2024-04-04T00:00:00Z,2024-05-12T00:00:00Z
ORD-04525,CUS-0183,2025-09-29,PROD-014,1,474.04,474.04,USD,credit_card,partially_refunded,returned,standard,TRACK-OKJXWOSF,2025-10-08,2025-10-09,2025-09-29T00:00:00Z,2025-10-24T00:00:00Z
ORD-04526,CUS-0649,2025-04-03,PROD-011,3,1007.07,3021.21,USD,credit_card,paid,cancelled,standard,TRACK-YQJN32DK,2025-04-10,,2025-04-03T00:00:00Z,2025-12-23T00:00:00Z
ORD-04527,CUS-0995,2025-06-19,PROD-096,1,93.24,93.24,USD,debit_card,paid,delayed,standard,TRACK-97KIIOPK,2025-06-24,,2025-06-19T00:00:00Z,2025-08-11T00:00:00Z
ORD-04528,CUS-0929,2024-10-14,PROD-037,5,290.16,1450.80,USD,credit_card,paid,delivered,standard,TRACK-NKFN90LZ,2024-10-24,2024-10-26,2024-10-14T00:00:00Z,2025-05-02T00:00:00Z
ORD-04529,CUS-0006,2025-08-24,PROD-044,2,26.86,53.72,USD,debit_card,paid,processing,express,TRACK-90LP1EIW,2025-08-26,,2025-08-24T00:00:00Z,2025-10-20T00:00:00Z
ORD-04530,CUS-0106,2025-10-09,PROD-092,2,102.76,205.52,USD,debit_card,paid,delivered,express,TRACK-MI3GLB04,2025-10-12,2025-10-12,2025-10-09T00:00:00Z,2025-10-20T00:00:00Z
ORD-04531,CUS-0327,2025-01-08,PROD-021,5,373.51,1867.55,USD,credit_card,paid,delivered,standard,TRACK-ER4BS7SG,2025-01-14,2025-01-14,2025-01-08T00:00:00Z,2025-03-05T00:00:00Z
ORD-04532,CUS-0853,2025-07-01,PROD-015,2,987.77,1975.54,USD,debit_card,partially_refunded,refunded,express,TRACK-TKN8FI1V,2025-07-05,2025-07-08,2025-07-01T00:00:00Z,2025-12-29T00:00:00Z
ORD-04533,CUS-0637,2025-08-20,PROD-071,5,489.66,2448.30,USD,credit_card,paid,delivered,next_day,TRACK-V5YTSG1L,2025-08-21,2025-08-23,2025-08-20T00:00:00Z,2025-10-07T00:00:00Z
ORD-04534,CUS-0642,2025-03-17,PROD-013,2,1278.38,2556.76,USD,bank_transfer,failed,cancelled,next_day,TRACK-3HVVL74C,2025-03-18,,2025-03-17T00:00:00Z,2025-06-15T00:00:00Z
ORD-04535,CUS-0738,2024-07-26,PROD-045,4,111.96,447.84,USD,credit_card,paid,out_for_delivery,express,TRACK-5LFZFJDC,2024-07-29,,2024-07-26T00:00:00Z,2024-08-11T00:00:00Z
ORD-04536,CUS-0676,2024-04-04,PROD-058,1,354.13,354.13,USD,credit_card,paid,placed,express,TRACK-HUSB1MW8,2024-04-08,,2024-04-04T00:00:00Z,2025-01-23T00:00:00Z
ORD-04537,CUS-0636,2025-11-09,PROD-027,2,795.29,1590.58,USD,crypto,paid,confirmed,express,TRACK-2GXRL6FV,2025-11-11,,2025-11-09T00:00:00Z,2025-12-23T00:00:00Z
ORD-04538,CUS-0041,2025-08-10,PROD-040,5,337.08,1685.40,USD,bank_transfer,paid,delivered,express,TRACK-UJOHQCXP,2025-08-14,2025-08-14,2025-08-10T00:00:00Z,2025-11-13T00:00:00Z
ORD-04539,CUS-0621,2025-07-29,PROD-023,2,955.05,1910.10,USD,debit_card,paid,processing,express,TRACK-PSNNPPVQ,2025-08-01,,2025-07-29T00:00:00Z,2025-10-11T00:00:00Z
ORD-04540,CUS-0835,2024-09-05,PROD-012,2,922.70,1845.40,USD,bank_transfer,pending,placed,standard,TRACK-YCIBB0TV,2024-09-14,,2024-09-05T00:00:00Z,2024-11-01T00:00:00Z
ORD-04541,CUS-0111,2024-09-18,PROD-033,2,249.21,498.42,USD,credit_card,paid,shipped,next_day,TRACK-ZEUJ70E6,2024-09-19,,2024-09-18T00:00:00Z,2025-11-14T00:00:00Z
ORD-04542,CUS-0394,2024-07-20,PROD-049,5,49.02,245.10,USD,credit_card,pending,placed,express,TRACK-QPYE3U42,2024-07-24,,2024-07-20T00:00:00Z,2024-07-25T00:00:00Z
ORD-04543,CUS-0304,2024-02-13,PROD-096,1,93.24,93.24,USD,paypal,paid,confirmed,standard,TRACK-8LE854MF,2024-02-22,,2024-02-13T00:00:00Z,2025-05-26T00:00:00Z
ORD-04544,CUS-0203,2025-07-20,PROD-032,1,126.22,126.22,USD,paypal,paid,out_for_delivery,standard,TRACK-KTZO8MRQ,2025-07-28,,2025-07-20T00:00:00Z,2025-09-08T00:00:00Z
ORD-04545,CUS-0173,2025-10-15,PROD-010,5,1931.10,9655.50,USD,credit_card,paid,delivered,express,TRACK-5HPN6YHG,2025-10-17,2025-10-17,2025-10-15T00:00:00Z,2025-11-24T00:00:00Z
ORD-04546,CUS-0067,2025-01-13,PROD-051,3,450.36,1351.08,USD,credit_card,paid,cancelled,standard,TRACK-LQY1FIY7,2025-01-20,,2025-01-13T00:00:00Z,2025-04-18T00:00:00Z
ORD-04547,CUS-0117,2024-06-16,PROD-040,1,337.08,337.08,USD,credit_card,paid,out_for_delivery,standard,TRACK-WSVSH4EJ,2024-06-25,,2024-06-16T00:00:00Z,2025-01-03T00:00:00Z
ORD-04548,CUS-0301,2024-05-25,PROD-033,5,249.21,1246.05,USD,credit_card,paid,delivered,express,TRACK-E98IFMY7,2024-05-28,2024-05-29,2024-05-25T00:00:00Z,2024-10-22T00:00:00Z
ORD-04549,CUS-0292,2025-10-17,PROD-070,3,55.18,165.54,USD,credit_card,paid,shipped,standard,TRACK-K6DXQKTQ,2025-10-24,,2025-10-17T00:00:00Z,2025-11-18T00:00:00Z
ORD-04550,CUS-0816,2024-01-13,PROD-068,1,296.26,296.26,USD,paypal,paid,shipped,next_day,TRACK-GLFU4LI8,2024-01-14,,2024-01-13T00:00:00Z,2025-08-18T00:00:00Z
ORD-04551,CUS-0532,2024-06-14,PROD-090,2,289.84,579.68,USD,credit_card,paid,processing,next_day,TRACK-FDHXS51H,2024-06-15,,2024-06-14T00:00:00Z,2024-08-02T00:00:00Z
ORD-04552,CUS-0087,2025-03-01,PROD-065,1,339.44,339.44,USD,paypal,partially_refunded,refunded,standard,TRACK-OK9BSQPX,2025-03-06,2025-03-07,2025-03-01T00:00:00Z,2025-12-09T00:00:00Z
ORD-04553,CUS-0994,2025-05-12,PROD-039,1,482.81,482.81,USD,debit_card,paid,shipped,standard,TRACK-3GJWA4B0,2025-05-18,,2025-05-12T00:00:00Z,2025-10-29T00:00:00Z
ORD-04554,CUS-0168,2025-01-12,PROD-079,3,363.45,1090.35,USD,paypal,paid,processing,next_day,TRACK-IM02XI88,2025-01-13,,2025-01-12T00:00:00Z,2025-10-13T00:00:00Z
ORD-04555,CUS-0347,2025-03-28,PROD-058,2,354.13,708.26,USD,debit_card,paid,delivered,express,TRACK-AHGN2PMU,2025-04-01,2025-04-01,2025-03-28T00:00:00Z,2025-11-07T00:00:00Z
ORD-04556,CUS-0655,2024-05-19,PROD-002,2,2846.71,5693.42,USD,paypal,paid,delivered,express,TRACK-1BSAIED9,2024-05-21,2024-05-22,2024-05-19T00:00:00Z,2025-07-10T00:00:00Z
ORD-04557,CUS-0366,2024-06-10,PROD-017,1,657.92,657.92,USD,credit_card,paid,delayed,express,TRACK-TP0RGIDD,2024-06-14,,2024-06-10T00:00:00Z,2025-06-30T00:00:00Z
ORD-04558,CUS-0778,2025-02-15,PROD-070,1,55.18,55.18,USD,debit_card,refunded,refunded,standard,TRACK-492CHS7S,2025-02-24,2025-02-27,2025-02-15T00:00:00Z,2025-08-28T00:00:00Z
ORD-04559,CUS-0512,2025-04-20,PROD-061,1,118.46,118.46,USD,debit_card,pending,placed,next_day,TRACK-V8X1A7W9,2025-04-21,,2025-04-20T00:00:00Z,2025-12-22T00:00:00Z
ORD-04560,CUS-0219,2025-01-30,PROD-012,5,922.70,4613.50,USD,paypal,paid,shipped,standard,TRACK-TUZ69CTF,2025-02-04,,2025-01-30T00:00:00Z,2025-03-18T00:00:00Z
ORD-04561,CUS-0018,2024-08-29,PROD-002,4,2846.71,11386.84,USD,crypto,paid,out_for_delivery,standard,TRACK-8BT7IRV1,2024-09-06,,2024-08-29T00:00:00Z,2025-08-14T00:00:00Z
ORD-04562,CUS-0957,2025-09-23,PROD-082,2,235.36,470.72,USD,paypal,paid,placed,express,TRACK-5ZORXMOM,2025-09-26,,2025-09-23T00:00:00Z,2025-10-22T00:00:00Z
ORD-04563,CUS-0671,2025-01-09,PROD-024,4,522.20,2088.80,USD,paypal,paid,shipped,standard,TRACK-ITQ58G11,2025-01-15,,2025-01-09T00:00:00Z,2025-04-29T00:00:00Z
ORD-04564,CUS-0591,2025-11-16,PROD-079,1,363.45,363.45,USD,debit_card,paid,placed,next_day,TRACK-24SZGE5I,2025-11-17,,2025-11-16T00:00:00Z,2025-12-24T00:00:00Z
ORD-04565,CUS-0439,2025-05-27,PROD-037,5,290.16,1450.80,USD,debit_card,paid,out_for_delivery,standard,TRACK-BR5XHKSC,2025-06-02,,2025-05-27T00:00:00Z,2025-11-18T00:00:00Z
ORD-04566,CUS-0604,2025-01-08,PROD-083,3,189.30,567.90,USD,credit_card,paid,delivered,standard,TRACK-C9B566DD,2025-01-17,2025-01-18,2025-01-08T00:00:00Z,2025-11-27T00:00:00Z
ORD-04567,CUS-0953,2025-02-17,PROD-038,2,302.64,605.28,USD,credit_card,paid,processing,standard,TRACK-UIUUVWFR,2025-02-24,,2025-02-17T00:00:00Z,2025-05-30T00:00:00Z
ORD-04568,CUS-0233,2024-06-11,PROD-078,1,251.87,251.87,USD,credit_card,paid,processing,express,TRACK-HVY4BZ2T,2024-06-13,,2024-06-11T00:00:00Z,2025-05-03T00:00:00Z
ORD-04569,CUS-0094,2025-01-29,PROD-042,2,22.38,44.76,USD,crypto,paid,delivered,standard,TRACK-EIAVLU0Z,2025-02-03,2025-02-04,2025-01-29T00:00:00Z,2025-05-05T00:00:00Z
ORD-04570,CUS-0670,2024-07-28,PROD-007,3,2312.54,6937.62,USD,credit_card,paid,confirmed,express,TRACK-UM8T03IN,2024-07-31,,2024-07-28T00:00:00Z,2024-08-12T00:00:00Z
ORD-04571,CUS-0728,2024-10-19,PROD-074,5,76.36,381.80,USD,credit_card,paid,shipped,next_day,TRACK-Y211MVZH,2024-10-20,,2024-10-19T00:00:00Z,2025-05-11T00:00:00Z
ORD-04572,CUS-0872,2024-10-13,PROD-045,3,111.96,335.88,USD,credit_card,paid,processing,next_day,TRACK-MLKVNKIR,2024-10-14,,2024-10-13T00:00:00Z,2024-12-30T00:00:00Z
ORD-04573,CUS-0834,2025-09-23,PROD-075,5,343.41,1717.05,USD,debit_card,refunded,refunded,standard,TRACK-4GXEDE2Z,2025-09-30,2025-10-01,2025-09-23T00:00:00Z,2025-12-05T00:00:00Z
ORD-04574,CUS-0432,2024-12-24,PROD-098,1,168.10,168.10,USD,debit_card,partially_refunded,refunded,standard,TRACK-GQE9XQVW,2025-01-01,2025-01-02,2024-12-24T00:00:00Z,2025-07-22T00:00:00Z
ORD-04575,CUS-0623,2024-04-11,PROD-070,4,55.18,220.72,USD,paypal,paid,delivered,standard,TRACK-XKB03JIQ,2024-04-21,2024-04-21,2024-04-11T00:00:00Z,2025-07-26T00:00:00Z
ORD-04576,CUS-0827,2025-05-17,PROD-061,5,118.46,592.30,USD,credit_card,refunded,refunded,standard,TRACK-EZDMSRQC,2025-05-25,2025-05-28,2025-05-17T00:00:00Z,2025-11-03T00:00:00Z
ORD-04577,CUS-0504,2024-12-15,PROD-059,2,284.59,569.18,USD,credit_card,partially_refunded,returned,standard,TRACK-X2WB04W0,2024-12-22,2024-12-22,2024-12-15T00:00:00Z,2025-05-10T00:00:00Z
ORD-04578,CUS-0062,2024-06-03,PROD-032,5,126.22,631.10,USD,debit_card,paid,delivered,express,TRACK-FQIOOOYA,2024-06-07,2024-06-09,2024-06-03T00:00:00Z,2024-09-14T00:00:00Z
ORD-04579,CUS-0710,2025-01-10,PROD-037,3,290.16,870.48,USD,credit_card,paid,shipped,standard,TRACK-53RM2NHU,2025-01-19,,2025-01-10T00:00:00Z,2025-02-26T00:00:00Z
ORD-04580,CUS-0994,2025-03-26,PROD-045,1,111.96,111.96,USD,credit_card,paid,delivered,standard,TRACK-WL6ZMOG9,2025-04-04,2025-04-06,2025-03-26T00:00:00Z,2025-08-14T00:00:00Z
ORD-04581,CUS-0662,2024-08-13,PROD-038,4,302.64,1210.56,USD,bank_transfer,paid,delayed,standard,TRACK-8UR92RAU,2024-08-21,,2024-08-13T00:00:00Z,2025-11-21T00:00:00Z
ORD-04582,CUS-0954,2025-03-15,PROD-092,5,102.76,513.80,USD,paypal,paid,delivered,standard,TRACK-S8794DUE,2025-03-22,2025-03-25,2025-03-15T00:00:00Z,2025-10-04T00:00:00Z
ORD-04583,CUS-0763,2024-05-27,PROD-090,5,289.84,1449.20,USD,bank_transfer,partially_refunded,refunded,express,TRACK-B1ZM9Y21,2024-05-30,2024-05-31,2024-05-27T00:00:00Z,2025-07-15T00:00:00Z
ORD-04584,CUS-0804,2025-04-24,PROD-034,4,347.18,1388.72,USD,paypal,paid,cancelled,standard,TRACK-UH3PQPQG,2025-05-04,,2025-04-24T00:00:00Z,2025-04-30T00:00:00Z
ORD-04585,CUS-0171,2025-12-08,PROD-030,1,342.95,342.95,USD,credit_card,paid,delivered,express,TRACK-BB825LC1,2025-12-10,2025-12-12,2025-12-08T00:00:00Z,2025-12-17T00:00:00Z
ORD-04586,CUS-0001,2025-09-24,PROD-004,1,2579.89,2579.89,USD,paypal,paid,processing,standard,TRACK-5KFFKBOV,2025-10-04,,2025-09-24T00:00:00Z,2025-09-26T00:00:00Z
ORD-04587,CUS-0327,2025-07-05,PROD-083,1,189.30,189.30,USD,debit_card,paid,delivered,standard,TRACK-7BQVYKH6,2025-07-12,2025-07-14,2025-07-05T00:00:00Z,2025-09-07T00:00:00Z
ORD-04588,CUS-0846,2024-05-28,PROD-023,4,955.05,3820.20,USD,credit_card,pending,placed,express,TRACK-39QAEXDU,2024-06-01,,2024-05-28T00:00:00Z,2025-03-10T00:00:00Z
ORD-04589,CUS-0993,2025-09-06,PROD-059,3,284.59,853.77,USD,credit_card,paid,delivered,next_day,TRACK-BDNK6S6S,2025-09-07,2025-09-07,2025-09-06T00:00:00Z,2025-12-13T00:00:00Z
ORD-04590,CUS-0765,2025-10-28,PROD-008,2,1441.53,2883.06,USD,debit_card,refunded,refunded,standard,TRACK-3SECDSM1,2025-11-05,2025-11-07,2025-10-28T00:00:00Z,2025-11-21T00:00:00Z
ORD-04591,CUS-0892,2024-08-23,PROD-014,2,474.04,948.08,USD,credit_card,paid,delivered,standard,TRACK-LEQWSOQX,2024-08-28,2024-08-29,2024-08-23T00:00:00Z,2024-11-27T00:00:00Z
ORD-04592,CUS-0868,2025-01-22,PROD-091,5,84.12,420.60,USD,credit_card,paid,confirmed,next_day,TRACK-Q0CZ2UAW,2025-01-23,,2025-01-22T00:00:00Z,2025-09-30T00:00:00Z
ORD-04593,CUS-0162,2024-12-17,PROD-007,2,2312.54,4625.08,USD,bank_transfer,paid,delivered,next_day,TRACK-RMBN3FQO,2024-12-18,2024-12-20,2024-12-17T00:00:00Z,2025-03-23T00:00:00Z
ORD-04594,CUS-0128,2024-06-18,PROD-014,3,474.04,1422.12,USD,debit_card,paid,delivered,express,TRACK-X35943YX,2024-06-20,2024-06-23,2024-06-18T00:00:00Z,2025-12-12T00:00:00Z
ORD-04595,CUS-0612,2024-11-27,PROD-073,4,114.42,457.68,USD,crypto,pending,placed,standard,TRACK-SIPEC45J,2024-12-07,,2024-11-27T00:00:00Z,2025-01-28T00:00:00Z
ORD-04596,CUS-0632,2024-09-05,PROD-056,3,520.14,1560.42,USD,credit_card,paid,shipped,international,TRACK-CAY4LUOQ,2024-09-28,,2024-09-05T00:00:00Z,2025-06-09T00:00:00Z
ORD-04597,CUS-0826,2024-06-19,PROD-011,3,1007.07,3021.21,USD,bank_transfer,paid,placed,next_day,TRACK-1YVFNF6Y,2024-06-20,,2024-06-19T00:00:00Z,2025-03-21T00:00:00Z
ORD-04598,CUS-0521,2025-04-28,PROD-031,3,88.52,265.56,USD,credit_card,pending,placed,express,TRACK-Z5WB8H7C,2025-05-02,,2025-04-28T00:00:00Z,2025-08-21T00:00:00Z
ORD-04599,CUS-0228,2024-01-01,PROD-005,5,925.08,4625.40,USD,credit_card,paid,out_for_delivery,express,TRACK-2NKIT6D5,2024-01-04,,2024-01-01T00:00:00Z,2025-02-14T00:00:00Z
ORD-04600,CUS-0318,2024-08-26,PROD-041,2,22.71,45.42,USD,credit_card,paid,shipped,express,TRACK-ZLVFJDS8,2024-08-30,,2024-08-26T00:00:00Z,2025-06-29T00:00:00Z
ORD-04601,CUS-0853,2025-03-19,PROD-072,3,172.02,516.06,USD,credit_card,paid,out_for_delivery,standard,TRACK-S2Z0MX7F,2025-03-25,,2025-03-19T00:00:00Z,2025-12-07T00:00:00Z
ORD-04602,CUS-0493,2025-10-13,PROD-038,2,302.64,605.28,USD,bank_transfer,paid,confirmed,express,TRACK-57WXLWXD,2025-10-16,,2025-10-13T00:00:00Z,2025-10-17T00:00:00Z
ORD-04603,CUS-0386,2024-10-06,PROD-067,1,317.35,317.35,USD,credit_card,pending,placed,standard,TRACK-RKZ3UC8B,2024-10-16,,2024-10-06T00:00:00Z,2024-11-09T00:00:00Z
ORD-04604,CUS-0773,2025-03-21,PROD-014,2,474.04,948.08,USD,bank_transfer,refunded,cancelled,next_day,TRACK-BM0K5ZXX,2025-03-22,,2025-03-21T00:00:00Z,2025-07-17T00:00:00Z
ORD-04605,CUS-0596,2025-11-23,PROD-084,4,52.10,208.40,USD,credit_card,paid,placed,international,TRACK-418WGA52,2025-12-16,,2025-11-23T00:00:00Z,2025-12-03T00:00:00Z
ORD-04606,CUS-0103,2025-11-17,PROD-077,5,484.12,2420.60,USD,credit_card,paid,delivered,next_day,TRACK-MF5RCTHW,2025-11-18,2025-11-20,2025-11-17T00:00:00Z,2025-12-16T00:00:00Z
ORD-04607,CUS-0131,2025-01-16,PROD-086,1,272.87,272.87,USD,credit_card,refunded,returned,standard,TRACK-A9WN5AUR,2025-01-21,2025-01-23,2025-01-16T00:00:00Z,2025-01-17T00:00:00Z
ORD-04608,CUS-0377,2025-07-09,PROD-081,3,150.38,451.14,USD,credit_card,paid,out_for_delivery,express,TRACK-HJEDINDY,2025-07-13,,2025-07-09T00:00:00Z,2025-07-17T00:00:00Z
ORD-04609,CUS-0208,2024-01-27,PROD-055,1,407.21,407.21,USD,credit_card,partially_refunded,refunded,next_day,TRACK-4GA7RB7Y,2024-01-28,2024-01-30,2024-01-27T00:00:00Z,2024-06-09T00:00:00Z
ORD-04610,CUS-0706,2024-08-29,PROD-052,3,580.62,1741.86,USD,paypal,paid,delayed,express,TRACK-9Q7NFVB3,2024-08-31,,2024-08-29T00:00:00Z,2024-10-02T00:00:00Z
ORD-04611,CUS-0434,2025-03-16,PROD-077,4,484.12,1936.48,USD,debit_card,refunded,returned,standard,TRACK-9TTEMTYB,2025-03-21,2025-03-21,2025-03-16T00:00:00Z,2025-04-08T00:00:00Z
ORD-04612,CUS-0318,2025-02-14,PROD-058,3,354.13,1062.39,USD,debit_card,pending,placed,next_day,TRACK-UNNGO4JH,2025-02-15,,2025-02-14T00:00:00Z,2025-07-21T00:00:00Z
ORD-04613,CUS-0864,2024-12-20,PROD-073,4,114.42,457.68,USD,credit_card,paid,delivered,express,TRACK-PSRI8RP4,2024-12-23,2024-12-26,2024-12-20T00:00:00Z,2025-06-07T00:00:00Z
ORD-04614,CUS-0637,2025-08-19,PROD-078,4,251.87,1007.48,USD,debit_card,paid,delivered,express,TRACK-P2EC4MNF,2025-08-21,2025-08-22,2025-08-19T00:00:00Z,2025-08-21T00:00:00Z
ORD-04615,CUS-0536,2024-12-11,PROD-031,2,88.52,177.04,USD,debit_card,paid,processing,standard,TRACK-VVV8S5E8,2024-12-21,,2024-12-11T00:00:00Z,2025-12-08T00:00:00Z
ORD-04616,CUS-0492,2025-12-31,PROD-100,1,46.48,46.48,USD,credit_card,paid,confirmed,express,TRACK-J6T5VZTG,2025-12-31,,2025-12-31T00:00:00Z,2025-12-31T00:00:00Z
ORD-04617,CUS-0692,2025-04-14,PROD-075,5,343.41,1717.05,USD,paypal,paid,delivered,standard,TRACK-ECWZ5HD5,2025-04-21,2025-04-24,2025-04-14T00:00:00Z,2025-09-12T00:00:00Z
ORD-04618,CUS-0851,2025-07-08,PROD-050,3,81.10,243.30,USD,paypal,paid,delivered,express,TRACK-DVQD7IX5,2025-07-11,2025-07-11,2025-07-08T00:00:00Z,2025-10-22T00:00:00Z
ORD-04619,CUS-0119,2025-05-16,PROD-084,2,52.10,104.20,USD,debit_card,paid,shipped,standard,TRACK-LUQFGCIZ,2025-05-22,,2025-05-16T00:00:00Z,2025-06-10T00:00:00Z
ORD-04620,CUS-0291,2024-10-23,PROD-028,3,249.80,749.40,USD,paypal,paid,out_for_delivery,standard,TRACK-T6RXDGNR,2024-10-29,,2024-10-23T00:00:00Z,2024-10-30T00:00:00Z
ORD-04621,CUS-0989,2024-08-01,PROD-027,3,795.29,2385.87,USD,debit_card,refunded,returned,standard,TRACK-A4NUWBMB,2024-08-08,2024-08-09,2024-08-01T00:00:00Z,2025-06-20T00:00:00Z
ORD-04622,CUS-0373,2024-06-23,PROD-083,4,189.30,757.20,USD,credit_card,paid,processing,standard,TRACK-B4RB042O,2024-06-29,,2024-06-23T00:00:00Z,2025-02-09T00:00:00Z
ORD-04623,CUS-0934,2025-10-05,PROD-070,3,55.18,165.54,USD,credit_card,paid,delivered,standard,TRACK-QNPOUCKT,2025-10-12,2025-10-12,2025-10-05T00:00:00Z,2025-11-26T00:00:00Z
ORD-04624,CUS-0082,2024-04-18,PROD-052,4,580.62,2322.48,USD,debit_card,pending,placed,express,TRACK-5625DTO8,2024-04-20,,2024-04-18T00:00:00Z,2025-11-15T00:00:00Z
ORD-04625,CUS-0971,2025-02-21,PROD-007,4,2312.54,9250.16,USD,credit_card,paid,delivered,standard,TRACK-DEEU2QJW,2025-03-02,2025-03-03,2025-02-21T00:00:00Z,2025-04-14T00:00:00Z
ORD-04626,CUS-0760,2024-03-22,PROD-049,2,49.02,98.04,USD,debit_card,paid,delivered,standard,TRACK-K6ZCEHVG,2024-03-31,2024-03-31,2024-03-22T00:00:00Z,2025-03-12T00:00:00Z
ORD-04627,CUS-0995,2025-10-24,PROD-067,2,317.35,634.70,USD,debit_card,paid,confirmed,standard,TRACK-4AUJI6CP,2025-11-02,,2025-10-24T00:00:00Z,2025-12-03T00:00:00Z
ORD-04628,CUS-0596,2025-11-10,PROD-084,4,52.10,208.40,USD,credit_card,refunded,returned,express,TRACK-Y1YWJ1BT,2025-11-14,2025-11-15,2025-11-10T00:00:00Z,2025-11-20T00:00:00Z
ORD-04629,CUS-0863,2024-07-25,PROD-004,1,2579.89,2579.89,USD,paypal,paid,delivered,standard,TRACK-YH83H9MQ,2024-08-01,2024-08-04,2024-07-25T00:00:00Z,2025-08-21T00:00:00Z
ORD-04630,CUS-0362,2024-09-20,PROD-099,2,110.41,220.82,USD,debit_card,paid,placed,express,TRACK-3FQ5AXK8,2024-09-24,,2024-09-20T00:00:00Z,2025-05-08T00:00:00Z
ORD-04631,CUS-0035,2025-12-15,PROD-015,4,987.77,3951.08,USD,credit_card,paid,delayed,next_day,TRACK-V645S216,2025-12-16,,2025-12-15T00:00:00Z,2025-12-17T00:00:00Z
ORD-04632,CUS-0416,2025-06-19,PROD-046,3,67.55,202.65,USD,credit_card,paid,delivered,standard,TRACK-KN4NMMPX,2025-06-26,2025-06-28,2025-06-19T00:00:00Z,2025-08-13T00:00:00Z
ORD-04633,CUS-0042,2024-07-30,PROD-067,5,317.35,1586.75,USD,credit_card,paid,delivered,standard,TRACK-JZ03CVCL,2024-08-09,2024-08-11,2024-07-30T00:00:00Z,2025-01-13T00:00:00Z
ORD-04634,CUS-0084,2024-11-05,PROD-072,2,172.02,344.04,USD,paypal,paid,delivered,standard,TRACK-H7AJ9Q42,2024-11-11,2024-11-13,2024-11-05T00:00:00Z,2025-09-27T00:00:00Z
ORD-04635,CUS-0008,2024-02-26,PROD-016,4,551.74,2206.96,USD,credit_card,paid,delivered,express,TRACK-WB0NRZNQ,2024-02-28,2024-02-28,2024-02-26T00:00:00Z,2025-04-04T00:00:00Z
ORD-04636,CUS-0420,2024-10-28,PROD-057,4,81.68,326.72,USD,credit_card,paid,cancelled,standard,TRACK-EDLV9RGX,2024-11-02,,2024-10-28T00:00:00Z,2025-10-21T00:00:00Z
ORD-04637,CUS-0525,2025-04-21,PROD-079,2,363.45,726.90,USD,credit_card,paid,cancelled,express,TRACK-7YSUS9PM,2025-04-23,,2025-04-21T00:00:00Z,2025-10-22T00:00:00Z
ORD-04638,CUS-0229,2024-09-09,PROD-005,3,925.08,2775.24,USD,credit_card,paid,out_for_delivery,express,TRACK-3QA4BXBN,2024-09-12,,2024-09-09T00:00:00Z,2025-11-04T00:00:00Z
ORD-04639,CUS-0662,2025-04-26,PROD-056,2,520.14,1040.28,USD,credit_card,paid,out_for_delivery,express,TRACK-2O1RCZES,2025-04-30,,2025-04-26T00:00:00Z,2025-07-04T00:00:00Z
ORD-04640,CUS-0113,2024-05-10,PROD-040,3,337.08,1011.24,USD,debit_card,paid,processing,standard,TRACK-P664VZSR,2024-05-18,,2024-05-10T00:00:00Z,2025-09-21T00:00:00Z
ORD-04641,CUS-0204,2025-08-30,PROD-048,3,127.33,381.99,USD,credit_card,paid,delayed,standard,TRACK-OIJSNIQ2,2025-09-07,,2025-08-30T00:00:00Z,2025-12-28T00:00:00Z
ORD-04642,CUS-0050,2025-02-21,PROD-055,3,407.21,1221.63,USD,bank_transfer,paid,confirmed,standard,TRACK-LVNMTS19,2025-03-01,,2025-02-21T00:00:00Z,2025-09-14T00:00:00Z
ORD-04643,CUS-0596,2025-02-07,PROD-050,4,81.10,324.40,USD,credit_card,paid,delivered,next_day,TRACK-4LYHA06N,2025-02-08,2025-02-09,2025-02-07T00:00:00Z,2025-09-25T00:00:00Z
ORD-04644,CUS-0945,2025-04-14,PROD-080,4,255.93,1023.72,USD,debit_card,paid,delivered,standard,TRACK-NU1217AQ,2025-04-19,2025-04-20,2025-04-14T00:00:00Z,2025-06-23T00:00:00Z
ORD-04645,CUS-0784,2024-12-05,PROD-054,1,511.50,511.50,USD,credit_card,partially_refunded,refunded,standard,TRACK-UQU56I8B,2024-12-15,2024-12-15,2024-12-05T00:00:00Z,2025-10-09T00:00:00Z
ORD-04646,CUS-0627,2025-02-14,PROD-008,3,1441.53,4324.59,USD,credit_card,paid,processing,express,TRACK-W5QUJQ9K,2025-02-18,,2025-02-14T00:00:00Z,2025-03-08T00:00:00Z
ORD-04647,CUS-0894,2024-02-09,PROD-045,2,111.96,223.92,USD,bank_transfer,paid,confirmed,international,TRACK-G5N1Y6D0,2024-03-03,,2024-02-09T00:00:00Z,2025-06-13T00:00:00Z
ORD-04648,CUS-0731,2025-04-19,PROD-095,1,106.35,106.35,USD,credit_card,paid,delayed,express,TRACK-O41JV7ZB,2025-04-23,,2025-04-19T00:00:00Z,2025-06-29T00:00:00Z
ORD-04649,CUS-0917,2025-07-10,PROD-060,1,420.27,420.27,USD,credit_card,paid,delivered,express,TRACK-UMG1P8AH,2025-07-14,2025-07-14,2025-07-10T00:00:00Z,2025-10-06T00:00:00Z
ORD-04650,CUS-0099,2025-08-23,PROD-022,4,500.24,2000.96,USD,debit_card,paid,cancelled,express,TRACK-D6O8DCR8,2025-08-25,,2025-08-23T00:00:00Z,2025-09-23T00:00:00Z
ORD-04651,CUS-0100,2025-12-23,PROD-003,4,986.69,3946.76,USD,paypal,paid,processing,standard,TRACK-MGRJZF0C,2025-12-30,,2025-12-23T00:00:00Z,2025-12-26T00:00:00Z
ORD-04652,CUS-0687,2025-12-15,PROD-065,5,339.44,1697.20,USD,debit_card,paid,processing,international,TRACK-WT8QXVJM,2025-12-31,,2025-12-15T00:00:00Z,2025-12-29T00:00:00Z
ORD-04653,CUS-0699,2025-12-02,PROD-093,5,61.11,305.55,USD,debit_card,paid,placed,express,TRACK-KOM0UQ1I,2025-12-05,,2025-12-02T00:00:00Z,2025-12-29T00:00:00Z
ORD-04654,CUS-0666,2025-12-10,PROD-010,4,1931.10,7724.40,USD,debit_card,paid,delivered,standard,TRACK-5RCYFHTJ,2025-12-15,2025-12-17,2025-12-10T00:00:00Z,2025-12-18T00:00:00Z
ORD-04655,CUS-0483,2025-04-13,PROD-010,5,1931.10,9655.50,USD,credit_card,paid,delivered,express,TRACK-TST8OIFO,2025-04-17,2025-04-20,2025-04-13T00:00:00Z,2025-11-09T00:00:00Z
ORD-04656,CUS-0547,2024-12-24,PROD-045,1,111.96,111.96,USD,paypal,refunded,cancelled,standard,TRACK-FWQC4E5T,2024-12-31,,2024-12-24T00:00:00Z,2024-12-24T00:00:00Z
ORD-04657,CUS-0286,2025-02-19,PROD-025,1,499.30,499.30,USD,paypal,paid,delivered,standard,TRACK-V8ZZYH9Z,2025-02-26,2025-02-26,2025-02-19T00:00:00Z,2025-05-12T00:00:00Z
ORD-04658,CUS-0819,2024-12-12,PROD-070,5,55.18,275.90,USD,paypal,paid,delivered,standard,TRACK-GA76SCR9,2024-12-17,2024-12-17,2024-12-12T00:00:00Z,2025-05-28T00:00:00Z
ORD-04659,CUS-0622,2025-06-06,PROD-086,4,272.87,1091.48,USD,debit_card,paid,confirmed,standard,TRACK-80K8BZO5,2025-06-11,,2025-06-06T00:00:00Z,2025-10-09T00:00:00Z
ORD-04660,CUS-0119,2024-08-29,PROD-017,5,657.92,3289.60,USD,credit_card,paid,delivered,express,TRACK-DH6WVWTR,2024-09-02,2024-09-05,2024-08-29T00:00:00Z,2025-10-06T00:00:00Z
ORD-04661,CUS-0282,2025-05-19,PROD-026,2,295.00,590.00,USD,debit_card,paid,shipped,next_day,TRACK-82PQMH02,2025-05-20,,2025-05-19T00:00:00Z,2025-07-19T00:00:00Z
ORD-04662,CUS-0479,2024-01-17,PROD-013,5,1278.38,6391.90,USD,debit_card,paid,delivered,express,TRACK-G3082WXT,2024-01-19,2024-01-21,2024-01-17T00:00:00Z,2024-04-04T00:00:00Z
ORD-04663,CUS-0590,2024-08-22,PROD-048,3,127.33,381.99,USD,paypal,refunded,refunded,international,TRACK-81QE4SDX,2024-09-10,2024-09-12,2024-08-22T00:00:00Z,2025-09-27T00:00:00Z
ORD-04664,CUS-0499,2024-09-28,PROD-066,5,77.92,389.60,USD,debit_card,paid,processing,express,TRACK-21KHI3EY,2024-10-01,,2024-09-28T00:00:00Z,2025-08-18T00:00:00Z
ORD-04665,CUS-0614,2025-07-31,PROD-022,4,500.24,2000.96,USD,credit_card,refunded,cancelled,express,TRACK-26E99744,2025-08-02,,2025-07-31T00:00:00Z,2025-12-08T00:00:00Z
ORD-04666,CUS-0248,2024-08-08,PROD-083,2,189.30,378.60,USD,paypal,pending,placed,express,TRACK-86QJJG3W,2024-08-11,,2024-08-08T00:00:00Z,2025-10-04T00:00:00Z
ORD-04667,CUS-0947,2025-12-02,PROD-049,2,49.02,98.04,USD,debit_card,paid,delivered,standard,TRACK-FGROQTII,2025-12-10,2025-12-13,2025-12-02T00:00:00Z,2025-12-05T00:00:00Z
ORD-04668,CUS-0146,2024-07-27,PROD-082,4,235.36,941.44,USD,paypal,paid,delivered,express,TRACK-U53HGZ02,2024-07-30,2024-08-01,2024-07-27T00:00:00Z,2025-06-10T00:00:00Z
ORD-04669,CUS-0719,2024-06-03,PROD-070,4,55.18,220.72,USD,credit_card,paid,processing,express,TRACK-NTYDOJSR,2024-06-07,,2024-06-03T00:00:00Z,2024-06-30T00:00:00Z
ORD-04670,CUS-0528,2024-06-15,PROD-095,5,106.35,531.75,USD,bank_transfer,paid,out_for_delivery,next_day,TRACK-FEXMCJF6,2024-06-16,,2024-06-15T00:00:00Z,2025-06-02T00:00:00Z
ORD-04671,CUS-0386,2024-05-24,PROD-031,3,88.52,265.56,USD,credit_card,paid,confirmed,express,TRACK-ZSN8ECFK,2024-05-26,,2024-05-24T00:00:00Z,2025-10-19T00:00:00Z
ORD-04672,CUS-0118,2024-01-23,PROD-033,3,249.21,747.63,USD,paypal,paid,delivered,international,TRACK-BTIID2YM,2024-02-15,2024-02-15,2024-01-23T00:00:00Z,2025-02-19T00:00:00Z
ORD-04673,CUS-0247,2024-09-17,PROD-084,5,52.10,260.50,USD,credit_card,paid,delivered,express,TRACK-9UKWY6A8,2024-09-21,2024-09-24,2024-09-17T00:00:00Z,2025-05-16T00:00:00Z
ORD-04674,CUS-0522,2024-08-04,PROD-046,5,67.55,337.75,USD,debit_card,paid,delivered,express,TRACK-ZQ0M3H4J,2024-08-07,2024-08-08,2024-08-04T00:00:00Z,2025-09-21T00:00:00Z
ORD-04675,CUS-0289,2024-01-05,PROD-085,1,152.73,152.73,USD,paypal,paid,delivered,international,TRACK-CCFAB00C,2024-01-29,2024-02-01,2024-01-05T00:00:00Z,2024-09-10T00:00:00Z
ORD-04676,CUS-0951,2025-02-05,PROD-049,5,49.02,245.10,USD,debit_card,pending,placed,standard,TRACK-MA92H02D,2025-02-15,,2025-02-05T00:00:00Z,2025-04-14T00:00:00Z
ORD-04677,CUS-0574,2025-01-02,PROD-045,2,111.96,223.92,USD,debit_card,paid,delivered,standard,TRACK-7EVS2MEX,2025-01-08,2025-01-09,2025-01-02T00:00:00Z,2025-06-23T00:00:00Z
ORD-04678,CUS-0327,2025-12-21,PROD-087,4,89.66,358.64,USD,credit_card,paid,delivered,express,TRACK-RNHB74MS,2025-12-25,2025-12-28,2025-12-21T00:00:00Z,2025-12-21T00:00:00Z
ORD-04679,CUS-0057,2024-01-20,PROD-001,3,2193.82,6581.46,USD,bank_transfer,paid,delivered,express,TRACK-H8Z5DMQM,2024-01-24,2024-01-25,2024-01-20T00:00:00Z,2024-08-13T00:00:00Z
ORD-04680,CUS-0325,2024-02-17,PROD-062,1,282.17,282.17,USD,debit_card,paid,delivered,express,TRACK-LUV5B4M8,2024-02-20,2024-02-21,2024-02-17T00:00:00Z,2024-03-21T00:00:00Z
ORD-04681,CUS-0097,2024-06-04,PROD-084,4,52.10,208.40,USD,paypal,paid,shipped,next_day,TRACK-E77P19PE,2024-06-05,,2024-06-04T00:00:00Z,2025-04-24T00:00:00Z
ORD-04682,CUS-0308,2025-02-26,PROD-063,4,328.94,1315.76,USD,crypto,pending,placed,standard,TRACK-3Q1FEYYM,2025-03-07,,2025-02-26T00:00:00Z,2025-03-10T00:00:00Z
ORD-04683,CUS-0869,2025-02-18,PROD-064,1,384.19,384.19,USD,bank_transfer,paid,delivered,express,TRACK-05AX16X7,2025-02-20,2025-02-21,2025-02-18T00:00:00Z,2025-04-01T00:00:00Z
ORD-04684,CUS-0118,2024-08-09,PROD-018,4,1487.38,5949.52,USD,bank_transfer,refunded,refunded,express,TRACK-3DYSF1WH,2024-08-13,2024-08-15,2024-08-09T00:00:00Z,2025-04-28T00:00:00Z
ORD-04685,CUS-0476,2025-04-10,PROD-034,3,347.18,1041.54,USD,credit_card,paid,delayed,standard,TRACK-X4AIJZS0,2025-04-19,,2025-04-10T00:00:00Z,2025-08-10T00:00:00Z
ORD-04686,CUS-0850,2025-11-12,PROD-045,1,111.96,111.96,USD,credit_card,pending,placed,express,TRACK-0FWZ7FN3,2025-11-14,,2025-11-12T00:00:00Z,2025-11-30T00:00:00Z
ORD-04687,CUS-0431,2025-12-25,PROD-030,2,342.95,685.90,USD,debit_card,paid,confirmed,standard,TRACK-C1RC4RF6,2025-12-31,,2025-12-25T00:00:00Z,2025-12-28T00:00:00Z
ORD-04688,CUS-0833,2024-03-28,PROD-082,5,235.36,1176.80,USD,debit_card,paid,delivered,next_day,TRACK-YYYBWFRS,2024-03-29,2024-03-31,2024-03-28T00:00:00Z,2025-07-13T00:00:00Z
ORD-04689,CUS-0113,2024-08-10,PROD-022,1,500.24,500.24,USD,credit_card,paid,placed,standard,TRACK-799FDEBP,2024-08-16,,2024-08-10T00:00:00Z,2025-08-24T00:00:00Z
ORD-04690,CUS-0448,2024-08-27,PROD-058,5,354.13,1770.65,USD,debit_card,paid,shipped,express,TRACK-WS7SNYOE,2024-08-30,,2024-08-27T00:00:00Z,2025-01-01T00:00:00Z
ORD-04691,CUS-0029,2025-08-27,PROD-044,4,26.86,107.44,USD,credit_card,paid,delivered,standard,TRACK-15SICR5P,2025-09-03,2025-09-04,2025-08-27T00:00:00Z,2025-11-16T00:00:00Z
ORD-04692,CUS-0720,2025-02-08,PROD-034,5,347.18,1735.90,USD,debit_card,paid,placed,next_day,TRACK-4RWTXBNX,2025-02-09,,2025-02-08T00:00:00Z,2025-03-07T00:00:00Z
ORD-04693,CUS-0609,2025-10-29,PROD-050,5,81.10,405.50,USD,paypal,paid,delivered,standard,TRACK-RN5HOGHT,2025-11-03,2025-11-03,2025-10-29T00:00:00Z,2025-11-07T00:00:00Z
ORD-04694,CUS-0479,2024-12-22,PROD-074,5,76.36,381.80,USD,credit_card,paid,cancelled,standard,TRACK-V8OPHPGG,2024-12-31,,2024-12-22T00:00:00Z,2025-03-10T00:00:00Z
ORD-04695,CUS-0348,2024-11-26,PROD-100,3,46.48,139.44,USD,credit_card,paid,out_for_delivery,express,TRACK-DV6GXM7X,2024-11-29,,2024-11-26T00:00:00Z,2025-07-16T00:00:00Z
ORD-04696,CUS-0938,2025-10-29,PROD-008,2,1441.53,2883.06,USD,credit_card,partially_refunded,refunded,standard,TRACK-8OYD79GJ,2025-11-08,2025-11-11,2025-10-29T00:00:00Z,2025-12-06T00:00:00Z
ORD-04697,CUS-0765,2025-03-12,PROD-012,4,922.70,3690.80,USD,credit_card,paid,shipped,express,TRACK-J2W2TUBJ,2025-03-16,,2025-03-12T00:00:00Z,2025-05-08T00:00:00Z
ORD-04698,CUS-0526,2024-03-08,PROD-018,1,1487.38,1487.38,USD,credit_card,paid,delivered,standard,TRACK-K6BP4PVI,2024-03-18,2024-03-20,2024-03-08T00:00:00Z,2025-04-29T00:00:00Z
ORD-04699,CUS-0723,2025-06-21,PROD-005,5,925.08,4625.40,USD,bank_transfer,paid,confirmed,express,TRACK-X2EFWR21,2025-06-25,,2025-06-21T00:00:00Z,2025-11-16T00:00:00Z
ORD-04700,CUS-0990,2024-03-26,PROD-080,4,255.93,1023.72,USD,bank_transfer,refunded,refunded,next_day,TRACK-GW6H19VV,2024-03-27,2024-03-27,2024-03-26T00:00:00Z,2025-09-01T00:00:00Z
ORD-04701,CUS-0361,2024-12-21,PROD-097,2,43.21,86.42,USD,credit_card,paid,confirmed,express,TRACK-YRMXB5HQ,2024-12-25,,2024-12-21T00:00:00Z,2025-12-02T00:00:00Z
ORD-04702,CUS-0645,2025-01-26,PROD-077,2,484.12,968.24,USD,paypal,paid,shipped,next_day,TRACK-ROLVM6H1,2025-01-27,,2025-01-26T00:00:00Z,2025-09-29T00:00:00Z
ORD-04703,CUS-0365,2024-09-14,PROD-057,3,81.68,245.04,USD,credit_card,paid,shipped,standard,TRACK-DYUJMJ7O,2024-09-20,,2024-09-14T00:00:00Z,2025-11-13T00:00:00Z
ORD-04704,CUS-0072,2025-08-06,PROD-059,1,284.59,284.59,USD,credit_card,paid,shipped,next_day,TRACK-9A3XJZZC,2025-08-07,,2025-08-06T00:00:00Z,2025-12-11T00:00:00Z
ORD-04705,CUS-0016,2025-09-06,PROD-019,4,1140.33,4561.32,USD,debit_card,paid,delayed,express,TRACK-7B9EJ6YP,2025-09-10,,2025-09-06T00:00:00Z,2025-09-28T00:00:00Z
ORD-04706,CUS-0442,2024-09-27,PROD-012,2,922.70,1845.40,USD,paypal,paid,shipped,express,TRACK-HWDQ6FBW,2024-09-29,,2024-09-27T00:00:00Z,2024-12-07T00:00:00Z
ORD-04707,CUS-0657,2025-08-24,PROD-053,3,574.29,1722.87,USD,credit_card,paid,shipped,standard,TRACK-M1D0RIEI,2025-09-02,,2025-08-24T00:00:00Z,2025-10-14T00:00:00Z
ORD-04708,CUS-0559,2024-06-07,PROD-079,3,363.45,1090.35,USD,debit_card,paid,out_for_delivery,express,TRACK-JN52HZZ2,2024-06-11,,2024-06-07T00:00:00Z,2025-03-14T00:00:00Z
ORD-04709,CUS-0915,2024-06-06,PROD-083,3,189.30,567.90,USD,paypal,partially_refunded,returned,standard,TRACK-RINW8TM9,2024-06-11,2024-06-13,2024-06-06T00:00:00Z,2025-03-14T00:00:00Z
ORD-04710,CUS-0503,2025-10-05,PROD-055,4,407.21,1628.84,USD,credit_card,paid,delivered,express,TRACK-IQJTGYVG,2025-10-08,2025-10-09,2025-10-05T00:00:00Z,2025-12-07T00:00:00Z
ORD-04711,CUS-0369,2025-10-15,PROD-086,2,272.87,545.74,USD,credit_card,paid,out_for_delivery,standard,TRACK-JGOVWH4S,2025-10-25,,2025-10-15T00:00:00Z,2025-11-21T00:00:00Z
ORD-04712,CUS-0056,2025-12-01,PROD-079,1,363.45,363.45,USD,credit_card,paid,delivered,standard,TRACK-WEGFLKQI,2025-12-11,2025-12-12,2025-12-01T00:00:00Z,2025-12-12T00:00:00Z
ORD-04713,CUS-0410,2024-11-12,PROD-089,5,304.67,1523.35,USD,paypal,paid,cancelled,standard,TRACK-TU8S5Q2W,2024-11-19,,2024-11-12T00:00:00Z,2025-10-07T00:00:00Z
ORD-04714,CUS-0521,2025-05-09,PROD-051,2,450.36,900.72,USD,credit_card,refunded,cancelled,next_day,TRACK-DFUCQ07B,2025-05-10,,2025-05-09T00:00:00Z,2025-05-12T00:00:00Z
ORD-04715,CUS-0141,2024-07-08,PROD-077,4,484.12,1936.48,USD,debit_card,paid,confirmed,standard,TRACK-EY8UKNRA,2024-07-16,,2024-07-08T00:00:00Z,2024-08-06T00:00:00Z
ORD-04716,CUS-0879,2024-10-02,PROD-097,4,43.21,172.84,USD,debit_card,paid,cancelled,standard,TRACK-7ERKCR2W,2024-10-12,,2024-10-02T00:00:00Z,2025-10-02T00:00:00Z
ORD-04717,CUS-0314,2024-02-14,PROD-044,4,26.86,107.44,USD,debit_card,paid,out_for_delivery,express,TRACK-CLOY9QQ7,2024-02-18,,2024-02-14T00:00:00Z,2025-10-03T00:00:00Z
ORD-04718,CUS-0216,2024-03-23,PROD-080,1,255.93,255.93,USD,credit_card,pending,placed,next_day,TRACK-W45GMQ0R,2024-03-24,,2024-03-23T00:00:00Z,2024-10-03T00:00:00Z
ORD-04719,CUS-0047,2024-10-03,PROD-092,3,102.76,308.28,USD,credit_card,paid,placed,express,TRACK-JJ33GIP3,2024-10-07,,2024-10-03T00:00:00Z,2025-11-18T00:00:00Z
ORD-04720,CUS-0746,2024-01-15,PROD-092,4,102.76,411.04,USD,credit_card,paid,confirmed,next_day,TRACK-HY1YE668,2024-01-16,,2024-01-15T00:00:00Z,2025-07-06T00:00:00Z
ORD-04721,CUS-0210,2024-12-20,PROD-043,3,53.52,160.56,USD,bank_transfer,paid,delivered,express,TRACK-5ZK7A4VX,2024-12-22,2024-12-23,2024-12-20T00:00:00Z,2025-06-21T00:00:00Z
ORD-04722,CUS-0623,2024-11-24,PROD-043,1,53.52,53.52,USD,credit_card,pending,placed,standard,TRACK-ZXN4GYVY,2024-12-03,,2024-11-24T00:00:00Z,2025-01-20T00:00:00Z
ORD-04723,CUS-0316,2025-01-24,PROD-059,2,284.59,569.18,USD,bank_transfer,paid,confirmed,express,TRACK-XUVYGA6X,2025-01-26,,2025-01-24T00:00:00Z,2025-10-13T00:00:00Z
ORD-04724,CUS-0296,2024-05-02,PROD-055,4,407.21,1628.84,USD,bank_transfer,paid,shipped,standard,TRACK-P6UHW1Q7,2024-05-11,,2024-05-02T00:00:00Z,2025-10-18T00:00:00Z
ORD-04725,CUS-0924,2025-07-27,PROD-041,5,22.71,113.55,USD,paypal,refunded,returned,express,TRACK-EUOQ25E7,2025-07-30,2025-07-30,2025-07-27T00:00:00Z,2025-12-02T00:00:00Z
ORD-04726,CUS-0722,2024-11-14,PROD-011,4,1007.07,4028.28,USD,credit_card,paid,processing,standard,TRACK-1TTAWVPI,2024-11-23,,2024-11-14T00:00:00Z,2025-10-08T00:00:00Z
ORD-04727,CUS-0651,2024-06-17,PROD-070,5,55.18,275.90,USD,bank_transfer,paid,delivered,standard,TRACK-SGZTZ1DS,2024-06-27,2024-06-28,2024-06-17T00:00:00Z,2025-12-09T00:00:00Z
ORD-04728,CUS-0679,2024-12-09,PROD-051,1,450.36,450.36,USD,bank_transfer,paid,processing,standard,TRACK-N1NXX2MT,2024-12-16,,2024-12-09T00:00:00Z,2025-02-14T00:00:00Z
ORD-04729,CUS-0206,2025-10-14,PROD-068,1,296.26,296.26,USD,bank_transfer,paid,shipped,standard,TRACK-AOO8ZET5,2025-10-19,,2025-10-14T00:00:00Z,2025-10-30T00:00:00Z
ORD-04730,CUS-0968,2024-07-31,PROD-020,4,848.04,3392.16,USD,credit_card,paid,delivered,express,TRACK-WJ88363V,2024-08-02,2024-08-03,2024-07-31T00:00:00Z,2025-04-16T00:00:00Z
ORD-04731,CUS-0646,2025-08-10,PROD-096,5,93.24,466.20,USD,debit_card,failed,cancelled,express,TRACK-7XFAYMUG,2025-08-13,,2025-08-10T00:00:00Z,2025-11-07T00:00:00Z
ORD-04732,CUS-0906,2024-05-02,PROD-100,2,46.48,92.96,USD,credit_card,pending,placed,next_day,TRACK-RI9U2F3Z,2024-05-03,,2024-05-02T00:00:00Z,2024-07-04T00:00:00Z
ORD-04733,CUS-0797,2025-11-14,PROD-024,2,522.20,1044.40,USD,paypal,paid,out_for_delivery,express,TRACK-BE2018L1,2025-11-17,,2025-11-14T00:00:00Z,2025-12-11T00:00:00Z
ORD-04734,CUS-0953,2025-10-02,PROD-055,3,407.21,1221.63,USD,credit_card,paid,shipped,express,TRACK-VIXQ7MWE,2025-10-04,,2025-10-02T00:00:00Z,2025-11-27T00:00:00Z
ORD-04735,CUS-0667,2024-06-19,PROD-087,2,89.66,179.32,USD,credit_card,paid,shipped,express,TRACK-7FLUGC8N,2024-06-22,,2024-06-19T00:00:00Z,2025-06-11T00:00:00Z
ORD-04736,CUS-0821,2024-11-29,PROD-051,3,450.36,1351.08,USD,credit_card,paid,confirmed,international,TRACK-DHAR2HQ7,2024-12-27,,2024-11-29T00:00:00Z,2024-12-19T00:00:00Z
ORD-04737,CUS-0178,2024-02-02,PROD-096,4,93.24,372.96,USD,bank_transfer,paid,confirmed,express,TRACK-4Q9WCPXB,2024-02-04,,2024-02-02T00:00:00Z,2025-12-06T00:00:00Z
ORD-04738,CUS-0551,2024-04-24,PROD-018,5,1487.38,7436.90,USD,debit_card,paid,confirmed,standard,TRACK-6M3M1NVX,2024-04-30,,2024-04-24T00:00:00Z,2025-07-09T00:00:00Z
ORD-04739,CUS-0506,2024-07-30,PROD-031,1,88.52,88.52,USD,credit_card,paid,confirmed,standard,TRACK-U3T721YD,2024-08-07,,2024-07-30T00:00:00Z,2025-08-19T00:00:00Z
ORD-04740,CUS-0662,2024-04-28,PROD-017,4,657.92,2631.68,USD,credit_card,paid,shipped,standard,TRACK-1A5QSSHL,2024-05-05,,2024-04-28T00:00:00Z,2025-10-29T00:00:00Z
ORD-04741,CUS-0910,2024-07-27,PROD-045,1,111.96,111.96,USD,credit_card,paid,out_for_delivery,standard,TRACK-PE5CX6ZO,2024-08-06,,2024-07-27T00:00:00Z,2024-12-10T00:00:00Z
ORD-04742,CUS-0952,2024-03-18,PROD-002,2,2846.71,5693.42,USD,debit_card,paid,shipped,standard,TRACK-4ECXK61G,2024-03-27,,2024-03-18T00:00:00Z,2024-05-24T00:00:00Z
ORD-04743,CUS-0548,2024-01-28,PROD-076,4,158.70,634.80,USD,debit_card,paid,delivered,standard,TRACK-CFJV8HX2,2024-02-05,2024-02-06,2024-01-28T00:00:00Z,2025-09-22T00:00:00Z
ORD-04744,CUS-0615,2024-04-11,PROD-048,5,127.33,636.65,USD,debit_card,paid,delivered,standard,TRACK-5G7LL1R2,2024-04-20,2024-04-22,2024-04-11T00:00:00Z,2024-05-31T00:00:00Z
ORD-04745,CUS-0269,2024-07-02,PROD-068,4,296.26,1185.04,USD,credit_card,paid,shipped,standard,TRACK-FHGUU4E0,2024-07-08,,2024-07-02T00:00:00Z,2024-07-12T00:00:00Z
ORD-04746,CUS-0574,2025-09-26,PROD-006,1,1049.94,1049.94,USD,credit_card,paid,confirmed,express,TRACK-IWGBO02I,2025-09-30,,2025-09-26T00:00:00Z,2025-11-18T00:00:00Z
ORD-04747,CUS-0394,2024-05-08,PROD-043,3,53.52,160.56,USD,debit_card,paid,out_for_delivery,express,TRACK-A0NHGIOC,2024-05-11,,2024-05-08T00:00:00Z,2024-07-30T00:00:00Z
ORD-04748,CUS-0326,2024-10-08,PROD-032,3,126.22,378.66,USD,debit_card,paid,shipped,next_day,TRACK-JKJWRCX2,2024-10-09,,2024-10-08T00:00:00Z,2025-07-24T00:00:00Z
ORD-04749,CUS-0064,2025-04-08,PROD-068,5,296.26,1481.30,USD,paypal,paid,delivered,express,TRACK-B9XSNQTN,2025-04-11,2025-04-13,2025-04-08T00:00:00Z,2025-12-30T00:00:00Z
ORD-04750,CUS-0561,2024-01-25,PROD-008,1,1441.53,1441.53,USD,credit_card,paid,delivered,standard,TRACK-0W8M8G5D,2024-02-01,2024-02-04,2024-01-25T00:00:00Z,2025-03-25T00:00:00Z
ORD-04751,CUS-0030,2024-01-01,PROD-038,2,302.64,605.28,USD,bank_transfer,partially_refunded,refunded,next_day,TRACK-39RD7U8L,2024-01-02,2024-01-03,2024-01-01T00:00:00Z,2024-03-20T00:00:00Z
ORD-04752,CUS-0338,2024-09-02,PROD-030,5,342.95,1714.75,USD,debit_card,paid,delivered,standard,TRACK-DYNTGXH2,2024-09-12,2024-09-14,2024-09-02T00:00:00Z,2025-08-10T00:00:00Z
ORD-04753,CUS-0495,2025-03-01,PROD-046,4,67.55,270.20,USD,paypal,paid,cancelled,next_day,TRACK-LH8F83ZI,2025-03-02,,2025-03-01T00:00:00Z,2025-07-27T00:00:00Z
ORD-04754,CUS-0979,2025-04-08,PROD-051,4,450.36,1801.44,USD,credit_card,paid,delivered,next_day,TRACK-EW0IE3NC,2025-04-09,2025-04-09,2025-04-08T00:00:00Z,2025-05-18T00:00:00Z
ORD-04755,CUS-0528,2024-08-01,PROD-062,3,282.17,846.51,USD,debit_card,paid,delivered,next_day,TRACK-RQSFLQS2,2024-08-02,2024-08-03,2024-08-01T00:00:00Z,2025-01-28T00:00:00Z
ORD-04756,CUS-0036,2025-05-04,PROD-009,1,788.22,788.22,USD,crypto,paid,delivered,standard,TRACK-CJI0UUZ1,2025-05-12,2025-05-13,2025-05-04T00:00:00Z,2025-11-16T00:00:00Z
ORD-04757,CUS-0390,2025-11-02,PROD-008,2,1441.53,2883.06,USD,paypal,paid,delivered,express,TRACK-2772QWGO,2025-11-05,2025-11-06,2025-11-02T00:00:00Z,2025-12-09T00:00:00Z
ORD-04758,CUS-0849,2024-08-15,PROD-055,4,407.21,1628.84,USD,credit_card,paid,delivered,express,TRACK-V0T0A50L,2024-08-19,2024-08-20,2024-08-15T00:00:00Z,2024-10-31T00:00:00Z
ORD-04759,CUS-0939,2025-09-28,PROD-012,4,922.70,3690.80,USD,paypal,refunded,cancelled,standard,TRACK-SFC7IH8U,2025-10-03,,2025-09-28T00:00:00Z,2025-10-07T00:00:00Z
ORD-04760,CUS-0526,2024-01-17,PROD-010,2,1931.10,3862.20,USD,paypal,refunded,refunded,standard,TRACK-CG6TFZ4K,2024-01-27,2024-01-30,2024-01-17T00:00:00Z,2025-01-14T00:00:00Z
ORD-04761,CUS-0856,2024-12-02,PROD-082,5,235.36,1176.80,USD,paypal,paid,processing,express,TRACK-ZOJM6GCT,2024-12-04,,2024-12-02T00:00:00Z,2025-12-02T00:00:00Z
ORD-04762,CUS-0905,2025-08-16,PROD-041,3,22.71,68.13,USD,credit_card,paid,shipped,standard,TRACK-SITCIV9B,2025-08-26,,2025-08-16T00:00:00Z,2025-12-30T00:00:00Z
ORD-04763,CUS-0720,2024-02-18,PROD-014,5,474.04,2370.20,USD,credit_card,paid,delivered,standard,TRACK-35G9ZOVZ,2024-02-27,2024-02-27,2024-02-18T00:00:00Z,2024-11-12T00:00:00Z
ORD-04764,CUS-0890,2025-05-09,PROD-020,3,848.04,2544.12,USD,debit_card,paid,processing,standard,TRACK-04EJ7Z2S,2025-05-16,,2025-05-09T00:00:00Z,2025-08-06T00:00:00Z
ORD-04765,CUS-0238,2025-12-01,PROD-077,4,484.12,1936.48,USD,debit_card,refunded,returned,standard,TRACK-TV9WIQ6R,2025-12-08,2025-12-11,2025-12-01T00:00:00Z,2025-12-13T00:00:00Z
ORD-04766,CUS-0019,2024-08-26,PROD-056,5,520.14,2600.70,USD,paypal,paid,shipped,next_day,TRACK-ZCVBCILZ,2024-08-27,,2024-08-26T00:00:00Z,2025-04-25T00:00:00Z
ORD-04767,CUS-0871,2025-04-25,PROD-078,4,251.87,1007.48,USD,credit_card,paid,confirmed,standard,TRACK-M1OE7RFK,2025-05-04,,2025-04-25T00:00:00Z,2025-09-12T00:00:00Z
ORD-04768,CUS-0141,2024-11-26,PROD-039,3,482.81,1448.43,USD,paypal,paid,processing,international,TRACK-PKF8V8ZV,2024-12-19,,2024-11-26T00:00:00Z,2025-10-21T00:00:00Z
ORD-04769,CUS-0675,2024-12-19,PROD-078,2,251.87,503.74,USD,credit_card,paid,delivered,express,TRACK-8RXQSDTT,2024-12-23,2024-12-24,2024-12-19T00:00:00Z,2025-08-11T00:00:00Z
ORD-04770,CUS-0602,2024-07-29,PROD-090,3,289.84,869.52,USD,paypal,paid,shipped,standard,TRACK-MDLLJ0O7,2024-08-07,,2024-07-29T00:00:00Z,2025-12-13T00:00:00Z
ORD-04771,CUS-0235,2025-09-14,PROD-065,2,339.44,678.88,USD,paypal,paid,delivered,standard,TRACK-Y14FSDD2,2025-09-19,2025-09-20,2025-09-14T00:00:00Z,2025-11-18T00:00:00Z
ORD-04772,CUS-0657,2024-02-11,PROD-083,3,189.30,567.90,USD,credit_card,paid,delivered,standard,TRACK-OME7IJJZ,2024-02-20,2024-02-20,2024-02-11T00:00:00Z,2024-05-12T00:00:00Z
ORD-04773,CUS-0461,2024-06-29,PROD-057,1,81.68,81.68,USD,credit_card,paid,out_for_delivery,standard,TRACK-R40FPJUE,2024-07-05,,2024-06-29T00:00:00Z,2025-02-21T00:00:00Z
ORD-04774,CUS-0786,2025-04-01,PROD-096,3,93.24,279.72,USD,crypto,paid,confirmed,express,TRACK-ZZ326XX1,2025-04-03,,2025-04-01T00:00:00Z,2025-08-09T00:00:00Z
ORD-04775,CUS-0542,2025-09-04,PROD-042,3,22.38,67.14,USD,bank_transfer,paid,delivered,express,TRACK-UTR72NV2,2025-09-08,2025-09-11,2025-09-04T00:00:00Z,2025-09-13T00:00:00Z
ORD-04776,CUS-0738,2025-06-25,PROD-052,4,580.62,2322.48,USD,paypal,paid,delivered,standard,TRACK-J27ES0RG,2025-07-03,2025-07-05,2025-06-25T00:00:00Z,2025-08-28T00:00:00Z
ORD-04777,CUS-0640,2025-09-17,PROD-058,1,354.13,354.13,USD,paypal,paid,out_for_delivery,standard,TRACK-RC2G7P3X,2025-09-22,,2025-09-17T00:00:00Z,2025-12-29T00:00:00Z
ORD-04778,CUS-0052,2025-10-06,PROD-015,3,987.77,2963.31,USD,debit_card,paid,out_for_delivery,next_day,TRACK-AMGCDJHR,2025-10-07,,2025-10-06T00:00:00Z,2025-11-12T00:00:00Z
ORD-04779,CUS-0420,2025-01-19,PROD-063,4,328.94,1315.76,USD,credit_card,paid,shipped,standard,TRACK-F5TN2M3P,2025-01-27,,2025-01-19T00:00:00Z,2025-03-18T00:00:00Z
ORD-04780,CUS-0526,2024-11-09,PROD-009,3,788.22,2364.66,USD,debit_card,paid,delivered,standard,TRACK-CFA09WOK,2024-11-16,2024-11-17,2024-11-09T00:00:00Z,2025-11-01T00:00:00Z
ORD-04781,CUS-0092,2024-08-18,PROD-080,3,255.93,767.79,USD,bank_transfer,paid,processing,standard,TRACK-SEASTUXY,2024-08-27,,2024-08-18T00:00:00Z,2024-10-02T00:00:00Z
ORD-04782,CUS-0699,2024-12-08,PROD-026,2,295.00,590.00,USD,credit_card,failed,cancelled,express,TRACK-GJ9BCR2C,2024-12-11,,2024-12-08T00:00:00Z,2025-09-13T00:00:00Z
ORD-04783,CUS-0807,2024-09-02,PROD-090,4,289.84,1159.36,USD,credit_card,paid,cancelled,express,TRACK-RQD8V7X8,2024-09-04,,2024-09-02T00:00:00Z,2025-06-16T00:00:00Z
ORD-04784,CUS-0617,2025-08-09,PROD-051,3,450.36,1351.08,USD,debit_card,paid,delivered,next_day,TRACK-FWCZWJNU,2025-08-10,2025-08-11,2025-08-09T00:00:00Z,2025-09-26T00:00:00Z
ORD-04785,CUS-0756,2025-03-02,PROD-039,1,482.81,482.81,USD,debit_card,paid,shipped,next_day,TRACK-8XDVE0DR,2025-03-03,,2025-03-02T00:00:00Z,2025-08-10T00:00:00Z
ORD-04786,CUS-0248,2024-07-06,PROD-039,3,482.81,1448.43,USD,credit_card,paid,shipped,express,TRACK-1FM7ZTT6,2024-07-10,,2024-07-06T00:00:00Z,2025-01-24T00:00:00Z
ORD-04787,CUS-0198,2024-05-01,PROD-015,3,987.77,2963.31,USD,debit_card,paid,cancelled,standard,TRACK-UFY1WRC2,2024-05-10,,2024-05-01T00:00:00Z,2025-02-07T00:00:00Z
ORD-04788,CUS-0007,2024-09-09,PROD-056,3,520.14,1560.42,USD,credit_card,pending,placed,express,TRACK-SLD39Y7G,2024-09-13,,2024-09-09T00:00:00Z,2025-06-12T00:00:00Z
ORD-04789,CUS-0447,2025-03-09,PROD-008,3,1441.53,4324.59,USD,credit_card,paid,delivered,standard,TRACK-FEC9JROI,2025-03-18,2025-03-18,2025-03-09T00:00:00Z,2025-12-26T00:00:00Z
ORD-04790,CUS-0938,2025-04-03,PROD-002,5,2846.71,14233.55,USD,paypal,refunded,returned,standard,TRACK-HO36AP0H,2025-04-09,2025-04-11,2025-04-03T00:00:00Z,2025-08-02T00:00:00Z
ORD-04791,CUS-0939,2025-01-26,PROD-050,5,81.10,405.50,USD,credit_card,refunded,returned,next_day,TRACK-KN1HSIKP,2025-01-27,2025-01-30,2025-01-26T00:00:00Z,2025-03-22T00:00:00Z
ORD-04792,CUS-0502,2025-09-30,PROD-037,3,290.16,870.48,USD,credit_card,paid,processing,express,TRACK-OU87QOKI,2025-10-04,,2025-09-30T00:00:00Z,2025-11-09T00:00:00Z
ORD-04793,CUS-0283,2025-11-21,PROD-063,3,328.94,986.82,USD,debit_card,paid,shipped,express,TRACK-AQIQGKLW,2025-11-25,,2025-11-21T00:00:00Z,2025-11-27T00:00:00Z
ORD-04794,CUS-0750,2024-05-30,PROD-007,3,2312.54,6937.62,USD,bank_transfer,paid,placed,standard,TRACK-PZ1IA2GA,2024-06-07,,2024-05-30T00:00:00Z,2024-11-02T00:00:00Z
ORD-04795,CUS-0854,2025-11-17,PROD-026,5,295.00,1475.00,USD,credit_card,paid,delayed,express,TRACK-TJV1NCUI,2025-11-20,,2025-11-17T00:00:00Z,2025-12-22T00:00:00Z
ORD-04796,CUS-0560,2025-06-17,PROD-061,5,118.46,592.30,USD,paypal,paid,delivered,express,TRACK-Z1HCFJN6,2025-06-20,2025-06-20,2025-06-17T00:00:00Z,2025-07-21T00:00:00Z
ORD-04797,CUS-0280,2024-04-07,PROD-076,2,158.70,317.40,USD,paypal,partially_refunded,returned,express,TRACK-8FVNTPKA,2024-04-10,2024-04-12,2024-04-07T00:00:00Z,2025-11-28T00:00:00Z
ORD-04798,CUS-0059,2025-12-17,PROD-076,1,158.70,158.70,USD,paypal,paid,confirmed,standard,TRACK-AGUYSIHX,2025-12-25,,2025-12-17T00:00:00Z,2025-12-31T00:00:00Z
ORD-04799,CUS-0721,2024-11-10,PROD-012,4,922.70,3690.80,USD,credit_card,paid,cancelled,express,TRACK-WCGDS12Y,2024-11-14,,2024-11-10T00:00:00Z,2025-01-11T00:00:00Z
ORD-04800,CUS-0287,2024-12-16,PROD-064,2,384.19,768.38,USD,debit_card,refunded,refunded,next_day,TRACK-S5ZP4G56,2024-12-17,2024-12-17,2024-12-16T00:00:00Z,2025-01-14T00:00:00Z
ORD-04801,CUS-0686,2024-02-19,PROD-045,4,111.96,447.84,USD,paypal,partially_refunded,refunded,next_day,TRACK-TJ3XVC1J,2024-02-20,2024-02-23,2024-02-19T00:00:00Z,2025-05-26T00:00:00Z
ORD-04802,CUS-0053,2024-08-29,PROD-048,2,127.33,254.66,USD,bank_transfer,paid,out_for_delivery,express,TRACK-1NQCO7ND,2024-08-31,,2024-08-29T00:00:00Z,2025-01-12T00:00:00Z
ORD-04803,CUS-0480,2024-05-21,PROD-049,2,49.02,98.04,USD,credit_card,paid,confirmed,standard,TRACK-16YD6MOO,2024-05-27,,2024-05-21T00:00:00Z,2024-06-16T00:00:00Z
ORD-04804,CUS-0402,2025-04-08,PROD-057,2,81.68,163.36,USD,credit_card,paid,delivered,next_day,TRACK-LKRL8SEL,2025-04-09,2025-04-11,2025-04-08T00:00:00Z,2025-12-03T00:00:00Z
ORD-04805,CUS-0687,2024-05-07,PROD-063,5,328.94,1644.70,USD,debit_card,paid,delayed,next_day,TRACK-LPY9BCUT,2024-05-08,,2024-05-07T00:00:00Z,2025-07-21T00:00:00Z
ORD-04806,CUS-0301,2025-06-12,PROD-081,1,150.38,150.38,USD,paypal,paid,processing,express,TRACK-PPCO5LRL,2025-06-14,,2025-06-12T00:00:00Z,2025-07-28T00:00:00Z
ORD-04807,CUS-0368,2025-07-02,PROD-025,4,499.30,1997.20,USD,credit_card,refunded,returned,next_day,TRACK-T81E6B39,2025-07-03,2025-07-04,2025-07-02T00:00:00Z,2025-10-12T00:00:00Z
ORD-04808,CUS-0523,2025-07-20,PROD-010,2,1931.10,3862.20,USD,paypal,paid,out_for_delivery,standard,TRACK-ESY2Y1HT,2025-07-28,,2025-07-20T00:00:00Z,2025-08-28T00:00:00Z
ORD-04809,CUS-0257,2024-02-16,PROD-081,1,150.38,150.38,USD,credit_card,paid,delayed,standard,TRACK-9FAMYJDI,2024-02-25,,2024-02-16T00:00:00Z,2025-08-24T00:00:00Z
ORD-04810,CUS-0976,2025-10-19,PROD-010,5,1931.10,9655.50,USD,credit_card,paid,placed,express,TRACK-9YXFK32C,2025-10-22,,2025-10-19T00:00:00Z,2025-11-11T00:00:00Z
ORD-04811,CUS-0963,2025-11-11,PROD-017,4,657.92,2631.68,USD,credit_card,partially_refunded,refunded,standard,TRACK-UM4D5CXE,2025-11-17,2025-11-18,2025-11-11T00:00:00Z,2025-11-13T00:00:00Z
ORD-04812,CUS-0462,2024-03-05,PROD-065,3,339.44,1018.32,USD,paypal,partially_refunded,refunded,next_day,TRACK-1OGRU6JR,2024-03-06,2024-03-08,2024-03-05T00:00:00Z,2024-11-05T00:00:00Z
ORD-04813,CUS-0978,2025-11-10,PROD-042,3,22.38,67.14,USD,paypal,partially_refunded,returned,express,TRACK-1W0VI6SP,2025-11-13,2025-11-14,2025-11-10T00:00:00Z,2025-12-09T00:00:00Z
ORD-04814,CUS-0679,2025-10-07,PROD-034,2,347.18,694.36,USD,debit_card,partially_refunded,refunded,standard,TRACK-D5PM705V,2025-10-15,2025-10-18,2025-10-07T00:00:00Z,2025-11-22T00:00:00Z
ORD-04815,CUS-0225,2024-05-21,PROD-053,1,574.29,574.29,USD,debit_card,paid,delayed,standard,TRACK-9R0TCPYC,2024-05-28,,2024-05-21T00:00:00Z,2025-06-03T00:00:00Z
ORD-04816,CUS-0419,2025-10-04,PROD-062,1,282.17,282.17,USD,paypal,partially_refunded,returned,next_day,TRACK-RGCR3144,2025-10-05,2025-10-05,2025-10-04T00:00:00Z,2025-11-07T00:00:00Z
ORD-04817,CUS-0760,2025-10-11,PROD-071,2,489.66,979.32,USD,credit_card,paid,processing,standard,TRACK-X1UEJLZL,2025-10-17,,2025-10-11T00:00:00Z,2025-12-07T00:00:00Z
ORD-04818,CUS-0058,2025-05-22,PROD-055,5,407.21,2036.05,USD,paypal,paid,processing,standard,TRACK-R75YUS90,2025-05-31,,2025-05-22T00:00:00Z,2025-11-22T00:00:00Z
ORD-04819,CUS-0769,2025-06-13,PROD-017,4,657.92,2631.68,USD,credit_card,paid,processing,standard,TRACK-TL38X2BM,2025-06-19,,2025-06-13T00:00:00Z,2025-09-17T00:00:00Z
ORD-04820,CUS-0840,2025-03-31,PROD-084,1,52.10,52.10,USD,bank_transfer,paid,shipped,standard,TRACK-4F5J4X4P,2025-04-08,,2025-03-31T00:00:00Z,2025-11-01T00:00:00Z
ORD-04821,CUS-0021,2025-02-18,PROD-100,3,46.48,139.44,USD,credit_card,paid,placed,standard,TRACK-NQT1PHAH,2025-02-23,,2025-02-18T00:00:00Z,2025-10-17T00:00:00Z
ORD-04822,CUS-0377,2025-12-06,PROD-068,4,296.26,1185.04,USD,debit_card,paid,delivered,express,TRACK-QQXT9HYD,2025-12-10,2025-12-13,2025-12-06T00:00:00Z,2025-12-17T00:00:00Z
ORD-04823,CUS-0977,2024-06-05,PROD-043,5,53.52,267.60,USD,credit_card,paid,out_for_delivery,standard,TRACK-SWHT2Z59,2024-06-15,,2024-06-05T00:00:00Z,2024-12-31T00:00:00Z
ORD-04824,CUS-0604,2024-11-26,PROD-046,3,67.55,202.65,USD,paypal,paid,processing,standard,TRACK-L5YO9G89,2024-12-06,,2024-11-26T00:00:00Z,2024-12-24T00:00:00Z
ORD-04825,CUS-0807,2024-03-14,PROD-066,4,77.92,311.68,USD,credit_card,paid,cancelled,express,TRACK-VRY1T81P,2024-03-17,,2024-03-14T00:00:00Z,2024-05-31T00:00:00Z
ORD-04826,CUS-0002,2024-07-24,PROD-087,3,89.66,268.98,USD,credit_card,partially_refunded,refunded,express,TRACK-78WWESB6,2024-07-28,2024-07-31,2024-07-24T00:00:00Z,2024-10-19T00:00:00Z
ORD-04827,CUS-0539,2024-02-02,PROD-006,5,1049.94,5249.70,USD,credit_card,paid,delivered,next_day,TRACK-OHCO2MIQ,2024-02-03,2024-02-05,2024-02-02T00:00:00Z,2024-05-05T00:00:00Z
ORD-04828,CUS-0034,2025-06-15,PROD-027,1,795.29,795.29,USD,credit_card,pending,placed,next_day,TRACK-VSYHEGKJ,2025-06-16,,2025-06-15T00:00:00Z,2025-11-04T00:00:00Z
ORD-04829,CUS-0633,2024-09-01,PROD-021,3,373.51,1120.53,USD,credit_card,paid,delivered,standard,TRACK-GKDXLED5,2024-09-07,2024-09-09,2024-09-01T00:00:00Z,2025-06-13T00:00:00Z
ORD-04830,CUS-0781,2024-12-29,PROD-075,5,343.41,1717.05,USD,debit_card,paid,delivered,next_day,TRACK-DW8O83BE,2024-12-30,2024-12-31,2024-12-29T00:00:00Z,2025-08-02T00:00:00Z
ORD-04831,CUS-0556,2024-03-12,PROD-051,1,450.36,450.36,USD,credit_card,refunded,refunded,express,TRACK-LW2FRYFY,2024-03-14,2024-03-16,2024-03-12T00:00:00Z,2024-12-30T00:00:00Z
ORD-04832,CUS-0018,2024-06-28,PROD-067,4,317.35,1269.40,USD,credit_card,paid,shipped,standard,TRACK-VE3KHRAB,2024-07-07,,2024-06-28T00:00:00Z,2025-08-11T00:00:00Z
ORD-04833,CUS-0179,2025-09-05,PROD-080,1,255.93,255.93,USD,debit_card,refunded,cancelled,express,TRACK-BDXK4BIE,2025-09-08,,2025-09-05T00:00:00Z,2025-11-07T00:00:00Z
ORD-04834,CUS-0208,2024-02-20,PROD-003,5,986.69,4933.45,USD,paypal,paid,confirmed,standard,TRACK-7CW9CUM6,2024-02-29,,2024-02-20T00:00:00Z,2025-04-23T00:00:00Z
ORD-04835,CUS-0894,2024-09-14,PROD-060,4,420.27,1681.08,USD,credit_card,paid,processing,next_day,TRACK-UMFXHP9V,2024-09-15,,2024-09-14T00:00:00Z,2025-04-11T00:00:00Z
ORD-04836,CUS-0077,2025-02-01,PROD-092,3,102.76,308.28,USD,crypto,paid,shipped,express,TRACK-KEXPF1PI,2025-02-05,,2025-02-01T00:00:00Z,2025-09-02T00:00:00Z
ORD-04837,CUS-0210,2024-11-30,PROD-035,5,297.43,1487.15,USD,paypal,paid,shipped,standard,TRACK-4P64Z5H2,2024-12-10,,2024-11-30T00:00:00Z,2025-02-23T00:00:00Z
ORD-04838,CUS-0469,2025-04-14,PROD-090,3,289.84,869.52,USD,credit_card,refunded,cancelled,express,TRACK-PO1871UO,2025-04-17,,2025-04-14T00:00:00Z,2025-10-12T00:00:00Z
ORD-04839,CUS-0727,2025-10-05,PROD-094,5,179.49,897.45,USD,paypal,paid,confirmed,next_day,TRACK-LKM5QPFK,2025-10-06,,2025-10-05T00:00:00Z,2025-11-04T00:00:00Z
ORD-04840,CUS-0188,2024-09-02,PROD-062,5,282.17,1410.85,USD,credit_card,paid,shipped,express,TRACK-3PAC7W43,2024-09-05,,2024-09-02T00:00:00Z,2025-09-28T00:00:00Z
ORD-04841,CUS-0429,2024-02-09,PROD-077,5,484.12,2420.60,USD,debit_card,paid,out_for_delivery,standard,TRACK-8DWF8M7F,2024-02-14,,2024-02-09T00:00:00Z,2024-07-20T00:00:00Z
ORD-04842,CUS-0049,2025-12-10,PROD-099,4,110.41,441.64,USD,bank_transfer,paid,shipped,standard,TRACK-78SSWOMT,2025-12-15,,2025-12-10T00:00:00Z,2025-12-12T00:00:00Z
ORD-04843,CUS-0355,2025-06-19,PROD-097,1,43.21,43.21,USD,debit_card,paid,shipped,express,TRACK-HV67YD9P,2025-06-23,,2025-06-19T00:00:00Z,2025-10-17T00:00:00Z
ORD-04844,CUS-0342,2024-11-01,PROD-001,3,2193.82,6581.46,USD,debit_card,paid,out_for_delivery,standard,TRACK-WHBR87XB,2024-11-07,,2024-11-01T00:00:00Z,2025-01-20T00:00:00Z
ORD-04845,CUS-0714,2024-08-18,PROD-059,5,284.59,1422.95,USD,debit_card,paid,delivered,express,TRACK-26T8SYUI,2024-08-21,2024-08-23,2024-08-18T00:00:00Z,2025-08-17T00:00:00Z
ORD-04846,CUS-0938,2025-10-01,PROD-050,2,81.10,162.20,USD,credit_card,paid,placed,standard,TRACK-BN5HTL8S,2025-10-06,,2025-10-01T00:00:00Z,2025-11-17T00:00:00Z
ORD-04847,CUS-0896,2024-05-22,PROD-039,3,482.81,1448.43,USD,debit_card,paid,placed,next_day,TRACK-SBYMRSJU,2024-05-23,,2024-05-22T00:00:00Z,2024-06-13T00:00:00Z
ORD-04848,CUS-0754,2025-09-12,PROD-097,1,43.21,43.21,USD,debit_card,paid,delivered,standard,TRACK-WZ66H84G,2025-09-19,2025-09-20,2025-09-12T00:00:00Z,2026-01-01T00:00:00Z
ORD-04849,CUS-0491,2024-02-06,PROD-074,3,76.36,229.08,USD,credit_card,partially_refunded,refunded,standard,TRACK-AYZ0RUB0,2024-02-11,2024-02-12,2024-02-06T00:00:00Z,2025-02-20T00:00:00Z
ORD-04850,CUS-0450,2024-10-03,PROD-044,1,26.86,26.86,USD,debit_card,pending,placed,standard,TRACK-OV99C00U,2024-10-09,,2024-10-03T00:00:00Z,2024-12-03T00:00:00Z
ORD-04851,CUS-0412,2024-03-27,PROD-047,3,81.88,245.64,USD,credit_card,partially_refunded,refunded,standard,TRACK-FJ7FWS19,2024-04-04,2024-04-06,2024-03-27T00:00:00Z,2024-10-23T00:00:00Z
ORD-04852,CUS-0240,2024-11-09,PROD-070,3,55.18,165.54,USD,credit_card,paid,confirmed,standard,TRACK-Q8161DQM,2024-11-17,,2024-11-09T00:00:00Z,2025-08-10T00:00:00Z
ORD-04853,CUS-0557,2025-06-15,PROD-024,3,522.20,1566.60,USD,debit_card,paid,processing,standard,TRACK-H228MF9L,2025-06-25,,2025-06-15T00:00:00Z,2025-10-05T00:00:00Z
ORD-04854,CUS-0555,2025-09-13,PROD-085,4,152.73,610.92,USD,crypto,paid,placed,standard,TRACK-2N9CWYDJ,2025-09-20,,2025-09-13T00:00:00Z,2025-10-31T00:00:00Z
ORD-04855,CUS-0693,2024-09-10,PROD-081,1,150.38,150.38,USD,paypal,refunded,refunded,express,TRACK-FG5D5A91,2024-09-13,2024-09-16,2024-09-10T00:00:00Z,2024-10-25T00:00:00Z
ORD-04856,CUS-0651,2024-10-31,PROD-013,1,1278.38,1278.38,USD,crypto,paid,out_for_delivery,standard,TRACK-M314MSJD,2024-11-07,,2024-10-31T00:00:00Z,2025-11-08T00:00:00Z
ORD-04857,CUS-0468,2025-05-05,PROD-037,2,290.16,580.32,USD,credit_card,paid,shipped,express,TRACK-6TXRRC33,2025-05-07,,2025-05-05T00:00:00Z,2025-12-17T00:00:00Z
ORD-04858,CUS-0862,2025-05-26,PROD-035,4,297.43,1189.72,USD,credit_card,paid,delivered,express,TRACK-IC1U585N,2025-05-28,2025-05-30,2025-05-26T00:00:00Z,2025-07-16T00:00:00Z
ORD-04859,CUS-0478,2025-05-25,PROD-007,3,2312.54,6937.62,USD,debit_card,partially_refunded,returned,standard,TRACK-HJ4HUU4D,2025-06-04,2025-06-05,2025-05-25T00:00:00Z,2025-12-08T00:00:00Z
ORD-04860,CUS-0174,2025-11-07,PROD-088,4,191.92,767.68,USD,credit_card,paid,delivered,next_day,TRACK-9BYBPQCU,2025-11-08,2025-11-11,2025-11-07T00:00:00Z,2025-12-20T00:00:00Z
ORD-04861,CUS-0825,2024-09-25,PROD-016,1,551.74,551.74,USD,credit_card,paid,out_for_delivery,standard,TRACK-BYX0D9V1,2024-10-01,,2024-09-25T00:00:00Z,2025-12-10T00:00:00Z
ORD-04862,CUS-0563,2025-05-09,PROD-048,1,127.33,127.33,USD,credit_card,paid,delivered,express,TRACK-LDJ2QL5U,2025-05-13,2025-05-15,2025-05-09T00:00:00Z,2025-10-12T00:00:00Z
ORD-04863,CUS-0474,2025-01-22,PROD-097,2,43.21,86.42,USD,bank_transfer,paid,cancelled,international,TRACK-ZAUZ9RJ8,2025-02-12,,2025-01-22T00:00:00Z,2025-06-29T00:00:00Z
ORD-04864,CUS-0903,2024-02-15,PROD-022,5,500.24,2501.20,USD,credit_card,paid,delivered,standard,TRACK-935YI2ZX,2024-02-25,2024-02-27,2024-02-15T00:00:00Z,2025-10-27T00:00:00Z
ORD-04865,CUS-0013,2025-05-17,PROD-036,4,341.40,1365.60,USD,credit_card,paid,confirmed,express,TRACK-ZIS0WGGW,2025-05-19,,2025-05-17T00:00:00Z,2025-06-08T00:00:00Z
ORD-04866,CUS-0966,2024-03-31,PROD-046,2,67.55,135.10,USD,bank_transfer,paid,cancelled,standard,TRACK-CJXQHZJE,2024-04-10,,2024-03-31T00:00:00Z,2024-12-31T00:00:00Z
ORD-04867,CUS-0121,2025-08-26,PROD-067,3,317.35,952.05,USD,credit_card,pending,placed,next_day,TRACK-ZJR2HVW2,2025-08-27,,2025-08-26T00:00:00Z,2025-09-21T00:00:00Z
ORD-04868,CUS-0462,2024-08-01,PROD-074,5,76.36,381.80,USD,debit_card,paid,delivered,international,TRACK-ZFFQKQ9K,2024-08-23,2024-08-25,2024-08-01T00:00:00Z,2024-11-01T00:00:00Z
ORD-04869,CUS-0652,2024-08-18,PROD-059,4,284.59,1138.36,USD,paypal,refunded,refunded,standard,TRACK-21XGYAA3,2024-08-27,2024-08-27,2024-08-18T00:00:00Z,2024-11-16T00:00:00Z
ORD-04870,CUS-0018,2024-07-13,PROD-077,5,484.12,2420.60,USD,debit_card,paid,confirmed,express,TRACK-HN15G9LR,2024-07-17,,2024-07-13T00:00:00Z,2025-12-03T00:00:00Z
ORD-04871,CUS-0016,2024-05-20,PROD-096,2,93.24,186.48,USD,paypal,paid,placed,standard,TRACK-2417DPDN,2024-05-29,,2024-05-20T00:00:00Z,2025-02-18T00:00:00Z
ORD-04872,CUS-0347,2024-11-15,PROD-073,5,114.42,572.10,USD,credit_card,paid,processing,next_day,TRACK-BJHVEKMZ,2024-11-16,,2024-11-15T00:00:00Z,2025-01-28T00:00:00Z
ORD-04873,CUS-1000,2025-08-19,PROD-066,4,77.92,311.68,USD,bank_transfer,paid,shipped,next_day,TRACK-JOFPC6XE,2025-08-20,,2025-08-19T00:00:00Z,2025-10-18T00:00:00Z
ORD-04874,CUS-0629,2024-02-14,PROD-051,5,450.36,2251.80,USD,credit_card,paid,processing,express,TRACK-VCPF27Z1,2024-02-17,,2024-02-14T00:00:00Z,2025-03-10T00:00:00Z
ORD-04875,CUS-0381,2025-05-01,PROD-052,2,580.62,1161.24,USD,credit_card,partially_refunded,refunded,express,TRACK-ZLC8FQ6P,2025-05-04,2025-05-05,2025-05-01T00:00:00Z,2025-06-27T00:00:00Z
ORD-04876,CUS-0796,2024-08-12,PROD-072,2,172.02,344.04,USD,paypal,paid,placed,express,TRACK-09480GP5,2024-08-16,,2024-08-12T00:00:00Z,2024-08-22T00:00:00Z
ORD-04877,CUS-0807,2025-11-12,PROD-001,5,2193.82,10969.10,USD,credit_card,paid,shipped,next_day,TRACK-H6UEYN3T,2025-11-13,,2025-11-12T00:00:00Z,2025-11-25T00:00:00Z
ORD-04878,CUS-0870,2024-06-19,PROD-017,1,657.92,657.92,USD,credit_card,paid,confirmed,express,TRACK-NHYVAFHD,2024-06-22,,2024-06-19T00:00:00Z,2025-12-06T00:00:00Z
ORD-04879,CUS-0686,2024-12-18,PROD-002,1,2846.71,2846.71,USD,debit_card,partially_refunded,returned,international,TRACK-YGR251CK,2025-01-10,2025-01-13,2024-12-18T00:00:00Z,2025-01-15T00:00:00Z
ORD-04880,CUS-0294,2025-11-02,PROD-056,2,520.14,1040.28,USD,credit_card,paid,delivered,next_day,TRACK-TIOTTOYM,2025-11-03,2025-11-06,2025-11-02T00:00:00Z,2025-12-24T00:00:00Z
ORD-04881,CUS-0455,2025-02-26,PROD-057,4,81.68,326.72,USD,paypal,paid,shipped,standard,TRACK-GY75MYCJ,2025-03-06,,2025-02-26T00:00:00Z,2025-11-04T00:00:00Z
ORD-04882,CUS-0557,2025-01-13,PROD-075,3,343.41,1030.23,USD,paypal,paid,placed,express,TRACK-W5ONT8RE,2025-01-16,,2025-01-13T00:00:00Z,2025-10-24T00:00:00Z
ORD-04883,CUS-0150,2025-02-19,PROD-073,5,114.42,572.10,USD,paypal,paid,delivered,next_day,TRACK-0286FCS5,2025-02-20,2025-02-23,2025-02-19T00:00:00Z,2025-09-10T00:00:00Z
ORD-04884,CUS-0674,2024-06-06,PROD-070,1,55.18,55.18,USD,bank_transfer,partially_refunded,refunded,standard,TRACK-SNAGPK57,2024-06-13,2024-06-13,2024-06-06T00:00:00Z,2024-08-28T00:00:00Z
ORD-04885,CUS-0675,2025-02-08,PROD-030,2,342.95,685.90,USD,credit_card,paid,placed,express,TRACK-P6NDSMR3,2025-02-11,,2025-02-08T00:00:00Z,2025-09-30T00:00:00Z
ORD-04886,CUS-0017,2025-07-05,PROD-093,4,61.11,244.44,USD,credit_card,paid,placed,standard,TRACK-AO5UAOU3,2025-07-13,,2025-07-05T00:00:00Z,2025-10-07T00:00:00Z
ORD-04887,CUS-0326,2025-01-23,PROD-023,4,955.05,3820.20,USD,paypal,paid,out_for_delivery,standard,TRACK-ZL7MA1WW,2025-01-31,,2025-01-23T00:00:00Z,2025-11-06T00:00:00Z
ORD-04888,CUS-0772,2024-12-21,PROD-036,1,341.40,341.40,USD,paypal,paid,out_for_delivery,next_day,TRACK-97TCSBZ2,2024-12-22,,2024-12-21T00:00:00Z,2025-06-08T00:00:00Z
ORD-04889,CUS-0410,2024-07-29,PROD-100,5,46.48,232.40,USD,credit_card,paid,shipped,standard,TRACK-ZHX384S4,2024-08-05,,2024-07-29T00:00:00Z,2025-09-14T00:00:00Z
ORD-04890,CUS-0422,2025-05-15,PROD-013,3,1278.38,3835.14,USD,debit_card,paid,delivered,standard,TRACK-8DH0HX6Z,2025-05-20,2025-05-23,2025-05-15T00:00:00Z,2025-07-21T00:00:00Z
ORD-04891,CUS-0054,2025-09-11,PROD-025,2,499.30,998.60,USD,debit_card,paid,confirmed,next_day,TRACK-EZNCZF4L,2025-09-12,,2025-09-11T00:00:00Z,2025-11-16T00:00:00Z
ORD-04892,CUS-0066,2025-06-24,PROD-055,5,407.21,2036.05,USD,debit_card,paid,delivered,next_day,TRACK-MFTGQP2E,2025-06-25,2025-06-25,2025-06-24T00:00:00Z,2025-07-01T00:00:00Z
ORD-04893,CUS-0012,2024-02-23,PROD-086,1,272.87,272.87,USD,credit_card,paid,delayed,express,TRACK-46Q1M7OC,2024-02-27,,2024-02-23T00:00:00Z,2025-08-17T00:00:00Z
ORD-04894,CUS-0112,2025-02-22,PROD-082,2,235.36,470.72,USD,credit_card,paid,delayed,standard,TRACK-GUO6PYP7,2025-03-01,,2025-02-22T00:00:00Z,2025-12-27T00:00:00Z
ORD-04895,CUS-0682,2025-08-24,PROD-077,4,484.12,1936.48,USD,credit_card,paid,shipped,international,TRACK-Q3P9UDSW,2025-09-16,,2025-08-24T00:00:00Z,2025-09-05T00:00:00Z
ORD-04896,CUS-0316,2025-10-16,PROD-028,4,249.80,999.20,USD,bank_transfer,paid,delivered,standard,TRACK-22TK8TT8,2025-10-23,2025-10-24,2025-10-16T00:00:00Z,2025-12-01T00:00:00Z
ORD-04897,CUS-0457,2025-11-04,PROD-046,4,67.55,270.20,USD,debit_card,paid,delivered,express,TRACK-TGUJZ3YW,2025-11-08,2025-11-10,2025-11-04T00:00:00Z,2025-12-04T00:00:00Z
ORD-04898,CUS-0217,2024-01-12,PROD-035,3,297.43,892.29,USD,credit_card,failed,cancelled,standard,TRACK-QZ3Q045O,2024-01-19,,2024-01-12T00:00:00Z,2024-03-17T00:00:00Z
ORD-04899,CUS-0378,2024-01-11,PROD-023,5,955.05,4775.25,USD,debit_card,paid,delivered,standard,TRACK-5SXE5TL1,2024-01-21,2024-01-22,2024-01-11T00:00:00Z,2024-04-04T00:00:00Z
ORD-04900,CUS-0884,2025-04-11,PROD-051,2,450.36,900.72,USD,bank_transfer,paid,delivered,express,TRACK-WNO4CA5C,2025-04-15,2025-04-16,2025-04-11T00:00:00Z,2025-08-24T00:00:00Z
ORD-04901,CUS-0279,2024-06-18,PROD-080,1,255.93,255.93,USD,credit_card,paid,delivered,next_day,TRACK-ICAHRA0W,2024-06-19,2024-06-19,2024-06-18T00:00:00Z,2025-01-16T00:00:00Z
ORD-04902,CUS-0508,2025-09-30,PROD-064,5,384.19,1920.95,USD,debit_card,paid,delivered,standard,TRACK-8VOMTLKC,2025-10-07,2025-10-10,2025-09-30T00:00:00Z,2025-11-24T00:00:00Z
ORD-04903,CUS-0555,2025-04-26,PROD-078,5,251.87,1259.35,USD,crypto,paid,cancelled,standard,TRACK-H07SUU5A,2025-05-01,,2025-04-26T00:00:00Z,2025-07-28T00:00:00Z
ORD-04904,CUS-0715,2025-08-05,PROD-083,4,189.30,757.20,USD,debit_card,paid,delivered,standard,TRACK-YJVUGBV6,2025-08-14,2025-08-15,2025-08-05T00:00:00Z,2025-10-26T00:00:00Z
ORD-04905,CUS-0606,2024-11-19,PROD-042,2,22.38,44.76,USD,paypal,paid,processing,express,TRACK-GZ8QZ4CL,2024-11-22,,2024-11-19T00:00:00Z,2025-12-10T00:00:00Z
ORD-04906,CUS-0549,2025-08-06,PROD-076,2,158.70,317.40,USD,paypal,paid,out_for_delivery,standard,TRACK-HTFO0QSG,2025-08-12,,2025-08-06T00:00:00Z,2025-08-25T00:00:00Z
ORD-04907,CUS-0821,2024-11-11,PROD-035,5,297.43,1487.15,USD,paypal,partially_refunded,returned,express,TRACK-8V74LQNK,2024-11-14,2024-11-14,2024-11-11T00:00:00Z,2025-01-19T00:00:00Z
ORD-04908,CUS-0361,2024-06-02,PROD-087,2,89.66,179.32,USD,credit_card,paid,delivered,standard,TRACK-V2UT9FX6,2024-06-08,2024-06-09,2024-06-02T00:00:00Z,2025-12-20T00:00:00Z
ORD-04909,CUS-0840,2025-03-29,PROD-037,1,290.16,290.16,USD,bank_transfer,paid,confirmed,standard,TRACK-URTW6PML,2025-04-05,,2025-03-29T00:00:00Z,2025-04-05T00:00:00Z
ORD-04910,CUS-0969,2025-12-06,PROD-046,2,67.55,135.10,USD,credit_card,paid,delivered,standard,TRACK-6KKXKJJM,2025-12-12,2025-12-12,2025-12-06T00:00:00Z,2025-12-25T00:00:00Z
ORD-04911,CUS-0296,2024-02-12,PROD-072,3,172.02,516.06,USD,paypal,refunded,returned,next_day,TRACK-IX2N92TG,2024-02-13,2024-02-16,2024-02-12T00:00:00Z,2024-08-05T00:00:00Z
ORD-04912,CUS-0329,2025-08-01,PROD-084,3,52.10,156.30,USD,debit_card,paid,delayed,express,TRACK-6YT4XMGK,2025-08-04,,2025-08-01T00:00:00Z,2025-10-25T00:00:00Z
ORD-04913,CUS-0489,2025-05-20,PROD-051,4,450.36,1801.44,USD,bank_transfer,pending,placed,international,TRACK-6KB9D1G1,2025-06-09,,2025-05-20T00:00:00Z,2025-07-28T00:00:00Z
ORD-04914,CUS-0539,2024-01-05,PROD-066,2,77.92,155.84,USD,paypal,refunded,returned,standard,TRACK-RT4UK03B,2024-01-13,2024-01-14,2024-01-05T00:00:00Z,2025-02-08T00:00:00Z
ORD-04915,CUS-0964,2024-02-23,PROD-094,4,179.49,717.96,USD,credit_card,paid,shipped,standard,TRACK-3UN1MFYI,2024-03-03,,2024-02-23T00:00:00Z,2025-01-04T00:00:00Z
ORD-04916,CUS-0500,2024-07-08,PROD-096,1,93.24,93.24,USD,paypal,paid,delivered,standard,TRACK-QRNMESI8,2024-07-14,2024-07-16,2024-07-08T00:00:00Z,2025-08-07T00:00:00Z
ORD-04917,CUS-0188,2024-08-22,PROD-099,4,110.41,441.64,USD,debit_card,paid,shipped,next_day,TRACK-DD68IL7D,2024-08-23,,2024-08-22T00:00:00Z,2024-12-03T00:00:00Z
ORD-04918,CUS-0453,2025-11-13,PROD-034,5,347.18,1735.90,USD,credit_card,paid,out_for_delivery,standard,TRACK-4XBDJ6ET,2025-11-22,,2025-11-13T00:00:00Z,2025-12-24T00:00:00Z
ORD-04919,CUS-0274,2025-03-30,PROD-088,3,191.92,575.76,USD,paypal,paid,delivered,standard,TRACK-QAXXT5NE,2025-04-09,2025-04-09,2025-03-30T00:00:00Z,2025-06-10T00:00:00Z
ORD-04920,CUS-0169,2024-12-10,PROD-057,1,81.68,81.68,USD,paypal,paid,shipped,express,TRACK-M75F4BMX,2024-12-12,,2024-12-10T00:00:00Z,2025-04-17T00:00:00Z
ORD-04921,CUS-0166,2025-02-18,PROD-039,5,482.81,2414.05,USD,debit_card,paid,out_for_delivery,express,TRACK-DUVVJDJ7,2025-02-21,,2025-02-18T00:00:00Z,2025-11-19T00:00:00Z
ORD-04922,CUS-0703,2025-09-02,PROD-010,1,1931.10,1931.10,USD,debit_card,paid,confirmed,international,TRACK-FCQ35PJ5,2025-09-14,,2025-09-02T00:00:00Z,2025-11-28T00:00:00Z
ORD-04923,CUS-0140,2024-09-16,PROD-027,4,795.29,3181.16,USD,debit_card,paid,shipped,standard,TRACK-SUE4RSRT,2024-09-22,,2024-09-16T00:00:00Z,2025-11-04T00:00:00Z
ORD-04924,CUS-0214,2024-08-18,PROD-010,3,1931.10,5793.30,USD,debit_card,paid,out_for_delivery,standard,TRACK-D4BZ0Y2E,2024-08-23,,2024-08-18T00:00:00Z,2025-01-25T00:00:00Z
ORD-04925,CUS-0399,2025-01-24,PROD-005,4,925.08,3700.32,USD,credit_card,paid,confirmed,express,TRACK-55WSN7IB,2025-01-26,,2025-01-24T00:00:00Z,2025-09-21T00:00:00Z
ORD-04926,CUS-0696,2025-11-21,PROD-030,3,342.95,1028.85,USD,debit_card,paid,cancelled,standard,TRACK-5C3P5F3V,2025-11-26,,2025-11-21T00:00:00Z,2025-12-28T00:00:00Z
ORD-04927,CUS-0307,2024-09-14,PROD-005,5,925.08,4625.40,USD,credit_card,refunded,refunded,international,TRACK-O2AZ83WH,2024-09-27,2024-09-30,2024-09-14T00:00:00Z,2025-12-13T00:00:00Z
ORD-04928,CUS-0823,2024-03-04,PROD-078,5,251.87,1259.35,USD,credit_card,paid,delivered,express,TRACK-ONM0BUOF,2024-03-07,2024-03-09,2024-03-04T00:00:00Z,2024-09-21T00:00:00Z
ORD-04929,CUS-0530,2025-11-29,PROD-012,1,922.70,922.70,USD,credit_card,paid,delivered,standard,TRACK-F9NLM659,2025-12-08,2025-12-11,2025-11-29T00:00:00Z,2025-12-30T00:00:00Z
ORD-04930,CUS-0332,2024-12-29,PROD-033,5,249.21,1246.05,USD,debit_card,failed,cancelled,standard,TRACK-A9G90KVV,2025-01-04,,2024-12-29T00:00:00Z,2025-05-17T00:00:00Z
ORD-04931,CUS-0789,2025-11-12,PROD-052,4,580.62,2322.48,USD,paypal,paid,confirmed,standard,TRACK-OZT9LQPL,2025-11-20,,2025-11-12T00:00:00Z,2025-12-21T00:00:00Z
ORD-04932,CUS-0119,2025-02-01,PROD-058,2,354.13,708.26,USD,credit_card,refunded,cancelled,standard,TRACK-VJ7ES9N2,2025-02-11,,2025-02-01T00:00:00Z,2025-08-26T00:00:00Z
ORD-04933,CUS-0277,2024-12-08,PROD-100,5,46.48,232.40,USD,paypal,paid,cancelled,express,TRACK-I89RETR8,2024-12-12,,2024-12-08T00:00:00Z,2025-03-09T00:00:00Z
ORD-04934,CUS-0196,2024-04-25,PROD-045,5,111.96,559.80,USD,credit_card,paid,out_for_delivery,next_day,TRACK-AUS6LYMM,2024-04-26,,2024-04-25T00:00:00Z,2025-02-25T00:00:00Z
ORD-04935,CUS-0679,2025-08-15,PROD-059,1,284.59,284.59,USD,paypal,paid,confirmed,standard,TRACK-ERHBV9MY,2025-08-22,,2025-08-15T00:00:00Z,2025-08-30T00:00:00Z
ORD-04936,CUS-0792,2025-06-24,PROD-017,5,657.92,3289.60,USD,paypal,refunded,returned,standard,TRACK-D184VV29,2025-07-03,2025-07-04,2025-06-24T00:00:00Z,2025-10-02T00:00:00Z
ORD-04937,CUS-0957,2024-11-23,PROD-021,5,373.51,1867.55,USD,credit_card,paid,shipped,standard,TRACK-ZA1HIP93,2024-12-01,,2024-11-23T00:00:00Z,2025-09-03T00:00:00Z
ORD-04938,CUS-0842,2024-01-11,PROD-093,5,61.11,305.55,USD,paypal,paid,confirmed,express,TRACK-71TN1YLP,2024-01-14,,2024-01-11T00:00:00Z,2025-07-07T00:00:00Z
ORD-04939,CUS-0435,2024-05-21,PROD-096,1,93.24,93.24,USD,paypal,paid,confirmed,next_day,TRACK-N611MBA5,2024-05-22,,2024-05-21T00:00:00Z,2024-08-22T00:00:00Z
ORD-04940,CUS-0417,2024-12-30,PROD-072,5,172.02,860.10,USD,credit_card,paid,delivered,standard,TRACK-CO9XEP58,2025-01-05,2025-01-06,2024-12-30T00:00:00Z,2025-10-14T00:00:00Z
ORD-04941,CUS-0476,2024-08-19,PROD-032,1,126.22,126.22,USD,paypal,paid,cancelled,next_day,TRACK-SSIRPB3M,2024-08-20,,2024-08-19T00:00:00Z,2024-10-20T00:00:00Z
ORD-04942,CUS-0582,2024-12-16,PROD-076,2,158.70,317.40,USD,credit_card,paid,delivered,standard,TRACK-A56PKNR3,2024-12-21,2024-12-23,2024-12-16T00:00:00Z,2025-02-08T00:00:00Z
ORD-04943,CUS-0543,2024-08-11,PROD-063,4,328.94,1315.76,USD,credit_card,paid,shipped,standard,TRACK-5S26KVA6,2024-08-16,,2024-08-11T00:00:00Z,2025-01-08T00:00:00Z
ORD-04944,CUS-0898,2024-06-04,PROD-072,1,172.02,172.02,USD,paypal,paid,confirmed,express,TRACK-HSISGWYL,2024-06-08,,2024-06-04T00:00:00Z,2025-02-21T00:00:00Z
ORD-04945,CUS-0126,2025-03-28,PROD-014,2,474.04,948.08,USD,credit_card,paid,delayed,standard,TRACK-QKS4TX4U,2025-04-05,,2025-03-28T00:00:00Z,2025-07-05T00:00:00Z
ORD-04946,CUS-0216,2024-04-23,PROD-013,4,1278.38,5113.52,USD,credit_card,paid,shipped,express,TRACK-V8CGPA0K,2024-04-25,,2024-04-23T00:00:00Z,2025-12-05T00:00:00Z
ORD-04947,CUS-0556,2025-08-01,PROD-075,5,343.41,1717.05,USD,credit_card,paid,delivered,express,TRACK-AMKIINU4,2025-08-05,2025-08-08,2025-08-01T00:00:00Z,2025-10-08T00:00:00Z
ORD-04948,CUS-0416,2025-06-30,PROD-017,1,657.92,657.92,USD,bank_transfer,paid,shipped,standard,TRACK-81NS0HE9,2025-07-10,,2025-06-30T00:00:00Z,2025-10-13T00:00:00Z
ORD-04949,CUS-0761,2025-02-27,PROD-001,3,2193.82,6581.46,USD,credit_card,paid,placed,express,TRACK-2XI08RPI,2025-03-01,,2025-02-27T00:00:00Z,2025-12-14T00:00:00Z
ORD-04950,CUS-0794,2025-08-26,PROD-057,2,81.68,163.36,USD,paypal,paid,delivered,standard,TRACK-S8DOSQMI,2025-08-31,2025-09-03,2025-08-26T00:00:00Z,2025-12-13T00:00:00Z
ORD-04951,CUS-0220,2024-12-12,PROD-067,5,317.35,1586.75,USD,paypal,paid,shipped,express,TRACK-QE5OU4H7,2024-12-16,,2024-12-12T00:00:00Z,2025-10-25T00:00:00Z
ORD-04952,CUS-0989,2025-10-20,PROD-006,3,1049.94,3149.82,USD,paypal,paid,processing,standard,TRACK-LRVRLTYT,2025-10-28,,2025-10-20T00:00:00Z,2025-12-15T00:00:00Z
ORD-04953,CUS-0913,2024-11-09,PROD-006,2,1049.94,2099.88,USD,bank_transfer,paid,confirmed,standard,TRACK-FKMSBZZR,2024-11-14,,2024-11-09T00:00:00Z,2025-01-14T00:00:00Z
ORD-04954,CUS-0974,2024-02-01,PROD-035,2,297.43,594.86,USD,paypal,refunded,refunded,express,TRACK-RTSV46SZ,2024-02-05,2024-02-08,2024-02-01T00:00:00Z,2025-04-20T00:00:00Z
ORD-04955,CUS-0506,2025-12-02,PROD-099,1,110.41,110.41,USD,credit_card,paid,shipped,express,TRACK-CPO84DXU,2025-12-06,,2025-12-02T00:00:00Z,2025-12-05T00:00:00Z
ORD-04956,CUS-0004,2025-10-12,PROD-010,1,1931.10,1931.10,USD,credit_card,paid,delivered,international,TRACK-JYMGKLCW,2025-11-07,2025-11-08,2025-10-12T00:00:00Z,2025-12-29T00:00:00Z
ORD-04957,CUS-0104,2025-04-30,PROD-081,3,150.38,451.14,USD,debit_card,paid,delivered,standard,TRACK-7KO3V481,2025-05-05,2025-05-08,2025-04-30T00:00:00Z,2025-08-12T00:00:00Z
ORD-04958,CUS-0856,2024-11-14,PROD-054,1,511.50,511.50,USD,credit_card,pending,placed,standard,TRACK-HG1M1TZ2,2024-11-22,,2024-11-14T00:00:00Z,2025-11-14T00:00:00Z
ORD-04959,CUS-0545,2025-06-10,PROD-021,3,373.51,1120.53,USD,bank_transfer,paid,delivered,express,TRACK-DEQMBKOB,2025-06-14,2025-06-17,2025-06-10T00:00:00Z,2025-12-07T00:00:00Z
ORD-04960,CUS-0349,2025-09-14,PROD-004,3,2579.89,7739.67,USD,credit_card,paid,confirmed,standard,TRACK-NUGQ7QVR,2025-09-22,,2025-09-14T00:00:00Z,2025-11-30T00:00:00Z
ORD-04961,CUS-0961,2024-02-03,PROD-031,1,88.52,88.52,USD,paypal,paid,shipped,next_day,TRACK-QTVKJ5D5,2024-02-04,,2024-02-03T00:00:00Z,2025-06-10T00:00:00Z
ORD-04962,CUS-0793,2024-08-12,PROD-005,1,925.08,925.08,USD,bank_transfer,paid,processing,next_day,TRACK-ZR9IVDTJ,2024-08-13,,2024-08-12T00:00:00Z,2024-09-03T00:00:00Z
ORD-04963,CUS-0117,2024-03-05,PROD-030,2,342.95,685.90,USD,credit_card,paid,shipped,express,TRACK-RK98JVVH,2024-03-07,,2024-03-05T00:00:00Z,2024-07-02T00:00:00Z
ORD-04964,CUS-0298,2025-08-26,PROD-030,5,342.95,1714.75,USD,debit_card,refunded,cancelled,standard,TRACK-A7UAKTBW,2025-09-03,,2025-08-26T00:00:00Z,2025-10-24T00:00:00Z
ORD-04965,CUS-0461,2025-10-06,PROD-091,5,84.12,420.60,USD,credit_card,paid,shipped,express,TRACK-191BVW85,2025-10-09,,2025-10-06T00:00:00Z,2025-11-09T00:00:00Z
ORD-04966,CUS-0746,2024-03-12,PROD-088,3,191.92,575.76,USD,crypto,paid,shipped,express,TRACK-54UYWVJ8,2024-03-14,,2024-03-12T00:00:00Z,2024-05-12T00:00:00Z
ORD-04967,CUS-0276,2024-02-01,PROD-084,4,52.10,208.40,USD,credit_card,paid,processing,express,TRACK-ZO0VZ89P,2024-02-05,,2024-02-01T00:00:00Z,2024-04-30T00:00:00Z
ORD-04968,CUS-0525,2024-12-13,PROD-051,4,450.36,1801.44,USD,credit_card,paid,confirmed,standard,TRACK-3GLXA3OA,2024-12-20,,2024-12-13T00:00:00Z,2025-03-17T00:00:00Z
ORD-04969,CUS-0366,2025-08-28,PROD-072,4,172.02,688.08,USD,credit_card,paid,cancelled,express,TRACK-9RFAW04N,2025-08-31,,2025-08-28T00:00:00Z,2025-11-11T00:00:00Z
ORD-04970,CUS-0891,2025-07-22,PROD-057,2,81.68,163.36,USD,credit_card,paid,delivered,standard,TRACK-GWBWKRHQ,2025-07-27,2025-07-27,2025-07-22T00:00:00Z,2025-10-13T00:00:00Z
ORD-04971,CUS-0752,2024-05-28,PROD-090,5,289.84,1449.20,USD,credit_card,paid,shipped,express,TRACK-YUI9HK20,2024-06-01,,2024-05-28T00:00:00Z,2024-06-06T00:00:00Z
ORD-04972,CUS-0362,2024-09-17,PROD-006,4,1049.94,4199.76,USD,credit_card,paid,shipped,express,TRACK-JO0N2DCZ,2024-09-19,,2024-09-17T00:00:00Z,2025-01-12T00:00:00Z
ORD-04973,CUS-0835,2024-07-06,PROD-094,4,179.49,717.96,USD,credit_card,paid,shipped,express,TRACK-I764TB76,2024-07-08,,2024-07-06T00:00:00Z,2025-03-12T00:00:00Z
ORD-04974,CUS-0358,2025-11-02,PROD-048,3,127.33,381.99,USD,credit_card,paid,delivered,next_day,TRACK-GSQLEIW6,2025-11-03,2025-11-05,2025-11-02T00:00:00Z,2025-12-15T00:00:00Z
ORD-04975,CUS-0441,2025-12-07,PROD-048,5,127.33,636.65,USD,credit_card,partially_refunded,refunded,standard,TRACK-FP9HWPS7,2025-12-14,2025-12-15,2025-12-07T00:00:00Z,2025-12-22T00:00:00Z
ORD-04976,CUS-0799,2024-10-09,PROD-007,5,2312.54,11562.70,USD,debit_card,paid,shipped,standard,TRACK-G3858888,2024-10-17,,2024-10-09T00:00:00Z,2024-11-15T00:00:00Z
ORD-04977,CUS-0885,2024-07-18,PROD-010,3,1931.10,5793.30,USD,credit_card,paid,delivered,next_day,TRACK-1WTM7XL8,2024-07-19,2024-07-22,2024-07-18T00:00:00Z,2024-07-25T00:00:00Z
ORD-04978,CUS-0797,2024-03-19,PROD-008,1,1441.53,1441.53,USD,credit_card,pending,placed,express,TRACK-MBGMUVZB,2024-03-21,,2024-03-19T00:00:00Z,2024-03-30T00:00:00Z
ORD-04979,CUS-0449,2024-03-12,PROD-074,1,76.36,76.36,USD,debit_card,paid,delivered,express,TRACK-9R47URMI,2024-03-15,2024-03-16,2024-03-12T00:00:00Z,2024-08-30T00:00:00Z
ORD-04980,CUS-0757,2024-09-02,PROD-071,1,489.66,489.66,USD,paypal,pending,placed,international,TRACK-BHU6DBFQ,2024-09-20,,2024-09-02T00:00:00Z,2024-11-19T00:00:00Z
ORD-04981,CUS-0717,2025-04-29,PROD-012,5,922.70,4613.50,USD,credit_card,refunded,returned,next_day,TRACK-Q741Z4CX,2025-04-30,2025-05-01,2025-04-29T00:00:00Z,2025-07-28T00:00:00Z
ORD-04982,CUS-0724,2024-04-02,PROD-041,2,22.71,45.42,USD,credit_card,pending,placed,standard,TRACK-SI6HKFOJ,2024-04-09,,2024-04-02T00:00:00Z,2024-05-06T00:00:00Z
ORD-04983,CUS-0776,2024-04-17,PROD-090,4,289.84,1159.36,USD,debit_card,paid,shipped,standard,TRACK-NDY8IHI5,2024-04-25,,2024-04-17T00:00:00Z,2024-05-28T00:00:00Z
ORD-04984,CUS-0457,2024-06-15,PROD-055,5,407.21,2036.05,USD,crypto,paid,placed,express,TRACK-AE38LUK3,2024-06-18,,2024-06-15T00:00:00Z,2024-10-04T00:00:00Z
ORD-04985,CUS-0019,2024-05-26,PROD-005,4,925.08,3700.32,USD,paypal,paid,shipped,express,TRACK-UTOTYT9E,2024-05-29,,2024-05-26T00:00:00Z,2024-07-15T00:00:00Z
ORD-04986,CUS-0129,2025-07-08,PROD-040,2,337.08,674.16,USD,credit_card,paid,delivered,express,TRACK-PNGOX69O,2025-07-10,2025-07-13,2025-07-08T00:00:00Z,2025-11-23T00:00:00Z
ORD-04987,CUS-0464,2025-04-21,PROD-017,3,657.92,1973.76,USD,paypal,paid,cancelled,standard,TRACK-D85YW4H2,2025-04-27,,2025-04-21T00:00:00Z,2025-11-01T00:00:00Z
ORD-04988,CUS-0774,2025-04-04,PROD-008,5,1441.53,7207.65,USD,debit_card,paid,confirmed,express,TRACK-KO09E9FL,2025-04-07,,2025-04-04T00:00:00Z,2025-08-08T00:00:00Z
ORD-04989,CUS-0634,2025-11-03,PROD-052,2,580.62,1161.24,USD,credit_card,paid,delayed,next_day,TRACK-7ZNUVNUH,2025-11-04,,2025-11-03T00:00:00Z,2025-11-03T00:00:00Z
ORD-04990,CUS-0187,2024-04-04,PROD-037,3,290.16,870.48,USD,bank_transfer,paid,delayed,express,TRACK-U3VQVT3L,2024-04-06,,2024-04-04T00:00:00Z,2025-05-20T00:00:00Z
ORD-04991,CUS-0510,2025-01-31,PROD-048,5,127.33,636.65,USD,paypal,paid,delivered,international,TRACK-SWL9I9A2,2025-02-26,2025-02-26,2025-01-31T00:00:00Z,2025-03-13T00:00:00Z
ORD-04992,CUS-0335,2024-02-23,PROD-041,4,22.71,90.84,USD,debit_card,paid,delivered,standard,TRACK-3HZMNF81,2024-03-04,2024-03-04,2024-02-23T00:00:00Z,2025-02-18T00:00:00Z
ORD-04993,CUS-0720,2024-12-14,PROD-073,3,114.42,343.26,USD,credit_card,paid,placed,express,TRACK-EXFD90L4,2024-12-16,,2024-12-14T00:00:00Z,2025-02-23T00:00:00Z
ORD-04994,CUS-0394,2024-03-22,PROD-058,4,354.13,1416.52,USD,credit_card,paid,delivered,express,TRACK-T2CRQ51E,2024-03-26,2024-03-26,2024-03-22T00:00:00Z,2024-12-18T00:00:00Z
ORD-04995,CUS-0809,2025-08-28,PROD-063,3,328.94,986.82,USD,credit_card,partially_refunded,returned,standard,TRACK-L4Y4OML6,2025-09-02,2025-09-03,2025-08-28T00:00:00Z,2025-11-18T00:00:00Z
ORD-04996,CUS-0692,2025-09-29,PROD-015,1,987.77,987.77,USD,credit_card,paid,shipped,standard,TRACK-FH2ILPBX,2025-10-07,,2025-09-29T00:00:00Z,2025-11-12T00:00:00Z
ORD-04997,CUS-0424,2025-02-10,PROD-088,3,191.92,575.76,USD,paypal,paid,shipped,standard,TRACK-V7B2DB8T,2025-02-16,,2025-02-10T00:00:00Z,2025-04-04T00:00:00Z
ORD-04998,CUS-0962,2025-05-03,PROD-014,4,474.04,1896.16,USD,credit_card,paid,shipped,next_day,TRACK-0YVBQFQZ,2025-05-04,,2025-05-03T00:00:00Z,2025-09-03T00:00:00Z
ORD-04999,CUS-0809,2024-03-12,PROD-084,2,52.10,104.20,USD,debit_card,paid,delivered,next_day,TRACK-3M0RIXG2,2024-03-13,2024-03-16,2024-03-12T00:00:00Z,2024-11-23T00:00:00Z
ORD-05000,CUS-0155,2025-06-12,PROD-084,5,52.10,260.50,USD,debit_card,paid,placed,express,TRACK-QCSFUXBB,2025-06-15,,2025-06-12T00:00:00Z,2025-08-03T00:00:00Z
