ticket_id,customer_id,order_id,product_id,created_at,channel,subject,message,category,subcategory,intent,priority,sentiment,assigned_team,status,resolution,resolution_code,resolution_time_minutes,escalated,escalation_reason,customer_satisfaction,first_response_time_minutes
TKT-0001,CUS-0580,,PROD-017,2024-07-16T00:00:00Z,web,Return request for recent order,I received the wrong item in my shipment. I ordered a blue model but got a red one. Can I exchange or return it?,returns,damaged,report_damaged_item,P3,negative,returns_support,closed,Full refund processed after confirming item condition.,REPLACEMENT_SENT,165,false,,4,185
TKT-0002,CUS-0855,,,2025-12-02T00:00:00Z,web,Security concern — urgent,I received a package I didn't order to my address. I'm worried someone is using my information.,security,data,fraud_report,P3,neutral,security_support,closed,"Unauthorized access confirmed. Account secured, password reset forced, customer notified.",FRAUD_RESOLVED,587,false,,4,203
TKT-0003,CUS-0782,,,2025-12-01T00:00:00Z,email,Warranty claim request,My product stopped working and it's still under the manufacturer's warranty. How do I file a claim?,warranty,extension,warranty_replacement,P3,negative,returns_support,closed,Warranty claim approved. Replacement unit shipped.,WARRANTY_EXTENDED,764,false,,3,21
TKT-0004,CUS-0390,,PROD-020,2025-03-26T00:00:00Z,web,Warranty claim request,The product was repaired under warranty but the same issue has returned. What are my options?,warranty,claim,extend_warranty,P2,neutral,returns_support,resolved,Device sent for repair under warranty. ETA 7-10 business days.,REPAIR_QUOTE,327,false,,5,148
TKT-0005,CUS-0866,,PROD-023,2024-12-05T00:00:00Z,web,Technical support needed,My device is overheating during normal use. The fan seems to be running constantly.,technical,connectivity,setup_issue,P2,angry,enterprise_support,closed,Escalated to engineering team for further investigation.,FIRMWARE_UPDATE,206,false,,4,100
TKT-0006,CUS-0549,ORD-04591,,2025-05-24T00:00:00Z,web,Product question / issue,I need a product that can handle office work. Which items in your catalog would you recommend?,products,registration,product_inquiry,P3,negative,technical_support,resolved,Product registration completed manually by support agent.,REGISTRATION_DONE,955,true,Security concern flagged,4,173
TKT-0007,CUS-0106,,PROD-007,2024-11-10T00:00:00Z,phone,Question about my order,One item from my multi-item order arrived but the other is still showing as processing.,orders,wrong_item,modify_order,P0,angry,general_support,waiting_for_customer,,,,true,Policy exception required,,183
TKT-0008,CUS-0601,,PROD-020,2025-10-04T00:00:00Z,web,Refund not received / billing issue,My order was cancelled but the payment hasn't been refunded to my account yet. It's been 21 days.,refunds,cancellation,request_refund,P2,negative,billing_support,resolved,Refund initiated; customer advised to allow up to 10 days for bank processing.,DUPLICATE_REVERSED,1060,false,,5,138
TKT-0009,CUS-0705,,,2025-07-05T00:00:00Z,chat,Question about my order,My order shows as processing but I haven't received any shipping confirmation email yet.,orders,modification,check_order_status,P3,negative,general_support,in_progress,,,,false,,,201
TKT-0010,CUS-0935,,PROD-066,2025-12-12T00:00:00Z,email,Account access issue,I want to close my account and delete all my personal data. What's the process?,account,password,account_security,P2,neutral,general_support,closed,Account unlocked. Security review completed.,2FA_ENABLED,1253,false,,4,31
TKT-0011,CUS-0645,,,2025-07-13T00:00:00Z,phone,Payment problem on my account,My credit card expired and I need to update my payment method for a pending order.,payments,update_method,billing_inquiry,P2,negative,billing_support,waiting_for_customer,,,,false,,,105
TKT-0012,CUS-0575,,PROD-057,2024-08-08T00:00:00Z,web,Technical support needed,I'm getting error code E-702 when trying to use the device. What does this mean?,technical,setup,hardware_malfunction,P2,negative,technical_support,resolved,Hardware defect confirmed. Replacement unit authorized.,ESCALATED_ENGINEERING,1105,false,,4,221
TKT-0013,CUS-0822,,PROD-027,2025-09-17T00:00:00Z,email,Payment problem on my account,I need an official invoice for my order for tax purposes. Can you send me one?,payments,authorization,update_payment_method,P2,positive,billing_support,waiting_for_customer,,,,false,,,34
TKT-0014,CUS-0567,,,2025-04-28T00:00:00Z,email,Security concern — urgent,I want to enable two-factor authentication on my account. How do I set it up?,security,phishing,account_compromise,P2,neutral,security_support,resolved,Fraudulent orders cancelled. Refund initiated. Account secured.,ACCOUNT_SECURED,1115,false,,3,223
TKT-0015,CUS-0548,,PROD-028,2024-11-15T00:00:00Z,chat,Product question / issue,I need to know if I can use this device in a country with different voltage standards.,products,compatibility,product_compatibility,P2,negative,technical_support,closed,Compatibility confirmed with customer's existing setup.,COMPATIBILITY_CONFIRMED,85,true,Policy exception required,3,142
TKT-0016,CUS-0113,,,2024-09-21T00:00:00Z,web,Issue with my shipment — order help needed,I placed an order 2 days ago and my package hasn't arrived yet. The tracking number shows it's still in transit. Can you help?,shipping,delayed,change_shipping_address,P2,negative,shipping_support,closed,Rescheduled delivery for next business day.,REFUNDED,1346,false,,4,194
TKT-0017,CUS-0463,,PROD-092,2024-11-29T00:00:00Z,email,Question about my order,My order was split into two shipments without any notification. When will the second one arrive?,orders,modification,report_wrong_item,P3,negative,enterprise_support,resolved,Order confirmed active; shipping label generated.,CANCELLED,861,false,,5,163
TKT-0018,CUS-0507,ORD-04021,PROD-043,2025-04-15T00:00:00Z,web,Technical support needed,I'm getting error code E-886 when trying to use the device. What does this mean?,technical,software,setup_issue,P2,neutral,technical_support,in_progress,,,,false,,,133
TKT-0019,CUS-0481,,PROD-024,2025-04-25T00:00:00Z,chat,Payment problem on my account,I was charged a different amount than what was shown at checkout. There seems to be a discrepancy.,payments,update_method,payment_failure,P1,negative,billing_support,in_progress,,,,true,Policy exception required,,163
TKT-0020,CUS-0691,,PROD-012,2025-10-23T00:00:00Z,phone,Return request for recent order,I'm an enterprise customer. I have a large order I need to return — what's the process for bulk returns?,returns,policy,check_return_eligibility,P2,negative,returns_support,closed,Return label issued. Customer to ship item within 7 days.,EXCEPTION_APPLIED,297,true,High-value order involved,5,68
TKT-0021,CUS-0721,,PROD-006,2025-10-12T00:00:00Z,chat,Question about my order,I placed an order 22 days ago and it's still in processing status. When will it ship?,orders,missing_item,report_wrong_item,P3,negative,general_support,closed,Order modification applied before shipment cutoff.,RESHIPPED,1057,false,,2,207
TKT-0022,CUS-0326,,,2025-12-08T00:00:00Z,web,Question about my order,My order was split into two shipments without any notification. When will the second one arrive?,orders,modification,modify_order,P3,neutral,general_support,closed,Order successfully cancelled. Refund initiated.,CONFIRMED,1249,true,Customer requested supervisor,2,149
TKT-0023,CUS-0740,,PROD-094,2025-09-05T00:00:00Z,email,Account access issue,I'm locked out of my account after too many failed login attempts. How do I unlock it?,account,password,close_account,P3,neutral,general_support,in_progress,,,,false,,,204
TKT-0024,CUS-0580,,PROD-044,2025-06-10T00:00:00Z,web,Return request for recent order,The laptop I bought 2 days ago isn't working properly. I'd like to initiate a return. Is it within the return window?,returns,defective,return_status,P2,negative,returns_support,waiting_for_customer,,,,false,,,96
TKT-0025,CUS-0148,ORD-04359,,2024-12-08T00:00:00Z,phone,Product question / issue,I'm trying to determine if this laptop is compatible with the external monitor I already own.,products,defect,product_compatibility,P2,neutral,technical_support,closed,Replacement product shipped under warranty.,REGISTRATION_DONE,989,false,,5,11
TKT-0026,CUS-0492,,,2025-03-09T00:00:00Z,email,Account access issue,I need to update my billing address. I've moved and need to update my details.,account,email,account_locked,P1,neutral,general_support,closed,Account unlocked. Security review completed.,EMAIL_UPDATED,61,false,,3,113
TKT-0027,CUS-0627,,PROD-003,2025-06-19T00:00:00Z,chat,Security concern — urgent,I'm concerned about how my personal data is being used. I want to request a copy of my data.,security,data,account_compromise,P3,negative,security_support,in_progress,,,,false,,,13
TKT-0028,CUS-0774,ORD-00651,,2025-08-21T00:00:00Z,chat,Warranty claim request,The product was repaired under warranty but the same issue has returned. What are my options?,warranty,extension,warranty_replacement,P1,neutral,returns_support,resolved,Warranty claim approved. Replacement unit shipped.,WARRANTY_EXTENDED,236,true,High-value order involved,5,126
TKT-0029,CUS-0967,ORD-00410,PROD-079,2025-06-22T00:00:00Z,web,Product question / issue,I'm having trouble setting up my new device. The instructions aren't clear.,products,defect,product_recommendation,P3,neutral,technical_support,in_progress,,,,false,,,63
TKT-0030,CUS-0785,,,2024-11-10T00:00:00Z,email,Refund not received / billing issue,I'm seeing a pending charge that I don't recognize. I never placed an order for this amount.,refunds,cancellation,check_refund_status,P2,negative,billing_support,resolved,Full refund approved for cancelled order.,FULL_REFUND,923,false,,4,229
TKT-0031,CUS-0251,,,2024-09-10T00:00:00Z,email,Payment problem on my account,I'm getting an error message saying my billing address doesn't match. I've confirmed it's correct.,payments,invoice,update_payment_method,P2,negative,billing_support,waiting_for_customer,,,,false,,,26
TKT-0032,CUS-0741,ORD-01986,PROD-030,2024-09-24T00:00:00Z,web,Question about my order,My order shows as delivered but it only partially arrived — some items are missing.,orders,cancellation,report_wrong_item,P3,negative,general_support,waiting_for_customer,,,,true,Issue unresolved after multiple contacts,,210
TKT-0033,CUS-0923,,,2024-09-08T00:00:00Z,chat,Return request for recent order,I received a damaged item in my order. The packaging was intact but the product itself is cracked. I need to return it.,returns,defective,initiate_return,P2,angry,returns_support,resolved,Return approved and replacement shipped express.,REPLACEMENT_SENT,225,false,,3,68
TKT-0034,CUS-0226,,PROD-004,2025-02-19T00:00:00Z,phone,Technical support needed,My device is overheating during normal use. The fan seems to be running constantly.,technical,connectivity,connectivity_problem,P2,neutral,technical_support,resolved,Hardware defect confirmed. Replacement unit authorized.,DRIVER_UPDATE,63,false,,4,107
TKT-0035,CUS-0993,,PROD-021,2024-10-05T00:00:00Z,web,Product question / issue,Can you tell me if a specific product will be back in stock soon?,products,compatibility,product_registration,P2,negative,technical_support,open,,,,false,,,35
TKT-0036,CUS-0179,,,2025-01-26T00:00:00Z,phone,Issue with my shipment — order help needed,I received a notification that my package was delivered but it's not here. Could it have been delivered to the wrong address?,shipping,lost_package,report_delayed_delivery,P0,negative,shipping_support,open,,,,false,,,80
TKT-0037,CUS-0760,ORD-01987,PROD-095,2025-03-18T00:00:00Z,email,Product question / issue,Is this product compatible with Mac OS? The listing only mentions Windows.,products,compatibility,product_recommendation,P3,negative,technical_support,in_progress,,,,true,Policy exception required,,33
TKT-0038,CUS-0461,,PROD-045,2025-08-16T00:00:00Z,email,Account access issue,I have two accounts with the same email. I want to merge the order history into one account.,account,closure,account_locked,P0,negative,general_support,in_progress,,,,false,,,98
TKT-0039,CUS-0936,,PROD-075,2025-07-25T00:00:00Z,web,Warranty claim request,What exactly is covered under the standard warranty? I'm not sure if my issue qualifies.,warranty,coverage,warranty_claim,P2,negative,returns_support,closed,Out-of-warranty repair approved at discounted rate.,CLAIM_REJECTED,1122,false,,5,190
TKT-0040,CUS-0720,,,2025-06-27T00:00:00Z,web,Security concern — urgent,I noticed several unauthorized purchases on my account that I didn't make. I need help immediately.,security,phishing,data_breach_concern,P3,negative,security_support,closed,"Unauthorized access confirmed. Account secured, password reset forced, customer notified.",ACCOUNT_SECURED,11,false,,4,137
TKT-0041,CUS-0794,ORD-04572,,2025-06-08T00:00:00Z,email,Technical support needed,The device is running very slowly after a recent software update. How do I roll back?,technical,connectivity,compatibility_issue,P2,negative,technical_support,closed,Driver update resolved connectivity issue.,FACTORY_RESET,426,false,,2,35
TKT-0042,CUS-0985,ORD-01063,,2024-11-29T00:00:00Z,email,Return request for recent order,I opened the box but decided the product isn't what I need. Can I still return it even though it's been opened?,returns,policy,initiate_return,P2,neutral,returns_support,open,,,,false,,,190
TKT-0043,CUS-0127,,,2025-06-23T00:00:00Z,email,Refund not received / billing issue,I cancelled my order within minutes of placing it but I was still charged. When will I receive my refund?,refunds,timeline,dispute_charge,P2,negative,billing_support,closed,Duplicate charge reversed. Credit will appear within 3-7 business days.,PARTIAL_REFUND,1221,false,,4,194
TKT-0044,CUS-0373,,,2025-10-09T00:00:00Z,chat,Account access issue,I need to update my email address. The current one is from a job I no longer have.,account,profile,close_account,P2,angry,general_support,resolved,Password reset email resent. Customer advised to check spam folder.,2FA_ENABLED,849,false,,4,6
TKT-0045,CUS-0850,,,2024-08-09T00:00:00Z,chat,Question about my order,I ordered the wrong size/color variant. Can this be changed or do I need to cancel and reorder?,orders,wrong_item,cancel_order,P2,negative,general_support,resolved,Missing item reshipped at no charge.,CANCELLED,1389,true,Customer expressed extreme dissatisfaction,5,131
TKT-0046,CUS-0662,,PROD-062,2025-02-26T00:00:00Z,email,Technical support needed,My device won't turn on even after charging it fully overnight. I've tried holding the power button.,technical,connectivity,compatibility_issue,P2,neutral,technical_support,open,,,,true,Customer requested supervisor,,46
TKT-0047,CUS-0859,,PROD-078,2025-05-28T00:00:00Z,web,Question about my order,My order shows as processing but I haven't received any shipping confirmation email yet.,orders,status,check_order_status,P3,negative,general_support,open,,,,false,,,8
TKT-0048,CUS-0125,,PROD-081,2025-05-30T00:00:00Z,email,Account access issue,I want to remove a saved payment method from my account but can't find the option.,account,merge,password_reset,P3,angry,general_support,waiting_for_customer,,,,false,,,20
TKT-0049,CUS-0180,,,2025-05-19T00:00:00Z,phone,Issue with my shipment — order help needed,I need to change my delivery address. My order hasn't shipped yet — is it too late to update?,shipping,delayed,track_shipment,P2,negative,shipping_support,resolved,Filed lost package claim with carrier. Refund or replacement offered.,REFUNDED,552,false,,5,9
TKT-0050,CUS-0154,,PROD-100,2024-09-08T00:00:00Z,web,Account access issue,I have two accounts with the same email. I want to merge the order history into one account.,account,profile,account_security,P2,angry,general_support,waiting_for_customer,,,,false,,,165
TKT-0051,CUS-0741,ORD-00623,,2024-10-14T00:00:00Z,email,Account access issue,My account seems to have been hacked. I see order history for purchases I didn't make.,account,profile,close_account,P2,positive,general_support,in_progress,,,,false,,,156
TKT-0052,CUS-0708,,PROD-032,2025-08-26T00:00:00Z,phone,Payment problem on my account,The payment authorization failed even though my bank says the transaction was approved.,payments,update_method,payment_authorization_issue,P3,neutral,billing_support,resolved,Alternative payment method accepted; order confirmed.,AUTHORIZATION_HOLD,1075,false,,2,111
TKT-0053,CUS-0183,,,2024-10-30T00:00:00Z,chat,Account access issue,I'm locked out of my account after too many failed login attempts. How do I unlock it?,account,security,account_security,P2,negative,general_support,closed,Email address updated successfully.,EMAIL_UPDATED,897,false,,2,135
TKT-0054,CUS-0113,,PROD-017,2024-07-25T00:00:00Z,web,Question about my order,My order shows as processing but I haven't received any shipping confirmation email yet.,orders,cancellation,modify_order,P3,negative,general_support,closed,Order confirmed active; shipping label generated.,MODIFIED,306,false,,4,68
TKT-0055,CUS-0722,ORD-00617,PROD-011,2025-11-14T00:00:00Z,web,Product question / issue,The specs say the battery lasts 8 hours but mine barely lasts 3. Is this a defect?,products,inquiry,product_compatibility,P2,angry,technical_support,open,,,,false,,,34
TKT-0056,CUS-0295,,PROD-092,2024-07-26T00:00:00Z,web,Issue with my shipment — order help needed,I need to change my delivery address. My order hasn't shipped yet — is it too late to update?,shipping,address_change,report_lost_package,P2,positive,shipping_support,resolved,Provided tracking information and escalated to carrier for priority tracing.,CARRIER_INVESTIGATION,101,false,,4,184
TKT-0057,CUS-0598,,PROD-054,2025-01-18T00:00:00Z,chat,Payment problem on my account,I need an official invoice for my order for tax purposes. Can you send me one?,payments,billing,payment_failure,P3,negative,billing_support,in_progress,,,,false,,,131
TKT-0058,CUS-0843,,PROD-007,2025-12-03T00:00:00Z,email,Product question / issue,I need a product that can handle video editing. Which items in your catalog would you recommend?,products,compatibility,product_inquiry,P3,angry,technical_support,open,,,,false,,,198
TKT-0059,CUS-0169,,PROD-034,2025-12-02T00:00:00Z,chat,Return request for recent order,I purchased a smartphone 24 days ago. I know electronics have a shorter return window — am I still eligible?,returns,exchange,report_defective_item,P3,neutral,returns_support,closed,Return label issued. Customer to ship item within 7 days.,RETURN_APPROVED,550,false,,5,41
TKT-0060,CUS-0275,,,2025-12-11T00:00:00Z,chat,Security concern — urgent,I received a notification about a login from a location I've never been to. I think my account is compromised.,security,account_compromise,account_compromise,P2,negative,security_support,waiting_for_customer,,,,false,,,25
TKT-0061,CUS-0819,,,2025-10-04T00:00:00Z,email,Product question / issue,I'm having trouble setting up my new device. The instructions aren't clear.,products,recommendation,product_compatibility,P2,angry,technical_support,closed,Missing accessory dispatched as separate shipment.,INFO_PROVIDED,741,false,,4,122
TKT-0062,CUS-0399,,PROD-021,2024-11-29T00:00:00Z,chat,Refund not received / billing issue,I'm seeing a pending charge that I don't recognize. I never placed an order for this amount.,refunds,timeline,dispute_charge,P3,negative,billing_support,closed,Duplicate charge reversed. Credit will appear within 3-7 business days.,FULL_REFUND,742,false,,2,77
TKT-0063,CUS-0844,,PROD-084,2025-09-02T00:00:00Z,web,Payment problem on my account,I'm getting an error message saying my billing address doesn't match. I've confirmed it's correct.,payments,authorization,payment_failure,P1,negative,billing_support,in_progress,,,,false,,,157
TKT-0064,CUS-0082,,PROD-026,2025-07-31T00:00:00Z,email,Security concern — urgent,I'm concerned about how my personal data is being used. I want to request a copy of my data.,security,unauthorized_access,data_breach_concern,P3,neutral,security_support,in_progress,,,,false,,,31
TKT-0065,CUS-0594,,PROD-086,2025-11-06T00:00:00Z,email,Warranty claim request,I need to check if my product is still under warranty. I've had it for about 23 months.,warranty,claim,check_warranty_status,P3,angry,returns_support,closed,Warranty extended by 12 months as goodwill gesture.,WARRANTY_REPAIR,799,false,,5,147
TKT-0066,CUS-0838,,,2025-08-16T00:00:00Z,web,Refund not received / billing issue,I was charged twice for the same order. I can see two identical transactions on my credit card statement.,refunds,cancellation,report_duplicate_charge,P2,angry,billing_support,in_progress,,,,false,,,108
TKT-0067,CUS-0375,,,2025-10-30T00:00:00Z,email,Issue with my shipment — order help needed,I need to change my delivery address. My order hasn't shipped yet — is it too late to update?,shipping,wrong_address,report_delayed_delivery,P1,negative,shipping_support,resolved,Processed reshipment of order to correct address at no extra charge.,TRACKING_PROVIDED,100,false,,5,44
TKT-0068,CUS-0880,,,2024-08-04T00:00:00Z,chat,Issue with my shipment — order help needed,I ordered express shipping but it's been 25 days and still nothing. This should have arrived already.,shipping,wrong_address,report_wrong_address,P2,neutral,enterprise_support,resolved,Provided tracking information and escalated to carrier for priority tracing.,REFUNDED,1386,false,,3,109
TKT-0069,CUS-0340,,PROD-082,2025-03-27T00:00:00Z,phone,Issue with my shipment — order help needed,My order shows it shipped but I never received a tracking number via email. How can I find out where my package is?,shipping,lost_package,report_lost_package,P1,neutral,shipping_support,open,,,,false,,,134
TKT-0070,CUS-0615,,,2025-07-28T00:00:00Z,phone,Technical support needed,My device is overheating during normal use. The fan seems to be running constantly.,technical,hardware,connectivity_problem,P2,negative,technical_support,closed,Driver update resolved connectivity issue.,FIRMWARE_UPDATE,1372,false,,2,10
TKT-0071,CUS-0573,ORD-00448,PROD-003,2024-07-25T00:00:00Z,web,Question about my order,My order shows as processing but I haven't received any shipping confirmation email yet.,orders,wrong_item,modify_order,P2,angry,general_support,closed,Wrong item return label issued; correct item shipped.,CANCELLED,503,true,High-value order involved,4,70
TKT-0072,CUS-0314,,PROD-079,2025-06-09T00:00:00Z,phone,Security concern — urgent,I noticed several unauthorized purchases on my account that I didn't make. I need help immediately.,security,unauthorized_access,account_compromise,P3,neutral,security_support,open,,,,false,,,34
TKT-0073,CUS-0322,,,2025-11-15T00:00:00Z,phone,Payment problem on my account,I need an official invoice for my order for tax purposes. Can you send me one?,payments,update_method,payment_failure,P3,neutral,billing_support,in_progress,,,,false,,,116
TKT-0074,CUS-0360,,PROD-070,2025-07-13T00:00:00Z,chat,Product question / issue,Is this product compatible with Mac OS? The listing only mentions Windows.,products,defect,product_defect,P1,negative,technical_support,closed,Product registration completed manually by support agent.,REGISTRATION_DONE,204,false,,4,132
TKT-0075,CUS-0073,,PROD-010,2025-05-07T00:00:00Z,email,Account access issue,I want to remove a saved payment method from my account but can't find the option.,account,security,close_account,P3,neutral,general_support,resolved,Password reset email resent. Customer advised to check spam folder.,PASSWORD_RESET,744,false,,5,2
TKT-0076,CUS-0691,,,2025-10-07T00:00:00Z,web,Security concern — urgent,I received a notification about a login from a location I've never been to. I think my account is compromised.,security,unauthorized_access,fraud_report,P3,angry,security_support,open,,,,true,Issue unresolved after multiple contacts,,214
TKT-0077,CUS-0019,,,2024-11-25T00:00:00Z,chat,Payment problem on my account,I'm getting an error message saying my billing address doesn't match. I've confirmed it's correct.,payments,authorization,payment_authorization_issue,P3,negative,billing_support,in_progress,,,,false,,,211
TKT-0078,CUS-0475,,PROD-089,2024-12-31T00:00:00Z,web,Technical support needed,The display has dead pixels. I noticed them right after unboxing. This seems like a defect.,technical,hardware,connectivity_problem,P3,neutral,technical_support,in_progress,,,,true,Issue unresolved after multiple contacts,,56
TKT-0079,CUS-0870,,,2025-04-02T00:00:00Z,web,Question about my order,"I received a confirmation email but when I check my account, I don't see the order listed.",orders,modification,check_order_status,P3,neutral,general_support,open,,,,false,,,15
TKT-0080,CUS-0766,,,2024-06-21T00:00:00Z,web,Product question / issue,Can you help me understand the difference between the two models I'm considering?,products,recommendation,product_compatibility,P2,neutral,technical_support,closed,Missing accessory dispatched as separate shipment.,COMPATIBILITY_CONFIRMED,691,false,,5,201
TKT-0081,CUS-0777,,PROD-086,2025-06-20T00:00:00Z,email,Product question / issue,Is this product compatible with Mac OS? The listing only mentions Windows.,products,defect,product_registration,P2,negative,technical_support,in_progress,,,,false,,,71
TKT-0082,CUS-0111,,,2024-11-03T00:00:00Z,chat,Security concern — urgent,The security question on my account has been changed without my knowledge.,security,data,unauthorized_access,P3,neutral,security_support,waiting_for_customer,,,,false,,,136
TKT-0083,CUS-0101,,PROD-038,2024-10-11T00:00:00Z,web,Issue with my shipment — order help needed,I need to change my delivery address. My order hasn't shipped yet — is it too late to update?,shipping,address_change,report_lost_package,P3,neutral,shipping_support,in_progress,,,,false,,,219
TKT-0084,CUS-0619,ORD-00341,PROD-031,2024-06-24T00:00:00Z,phone,Product question / issue,Can you help me understand the difference between the two models I'm considering?,products,inquiry,product_defect,P3,angry,technical_support,closed,Replacement product shipped under warranty.,WARRANTY_REPLACEMENT,614,false,,4,113
TKT-0085,CUS-0161,,PROD-044,2025-09-16T00:00:00Z,chat,Security concern — urgent,The security question on my account has been changed without my knowledge.,security,unauthorized_access,account_compromise,P3,neutral,security_support,waiting_for_customer,,,,true,Security concern flagged,,6
TKT-0086,CUS-0170,ORD-04221,,2025-01-07T00:00:00Z,web,Security concern — urgent,I received a notification about a login from a location I've never been to. I think my account is compromised.,security,account_compromise,unauthorized_access,P2,angry,security_support,in_progress,,,,false,,,69
TKT-0087,CUS-0817,,,2025-04-08T00:00:00Z,chat,Warranty claim request,My warranty repair is taking longer than expected. When will I get my product back?,warranty,status,extend_warranty,P3,negative,returns_support,in_progress,,,,true,High-value order involved,,100
TKT-0088,CUS-0607,,,2025-06-13T00:00:00Z,web,Return request for recent order,I received a damaged item in my order. The packaging was intact but the product itself is cracked. I need to return it.,returns,damaged,initiate_return,P2,angry,returns_support,closed,Return label issued. Customer to ship item within 7 days.,ENTERPRISE_RETURN,1190,true,Issue unresolved after multiple contacts,5,27
TKT-0089,CUS-0969,,,2025-03-01T00:00:00Z,email,Return request for recent order,My item arrived defective straight out of the box. I haven't even used it. What's the fastest way to get a replacement?,returns,damaged,report_damaged_item,P0,neutral,returns_support,resolved,Exception approved due to damaged item — extended return window applied.,RETURN_APPROVED,1173,false,,4,4
TKT-0090,CUS-0115,ORD-04493,PROD-053,2024-09-06T00:00:00Z,web,Question about my order,I placed an order 18 days ago and it's still in processing status. When will it ship?,orders,cancellation,cancel_order,P3,neutral,general_support,closed,Wrong item return label issued; correct item shipped.,WRONG_ITEM_RESOLVED,809,false,,2,81
TKT-0091,CUS-0785,,PROD-099,2024-09-10T00:00:00Z,web,Issue with my shipment — order help needed,The carrier attempted delivery but I wasn't home. I haven't been able to reschedule a redelivery through their site.,shipping,lost_package,report_delayed_delivery,P2,angry,shipping_support,in_progress,,,,false,,,104
TKT-0092,CUS-0078,,,2025-03-27T00:00:00Z,email,Account access issue,I want to remove a saved payment method from my account but can't find the option.,account,profile,account_security,P3,negative,general_support,resolved,Password reset email resent. Customer advised to check spam folder.,ACCOUNT_UNLOCKED,1279,false,,5,29
TKT-0093,CUS-0820,,PROD-082,2025-09-18T00:00:00Z,chat,Warranty claim request,The product was repaired under warranty but the same issue has returned. What are my options?,warranty,coverage,extend_warranty,P1,neutral,enterprise_support,closed,Device sent for repair under warranty. ETA 7-10 business days.,WARRANTY_REPAIR,235,false,,5,213
TKT-0094,CUS-0242,,PROD-077,2025-09-16T00:00:00Z,phone,Return request for recent order,I received the wrong item in my shipment. I ordered a blue model but got a red one. Can I exchange or return it?,returns,return_status,return_status,P2,neutral,returns_support,resolved,Return label issued. Customer to ship item within 7 days.,EXCEPTION_APPLIED,1283,false,,4,193
TKT-0095,CUS-0381,,,2025-08-25T00:00:00Z,chat,Refund not received / billing issue,I received a partial refund but I expected a full refund. Can you explain why it wasn't fully refunded?,refunds,cancellation,partial_refund_request,P2,neutral,billing_support,closed,Duplicate charge reversed. Credit will appear within 3-7 business days.,FULL_REFUND,1032,false,,5,227
TKT-0096,CUS-0685,ORD-03830,,2024-06-24T00:00:00Z,email,Refund not received / billing issue,"I disputed a charge and the bank said it was resolved, but I don't see the credit on my account yet.",refunds,timeline,partial_refund_request,P2,negative,billing_support,open,,,,false,,,161
TKT-0097,CUS-0511,ORD-00567,PROD-011,2025-08-26T00:00:00Z,email,Account access issue,I can't log into my account. I've tried resetting my password but I'm not receiving the reset email.,account,security,password_reset,P1,negative,general_support,resolved,Password reset email resent. Customer advised to check spam folder.,EMAIL_UPDATED,1324,false,,4,229
TKT-0098,CUS-0222,ORD-02717,,2025-07-15T00:00:00Z,email,Payment problem on my account,I'd like to split my payment across two different cards. Is that an option?,payments,invoice,billing_inquiry,P3,angry,billing_support,waiting_for_customer,,,,false,,,180
TKT-0099,CUS-0640,,PROD-067,2025-03-13T00:00:00Z,phone,Security concern — urgent,Someone appears to have used my account to place orders. I need all recent orders cancelled.,security,unauthorized_access,fraud_report,P3,angry,security_support,closed,Fraudulent orders cancelled. Refund initiated. Account secured.,ACCOUNT_SECURED,1126,false,,5,58
TKT-0100,CUS-0884,,,2025-11-13T00:00:00Z,web,Payment problem on my account,My credit card expired and I need to update my payment method for a pending order.,payments,authorization,invoice_request,P3,negative,billing_support,in_progress,,,,false,,,130
TKT-0101,CUS-0455,,PROD-068,2024-12-11T00:00:00Z,chat,Refund not received / billing issue,I'm seeing a pending charge that I don't recognize. I never placed an order for this amount.,refunds,cancellation,dispute_charge,P3,negative,billing_support,waiting_for_customer,,,,false,,,63
TKT-0102,CUS-0684,,PROD-032,2024-06-01T00:00:00Z,email,Return request for recent order,I received the wrong item in my shipment. I ordered a blue model but got a red one. Can I exchange or return it?,returns,defective,check_return_eligibility,P3,negative,returns_support,open,,,,false,,,14
TKT-0103,CUS-0797,,,2024-07-16T00:00:00Z,web,Warranty claim request,The product was replaced under warranty but I'm not satisfied with the replacement model.,warranty,coverage,extend_warranty,P3,neutral,returns_support,resolved,Warranty extended by 12 months as goodwill gesture.,WARRANTY_EXTENDED,190,true,Customer requested supervisor,5,30
TKT-0104,CUS-0158,ORD-02091,PROD-070,2024-11-15T00:00:00Z,chat,Payment problem on my account,I made a bank transfer 8 days ago but my order is still showing payment pending.,payments,update_method,invoice_request,P3,neutral,billing_support,closed,Customer advised to contact bank; charge appears to be a temporary authorization hold.,INVOICE_SENT,467,false,,4,117
TKT-0105,CUS-0187,ORD-04291,,2025-01-09T00:00:00Z,email,Issue with my shipment — order help needed,The carrier attempted delivery but I wasn't home. I haven't been able to reschedule a redelivery through their site.,shipping,lost_package,report_delayed_delivery,P2,neutral,shipping_support,open,,,,false,,,159
TKT-0106,CUS-0359,,PROD-083,2025-11-17T00:00:00Z,email,Issue with my shipment — order help needed,I received a notification that my package was delivered but it's not here. Could it have been delivered to the wrong address?,shipping,wrong_address,report_lost_package,P2,neutral,shipping_support,in_progress,,,,false,,,27
TKT-0107,CUS-0436,,PROD-055,2025-12-18T00:00:00Z,email,Refund not received / billing issue,"I disputed a charge and the bank said it was resolved, but I don't see the credit on my account yet.",refunds,cancellation,dispute_charge,P2,negative,billing_support,resolved,Refund initiated; customer advised to allow up to 10 days for bank processing.,PARTIAL_REFUND,308,true,High-value order involved,4,176
TKT-0108,CUS-0896,,,2025-04-29T00:00:00Z,chat,Question about my order,I accidentally ordered two of the same item. Can I modify the quantity to just one?,orders,cancellation,report_wrong_item,P2,negative,enterprise_support,resolved,Missing item reshipped at no charge.,MODIFIED,352,false,,4,93
TKT-0109,CUS-0935,,,2025-01-02T00:00:00Z,web,Security concern — urgent,I want to enable two-factor authentication on my account. How do I set it up?,security,account_compromise,account_compromise,P1,neutral,security_support,closed,Phishing report logged. Customer advised on account security measures.,DATA_REQUEST_PROCESSED,850,false,,4,38
TKT-0110,CUS-0837,,,2024-08-09T00:00:00Z,chat,Payment problem on my account,I'd like to split my payment across two different cards. Is that an option?,payments,invoice,billing_inquiry,P2,negative,billing_support,waiting_for_customer,,,,false,,,49
TKT-0111,CUS-0276,,,2024-12-22T00:00:00Z,email,Payment problem on my account,My PayPal payment shows as completed on PayPal's side but my order still shows payment pending.,payments,update_method,payment_failure,P2,positive,billing_support,in_progress,,,,false,,,194
TKT-0112,CUS-0286,,,2024-06-28T00:00:00Z,chat,Return request for recent order,I'm an enterprise customer. I have a large order I need to return — what's the process for bulk returns?,returns,exchange,check_return_eligibility,P3,neutral,returns_support,closed,Exception approved due to damaged item — extended return window applied.,ENTERPRISE_RETURN,42,false,,5,29
TKT-0113,CUS-0091,,PROD-065,2025-06-13T00:00:00Z,web,Question about my order,I accidentally ordered two of the same item. Can I modify the quantity to just one?,orders,missing_item,check_order_status,P2,negative,general_support,waiting_for_customer,,,,true,Policy exception required,,50
TKT-0114,CUS-0096,,PROD-091,2025-06-02T00:00:00Z,web,Refund not received / billing issue,My order was cancelled but the payment hasn't been refunded to my account yet. It's been 25 days.,refunds,cancellation,dispute_charge,P3,positive,billing_support,resolved,Partial refund of 287.83 applied per return policy.,FULL_REFUND,917,false,,4,95
TKT-0115,CUS-0969,,,2025-11-01T00:00:00Z,email,Product question / issue,Can you tell me if a specific product will be back in stock soon?,products,recommendation,product_defect,P2,neutral,technical_support,resolved,Replacement product shipped under warranty.,ACCESSORY_SENT,813,false,,4,226
TKT-0116,CUS-0905,,,2025-11-28T00:00:00Z,chat,Refund not received / billing issue,My order was cancelled but the payment hasn't been refunded to my account yet. It's been 26 days.,refunds,duplicate_charge,request_refund,P3,neutral,billing_support,waiting_for_customer,,,,false,,,208
TKT-0117,CUS-0557,,PROD-019,2024-09-11T00:00:00Z,email,Question about my order,My order shows as delivered but it only partially arrived — some items are missing.,orders,missing_item,cancel_order,P2,negative,general_support,resolved,Order confirmed active; shipping label generated.,WRONG_ITEM_RESOLVED,461,true,Issue unresolved after multiple contacts,5,136
TKT-0118,CUS-0420,,PROD-082,2025-11-22T00:00:00Z,email,Issue with my shipment — order help needed,I received a notification that my package was delivered but it's not here. Could it have been delivered to the wrong address?,shipping,address_change,change_shipping_address,P2,negative,shipping_support,closed,Provided tracking information and escalated to carrier for priority tracing.,TRACKING_PROVIDED,1416,false,,1,167
TKT-0119,CUS-0390,,,2024-08-28T00:00:00Z,chat,Security concern — urgent,I received a notification about a login from a location I've never been to. I think my account is compromised.,security,fraud,account_compromise,P2,negative,security_support,open,,,,false,,,140
TKT-0120,CUS-0109,,PROD-029,2024-09-09T00:00:00Z,chat,Product question / issue,The product description says it includes a charging cable but mine didn't come with one.,products,registration,product_defect,P2,negative,technical_support,in_progress,,,,false,,,134
TKT-0121,CUS-0983,,PROD-015,2025-04-10T00:00:00Z,chat,Payment problem on my account,I want to pay via invoice for my business account. How do I set up net-30 payment terms?,payments,invoice,update_payment_method,P2,neutral,billing_support,in_progress,,,,false,,,133
TKT-0122,CUS-0361,,PROD-036,2024-08-08T00:00:00Z,email,Security concern — urgent,Someone appears to have used my account to place orders. I need all recent orders cancelled.,security,data,unauthorized_access,P3,neutral,security_support,waiting_for_customer,,,,false,,,72
TKT-0123,CUS-0797,,,2025-01-09T00:00:00Z,phone,Payment problem on my account,My PayPal payment shows as completed on PayPal's side but my order still shows payment pending.,payments,billing,payment_authorization_issue,P2,angry,billing_support,open,,,,false,,,211
TKT-0124,CUS-0692,ORD-04768,PROD-021,2025-09-17T00:00:00Z,chat,Warranty claim request,The product was replaced under warranty but I'm not satisfied with the replacement model.,warranty,status,warranty_replacement,P2,positive,returns_support,open,,,,false,,,176
TKT-0125,CUS-0870,ORD-03332,,2024-11-30T00:00:00Z,chat,Warranty claim request,I need to check if my product is still under warranty. I've had it for about 17 months.,warranty,claim,check_warranty_status,P3,negative,returns_support,closed,Device sent for repair under warranty. ETA 7-10 business days.,REPAIR_QUOTE,1147,false,,4,172
TKT-0126,CUS-0058,,PROD-007,2024-11-04T00:00:00Z,email,Technical support needed,The camera on my device is producing blurry images even in good lighting conditions.,technical,software,software_issue,P1,neutral,technical_support,in_progress,,,,false,,,230
TKT-0127,CUS-0474,,PROD-007,2025-02-22T00:00:00Z,email,Issue with my shipment — order help needed,I placed an order 20 days ago and my package hasn't arrived yet. The tracking number shows it's still in transit. Can you help?,shipping,wrong_address,report_lost_package,P3,negative,shipping_support,in_progress,,,,false,,,177
TKT-0128,CUS-0012,,,2025-11-13T00:00:00Z,email,Issue with my shipment — order help needed,I ordered express shipping but it's been 2 days and still nothing. This should have arrived already.,shipping,failed_delivery,report_wrong_address,P1,negative,shipping_support,resolved,Provided tracking information and escalated to carrier for priority tracing.,DELIVERY_RESCHEDULED,270,false,,3,116
TKT-0129,CUS-0272,,PROD-083,2025-02-15T00:00:00Z,chat,Warranty claim request,The product was repaired under warranty but the same issue has returned. What are my options?,warranty,extension,extend_warranty,P1,negative,returns_support,in_progress,,,,false,,,186
TKT-0130,CUS-0977,,,2024-09-19T00:00:00Z,email,Refund not received / billing issue,I received a partial refund but I expected a full refund. Can you explain why it wasn't fully refunded?,refunds,refund_status,report_duplicate_charge,P3,angry,billing_support,open,,,,true,Customer expressed extreme dissatisfaction,,136
TKT-0131,CUS-0148,,,2025-03-31T00:00:00Z,chat,Question about my order,I accidentally ordered two of the same item. Can I modify the quantity to just one?,orders,cancellation,missing_item,P2,neutral,general_support,open,,,,false,,,150
TKT-0132,CUS-0688,,PROD-006,2025-08-01T00:00:00Z,phone,Account access issue,I have two accounts with the same email. I want to merge the order history into one account.,account,profile,password_reset,P2,negative,general_support,resolved,Account unlocked. Security review completed.,EMAIL_UPDATED,576,false,,4,37
TKT-0133,CUS-0597,,PROD-094,2025-12-28T00:00:00Z,chat,Technical support needed,I'm getting error code E-695 when trying to use the device. What does this mean?,technical,software,setup_issue,P2,negative,technical_support,in_progress,,,,false,,,212
TKT-0134,CUS-0695,,,2024-10-15T00:00:00Z,email,Return request for recent order,I received a damaged item in my order. The packaging was intact but the product itself is cracked. I need to return it.,returns,damaged,check_return_eligibility,P3,positive,returns_support,closed,Full refund processed after confirming item condition.,EXCEPTION_APPLIED,1440,false,,4,161
TKT-0135,CUS-0901,,PROD-087,2025-05-12T00:00:00Z,email,Question about my order,I need to cancel my order. I just placed it 82 minutes ago — is it possible to cancel before it ships?,orders,status,missing_item,P3,neutral,enterprise_support,closed,Wrong item return label issued; correct item shipped.,MODIFIED,410,false,,4,80
TKT-0136,CUS-0397,,PROD-025,2025-01-11T00:00:00Z,phone,Account access issue,I'm not receiving order confirmation emails even though my address is correct.,account,security,account_security,P3,neutral,general_support,resolved,Account closure processed. Data deletion scheduled per policy.,PASSWORD_RESET,312,false,,4,97
TKT-0137,CUS-0377,ORD-04162,,2024-06-21T00:00:00Z,web,Refund not received / billing issue,I was charged twice for the same order. I can see two identical transactions on my credit card statement.,refunds,timeline,partial_refund_request,P2,neutral,billing_support,resolved,Refund of 74.95 processed to original payment method. Allow 3-5 business days.,PARTIAL_REFUND,756,false,,4,208
TKT-0138,CUS-0499,,PROD-018,2025-11-30T00:00:00Z,email,Refund not received / billing issue,I'm seeing a pending charge that I don't recognize. I never placed an order for this amount.,refunds,cancellation,partial_refund_request,P1,negative,billing_support,resolved,Refund initiated; customer advised to allow up to 10 days for bank processing.,PARTIAL_REFUND,534,false,,3,50
TKT-0139,CUS-0521,,,2025-03-16T00:00:00Z,email,Issue with my shipment — order help needed,The delivery attempt failed because the driver couldn't access my building. I need to reschedule for when I'm home.,shipping,address_change,change_shipping_address,P2,neutral,shipping_support,waiting_for_customer,,,,false,,,195
TKT-0140,CUS-0921,ORD-03165,PROD-023,2025-04-12T00:00:00Z,chat,Account access issue,I'm not receiving order confirmation emails even though my address is correct.,account,security,close_account,P1,negative,general_support,open,,,,false,,,144
TKT-0141,CUS-0482,,PROD-097,2025-03-24T00:00:00Z,email,Return request for recent order,I opened the box but decided the product isn't what I need. Can I still return it even though it's been opened?,returns,exchange,report_damaged_item,P2,neutral,returns_support,closed,Enterprise return processed per contract terms.,RETURN_APPROVED,397,false,,5,203
TKT-0142,CUS-0006,ORD-00242,PROD-047,2024-06-29T00:00:00Z,email,Refund not received / billing issue,My refund was supposed to be processed 6 days ago according to your email. Still nothing in my account.,refunds,timeline,partial_refund_request,P1,neutral,billing_support,closed,Refund of 145.3 processed to original payment method. Allow 3-5 business days.,REFUND_INITIATED,539,false,,5,18
TKT-0143,CUS-0049,,PROD-095,2025-07-05T00:00:00Z,email,Warranty claim request,My warranty repair is taking longer than expected. When will I get my product back?,warranty,extension,warranty_replacement,P2,neutral,returns_support,resolved,Device sent for repair under warranty. ETA 7-10 business days.,WARRANTY_EXTENDED,1112,false,,4,34
TKT-0144,CUS-0641,,PROD-015,2024-10-05T00:00:00Z,email,Payment problem on my account,I'd like to split my payment across two different cards. Is that an option?,payments,update_method,payment_authorization_issue,P3,neutral,billing_support,resolved,Payment method updated successfully. Order will now process.,PAYMENT_UPDATED,18,false,,3,101
TKT-0145,CUS-0695,,PROD-028,2025-02-15T00:00:00Z,phone,Return request for recent order,I purchased a smartphone 5 days ago. I know electronics have a shorter return window — am I still eligible?,returns,exchange,return_status,P3,neutral,returns_support,in_progress,,,,false,,,236
TKT-0146,CUS-0097,,PROD-051,2024-10-28T00:00:00Z,email,Return request for recent order,I'm an enterprise customer. I have a large order I need to return — what's the process for bulk returns?,returns,return_request,report_damaged_item,P2,negative,returns_support,closed,Exception approved due to damaged item — extended return window applied.,EXCEPTION_APPLIED,651,false,,5,49
TKT-0147,CUS-0829,ORD-03713,PROD-046,2024-09-27T00:00:00Z,web,Question about my order,I accidentally ordered two of the same item. Can I modify the quantity to just one?,orders,modification,missing_item,P1,negative,general_support,closed,Order modification applied before shipment cutoff.,CONFIRMED,783,false,,4,229
TKT-0148,CUS-0356,ORD-04349,PROD-019,2025-12-31T00:00:00Z,web,Return request for recent order,I opened the box but decided the product isn't what I need. Can I still return it even though it's been opened?,returns,return_request,return_status,P2,negative,returns_support,waiting_for_customer,,,,false,,,179
TKT-0149,CUS-0546,,PROD-081,2024-08-13T00:00:00Z,web,Issue with my shipment — order help needed,I'm moving next week — can I redirect my package to a different address? It hasn't shipped yet.,shipping,tracking,report_delayed_delivery,P1,angry,shipping_support,resolved,Processed reshipment of order to correct address at no extra charge.,RESHIPPED,56,false,,3,25
TKT-0150,CUS-0737,,PROD-051,2024-07-04T00:00:00Z,chat,Question about my order,One item from my multi-item order arrived but the other is still showing as processing.,orders,wrong_item,missing_item,P1,neutral,general_support,resolved,Order successfully cancelled. Refund initiated.,MODIFIED,483,false,,4,188
TKT-0151,CUS-0987,,,2025-11-28T00:00:00Z,web,Security concern — urgent,I'm concerned about how my personal data is being used. I want to request a copy of my data.,security,fraud,suspicious_activity,P3,neutral,security_support,open,,,,false,,,231
TKT-0152,CUS-0032,,PROD-067,2025-11-28T00:00:00Z,chat,Product question / issue,I need to know if I can use this device in a country with different voltage standards.,products,recommendation,product_compatibility,P2,positive,technical_support,closed,Technical specifications shared with customer.,INFO_PROVIDED,898,false,,3,199
TKT-0153,CUS-0205,,,2025-11-17T00:00:00Z,email,Product question / issue,I need to register my new product for warranty purposes. The registration link in the box doesn't work.,products,compatibility,product_compatibility,P2,angry,technical_support,open,,,,false,,,88
TKT-0154,CUS-0456,,,2025-01-24T00:00:00Z,web,Payment problem on my account,My payment keeps failing at checkout even though my card details are correct and I have sufficient funds.,payments,invoice,invoice_request,P2,angry,billing_support,closed,Customer advised to contact bank; charge appears to be a temporary authorization hold.,PAYMENT_UPDATED,470,false,,2,85
TKT-0155,CUS-0807,,,2025-11-24T00:00:00Z,web,Payment problem on my account,My payment keeps failing at checkout even though my card details are correct and I have sufficient funds.,payments,payment_failure,invoice_request,P3,negative,billing_support,in_progress,,,,false,,,21
TKT-0156,CUS-0160,,,2025-02-14T00:00:00Z,email,Technical support needed,The software keeps crashing whenever I try to open a specific feature. I've tried reinstalling.,technical,hardware,software_issue,P2,neutral,technical_support,resolved,Hardware defect confirmed. Replacement unit authorized.,FIRMWARE_UPDATE,987,false,,4,134
TKT-0157,CUS-0744,,,2025-05-19T00:00:00Z,email,Payment problem on my account,I'd like to split my payment across two different cards. Is that an option?,payments,payment_failure,payment_failure,P2,neutral,billing_support,waiting_for_customer,,,,false,,,105
TKT-0158,CUS-0898,ORD-02024,PROD-098,2025-08-18T00:00:00Z,chat,Technical support needed,The device is running very slowly after a recent software update. How do I roll back?,technical,setup,setup_issue,P2,positive,technical_support,open,,,,false,,,43
TKT-0159,CUS-0119,,PROD-075,2025-12-09T00:00:00Z,chat,Technical support needed,The software keeps crashing whenever I try to open a specific feature. I've tried reinstalling.,technical,setup,setup_issue,P2,angry,technical_support,waiting_for_customer,,,,false,,,187
TKT-0160,CUS-0336,,,2024-09-27T00:00:00Z,web,Question about my order,"I received a confirmation email but when I check my account, I don't see the order listed.",orders,status,missing_item,P3,negative,general_support,closed,Order successfully cancelled. Refund initiated.,WRONG_ITEM_RESOLVED,428,false,,4,181
TKT-0161,CUS-0166,,PROD-055,2025-01-03T00:00:00Z,web,Account access issue,I can't log into my account. I've tried resetting my password but I'm not receiving the reset email.,account,email,close_account,P2,negative,general_support,resolved,Password reset email resent. Customer advised to check spam folder.,ACCOUNT_UNLOCKED,1199,false,,2,218
TKT-0162,CUS-0478,ORD-00759,,2024-12-10T00:00:00Z,web,Payment problem on my account,I want to pay via invoice for my business account. How do I set up net-30 payment terms?,payments,update_method,payment_failure,P2,negative,billing_support,resolved,Alternative payment method accepted; order confirmed.,PAYMENT_UPDATED,602,false,,4,6
TKT-0163,CUS-0020,,PROD-099,2025-12-22T00:00:00Z,web,Technical support needed,The camera on my device is producing blurry images even in good lighting conditions.,technical,compatibility,setup_issue,P2,negative,technical_support,in_progress,,,,false,,,137
TKT-0164,CUS-0071,,,2025-01-28T00:00:00Z,chat,Security concern — urgent,I received a notification about a login from a location I've never been to. I think my account is compromised.,security,fraud,fraud_report,P2,neutral,security_support,waiting_for_customer,,,,true,Issue unresolved after multiple contacts,,135
TKT-0165,CUS-0786,,PROD-060,2025-04-21T00:00:00Z,web,Security concern — urgent,I received an email claiming to be from Acme Store asking for my password. I think it's a phishing attempt.,security,phishing,data_breach_concern,P2,negative,security_support,closed,Fraudulent orders cancelled. Refund initiated. Account secured.,PHISHING_LOGGED,700,false,,4,95
TKT-0166,CUS-0619,,PROD-086,2025-04-26T00:00:00Z,chat,Refund not received / billing issue,I cancelled my order within minutes of placing it but I was still charged. When will I receive my refund?,refunds,refund_status,partial_refund_request,P3,angry,billing_support,open,,,,true,High-value order involved,,220
TKT-0167,CUS-0280,,PROD-090,2025-11-10T00:00:00Z,web,Warranty claim request,I'd like to extend my warranty before it expires. What options are available?,warranty,status,warranty_claim,P2,negative,returns_support,waiting_for_customer,,,,false,,,9
TKT-0168,CUS-0051,,,2025-03-27T00:00:00Z,chat,Return request for recent order,The product stopped working after just a week of normal use. This seems like a manufacturing defect.,returns,return_request,initiate_return,P2,neutral,returns_support,resolved,Enterprise return processed per contract terms.,EXCEPTION_APPLIED,209,false,,4,130
TKT-0169,CUS-0630,,,2025-07-09T00:00:00Z,web,Return request for recent order,I received a damaged item in my order. The packaging was intact but the product itself is cracked. I need to return it.,returns,policy,report_defective_item,P2,angry,returns_support,closed,Full refund processed after confirming item condition.,ENTERPRISE_RETURN,208,true,Customer requested supervisor,4,205
TKT-0170,CUS-0602,ORD-02227,,2024-09-03T00:00:00Z,email,Refund not received / billing issue,I was charged twice for the same order. I can see two identical transactions on my credit card statement.,refunds,partial,request_refund,P1,positive,billing_support,closed,Duplicate charge reversed. Credit will appear within 3-7 business days.,FULL_REFUND,1140,false,,4,51
TKT-0171,CUS-0214,,PROD-015,2024-12-09T00:00:00Z,email,Refund not received / billing issue,My refund was supposed to be processed 29 days ago according to your email. Still nothing in my account.,refunds,refund_status,request_refund,P3,neutral,billing_support,closed,Refund initiated; customer advised to allow up to 10 days for bank processing.,REFUND_PROCESSED,1407,false,,4,12
TKT-0172,CUS-0883,,,2025-05-30T00:00:00Z,email,Warranty claim request,I need to check if my product is still under warranty. I've had it for about 16 months.,warranty,replacement,extend_warranty,P3,angry,returns_support,resolved,Warranty extended by 12 months as goodwill gesture.,WARRANTY_EXTENDED,75,false,,4,111
TKT-0173,CUS-0104,,,2025-07-16T00:00:00Z,web,Technical support needed,The camera on my device is producing blurry images even in good lighting conditions.,technical,setup,software_issue,P2,angry,technical_support,closed,Escalated to engineering team for further investigation.,HARDWARE_REPLACEMENT,24,false,,3,35
TKT-0174,CUS-0974,ORD-02325,PROD-092,2024-12-01T00:00:00Z,email,Issue with my shipment — order help needed,I received a notification that my package was delivered but it's not here. Could it have been delivered to the wrong address?,shipping,address_change,change_shipping_address,P3,neutral,shipping_support,waiting_for_customer,,,,false,,,105
TKT-0175,CUS-0233,,PROD-020,2025-03-26T00:00:00Z,chat,Technical support needed,My device won't turn on even after charging it fully overnight. I've tried holding the power button.,technical,connectivity,compatibility_issue,P2,negative,technical_support,in_progress,,,,false,,,58
TKT-0176,CUS-0116,,PROD-049,2025-03-06T00:00:00Z,web,Refund not received / billing issue,I returned my order 9 days ago and I still haven't received my refund. Can you check the status?,refunds,partial,partial_refund_request,P2,neutral,billing_support,closed,Duplicate charge reversed. Credit will appear within 3-7 business days.,DUPLICATE_REVERSED,674,false,,3,75
TKT-0177,CUS-0801,,,2025-02-01T00:00:00Z,chat,Question about my order,I accidentally ordered two of the same item. Can I modify the quantity to just one?,orders,modification,modify_order,P3,neutral,general_support,closed,Wrong item return label issued; correct item shipped.,CANCELLED,1244,false,,4,144
TKT-0178,CUS-0660,,PROD-021,2024-10-22T00:00:00Z,web,Question about my order,I need my order urgently. Can I upgrade the shipping method after placing the order?,orders,modification,check_order_status,P2,negative,general_support,closed,Order modification applied before shipment cutoff.,WRONG_ITEM_RESOLVED,235,false,,4,61
TKT-0179,CUS-0738,,,2025-11-16T00:00:00Z,web,Issue with my shipment — order help needed,I ordered express shipping but it's been 20 days and still nothing. This should have arrived already.,shipping,tracking,report_failed_delivery,P2,negative,shipping_support,in_progress,,,,false,,,120
TKT-0180,CUS-0413,,,2024-09-02T00:00:00Z,phone,Issue with my shipment — order help needed,The delivery attempt failed because the driver couldn't access my building. I need to reschedule for when I'm home.,shipping,failed_delivery,report_delayed_delivery,P2,negative,shipping_support,resolved,Rescheduled delivery for next business day.,REFUNDED,1251,false,,3,20
TKT-0181,CUS-0061,,,2025-05-26T00:00:00Z,email,Security concern — urgent,The security question on my account has been changed without my knowledge.,security,phishing,account_compromise,P2,negative,security_support,resolved,Account temporarily suspended pending security review.,ACCOUNT_SECURED,735,false,,3,27
TKT-0182,CUS-0602,,PROD-043,2025-12-24T00:00:00Z,web,Warranty claim request,I need to check if my product is still under warranty. I've had it for about 7 months.,warranty,replacement,extend_warranty,P2,negative,returns_support,closed,Warranty extended by 12 months as goodwill gesture.,WARRANTY_REPLACEMENT,394,false,,4,48
TKT-0183,CUS-0439,,PROD-053,2024-07-28T00:00:00Z,web,Technical support needed,My device won't turn on even after charging it fully overnight. I've tried holding the power button.,technical,connectivity,compatibility_issue,P2,negative,technical_support,in_progress,,,,false,,,171
TKT-0184,CUS-0990,,,2024-08-06T00:00:00Z,phone,Product question / issue,I need to know if I can use this device in a country with different voltage standards.,products,recommendation,product_inquiry,P2,positive,technical_support,closed,Replacement product shipped under warranty.,ACCESSORY_SENT,1284,false,,4,198
TKT-0185,CUS-0903,ORD-02452,PROD-015,2025-06-27T00:00:00Z,email,Issue with my shipment — order help needed,The delivery attempt failed because the driver couldn't access my building. I need to reschedule for when I'm home.,shipping,delayed,report_lost_package,P1,positive,shipping_support,resolved,Initiated investigation with carrier. Customer will be contacted within 2 business days.,DELIVERY_RESCHEDULED,1393,false,,3,190
TKT-0186,CUS-0250,,,2025-11-02T00:00:00Z,chat,Refund not received / billing issue,"I disputed a charge and the bank said it was resolved, but I don't see the credit on my account yet.",refunds,refund_status,dispute_charge,P2,negative,billing_support,open,,,,false,,,210
TKT-0187,CUS-0283,ORD-01718,PROD-018,2024-12-06T00:00:00Z,email,Account access issue,I want to remove a saved payment method from my account but can't find the option.,account,closure,update_profile,P3,negative,general_support,resolved,Password reset email resent. Customer advised to check spam folder.,ACCOUNT_CLOSED,1137,true,Issue unresolved after multiple contacts,3,63
TKT-0188,CUS-0483,,PROD-010,2025-01-23T00:00:00Z,web,Return request for recent order,I received a damaged item in my order. The packaging was intact but the product itself is cracked. I need to return it.,returns,return_request,initiate_return,P2,neutral,returns_support,closed,Exception approved due to damaged item — extended return window applied.,ENTERPRISE_RETURN,55,false,,5,227
TKT-0189,CUS-0371,,,2025-01-03T00:00:00Z,web,Return request for recent order,I received a damaged item in my order. The packaging was intact but the product itself is cracked. I need to return it.,returns,damaged,check_return_eligibility,P1,neutral,returns_support,resolved,Return label issued. Customer to ship item within 7 days.,EXCEPTION_APPLIED,1028,false,,4,126
TKT-0190,CUS-0019,,,2024-08-04T00:00:00Z,email,Account access issue,My account seems to have been hacked. I see order history for purchases I didn't make.,account,security,account_security,P3,neutral,general_support,resolved,Password reset email resent. Customer advised to check spam folder.,PASSWORD_RESET,176,false,,5,141
TKT-0191,CUS-0013,,PROD-042,2025-11-04T00:00:00Z,web,Account access issue,I need to update my billing address. I've moved and need to update my details.,account,security,account_security,P3,positive,general_support,closed,Two-factor authentication enabled on customer's account.,PASSWORD_RESET,451,true,Issue unresolved after multiple contacts,2,34
TKT-0192,CUS-0093,,,2024-06-13T00:00:00Z,phone,Issue with my shipment — order help needed,My order shows it shipped but I never received a tracking number via email. How can I find out where my package is?,shipping,wrong_address,change_shipping_address,P2,neutral,shipping_support,waiting_for_customer,,,,false,,,153
TKT-0193,CUS-0784,,,2024-08-27T00:00:00Z,chat,Question about my order,My order was split into two shipments without any notification. When will the second one arrive?,orders,status,missing_item,P2,negative,general_support,resolved,Missing item reshipped at no charge.,RESHIPPED,907,true,High-value order involved,5,91
TKT-0194,CUS-0209,,PROD-058,2025-08-16T00:00:00Z,phone,Warranty claim request,I purchased the product as a gift. The recipient wants to register the warranty — is that possible?,warranty,replacement,warranty_replacement,P3,negative,returns_support,open,,,,false,,,200
TKT-0195,CUS-0808,ORD-02723,PROD-097,2025-04-20T00:00:00Z,web,Question about my order,My order was split into two shipments without any notification. When will the second one arrive?,orders,modification,missing_item,P3,angry,general_support,closed,Wrong item return label issued; correct item shipped.,WRONG_ITEM_RESOLVED,571,false,,4,180
TKT-0196,CUS-0839,,PROD-077,2024-12-08T00:00:00Z,phone,Payment problem on my account,I'd like to split my payment across two different cards. Is that an option?,payments,update_method,payment_authorization_issue,P2,neutral,billing_support,resolved,Payment method updated successfully. Order will now process.,ESCALATED_BILLING,957,false,,4,12
TKT-0197,CUS-0938,,PROD-059,2024-11-04T00:00:00Z,chat,Refund not received / billing issue,I'm seeing a pending charge that I don't recognize. I never placed an order for this amount.,refunds,cancellation,dispute_charge,P2,negative,billing_support,closed,Full refund approved for cancelled order.,FULL_REFUND,918,true,Customer expressed extreme dissatisfaction,5,187
TKT-0198,CUS-0395,,PROD-048,2025-11-08T00:00:00Z,email,Return request for recent order,I'd like to return an item I received 30 days ago. It's not what I expected based on the product description.,returns,return_status,check_return_eligibility,P2,positive,returns_support,waiting_for_customer,,,,true,Customer requested supervisor,,61
TKT-0199,CUS-0874,,PROD-092,2025-05-12T00:00:00Z,chat,Warranty claim request,My warranty repair is taking longer than expected. When will I get my product back?,warranty,extension,extend_warranty,P3,neutral,returns_support,in_progress,,,,false,,,193
TKT-0200,CUS-0916,,,2025-04-21T00:00:00Z,chat,Product question / issue,The product description says it includes a charging cable but mine didn't come with one.,products,defect,product_registration,P2,negative,technical_support,in_progress,,,,false,,,220
TKT-0201,CUS-0383,,,2025-06-04T00:00:00Z,web,Warranty claim request,I purchased the product as a gift. The recipient wants to register the warranty — is that possible?,warranty,status,warranty_claim,P3,negative,returns_support,in_progress,,,,true,High-value order involved,,166
TKT-0202,CUS-0018,,,2025-04-11T00:00:00Z,chat,Question about my order,I placed an order 3 days ago and it's still in processing status. When will it ship?,orders,status,missing_item,P2,neutral,general_support,in_progress,,,,false,,,105
TKT-0203,CUS-0386,,PROD-014,2025-12-29T00:00:00Z,email,Question about my order,"I received a confirmation email but when I check my account, I don't see the order listed.",orders,status,modify_order,P1,negative,enterprise_support,resolved,Missing item reshipped at no charge.,WRONG_ITEM_RESOLVED,827,false,,4,119
TKT-0204,CUS-0169,,,2024-08-24T00:00:00Z,phone,Payment problem on my account,I want to pay via invoice for my business account. How do I set up net-30 payment terms?,payments,authorization,invoice_request,P1,negative,billing_support,resolved,Customer advised to contact bank; charge appears to be a temporary authorization hold.,PAYMENT_UPDATED,926,false,,3,205
TKT-0205,CUS-0461,,PROD-020,2025-02-17T00:00:00Z,chat,Technical support needed,The display has dead pixels. I noticed them right after unboxing. This seems like a defect.,technical,setup,compatibility_issue,P2,negative,technical_support,in_progress,,,,false,,,151
TKT-0206,CUS-0652,,PROD-010,2025-11-20T00:00:00Z,web,Product question / issue,The specs say the battery lasts 8 hours but mine barely lasts 3. Is this a defect?,products,registration,product_registration,P2,neutral,technical_support,resolved,Missing accessory dispatched as separate shipment.,INFO_PROVIDED,133,false,,2,108
TKT-0207,CUS-0815,,PROD-071,2024-07-06T00:00:00Z,email,Account access issue,I want to remove a saved payment method from my account but can't find the option.,account,security,password_reset,P2,positive,general_support,closed,Account closure processed. Data deletion scheduled per policy.,ACCOUNT_UNLOCKED,521,false,,4,107
TKT-0208,CUS-0788,,PROD-046,2025-11-09T00:00:00Z,email,Issue with my shipment — order help needed,I placed an order 2 days ago and my package hasn't arrived yet. The tracking number shows it's still in transit. Can you help?,shipping,tracking,report_wrong_address,P2,negative,shipping_support,open,,,,false,,,24
TKT-0209,CUS-0061,,PROD-063,2025-01-03T00:00:00Z,chat,Technical support needed,My device is overheating during normal use. The fan seems to be running constantly.,technical,compatibility,setup_issue,P1,neutral,technical_support,closed,Escalated to engineering team for further investigation.,ESCALATED_ENGINEERING,724,false,,5,235
TKT-0210,CUS-0461,,PROD-021,2025-03-01T00:00:00Z,web,Warranty claim request,I'd like to extend my warranty before it expires. What options are available?,warranty,coverage,warranty_claim,P2,negative,returns_support,resolved,Warranty claim approved. Replacement unit shipped.,REPAIR_QUOTE,1417,false,,2,194
TKT-0211,CUS-0684,ORD-00148,,2025-10-06T00:00:00Z,web,Question about my order,I accidentally ordered two of the same item. Can I modify the quantity to just one?,orders,wrong_item,modify_order,P2,negative,general_support,waiting_for_customer,,,,false,,,32
TKT-0212,CUS-0647,,PROD-009,2025-06-09T00:00:00Z,web,Issue with my shipment — order help needed,I received a notification that my package was delivered but it's not here. Could it have been delivered to the wrong address?,shipping,wrong_address,change_shipping_address,P2,negative,shipping_support,resolved,Provided tracking information and escalated to carrier for priority tracing.,REFUNDED,1031,true,Security concern flagged,4,47
TKT-0213,CUS-0206,ORD-00826,,2025-06-29T00:00:00Z,web,Return request for recent order,I opened the box but decided the product isn't what I need. Can I still return it even though it's been opened?,returns,policy,report_damaged_item,P3,angry,returns_support,open,,,,false,,,35
TKT-0214,CUS-0409,ORD-02384,,2025-08-11T00:00:00Z,chat,Question about my order,I accidentally ordered two of the same item. Can I modify the quantity to just one?,orders,wrong_item,modify_order,P2,negative,general_support,closed,Order successfully cancelled. Refund initiated.,WRONG_ITEM_RESOLVED,685,false,,3,30
TKT-0215,CUS-0271,,PROD-053,2024-06-19T00:00:00Z,phone,Warranty claim request,I'd like to extend my warranty before it expires. What options are available?,warranty,status,check_warranty_status,P1,angry,returns_support,closed,Device sent for repair under warranty. ETA 7-10 business days.,WARRANTY_EXTENDED,641,false,,1,178
TKT-0216,CUS-0281,,PROD-046,2025-02-15T00:00:00Z,email,Payment problem on my account,My payment keeps failing at checkout even though my card details are correct and I have sufficient funds.,payments,authorization,invoice_request,P3,negative,billing_support,resolved,Alternative payment method accepted; order confirmed.,ALT_PAYMENT,1184,true,Policy exception required,3,33
TKT-0217,CUS-0616,,PROD-073,2025-02-02T00:00:00Z,email,Question about my order,My order shows as delivered but it only partially arrived — some items are missing.,orders,modification,report_wrong_item,P2,angry,general_support,in_progress,,,,true,High-value order involved,,21
TKT-0218,CUS-0399,,,2024-09-23T00:00:00Z,web,Technical support needed,My device won't turn on even after charging it fully overnight. I've tried holding the power button.,technical,connectivity,hardware_malfunction,P2,neutral,technical_support,resolved,Issue resolved with firmware update. Customer confirmed device working.,HARDWARE_REPLACEMENT,1221,false,,5,68
TKT-0219,CUS-0953,,PROD-014,2025-12-12T00:00:00Z,chat,Refund not received / billing issue,My order was cancelled but the payment hasn't been refunded to my account yet. It's been 20 days.,refunds,cancellation,partial_refund_request,P2,negative,billing_support,resolved,Refund of 407.72 processed to original payment method. Allow 3-5 business days.,REFUND_INITIATED,713,false,,2,143
TKT-0220,CUS-0953,ORD-02609,PROD-033,2024-10-10T00:00:00Z,chat,Product question / issue,The specs say the battery lasts 8 hours but mine barely lasts 3. Is this a defect?,products,compatibility,product_inquiry,P0,negative,technical_support,closed,Replacement product shipped under warranty.,INFO_PROVIDED,1369,false,,4,189
TKT-0221,CUS-0741,,PROD-062,2024-09-02T00:00:00Z,web,Account access issue,I want to remove a saved payment method from my account but can't find the option.,account,profile,close_account,P2,negative,general_support,open,,,,false,,,160
TKT-0222,CUS-0882,,,2025-06-19T00:00:00Z,email,Question about my order,My order shows as delivered but it only partially arrived — some items are missing.,orders,wrong_item,report_wrong_item,P2,negative,general_support,closed,Missing item reshipped at no charge.,CONFIRMED,1316,false,,4,135
TKT-0223,CUS-0214,,,2025-01-03T00:00:00Z,chat,Refund not received / billing issue,"I disputed a charge and the bank said it was resolved, but I don't see the credit on my account yet.",refunds,cancellation,check_refund_status,P3,negative,billing_support,resolved,Refund of 72.63 processed to original payment method. Allow 3-5 business days.,FULL_REFUND,1189,false,,4,102
TKT-0224,CUS-0732,,,2024-06-13T00:00:00Z,email,Warranty claim request,My product stopped working and it's still under the manufacturer's warranty. How do I file a claim?,warranty,replacement,extend_warranty,P3,neutral,returns_support,resolved,Out-of-warranty repair approved at discounted rate.,WARRANTY_REPLACEMENT,1240,true,Issue unresolved after multiple contacts,4,231
TKT-0225,CUS-0347,,,2024-11-28T00:00:00Z,phone,Security concern — urgent,The security question on my account has been changed without my knowledge.,security,phishing,unauthorized_access,P1,angry,security_support,resolved,Account temporarily suspended pending security review.,ACCOUNT_SECURED,895,true,Policy exception required,3,173
TKT-0226,CUS-0402,,,2025-12-12T00:00:00Z,phone,Security concern — urgent,I noticed several unauthorized purchases on my account that I didn't make. I need help immediately.,security,account_compromise,suspicious_activity,P2,positive,security_support,resolved,Account temporarily suspended pending security review.,ACCOUNT_SECURED,1109,false,,3,16
TKT-0227,CUS-0771,ORD-03204,PROD-029,2025-02-02T00:00:00Z,email,Issue with my shipment — order help needed,I need to change my delivery address. My order hasn't shipped yet — is it too late to update?,shipping,delayed,change_shipping_address,P1,neutral,shipping_support,in_progress,,,,false,,,234
TKT-0228,CUS-0133,,,2025-05-18T00:00:00Z,email,Account access issue,I want to remove a saved payment method from my account but can't find the option.,account,profile,account_security,P2,neutral,general_support,closed,Account closure processed. Data deletion scheduled per policy.,PASSWORD_RESET,876,false,,4,133
TKT-0229,CUS-0793,,PROD-066,2024-08-18T00:00:00Z,email,Account access issue,My account seems to have been hacked. I see order history for purchases I didn't make.,account,security,update_profile,P2,negative,general_support,closed,Account closure processed. Data deletion scheduled per policy.,ACCOUNT_UNLOCKED,541,false,,5,47
TKT-0230,CUS-0222,,PROD-068,2024-08-08T00:00:00Z,email,Return request for recent order,I received the wrong item in my shipment. I ordered a blue model but got a red one. Can I exchange or return it?,returns,return_request,report_defective_item,P1,negative,returns_support,closed,Exception approved due to damaged item — extended return window applied.,EXCEPTION_APPLIED,43,false,,3,90
TKT-0231,CUS-0763,,,2025-01-04T00:00:00Z,email,Warranty claim request,The product was repaired under warranty but the same issue has returned. What are my options?,warranty,replacement,warranty_replacement,P3,negative,returns_support,waiting_for_customer,,,,false,,,143
TKT-0232,CUS-0511,,PROD-071,2025-10-11T00:00:00Z,email,Issue with my shipment — order help needed,I placed an order 8 days ago and my package hasn't arrived yet. The tracking number shows it's still in transit. Can you help?,shipping,address_change,report_delayed_delivery,P3,positive,shipping_support,in_progress,,,,true,Customer requested supervisor,,4
TKT-0233,CUS-0574,,PROD-038,2024-08-02T00:00:00Z,web,Technical support needed,The camera on my device is producing blurry images even in good lighting conditions.,technical,hardware,compatibility_issue,P2,neutral,technical_support,waiting_for_customer,,,,false,,,102
TKT-0234,CUS-0333,ORD-03265,PROD-063,2025-07-20T00:00:00Z,chat,Payment problem on my account,The payment authorization failed even though my bank says the transaction was approved.,payments,billing,billing_inquiry,P3,negative,billing_support,closed,Customer advised to contact bank; charge appears to be a temporary authorization hold.,AUTHORIZATION_HOLD,24,false,,1,226
TKT-0235,CUS-0581,ORD-02246,PROD-035,2025-09-23T00:00:00Z,email,Payment problem on my account,My payment keeps failing at checkout even though my card details are correct and I have sufficient funds.,payments,invoice,payment_failure,P3,angry,billing_support,open,,,,true,Customer requested supervisor,,60
TKT-0236,CUS-0659,,PROD-043,2025-09-29T00:00:00Z,chat,Payment problem on my account,I'm getting an error message saying my billing address doesn't match. I've confirmed it's correct.,payments,invoice,payment_authorization_issue,P2,neutral,billing_support,in_progress,,,,false,,,181
TKT-0237,CUS-0259,ORD-04986,PROD-006,2024-08-24T00:00:00Z,email,Warranty claim request,I'd like to extend my warranty before it expires. What options are available?,warranty,coverage,warranty_claim,P2,neutral,returns_support,resolved,Warranty extended by 12 months as goodwill gesture.,WARRANTY_REPAIR,1342,false,,4,23
TKT-0238,CUS-0395,,PROD-091,2024-10-21T00:00:00Z,phone,Product question / issue,Is this product compatible with Mac OS? The listing only mentions Windows.,products,compatibility,product_registration,P2,negative,technical_support,closed,Technical specifications shared with customer.,REGISTRATION_DONE,652,false,,1,203
TKT-0239,CUS-0883,,PROD-095,2024-09-16T00:00:00Z,phone,Account access issue,Someone tried to access my account from an unfamiliar location. I received a security alert.,account,security,password_reset,P3,angry,general_support,resolved,Two-factor authentication enabled on customer's account.,ACCOUNT_CLOSED,341,false,,4,183
TKT-0240,CUS-0217,,,2024-08-24T00:00:00Z,chat,Account access issue,I need to update my billing address. I've moved and need to update my details.,account,password,password_reset,P3,neutral,general_support,open,,,,false,,,54
TKT-0241,CUS-0668,,,2024-12-30T00:00:00Z,email,Issue with my shipment — order help needed,I ordered express shipping but it's been 25 days and still nothing. This should have arrived already.,shipping,tracking,track_shipment,P3,neutral,shipping_support,resolved,Initiated investigation with carrier. Customer will be contacted within 2 business days.,REFUNDED,987,false,,2,207
TKT-0242,CUS-0736,,PROD-011,2025-10-01T00:00:00Z,web,Warranty claim request,I lost my proof of purchase. Can I still make a warranty claim using my order number?,warranty,coverage,check_warranty_status,P3,positive,returns_support,in_progress,,,,false,,,40
TKT-0243,CUS-0498,,PROD-049,2024-12-27T00:00:00Z,web,Payment problem on my account,I made a bank transfer 26 days ago but my order is still showing payment pending.,payments,billing,update_payment_method,P3,angry,enterprise_support,resolved,Alternative payment method accepted; order confirmed.,ESCALATED_BILLING,325,false,,5,132
TKT-0244,CUS-0974,ORD-02479,PROD-069,2025-08-06T00:00:00Z,email,Payment problem on my account,The payment authorization failed even though my bank says the transaction was approved.,payments,payment_failure,payment_authorization_issue,P2,neutral,billing_support,resolved,Payment method updated successfully. Order will now process.,AUTHORIZATION_HOLD,204,false,,3,35
TKT-0245,CUS-0174,ORD-03623,PROD-079,2024-09-07T00:00:00Z,web,Account access issue,I'm not receiving order confirmation emails even though my address is correct.,account,security,update_profile,P3,negative,general_support,closed,Email address updated successfully.,ACCOUNT_UNLOCKED,551,false,,2,185
TKT-0246,CUS-0790,ORD-04222,,2024-06-18T00:00:00Z,chat,Security concern — urgent,The security question on my account has been changed without my knowledge.,security,data,account_compromise,P2,negative,security_support,in_progress,,,,true,Customer expressed extreme dissatisfaction,,50
TKT-0247,CUS-0643,,PROD-002,2025-01-08T00:00:00Z,chat,Warranty claim request,I purchased the product as a gift. The recipient wants to register the warranty — is that possible?,warranty,coverage,check_warranty_status,P2,negative,returns_support,resolved,Claim rejected — damage determined to be outside warranty scope. Repair quote provided.,WARRANTY_REPAIR,1194,false,,4,228
TKT-0248,CUS-0917,,,2025-08-26T00:00:00Z,chat,Issue with my shipment — order help needed,I placed an order 10 days ago and my package hasn't arrived yet. The tracking number shows it's still in transit. Can you help?,shipping,lost_package,report_wrong_address,P3,negative,shipping_support,in_progress,,,,false,,,27
TKT-0249,CUS-0877,,,2025-09-30T00:00:00Z,email,Technical support needed,I followed the setup instructions but the device isn't being recognized by my computer.,technical,hardware,connectivity_problem,P2,angry,technical_support,in_progress,,,,false,,,207
TKT-0250,CUS-0883,,,2024-06-10T00:00:00Z,chat,Account access issue,I'm locked out of my account after too many failed login attempts. How do I unlock it?,account,profile,close_account,P2,negative,general_support,open,,,,true,Policy exception required,,230
TKT-0251,CUS-0964,ORD-01392,PROD-068,2025-05-30T00:00:00Z,email,Issue with my shipment — order help needed,I received a notification that my package was delivered but it's not here. Could it have been delivered to the wrong address?,shipping,delayed,report_lost_package,P2,angry,shipping_support,open,,,,true,Customer expressed extreme dissatisfaction,,38
TKT-0252,CUS-0447,,PROD-082,2024-08-26T00:00:00Z,email,Payment problem on my account,I'm getting an error message saying my billing address doesn't match. I've confirmed it's correct.,payments,payment_failure,payment_failure,P3,negative,billing_support,open,,,,false,,,104
TKT-0253,CUS-0431,,PROD-051,2025-05-19T00:00:00Z,web,Account access issue,I want to close my account and delete all my personal data. What's the process?,account,security,update_profile,P3,neutral,general_support,resolved,Two-factor authentication enabled on customer's account.,EMAIL_UPDATED,1268,false,,2,200
TKT-0254,CUS-0869,,PROD-032,2025-02-17T00:00:00Z,email,Product question / issue,Can you tell me if a specific product will be back in stock soon?,products,inquiry,product_compatibility,P3,negative,technical_support,closed,Replacement product shipped under warranty.,ACCESSORY_SENT,941,false,,4,134
TKT-0255,CUS-0589,,PROD-038,2024-10-20T00:00:00Z,web,Product question / issue,I'm having trouble setting up my new device. The instructions aren't clear.,products,registration,product_defect,P2,neutral,technical_support,closed,Replacement product shipped under warranty.,WARRANTY_REPLACEMENT,1216,false,,4,213
TKT-0256,CUS-0814,,PROD-071,2024-07-11T00:00:00Z,web,Issue with my shipment — order help needed,I'm moving next week — can I redirect my package to a different address? It hasn't shipped yet.,shipping,failed_delivery,report_lost_package,P3,angry,shipping_support,open,,,,false,,,228
TKT-0257,CUS-0965,,,2024-08-06T00:00:00Z,web,Payment problem on my account,My payment keeps failing at checkout even though my card details are correct and I have sufficient funds.,payments,billing,payment_failure,P1,negative,billing_support,closed,Customer advised to contact bank; charge appears to be a temporary authorization hold.,PAYMENT_UPDATED,1224,false,,4,20
TKT-0258,CUS-0604,,,2024-12-02T00:00:00Z,web,Technical support needed,My device is overheating during normal use. The fan seems to be running constantly.,technical,connectivity,software_issue,P1,neutral,technical_support,in_progress,,,,false,,,113
TKT-0259,CUS-0758,,,2025-04-21T00:00:00Z,web,Payment problem on my account,The payment authorization failed even though my bank says the transaction was approved.,payments,payment_failure,payment_failure,P3,neutral,billing_support,resolved,Payment issue escalated to billing team for manual review.,ESCALATED_BILLING,819,false,,3,20
TKT-0260,CUS-0535,,,2024-09-22T00:00:00Z,web,Question about my order,I ordered the wrong size/color variant. Can this be changed or do I need to cancel and reorder?,orders,missing_item,report_wrong_item,P2,positive,general_support,resolved,Missing item reshipped at no charge.,MODIFIED,124,false,,4,35
TKT-0261,CUS-0557,,PROD-067,2025-12-24T00:00:00Z,chat,Question about my order,"I received a confirmation email but when I check my account, I don't see the order listed.",orders,wrong_item,cancel_order,P2,negative,general_support,resolved,Order modification applied before shipment cutoff.,CANCELLED,311,false,,4,191
TKT-0262,CUS-0084,,,2024-08-17T00:00:00Z,web,Account access issue,I need to update my email address. The current one is from a job I no longer have.,account,merge,account_locked,P2,neutral,general_support,closed,Email address updated successfully.,ACCOUNT_CLOSED,797,false,,4,108
TKT-0263,CUS-0329,,PROD-015,2024-08-06T00:00:00Z,chat,Issue with my shipment — order help needed,My order shows it shipped but I never received a tracking number via email. How can I find out where my package is?,shipping,tracking,report_lost_package,P2,positive,shipping_support,resolved,Filed lost package claim with carrier. Refund or replacement offered.,CARRIER_INVESTIGATION,920,false,,2,157
TKT-0264,CUS-0688,,PROD-039,2025-03-16T00:00:00Z,email,Return request for recent order,I purchased a smartphone 6 days ago. I know electronics have a shorter return window — am I still eligible?,returns,return_request,check_return_eligibility,P2,neutral,returns_support,waiting_for_customer,,,,false,,,105
TKT-0265,CUS-0629,,,2025-08-18T00:00:00Z,phone,Security concern — urgent,I'm concerned about how my personal data is being used. I want to request a copy of my data.,security,phishing,suspicious_activity,P2,negative,security_support,open,,,,false,,,171
TKT-0266,CUS-0931,,PROD-097,2024-12-24T00:00:00Z,web,Return request for recent order,I'm an enterprise customer. I have a large order I need to return — what's the process for bulk returns?,returns,defective,check_return_eligibility,P3,negative,returns_support,open,,,,false,,,56
TKT-0267,CUS-0913,ORD-01506,,2025-07-20T00:00:00Z,chat,Warranty claim request,I lost my proof of purchase. Can I still make a warranty claim using my order number?,warranty,claim,extend_warranty,P2,neutral,returns_support,in_progress,,,,false,,,40
TKT-0268,CUS-0967,,PROD-033,2024-08-05T00:00:00Z,email,Account access issue,I want to remove a saved payment method from my account but can't find the option.,account,security,account_locked,P1,angry,general_support,closed,Two-factor authentication enabled on customer's account.,2FA_ENABLED,41,false,,3,126
TKT-0269,CUS-0065,,PROD-025,2025-10-24T00:00:00Z,chat,Technical support needed,My device won't turn on even after charging it fully overnight. I've tried holding the power button.,technical,compatibility,setup_issue,P1,negative,technical_support,resolved,Hardware defect confirmed. Replacement unit authorized.,HARDWARE_REPLACEMENT,329,true,Issue unresolved after multiple contacts,4,193
TKT-0270,CUS-0725,,,2025-02-06T00:00:00Z,web,Product question / issue,Is this product compatible with Mac OS? The listing only mentions Windows.,products,registration,product_registration,P2,positive,technical_support,resolved,Replacement product shipped under warranty.,REGISTRATION_DONE,979,false,,5,206
TKT-0271,CUS-0526,ORD-00641,PROD-082,2024-11-14T00:00:00Z,web,Warranty claim request,My warranty repair is taking longer than expected. When will I get my product back?,warranty,claim,extend_warranty,P3,angry,returns_support,in_progress,,,,false,,,207
TKT-0272,CUS-0497,,PROD-054,2025-12-16T00:00:00Z,chat,Question about my order,My order shows as delivered but it only partially arrived — some items are missing.,orders,wrong_item,check_order_status,P2,negative,general_support,closed,Order confirmed active; shipping label generated.,CONFIRMED,167,false,,2,84
TKT-0273,CUS-0827,,,2025-10-03T00:00:00Z,email,Product question / issue,I need to register my new product for warranty purposes. The registration link in the box doesn't work.,products,registration,product_recommendation,P1,positive,technical_support,resolved,Missing accessory dispatched as separate shipment.,INFO_PROVIDED,419,false,,5,83
TKT-0274,CUS-0157,,PROD-049,2024-08-17T00:00:00Z,email,Product question / issue,I need to register my new product for warranty purposes. The registration link in the box doesn't work.,products,recommendation,product_compatibility,P3,negative,technical_support,closed,Product registration completed manually by support agent.,COMPATIBILITY_CONFIRMED,354,false,,4,33
TKT-0275,CUS-0898,,,2024-12-29T00:00:00Z,email,Warranty claim request,I'd like to extend my warranty before it expires. What options are available?,warranty,extension,check_warranty_status,P2,negative,returns_support,in_progress,,,,false,,,169
TKT-0276,CUS-0262,ORD-01766,PROD-015,2025-08-18T00:00:00Z,email,Product question / issue,The specs say the battery lasts 8 hours but mine barely lasts 3. Is this a defect?,products,compatibility,product_defect,P1,negative,technical_support,closed,Missing accessory dispatched as separate shipment.,COMPATIBILITY_CONFIRMED,752,false,,3,183
TKT-0277,CUS-0355,ORD-00952,PROD-099,2025-07-07T00:00:00Z,email,Product question / issue,Is this product compatible with Mac OS? The listing only mentions Windows.,products,inquiry,product_registration,P2,negative,technical_support,resolved,Product registration completed manually by support agent.,WARRANTY_REPLACEMENT,362,true,Security concern flagged,3,96
TKT-0278,CUS-0540,ORD-02784,PROD-050,2025-01-31T00:00:00Z,phone,Warranty claim request,What exactly is covered under the standard warranty? I'm not sure if my issue qualifies.,warranty,replacement,check_warranty_status,P3,negative,returns_support,resolved,Warranty extended by 12 months as goodwill gesture.,WARRANTY_REPAIR,1432,false,,5,229
TKT-0279,CUS-0989,ORD-02970,,2025-11-04T00:00:00Z,chat,Security concern — urgent,I noticed several unauthorized purchases on my account that I didn't make. I need help immediately.,security,phishing,unauthorized_access,P0,neutral,enterprise_support,in_progress,,,,false,,,237
TKT-0280,CUS-0793,,PROD-085,2025-07-31T00:00:00Z,web,Technical support needed,The software keeps crashing whenever I try to open a specific feature. I've tried reinstalling.,technical,hardware,software_issue,P2,negative,technical_support,in_progress,,,,false,,,106
TKT-0281,CUS-0615,,PROD-058,2025-04-29T00:00:00Z,email,Security concern — urgent,I noticed several unauthorized purchases on my account that I didn't make. I need help immediately.,security,fraud,data_breach_concern,P3,negative,security_support,closed,Account temporarily suspended pending security review.,FRAUD_RESOLVED,944,false,,2,95
TKT-0282,CUS-0188,,PROD-052,2024-07-28T00:00:00Z,chat,Account access issue,My account seems to have been hacked. I see order history for purchases I didn't make.,account,email,account_locked,P3,positive,general_support,resolved,Account unlocked. Security review completed.,ACCOUNT_CLOSED,147,false,,3,126
TKT-0283,CUS-0230,,PROD-023,2025-09-25T00:00:00Z,phone,Warranty claim request,The product was repaired under warranty but the same issue has returned. What are my options?,warranty,claim,extend_warranty,P2,neutral,returns_support,in_progress,,,,false,,,187
TKT-0284,CUS-0953,,PROD-086,2024-06-13T00:00:00Z,chat,Refund not received / billing issue,I returned my order 18 days ago and I still haven't received my refund. Can you check the status?,refunds,refund_status,check_refund_status,P2,neutral,billing_support,in_progress,,,,false,,,60
TKT-0285,CUS-0713,,,2025-11-23T00:00:00Z,email,Product question / issue,I need to register my new product for warranty purposes. The registration link in the box doesn't work.,products,recommendation,product_compatibility,P3,neutral,technical_support,open,,,,false,,,187
TKT-0286,CUS-0993,,,2024-08-01T00:00:00Z,chat,Warranty claim request,I purchased the product as a gift. The recipient wants to register the warranty — is that possible?,warranty,extension,warranty_replacement,P3,negative,returns_support,resolved,Claim rejected — damage determined to be outside warranty scope. Repair quote provided.,CLAIM_REJECTED,458,true,Security concern flagged,4,93
TKT-0287,CUS-0707,,PROD-010,2025-05-07T00:00:00Z,web,Warranty claim request,What exactly is covered under the standard warranty? I'm not sure if my issue qualifies.,warranty,status,extend_warranty,P2,neutral,returns_support,resolved,Device sent for repair under warranty. ETA 7-10 business days.,CLAIM_REJECTED,1344,false,,1,153
TKT-0288,CUS-0326,ORD-01185,,2024-12-16T00:00:00Z,web,Warranty claim request,"My warranty claim was rejected but I believe the damage is a manufacturing defect, not user damage.",warranty,replacement,warranty_replacement,P3,negative,returns_support,waiting_for_customer,,,,false,,,231
TKT-0289,CUS-0766,,PROD-091,2025-11-12T00:00:00Z,web,Product question / issue,I'm having trouble setting up my new device. The instructions aren't clear.,products,compatibility,product_registration,P2,negative,technical_support,closed,Compatibility confirmed with customer's existing setup.,ACCESSORY_SENT,380,false,,3,163
TKT-0290,CUS-0930,,PROD-061,2025-04-18T00:00:00Z,chat,Technical support needed,The software keeps crashing whenever I try to open a specific feature. I've tried reinstalling.,technical,compatibility,software_issue,P1,positive,technical_support,in_progress,,,,false,,,137
TKT-0291,CUS-0780,,,2024-09-07T00:00:00Z,web,Warranty claim request,I lost my proof of purchase. Can I still make a warranty claim using my order number?,warranty,status,extend_warranty,P3,negative,returns_support,resolved,Warranty claim approved. Replacement unit shipped.,WARRANTY_REPLACEMENT,475,false,,4,118
TKT-0292,CUS-0702,,PROD-009,2024-06-30T00:00:00Z,email,Question about my order,I need my order urgently. Can I upgrade the shipping method after placing the order?,orders,missing_item,missing_item,P1,negative,general_support,closed,Missing item reshipped at no charge.,WRONG_ITEM_RESOLVED,943,false,,3,162
TKT-0293,CUS-0543,,,2025-01-31T00:00:00Z,email,Return request for recent order,I received the wrong item in my shipment. I ordered a blue model but got a red one. Can I exchange or return it?,returns,policy,return_status,P3,angry,returns_support,closed,Full refund processed after confirming item condition.,EXCEPTION_APPLIED,1232,false,,3,86
TKT-0294,CUS-0556,,PROD-097,2024-10-24T00:00:00Z,web,Product question / issue,I need to know if I can use this device in a country with different voltage standards.,products,inquiry,product_compatibility,P2,negative,technical_support,resolved,Replacement product shipped under warranty.,WARRANTY_REPLACEMENT,1246,false,,5,88
TKT-0295,CUS-0462,,,2024-07-28T00:00:00Z,email,Security concern — urgent,I received a package I didn't order to my address. I'm worried someone is using my information.,security,account_compromise,unauthorized_access,P2,angry,security_support,in_progress,,,,false,,,188
TKT-0296,CUS-0586,ORD-00383,,2025-05-09T00:00:00Z,chat,Product question / issue,I'm trying to determine if this laptop is compatible with the external monitor I already own.,products,compatibility,product_defect,P2,neutral,technical_support,resolved,Technical specifications shared with customer.,INFO_PROVIDED,712,false,,4,177
TKT-0297,CUS-0270,,PROD-019,2024-12-03T00:00:00Z,email,Warranty claim request,My product stopped working and it's still under the manufacturer's warranty. How do I file a claim?,warranty,replacement,extend_warranty,P3,negative,returns_support,in_progress,,,,false,,,162
TKT-0298,CUS-0390,ORD-02809,PROD-057,2024-12-06T00:00:00Z,email,Payment problem on my account,I want to pay via invoice for my business account. How do I set up net-30 payment terms?,payments,authorization,invoice_request,P2,positive,billing_support,closed,Payment method updated successfully. Order will now process.,AUTHORIZATION_HOLD,169,false,,1,34
TKT-0299,CUS-0497,ORD-01171,PROD-059,2025-11-03T00:00:00Z,email,Account access issue,I want to remove a saved payment method from my account but can't find the option.,account,profile,account_security,P2,neutral,general_support,closed,Password reset email resent. Customer advised to check spam folder.,PASSWORD_RESET,1371,false,,4,94
TKT-0300,CUS-0583,,PROD-080,2024-12-16T00:00:00Z,web,Account access issue,Someone tried to access my account from an unfamiliar location. I received a security alert.,account,profile,password_reset,P1,neutral,general_support,open,,,,true,Security concern flagged,,185
TKT-0301,CUS-0291,ORD-00150,PROD-086,2025-08-28T00:00:00Z,web,Issue with my shipment — order help needed,My package has been stuck at the same location for 7 days. The tracking info hasn't updated at all.,shipping,failed_delivery,report_lost_package,P3,neutral,shipping_support,in_progress,,,,false,,,147
TKT-0302,CUS-0144,,,2025-08-30T00:00:00Z,phone,Payment problem on my account,I want to pay via invoice for my business account. How do I set up net-30 payment terms?,payments,update_method,invoice_request,P3,negative,billing_support,closed,Payment method updated successfully. Order will now process.,ESCALATED_BILLING,576,false,,4,11
TKT-0303,CUS-0097,ORD-04081,,2024-09-10T00:00:00Z,web,Question about my order,I placed an order 2 days ago and it's still in processing status. When will it ship?,orders,missing_item,missing_item,P2,neutral,general_support,in_progress,,,,false,,,54
TKT-0304,CUS-0991,ORD-01275,PROD-072,2024-07-28T00:00:00Z,chat,Technical support needed,I'm getting error code E-759 when trying to use the device. What does this mean?,technical,compatibility,compatibility_issue,P2,angry,technical_support,closed,Issue resolved with firmware update. Customer confirmed device working.,DRIVER_UPDATE,503,false,,5,236
TKT-0305,CUS-0990,ORD-02962,PROD-004,2024-08-24T00:00:00Z,chat,Product question / issue,I'm trying to determine if this laptop is compatible with the external monitor I already own.,products,inquiry,product_recommendation,P3,negative,technical_support,in_progress,,,,false,,,92
TKT-0306,CUS-0591,,,2025-07-15T00:00:00Z,email,Security concern — urgent,I received an email claiming to be from Acme Store asking for my password. I think it's a phishing attempt.,security,fraud,fraud_report,P2,negative,security_support,closed,Account temporarily suspended pending security review.,DATA_REQUEST_PROCESSED,171,false,,1,157
TKT-0307,CUS-0110,,PROD-068,2025-03-18T00:00:00Z,chat,Warranty claim request,What exactly is covered under the standard warranty? I'm not sure if my issue qualifies.,warranty,claim,extend_warranty,P3,negative,returns_support,in_progress,,,,false,,,31
TKT-0308,CUS-0982,,PROD-037,2025-07-01T00:00:00Z,web,Refund not received / billing issue,I received a partial refund but I expected a full refund. Can you explain why it wasn't fully refunded?,refunds,duplicate_charge,request_refund,P2,negative,billing_support,closed,Partial refund of 99.63 applied per return policy.,PARTIAL_REFUND,1431,true,High-value order involved,4,64
TKT-0309,CUS-0727,,PROD-069,2025-04-29T00:00:00Z,chat,Refund not received / billing issue,I returned my order 26 days ago and I still haven't received my refund. Can you check the status?,refunds,refund_status,dispute_charge,P2,negative,billing_support,resolved,Partial refund of 28.22 applied per return policy.,REFUND_PROCESSED,1131,false,,5,237
TKT-0310,CUS-0688,,PROD-017,2025-06-15T00:00:00Z,web,Product question / issue,Can you tell me if a specific product will be back in stock soon?,products,inquiry,product_inquiry,P3,angry,technical_support,open,,,,true,Issue unresolved after multiple contacts,,82
TKT-0311,CUS-0517,,PROD-083,2024-06-09T00:00:00Z,web,Product question / issue,I'm trying to determine if this laptop is compatible with the external monitor I already own.,products,recommendation,product_recommendation,P3,negative,technical_support,closed,Technical specifications shared with customer.,ACCESSORY_SENT,1324,false,,4,180
TKT-0312,CUS-0770,,,2025-07-24T00:00:00Z,web,Payment problem on my account,My payment keeps failing at checkout even though my card details are correct and I have sufficient funds.,payments,authorization,invoice_request,P3,negative,billing_support,resolved,Payment issue escalated to billing team for manual review.,INVOICE_SENT,203,false,,5,219
TKT-0313,CUS-0882,ORD-02150,PROD-059,2025-06-14T00:00:00Z,email,Refund not received / billing issue,"I disputed a charge and the bank said it was resolved, but I don't see the credit on my account yet.",refunds,partial,request_refund,P3,neutral,billing_support,open,,,,false,,,113
TKT-0314,CUS-0166,,PROD-013,2024-11-27T00:00:00Z,phone,Warranty claim request,"My warranty claim was rejected but I believe the damage is a manufacturing defect, not user damage.",warranty,extension,warranty_claim,P2,negative,returns_support,resolved,Warranty claim approved. Replacement unit shipped.,WARRANTY_EXTENDED,1108,true,Policy exception required,4,212
TKT-0315,CUS-0191,,PROD-001,2025-05-09T00:00:00Z,web,Payment problem on my account,The payment authorization failed even though my bank says the transaction was approved.,payments,update_method,invoice_request,P3,neutral,billing_support,resolved,Payment method updated successfully. Order will now process.,ESCALATED_BILLING,837,false,,4,184
TKT-0316,CUS-0113,ORD-03856,,2024-06-25T00:00:00Z,phone,Payment problem on my account,My credit card expired and I need to update my payment method for a pending order.,payments,invoice,payment_failure,P2,negative,billing_support,resolved,Alternative payment method accepted; order confirmed.,AUTHORIZATION_HOLD,837,false,,1,19
TKT-0317,CUS-0716,,PROD-029,2025-01-14T00:00:00Z,web,Refund not received / billing issue,I was charged twice for the same order. I can see two identical transactions on my credit card statement.,refunds,duplicate_charge,request_refund,P3,negative,billing_support,resolved,Duplicate charge reversed. Credit will appear within 3-7 business days.,REFUND_INITIATED,723,false,,3,141
TKT-0318,CUS-0157,ORD-04744,PROD-085,2025-09-29T00:00:00Z,web,Payment problem on my account,I'd like to split my payment across two different cards. Is that an option?,payments,update_method,payment_authorization_issue,P2,neutral,billing_support,resolved,Payment issue escalated to billing team for manual review.,AUTHORIZATION_HOLD,832,false,,3,215
TKT-0319,CUS-0580,,PROD-093,2024-07-16T00:00:00Z,web,Payment problem on my account,I want to pay via invoice for my business account. How do I set up net-30 payment terms?,payments,invoice,invoice_request,P1,negative,enterprise_support,resolved,Invoice generated and sent to customer email.,INVOICE_SENT,1065,false,,5,23
TKT-0320,CUS-0085,,PROD-006,2025-09-17T00:00:00Z,email,Return request for recent order,I want to return a gift I received. I have the order number but I'm not the original purchaser. Is that possible?,returns,damaged,initiate_return,P2,neutral,returns_support,closed,Return approved and replacement shipped express.,EXCEPTION_APPLIED,227,false,,1,131
TKT-0321,CUS-0814,,PROD-041,2025-08-14T00:00:00Z,chat,Payment problem on my account,I want to pay via invoice for my business account. How do I set up net-30 payment terms?,payments,billing,billing_inquiry,P0,negative,billing_support,closed,Customer advised to contact bank; charge appears to be a temporary authorization hold.,PAYMENT_UPDATED,1328,false,,4,23
TKT-0322,CUS-0690,ORD-02356,PROD-071,2024-11-29T00:00:00Z,email,Issue with my shipment — order help needed,"My tracking shows 'delivered' but I never received my package. I checked with my neighbors and the front desk, no sign of it.",shipping,delayed,report_lost_package,P1,negative,shipping_support,closed,Initiated investigation with carrier. Customer will be contacted within 2 business days.,DELIVERY_RESCHEDULED,385,false,,3,53
TKT-0323,CUS-0897,,PROD-002,2025-12-26T00:00:00Z,email,Technical support needed,My device won't turn on even after charging it fully overnight. I've tried holding the power button.,technical,connectivity,software_issue,P2,neutral,technical_support,in_progress,,,,false,,,5
TKT-0324,CUS-0363,,,2024-10-10T00:00:00Z,web,Product question / issue,I need to know if I can use this device in a country with different voltage standards.,products,inquiry,product_registration,P2,neutral,technical_support,in_progress,,,,false,,,230
TKT-0325,CUS-0288,,PROD-025,2025-06-30T00:00:00Z,email,Issue with my shipment — order help needed,"My tracking shows 'delivered' but I never received my package. I checked with my neighbors and the front desk, no sign of it.",shipping,lost_package,report_lost_package,P2,negative,shipping_support,closed,Filed lost package claim with carrier. Refund or replacement offered.,REFUNDED,1259,false,,1,47
TKT-0326,CUS-0035,,,2025-11-20T00:00:00Z,email,Account access issue,I have two accounts with the same email. I want to merge the order history into one account.,account,profile,password_reset,P2,angry,general_support,resolved,Account unlocked. Security review completed.,ACCOUNT_CLOSED,1410,false,,4,79
TKT-0327,CUS-0933,,PROD-047,2025-06-21T00:00:00Z,web,Question about my order,I need my order urgently. Can I upgrade the shipping method after placing the order?,orders,cancellation,missing_item,P3,negative,general_support,open,,,,false,,,161
TKT-0328,CUS-0205,,,2025-08-14T00:00:00Z,phone,Issue with my shipment — order help needed,"My tracking shows 'delivered' but I never received my package. I checked with my neighbors and the front desk, no sign of it.",shipping,tracking,report_delayed_delivery,P2,negative,shipping_support,resolved,Initiated investigation with carrier. Customer will be contacted within 2 business days.,TRACKING_PROVIDED,1343,false,,3,158
TKT-0329,CUS-0288,,PROD-019,2025-06-25T00:00:00Z,web,Issue with my shipment — order help needed,I ordered express shipping but it's been 20 days and still nothing. This should have arrived already.,shipping,lost_package,track_shipment,P2,positive,shipping_support,resolved,Rescheduled delivery for next business day.,TRACKING_PROVIDED,89,false,,3,188
TKT-0330,CUS-0418,,PROD-041,2025-12-01T00:00:00Z,web,Refund not received / billing issue,I returned my order 11 days ago and I still haven't received my refund. Can you check the status?,refunds,duplicate_charge,request_refund,P2,negative,billing_support,in_progress,,,,false,,,185
TKT-0331,CUS-0476,ORD-02537,PROD-016,2025-05-29T00:00:00Z,web,Return request for recent order,I'm an enterprise customer. I have a large order I need to return — what's the process for bulk returns?,returns,return_request,check_return_eligibility,P1,neutral,returns_support,in_progress,,,,true,Security concern flagged,,214
TKT-0332,CUS-0249,,,2025-07-09T00:00:00Z,chat,Return request for recent order,I received the wrong item in my shipment. I ordered a blue model but got a red one. Can I exchange or return it?,returns,defective,initiate_return,P2,neutral,returns_support,closed,Full refund processed after confirming item condition.,REFUND_PROCESSED,82,false,,3,105
TKT-0333,CUS-0126,ORD-01597,,2024-09-19T00:00:00Z,chat,Product question / issue,The product description says it includes a charging cable but mine didn't come with one.,products,recommendation,product_defect,P3,negative,technical_support,open,,,,false,,,140
TKT-0334,CUS-0800,ORD-00989,PROD-080,2025-02-13T00:00:00Z,chat,Warranty claim request,I purchased the product as a gift. The recipient wants to register the warranty — is that possible?,warranty,extension,warranty_replacement,P3,negative,returns_support,closed,Out-of-warranty repair approved at discounted rate.,CLAIM_REJECTED,1232,false,,3,237
TKT-0335,CUS-0224,,PROD-017,2025-01-26T00:00:00Z,email,Technical support needed,My device is overheating during normal use. The fan seems to be running constantly.,technical,compatibility,compatibility_issue,P0,angry,technical_support,in_progress,,,,true,Customer expressed extreme dissatisfaction,,194
TKT-0336,CUS-0539,,PROD-057,2025-09-05T00:00:00Z,email,Account access issue,I'm locked out of my account after too many failed login attempts. How do I unlock it?,account,closure,account_locked,P2,negative,general_support,waiting_for_customer,,,,false,,,13
TKT-0337,CUS-0850,,PROD-059,2025-07-05T00:00:00Z,email,Product question / issue,The specs say the battery lasts 8 hours but mine barely lasts 3. Is this a defect?,products,defect,product_recommendation,P2,negative,technical_support,resolved,Product registration completed manually by support agent.,REGISTRATION_DONE,214,false,,5,210
TKT-0338,CUS-0644,,PROD-056,2024-06-02T00:00:00Z,web,Payment problem on my account,My credit card expired and I need to update my payment method for a pending order.,payments,update_method,payment_failure,P3,negative,billing_support,open,,,,false,,,14
TKT-0339,CUS-0241,,PROD-074,2024-07-09T00:00:00Z,web,Product question / issue,I'm trying to determine if this laptop is compatible with the external monitor I already own.,products,recommendation,product_compatibility,P3,negative,technical_support,in_progress,,,,false,,,198
TKT-0340,CUS-0962,,PROD-021,2025-03-29T00:00:00Z,chat,Technical support needed,My device won't turn on even after charging it fully overnight. I've tried holding the power button.,technical,connectivity,software_issue,P1,neutral,technical_support,open,,,,false,,,183
TKT-0341,CUS-0524,,PROD-025,2025-05-28T00:00:00Z,web,Return request for recent order,I want to return a gift I received. I have the order number but I'm not the original purchaser. Is that possible?,returns,exchange,initiate_return,P1,positive,returns_support,closed,Return label issued. Customer to ship item within 7 days.,RETURN_APPROVED,944,true,Security concern flagged,4,139
TKT-0342,CUS-0977,ORD-02566,PROD-082,2024-10-23T00:00:00Z,web,Account access issue,I have two accounts with the same email. I want to merge the order history into one account.,account,merge,account_security,P2,negative,general_support,waiting_for_customer,,,,false,,,237
TKT-0343,CUS-0204,,PROD-074,2024-06-09T00:00:00Z,chat,Question about my order,I ordered the wrong size/color variant. Can this be changed or do I need to cancel and reorder?,orders,missing_item,check_order_status,P2,neutral,general_support,waiting_for_customer,,,,false,,,133
TKT-0344,CUS-0801,,PROD-094,2024-10-24T00:00:00Z,web,Question about my order,My order shows as delivered but it only partially arrived — some items are missing.,orders,modification,cancel_order,P1,angry,general_support,in_progress,,,,true,High-value order involved,,224
TKT-0345,CUS-0390,ORD-00278,,2025-02-04T00:00:00Z,chat,Return request for recent order,I opened the box but decided the product isn't what I need. Can I still return it even though it's been opened?,returns,damaged,check_return_eligibility,P1,negative,returns_support,in_progress,,,,false,,,198
TKT-0346,CUS-0378,,PROD-040,2024-11-17T00:00:00Z,chat,Payment problem on my account,I'd like to split my payment across two different cards. Is that an option?,payments,payment_failure,billing_inquiry,P2,negative,billing_support,resolved,Payment issue escalated to billing team for manual review.,PAYMENT_UPDATED,1234,false,,4,95
TKT-0347,CUS-0266,,,2025-09-08T00:00:00Z,web,Refund not received / billing issue,I returned two items from the same order. I only received a refund for one. What happened to the other?,refunds,timeline,check_refund_status,P3,positive,billing_support,open,,,,false,,,118
TKT-0348,CUS-0615,,PROD-006,2024-09-17T00:00:00Z,chat,Return request for recent order,The product stopped working after just a week of normal use. This seems like a manufacturing defect.,returns,exchange,return_status,P3,neutral,returns_support,closed,Return label issued. Customer to ship item within 7 days.,ENTERPRISE_RETURN,468,false,,5,86
TKT-0349,CUS-0055,ORD-02602,PROD-034,2025-11-18T00:00:00Z,web,Security concern — urgent,I want to enable two-factor authentication on my account. How do I set it up?,security,unauthorized_access,account_compromise,P2,negative,security_support,resolved,Fraudulent orders cancelled. Refund initiated. Account secured.,PHISHING_LOGGED,435,false,,5,20
TKT-0350,CUS-0128,ORD-01229,PROD-095,2024-09-14T00:00:00Z,email,Technical support needed,The display has dead pixels. I noticed them right after unboxing. This seems like a defect.,technical,software,connectivity_problem,P3,negative,technical_support,closed,Driver update resolved connectivity issue.,DRIVER_UPDATE,641,false,,4,169
TKT-0351,CUS-0631,ORD-03647,PROD-072,2025-12-24T00:00:00Z,email,Question about my order,I accidentally ordered two of the same item. Can I modify the quantity to just one?,orders,status,modify_order,P2,neutral,general_support,in_progress,,,,false,,,215
TKT-0352,CUS-0384,,PROD-056,2025-04-05T00:00:00Z,web,Security concern — urgent,I received a notification about a login from a location I've never been to. I think my account is compromised.,security,phishing,account_compromise,P2,angry,security_support,in_progress,,,,true,High-value order involved,,166
TKT-0353,CUS-0325,,,2025-09-15T00:00:00Z,web,Warranty claim request,The product was repaired under warranty but the same issue has returned. What are my options?,warranty,claim,extend_warranty,P3,angry,returns_support,closed,Device sent for repair under warranty. ETA 7-10 business days.,WARRANTY_EXTENDED,346,false,,1,93
TKT-0354,CUS-0537,,PROD-025,2025-12-05T00:00:00Z,email,Question about my order,I ordered the wrong size/color variant. Can this be changed or do I need to cancel and reorder?,orders,cancellation,report_wrong_item,P2,angry,general_support,open,,,,false,,,85
TKT-0355,CUS-0196,,PROD-098,2025-02-13T00:00:00Z,chat,Refund not received / billing issue,I cancelled my order within minutes of placing it but I was still charged. When will I receive my refund?,refunds,partial,dispute_charge,P2,negative,billing_support,closed,Refund of 123.02 processed to original payment method. Allow 3-5 business days.,DUPLICATE_REVERSED,352,false,,5,44
TKT-0356,CUS-0378,,PROD-013,2025-07-17T00:00:00Z,phone,Warranty claim request,I lost my proof of purchase. Can I still make a warranty claim using my order number?,warranty,extension,check_warranty_status,P3,negative,returns_support,resolved,Warranty extended by 12 months as goodwill gesture.,WARRANTY_EXTENDED,358,false,,2,190
TKT-0357,CUS-0691,,PROD-087,2025-08-28T00:00:00Z,email,Security concern — urgent,My credit card was charged by Acme Store but I haven't placed any orders recently.,security,unauthorized_access,fraud_report,P1,positive,security_support,open,,,,false,,,106
TKT-0358,CUS-0395,,PROD-081,2024-07-03T00:00:00Z,email,Warranty claim request,I lost my proof of purchase. Can I still make a warranty claim using my order number?,warranty,replacement,check_warranty_status,P3,negative,returns_support,closed,Warranty extended by 12 months as goodwill gesture.,CLAIM_REJECTED,1026,false,,4,124
TKT-0359,CUS-0981,ORD-02839,PROD-064,2025-09-20T00:00:00Z,email,Payment problem on my account,I want to pay via invoice for my business account. How do I set up net-30 payment terms?,payments,payment_failure,billing_inquiry,P0,neutral,billing_support,resolved,Payment method updated successfully. Order will now process.,INVOICE_SENT,300,false,,5,11
TKT-0360,CUS-0917,,PROD-084,2025-08-05T00:00:00Z,chat,Technical support needed,My device won't turn on even after charging it fully overnight. I've tried holding the power button.,technical,software,setup_issue,P3,negative,technical_support,closed,Escalated to engineering team for further investigation.,HARDWARE_REPLACEMENT,97,false,,4,125
TKT-0361,CUS-0111,,PROD-036,2024-11-23T00:00:00Z,email,Account access issue,I want to remove a saved payment method from my account but can't find the option.,account,merge,update_profile,P2,angry,general_support,resolved,Email address updated successfully.,ACCOUNT_UNLOCKED,1128,false,,4,50
TKT-0362,CUS-0286,,PROD-025,2025-04-18T00:00:00Z,email,Account access issue,My account seems to have been hacked. I see order history for purchases I didn't make.,account,password,close_account,P0,positive,general_support,open,,,,false,,,134
TKT-0363,CUS-0001,,PROD-096,2024-11-04T00:00:00Z,web,Warranty claim request,What exactly is covered under the standard warranty? I'm not sure if my issue qualifies.,warranty,replacement,warranty_replacement,P2,neutral,returns_support,in_progress,,,,false,,,34
TKT-0364,CUS-0564,,PROD-091,2024-06-18T00:00:00Z,phone,Payment problem on my account,My payment keeps failing at checkout even though my card details are correct and I have sufficient funds.,payments,authorization,update_payment_method,P2,negative,billing_support,open,,,,false,,,103
TKT-0365,CUS-0404,,PROD-046,2024-08-27T00:00:00Z,email,Payment problem on my account,My PayPal payment shows as completed on PayPal's side but my order still shows payment pending.,payments,update_method,update_payment_method,P0,negative,billing_support,open,,,,true,High-value order involved,,131
TKT-0366,CUS-0562,,PROD-033,2024-12-20T00:00:00Z,web,Refund not received / billing issue,I received a partial refund but I expected a full refund. Can you explain why it wasn't fully refunded?,refunds,refund_status,partial_refund_request,P2,angry,billing_support,in_progress,,,,false,,,186
TKT-0367,CUS-0870,,,2024-12-12T00:00:00Z,web,Return request for recent order,I want to return a gift I received. I have the order number but I'm not the original purchaser. Is that possible?,returns,damaged,report_defective_item,P2,neutral,returns_support,closed,Return label issued. Customer to ship item within 7 days.,EXCEPTION_APPLIED,853,false,,3,4
TKT-0368,CUS-0833,,PROD-098,2024-06-26T00:00:00Z,email,Return request for recent order,I want to return a gift I received. I have the order number but I'm not the original purchaser. Is that possible?,returns,damaged,initiate_return,P2,neutral,returns_support,in_progress,,,,false,,,124
TKT-0369,CUS-0547,,,2024-10-02T00:00:00Z,email,Warranty claim request,I lost my proof of purchase. Can I still make a warranty claim using my order number?,warranty,extension,extend_warranty,P2,negative,returns_support,resolved,Warranty claim approved. Replacement unit shipped.,WARRANTY_REPLACEMENT,771,false,,5,172
TKT-0370,CUS-0555,ORD-01485,PROD-089,2025-09-04T00:00:00Z,web,Issue with my shipment — order help needed,"My tracking shows 'delivered' but I never received my package. I checked with my neighbors and the front desk, no sign of it.",shipping,lost_package,change_shipping_address,P3,negative,shipping_support,waiting_for_customer,,,,false,,,151
TKT-0371,CUS-0961,ORD-02069,PROD-054,2024-09-02T00:00:00Z,phone,Account access issue,My account seems to have been hacked. I see order history for purchases I didn't make.,account,merge,password_reset,P2,negative,general_support,resolved,Email address updated successfully.,EMAIL_UPDATED,411,false,,5,136
TKT-0372,CUS-0906,,,2024-06-19T00:00:00Z,email,Refund not received / billing issue,"I disputed a charge and the bank said it was resolved, but I don't see the credit on my account yet.",refunds,refund_status,report_duplicate_charge,P2,neutral,billing_support,closed,Duplicate charge reversed. Credit will appear within 3-7 business days.,REFUND_PROCESSED,982,false,,3,235
TKT-0373,CUS-0157,,PROD-017,2025-05-17T00:00:00Z,chat,Refund not received / billing issue,I was charged twice for the same order. I can see two identical transactions on my credit card statement.,refunds,cancellation,report_duplicate_charge,P3,negative,billing_support,resolved,Partial refund of 371.58 applied per return policy.,PARTIAL_REFUND,602,false,,4,94
TKT-0374,CUS-0444,ORD-01246,,2025-12-07T00:00:00Z,chat,Product question / issue,The specs say the battery lasts 8 hours but mine barely lasts 3. Is this a defect?,products,registration,product_defect,P2,negative,technical_support,closed,Missing accessory dispatched as separate shipment.,WARRANTY_REPLACEMENT,141,false,,4,140
TKT-0375,CUS-0159,,PROD-099,2025-09-30T00:00:00Z,web,Warranty claim request,My warranty repair is taking longer than expected. When will I get my product back?,warranty,claim,warranty_replacement,P1,negative,returns_support,in_progress,,,,false,,,134
TKT-0376,CUS-0177,,,2025-04-19T00:00:00Z,web,Technical support needed,I'm getting error code E-611 when trying to use the device. What does this mean?,technical,hardware,setup_issue,P2,angry,technical_support,closed,Remote diagnostic completed. Factory reset recommended and performed.,FACTORY_RESET,1132,false,,4,99
TKT-0377,CUS-0444,ORD-00834,PROD-088,2025-02-26T00:00:00Z,chat,Payment problem on my account,I want to pay via invoice for my business account. How do I set up net-30 payment terms?,payments,billing,payment_failure,P3,neutral,billing_support,waiting_for_customer,,,,false,,,76
TKT-0378,CUS-0215,,,2025-09-30T00:00:00Z,phone,Payment problem on my account,I made a bank transfer 29 days ago but my order is still showing payment pending.,payments,update_method,invoice_request,P3,angry,billing_support,closed,Invoice generated and sent to customer email.,PAYMENT_UPDATED,774,false,,4,68
TKT-0379,CUS-0464,,PROD-040,2024-11-05T00:00:00Z,chat,Question about my order,"I received a confirmation email but when I check my account, I don't see the order listed.",orders,wrong_item,modify_order,P3,negative,general_support,in_progress,,,,false,,,238
TKT-0380,CUS-0112,,,2024-06-29T00:00:00Z,email,Product question / issue,I'm trying to determine if this laptop is compatible with the external monitor I already own.,products,recommendation,product_defect,P2,positive,technical_support,resolved,Replacement product shipped under warranty.,COMPATIBILITY_CONFIRMED,1146,false,,2,86
TKT-0381,CUS-0903,,PROD-034,2025-07-13T00:00:00Z,chat,Security concern — urgent,The security question on my account has been changed without my knowledge.,security,phishing,unauthorized_access,P3,neutral,security_support,open,,,,false,,,70
TKT-0382,CUS-0927,,PROD-088,2025-10-10T00:00:00Z,chat,Account access issue,I need to update my billing address. I've moved and need to update my details.,account,merge,account_security,P2,negative,general_support,in_progress,,,,false,,,149
TKT-0383,CUS-0120,,PROD-060,2025-10-08T00:00:00Z,web,Account access issue,I want to remove a saved payment method from my account but can't find the option.,account,security,password_reset,P2,positive,general_support,in_progress,,,,false,,,113
TKT-0384,CUS-0203,,,2024-11-26T00:00:00Z,phone,Account access issue,I'm locked out of my account after too many failed login attempts. How do I unlock it?,account,email,account_security,P3,negative,general_support,resolved,Two-factor authentication enabled on customer's account.,2FA_ENABLED,806,false,,4,80
TKT-0385,CUS-0249,,PROD-019,2025-06-21T00:00:00Z,email,Question about my order,I need to cancel my order. I just placed it 60 minutes ago — is it possible to cancel before it ships?,orders,status,cancel_order,P1,negative,general_support,closed,Wrong item return label issued; correct item shipped.,CANCELLED,470,false,,3,183
TKT-0386,CUS-0766,ORD-03401,,2025-04-02T00:00:00Z,email,Payment problem on my account,My PayPal payment shows as completed on PayPal's side but my order still shows payment pending.,payments,billing,invoice_request,P2,negative,billing_support,resolved,Payment method updated successfully. Order will now process.,ALT_PAYMENT,1244,true,Customer requested supervisor,4,177
TKT-0387,CUS-0905,,PROD-061,2024-10-09T00:00:00Z,chat,Return request for recent order,I opened the box but decided the product isn't what I need. Can I still return it even though it's been opened?,returns,defective,initiate_return,P3,neutral,returns_support,resolved,Return label issued. Customer to ship item within 7 days.,RETURN_APPROVED,692,false,,4,168
TKT-0388,CUS-0259,ORD-04509,PROD-024,2025-10-22T00:00:00Z,chat,Warranty claim request,I purchased the product as a gift. The recipient wants to register the warranty — is that possible?,warranty,coverage,extend_warranty,P2,neutral,returns_support,closed,Warranty claim approved. Replacement unit shipped.,WARRANTY_REPAIR,1244,false,,4,166
TKT-0389,CUS-0588,,PROD-065,2025-11-04T00:00:00Z,web,Technical support needed,I'm having connectivity issues — the device keeps disconnecting from WiFi every few minutes.,technical,connectivity,compatibility_issue,P3,angry,technical_support,waiting_for_customer,,,,false,,,44
TKT-0390,CUS-0591,ORD-00803,,2025-05-04T00:00:00Z,chat,Product question / issue,Can you help me understand the difference between the two models I'm considering?,products,recommendation,product_recommendation,P2,negative,technical_support,in_progress,,,,false,,,163
TKT-0391,CUS-0877,,PROD-032,2024-11-01T00:00:00Z,chat,Account access issue,Someone tried to access my account from an unfamiliar location. I received a security alert.,account,email,account_locked,P2,positive,general_support,waiting_for_customer,,,,false,,,194
TKT-0392,CUS-0109,ORD-03477,PROD-079,2024-11-28T00:00:00Z,email,Question about my order,I need to cancel my order. I just placed it 100 minutes ago — is it possible to cancel before it ships?,orders,missing_item,missing_item,P3,neutral,general_support,closed,Order modification applied before shipment cutoff.,WRONG_ITEM_RESOLVED,862,false,,2,138
TKT-0393,CUS-0136,,,2025-02-18T00:00:00Z,web,Security concern — urgent,I received a package I didn't order to my address. I'm worried someone is using my information.,security,fraud,suspicious_activity,P2,neutral,security_support,closed,Phishing report logged. Customer advised on account security measures.,ACCOUNT_SUSPENDED,241,false,,5,17
TKT-0394,CUS-0185,ORD-00932,,2025-03-16T00:00:00Z,phone,Issue with my shipment — order help needed,I need to change my delivery address. My order hasn't shipped yet — is it too late to update?,shipping,wrong_address,report_delayed_delivery,P0,negative,shipping_support,resolved,Initiated investigation with carrier. Customer will be contacted within 2 business days.,RESHIPPED,1037,false,,1,9
TKT-0395,CUS-0019,,,2024-12-03T00:00:00Z,email,Question about my order,One item from my multi-item order arrived but the other is still showing as processing.,orders,status,check_order_status,P2,negative,general_support,waiting_for_customer,,,,false,,,4
TKT-0396,CUS-0587,,PROD-039,2024-06-01T00:00:00Z,chat,Warranty claim request,I purchased the product as a gift. The recipient wants to register the warranty — is that possible?,warranty,status,warranty_replacement,P2,angry,returns_support,resolved,Claim rejected — damage determined to be outside warranty scope. Repair quote provided.,WARRANTY_REPLACEMENT,477,false,,5,158
TKT-0397,CUS-0016,,PROD-089,2025-08-20T00:00:00Z,web,Issue with my shipment — order help needed,"My tracking shows 'delivered' but I never received my package. I checked with my neighbors and the front desk, no sign of it.",shipping,delayed,change_shipping_address,P3,negative,shipping_support,resolved,Filed lost package claim with carrier. Refund or replacement offered.,CARRIER_INVESTIGATION,903,false,,2,157
TKT-0398,CUS-0566,ORD-01449,,2025-06-17T00:00:00Z,email,Warranty claim request,My product stopped working and it's still under the manufacturer's warranty. How do I file a claim?,warranty,claim,extend_warranty,P2,negative,returns_support,resolved,Device sent for repair under warranty. ETA 7-10 business days.,CLAIM_REJECTED,136,false,,3,154
TKT-0399,CUS-0615,,PROD-045,2024-11-29T00:00:00Z,web,Payment problem on my account,I'm getting an error message saying my billing address doesn't match. I've confirmed it's correct.,payments,payment_failure,billing_inquiry,P3,neutral,billing_support,resolved,Payment method updated successfully. Order will now process.,AUTHORIZATION_HOLD,909,false,,5,23
TKT-0400,CUS-0781,,PROD-074,2024-12-02T00:00:00Z,chat,Return request for recent order,My item arrived defective straight out of the box. I haven't even used it. What's the fastest way to get a replacement?,returns,exchange,report_defective_item,P2,neutral,returns_support,open,,,,false,,,190
TKT-0401,CUS-0109,,,2024-09-15T00:00:00Z,email,Account access issue,My account seems to have been hacked. I see order history for purchases I didn't make.,account,closure,account_locked,P3,neutral,general_support,closed,Two-factor authentication enabled on customer's account.,ACCOUNT_UNLOCKED,1060,false,,4,177
TKT-0402,CUS-0879,ORD-01356,,2025-10-18T00:00:00Z,phone,Product question / issue,The specs say the battery lasts 8 hours but mine barely lasts 3. Is this a defect?,products,recommendation,product_registration,P2,neutral,technical_support,in_progress,,,,false,,,26
TKT-0403,CUS-0763,,PROD-051,2025-07-11T00:00:00Z,chat,Return request for recent order,I purchased a smartphone 14 days ago. I know electronics have a shorter return window — am I still eligible?,returns,policy,initiate_return,P2,angry,returns_support,in_progress,,,,false,,,48
TKT-0404,CUS-0418,,,2025-12-17T00:00:00Z,phone,Technical support needed,My device won't turn on even after charging it fully overnight. I've tried holding the power button.,technical,setup,software_issue,P3,negative,technical_support,closed,Hardware defect confirmed. Replacement unit authorized.,FIRMWARE_UPDATE,510,false,,4,194
TKT-0405,CUS-0660,,PROD-051,2025-04-21T00:00:00Z,email,Security concern — urgent,Someone appears to have used my account to place orders. I need all recent orders cancelled.,security,data,data_breach_concern,P2,negative,security_support,resolved,Account temporarily suspended pending security review.,PHISHING_LOGGED,265,false,,4,184
TKT-0406,CUS-0797,,,2025-07-11T00:00:00Z,web,Question about my order,"I received a confirmation email but when I check my account, I don't see the order listed.",orders,status,report_wrong_item,P3,negative,general_support,in_progress,,,,true,Customer expressed extreme dissatisfaction,,118
TKT-0407,CUS-0767,,,2025-08-18T00:00:00Z,chat,Question about my order,My order was split into two shipments without any notification. When will the second one arrive?,orders,status,check_order_status,P2,negative,general_support,in_progress,,,,false,,,159
TKT-0408,CUS-0693,,PROD-016,2025-07-03T00:00:00Z,web,Security concern — urgent,I want to enable two-factor authentication on my account. How do I set it up?,security,data,data_breach_concern,P2,negative,security_support,resolved,Data request processed per GDPR guidelines.,ACCOUNT_SUSPENDED,1086,false,,4,8
TKT-0409,CUS-0722,,,2025-05-26T00:00:00Z,web,Technical support needed,I followed the setup instructions but the device isn't being recognized by my computer.,technical,connectivity,setup_issue,P3,angry,technical_support,open,,,,true,Policy exception required,,228
TKT-0410,CUS-0919,,,2025-12-20T00:00:00Z,email,Question about my order,I accidentally ordered two of the same item. Can I modify the quantity to just one?,orders,missing_item,cancel_order,P1,negative,general_support,closed,Order successfully cancelled. Refund initiated.,WRONG_ITEM_RESOLVED,397,false,,5,5
TKT-0411,CUS-0035,,PROD-083,2024-09-20T00:00:00Z,email,Warranty claim request,I'd like to extend my warranty before it expires. What options are available?,warranty,claim,extend_warranty,P2,angry,returns_support,open,,,,false,,,111
TKT-0412,CUS-0270,,PROD-022,2025-08-24T00:00:00Z,chat,Issue with my shipment — order help needed,I placed an order 22 days ago and my package hasn't arrived yet. The tracking number shows it's still in transit. Can you help?,shipping,tracking,report_delayed_delivery,P3,neutral,shipping_support,closed,Initiated investigation with carrier. Customer will be contacted within 2 business days.,CARRIER_INVESTIGATION,411,true,Security concern flagged,5,162
TKT-0413,CUS-0874,,,2024-11-11T00:00:00Z,email,Technical support needed,I'm getting error code E-835 when trying to use the device. What does this mean?,technical,setup,hardware_malfunction,P1,negative,technical_support,in_progress,,,,false,,,117
TKT-0414,CUS-0098,,PROD-048,2025-11-28T00:00:00Z,phone,Payment problem on my account,I need an official invoice for my order for tax purposes. Can you send me one?,payments,payment_failure,billing_inquiry,P2,negative,billing_support,resolved,Customer advised to contact bank; charge appears to be a temporary authorization hold.,ESCALATED_BILLING,20,false,,5,12
TKT-0415,CUS-0877,,PROD-058,2024-09-09T00:00:00Z,email,Account access issue,I'm locked out of my account after too many failed login attempts. How do I unlock it?,account,security,update_profile,P2,neutral,general_support,in_progress,,,,false,,,55
TKT-0416,CUS-0677,,,2025-03-21T00:00:00Z,email,Refund not received / billing issue,My refund was supposed to be processed 10 days ago according to your email. Still nothing in my account.,refunds,partial,request_refund,P1,negative,billing_support,resolved,Refund initiated; customer advised to allow up to 10 days for bank processing.,FULL_REFUND,206,false,,3,134
TKT-0417,CUS-0472,,,2025-05-15T00:00:00Z,phone,Return request for recent order,I received a damaged item in my order. The packaging was intact but the product itself is cracked. I need to return it.,returns,return_status,initiate_return,P2,neutral,returns_support,waiting_for_customer,,,,false,,,21
TKT-0418,CUS-0449,,PROD-090,2024-10-04T00:00:00Z,chat,Account access issue,I need to update my billing address. I've moved and need to update my details.,account,merge,close_account,P1,neutral,general_support,open,,,,false,,,30
TKT-0419,CUS-0911,,PROD-004,2024-07-14T00:00:00Z,web,Security concern — urgent,I received a package I didn't order to my address. I'm worried someone is using my information.,security,data,fraud_report,P2,angry,security_support,resolved,Account temporarily suspended pending security review.,DATA_REQUEST_PROCESSED,816,false,,4,72
TKT-0420,CUS-0007,ORD-00862,PROD-057,2025-12-27T00:00:00Z,email,Account access issue,I want to close my account and delete all my personal data. What's the process?,account,password,update_profile,P3,negative,general_support,resolved,Account unlocked. Security review completed.,EMAIL_UPDATED,162,false,,1,110
TKT-0421,CUS-0164,ORD-04458,,2025-06-29T00:00:00Z,web,Warranty claim request,"My warranty claim was rejected but I believe the damage is a manufacturing defect, not user damage.",warranty,status,warranty_claim,P2,positive,enterprise_support,closed,Device sent for repair under warranty. ETA 7-10 business days.,WARRANTY_EXTENDED,1041,false,,2,157
TKT-0422,CUS-0781,,PROD-073,2024-10-23T00:00:00Z,web,Product question / issue,Can you help me understand the difference between the two models I'm considering?,products,inquiry,product_compatibility,P3,neutral,technical_support,in_progress,,,,false,,,4
TKT-0423,CUS-0196,,,2024-09-17T00:00:00Z,phone,Product question / issue,I'm having trouble setting up my new device. The instructions aren't clear.,products,defect,product_registration,P2,angry,technical_support,resolved,Compatibility confirmed with customer's existing setup.,COMPATIBILITY_CONFIRMED,851,false,,4,236
TKT-0424,CUS-0851,,,2025-07-03T00:00:00Z,email,Payment problem on my account,My credit card expired and I need to update my payment method for a pending order.,payments,payment_failure,update_payment_method,P2,negative,billing_support,resolved,Alternative payment method accepted; order confirmed.,INVOICE_SENT,720,false,,4,12
TKT-0425,CUS-0827,ORD-00750,,2024-09-05T00:00:00Z,email,Issue with my shipment — order help needed,My order shows it shipped but I never received a tracking number via email. How can I find out where my package is?,shipping,tracking,change_shipping_address,P3,negative,shipping_support,open,,,,false,,,114
TKT-0426,CUS-0749,,PROD-061,2025-08-11T00:00:00Z,web,Payment problem on my account,I'd like to split my payment across two different cards. Is that an option?,payments,update_method,payment_failure,P2,positive,billing_support,in_progress,,,,false,,,29
TKT-0427,CUS-0041,ORD-03010,PROD-018,2024-12-10T00:00:00Z,chat,Warranty claim request,I purchased the product as a gift. The recipient wants to register the warranty — is that possible?,warranty,coverage,extend_warranty,P2,neutral,returns_support,resolved,Device sent for repair under warranty. ETA 7-10 business days.,WARRANTY_EXTENDED,1256,false,,3,135
TKT-0428,CUS-0705,,PROD-052,2025-01-05T00:00:00Z,email,Technical support needed,The display has dead pixels. I noticed them right after unboxing. This seems like a defect.,technical,setup,hardware_malfunction,P2,negative,technical_support,waiting_for_customer,,,,false,,,95
TKT-0429,CUS-0462,,PROD-072,2025-09-06T00:00:00Z,chat,Issue with my shipment — order help needed,"My tracking shows 'delivered' but I never received my package. I checked with my neighbors and the front desk, no sign of it.",shipping,lost_package,report_delayed_delivery,P2,negative,shipping_support,closed,Rescheduled delivery for next business day.,CARRIER_INVESTIGATION,245,true,Issue unresolved after multiple contacts,4,132
TKT-0430,CUS-0383,,,2025-05-05T00:00:00Z,email,Product question / issue,The specs say the battery lasts 8 hours but mine barely lasts 3. Is this a defect?,products,recommendation,product_recommendation,P2,positive,technical_support,open,,,,false,,,211
TKT-0431,CUS-0155,,PROD-059,2025-08-10T00:00:00Z,web,Product question / issue,The product description says it includes a charging cable but mine didn't come with one.,products,defect,product_registration,P1,angry,technical_support,in_progress,,,,false,,,123
TKT-0432,CUS-0296,,PROD-014,2024-08-24T00:00:00Z,chat,Security concern — urgent,I received a package I didn't order to my address. I'm worried someone is using my information.,security,data,fraud_report,P3,angry,security_support,in_progress,,,,true,Security concern flagged,,188
TKT-0433,CUS-0324,,,2025-05-03T00:00:00Z,email,Payment problem on my account,My PayPal payment shows as completed on PayPal's side but my order still shows payment pending.,payments,authorization,invoice_request,P2,neutral,billing_support,resolved,Invoice generated and sent to customer email.,AUTHORIZATION_HOLD,1014,false,,4,96
TKT-0434,CUS-0703,,PROD-020,2025-12-04T00:00:00Z,email,Account access issue,I need to update my email address. The current one is from a job I no longer have.,account,profile,account_locked,P2,positive,general_support,resolved,Email address updated successfully.,EMAIL_UPDATED,471,false,,5,173
TKT-0435,CUS-0870,,,2024-06-05T00:00:00Z,email,Return request for recent order,I received the wrong item in my shipment. I ordered a blue model but got a red one. Can I exchange or return it?,returns,return_request,return_status,P3,negative,returns_support,resolved,Full refund processed after confirming item condition.,EXCEPTION_APPLIED,706,true,High-value order involved,1,172
TKT-0436,CUS-0393,,PROD-032,2025-05-14T00:00:00Z,web,Account access issue,I have two accounts with the same email. I want to merge the order history into one account.,account,security,close_account,P2,negative,general_support,open,,,,true,Issue unresolved after multiple contacts,,146
TKT-0437,CUS-0012,,,2024-08-22T00:00:00Z,chat,Account access issue,I need to update my billing address. I've moved and need to update my details.,account,closure,close_account,P2,angry,general_support,closed,Email address updated successfully.,2FA_ENABLED,1137,false,,3,89
TKT-0438,CUS-0548,,,2024-12-02T00:00:00Z,email,Return request for recent order,I'm an enterprise customer. I have a large order I need to return — what's the process for bulk returns?,returns,defective,report_defective_item,P2,neutral,returns_support,open,,,,false,,,58
TKT-0439,CUS-0365,ORD-03887,,2025-05-27T00:00:00Z,chat,Payment problem on my account,I want to pay via invoice for my business account. How do I set up net-30 payment terms?,payments,authorization,update_payment_method,P2,neutral,billing_support,waiting_for_customer,,,,false,,,82
TKT-0440,CUS-0065,,,2025-10-27T00:00:00Z,chat,Question about my order,My order shows as processing but I haven't received any shipping confirmation email yet.,orders,modification,check_order_status,P2,neutral,general_support,resolved,Wrong item return label issued; correct item shipped.,MODIFIED,1165,false,,3,147
TKT-0441,CUS-0351,,PROD-008,2024-10-23T00:00:00Z,web,Warranty claim request,What exactly is covered under the standard warranty? I'm not sure if my issue qualifies.,warranty,status,extend_warranty,P1,neutral,returns_support,waiting_for_customer,,,,false,,,189
TKT-0442,CUS-0594,,PROD-041,2025-10-27T00:00:00Z,web,Account access issue,I want to close my account and delete all my personal data. What's the process?,account,closure,account_locked,P3,negative,general_support,in_progress,,,,false,,,131
TKT-0443,CUS-0265,,,2025-07-01T00:00:00Z,email,Issue with my shipment — order help needed,I received a notification that my package was delivered but it's not here. Could it have been delivered to the wrong address?,shipping,lost_package,track_shipment,P2,neutral,shipping_support,open,,,,false,,,73
TKT-0444,CUS-0933,,,2025-05-26T00:00:00Z,web,Product question / issue,The specs say the battery lasts 8 hours but mine barely lasts 3. Is this a defect?,products,compatibility,product_registration,P3,neutral,technical_support,closed,Missing accessory dispatched as separate shipment.,WARRANTY_REPLACEMENT,927,false,,2,7
TKT-0445,CUS-0470,,PROD-058,2025-10-27T00:00:00Z,web,Question about my order,I accidentally ordered two of the same item. Can I modify the quantity to just one?,orders,status,check_order_status,P1,angry,general_support,waiting_for_customer,,,,false,,,24
TKT-0446,CUS-0356,,PROD-060,2025-11-21T00:00:00Z,web,Security concern — urgent,I received a package I didn't order to my address. I'm worried someone is using my information.,security,unauthorized_access,suspicious_activity,P2,negative,security_support,resolved,Account temporarily suspended pending security review.,ACCOUNT_SUSPENDED,795,false,,4,23
TKT-0447,CUS-0442,,PROD-052,2025-06-09T00:00:00Z,chat,Question about my order,My order was split into two shipments without any notification. When will the second one arrive?,orders,wrong_item,missing_item,P2,negative,general_support,in_progress,,,,false,,,9
TKT-0448,CUS-0852,,PROD-066,2025-05-04T00:00:00Z,web,Refund not received / billing issue,"I disputed a charge and the bank said it was resolved, but I don't see the credit on my account yet.",refunds,refund_status,request_refund,P2,neutral,billing_support,resolved,Partial refund of 290.69 applied per return policy.,REFUND_INITIATED,755,false,,4,146
TKT-0449,CUS-0001,,PROD-058,2025-01-11T00:00:00Z,chat,Return request for recent order,I received the wrong item in my shipment. I ordered a blue model but got a red one. Can I exchange or return it?,returns,defective,report_damaged_item,P2,negative,returns_support,resolved,Return label issued. Customer to ship item within 7 days.,REPLACEMENT_SENT,731,false,,4,120
TKT-0450,CUS-0754,,PROD-003,2025-04-28T00:00:00Z,web,Warranty claim request,I need to check if my product is still under warranty. I've had it for about 12 months.,warranty,coverage,extend_warranty,P3,neutral,returns_support,closed,Warranty extended by 12 months as goodwill gesture.,WARRANTY_REPLACEMENT,1066,false,,3,144
TKT-0451,CUS-0412,,,2024-12-22T00:00:00Z,email,Question about my order,"I received a confirmation email but when I check my account, I don't see the order listed.",orders,modification,modify_order,P3,negative,general_support,open,,,,false,,,133
TKT-0452,CUS-0639,,PROD-054,2025-11-10T00:00:00Z,web,Account access issue,I'm not receiving order confirmation emails even though my address is correct.,account,security,update_profile,P3,neutral,general_support,resolved,Email address updated successfully.,ACCOUNT_CLOSED,198,false,,4,9
TKT-0453,CUS-0523,,PROD-014,2025-07-15T00:00:00Z,email,Refund not received / billing issue,The refund amount doesn't match what I paid. I paid with a discount code — was that taken into account?,refunds,cancellation,partial_refund_request,P3,neutral,billing_support,resolved,Partial refund of 486.37 applied per return policy.,REFUND_PROCESSED,447,false,,1,216
TKT-0454,CUS-0690,ORD-02350,,2025-02-27T00:00:00Z,email,Issue with my shipment — order help needed,My order shows it shipped but I never received a tracking number via email. How can I find out where my package is?,shipping,address_change,report_wrong_address,P2,angry,shipping_support,open,,,,false,,,227
TKT-0455,CUS-0398,,PROD-100,2025-06-25T00:00:00Z,chat,Account access issue,I need to update my email address. The current one is from a job I no longer have.,account,merge,account_locked,P1,positive,general_support,closed,Email address updated successfully.,PASSWORD_RESET,181,false,,3,179
TKT-0456,CUS-0011,,,2025-11-15T00:00:00Z,email,Return request for recent order,I want to return a gift I received. I have the order number but I'm not the original purchaser. Is that possible?,returns,return_request,report_defective_item,P3,negative,returns_support,in_progress,,,,false,,,88
TKT-0457,CUS-0335,ORD-01074,,2024-10-31T00:00:00Z,email,Payment problem on my account,I made a bank transfer 5 days ago but my order is still showing payment pending.,payments,invoice,update_payment_method,P2,neutral,billing_support,resolved,Payment issue escalated to billing team for manual review.,INVOICE_SENT,834,false,,3,141
TKT-0458,CUS-0106,,PROD-025,2024-10-30T00:00:00Z,email,Payment problem on my account,My PayPal payment shows as completed on PayPal's side but my order still shows payment pending.,payments,invoice,payment_failure,P2,positive,billing_support,closed,Payment method updated successfully. Order will now process.,AUTHORIZATION_HOLD,155,true,Issue unresolved after multiple contacts,1,198
TKT-0459,CUS-0260,ORD-00502,,2025-06-02T00:00:00Z,chat,Refund not received / billing issue,"I disputed a charge and the bank said it was resolved, but I don't see the credit on my account yet.",refunds,cancellation,dispute_charge,P3,neutral,billing_support,resolved,Full refund approved for cancelled order.,DUPLICATE_REVERSED,161,false,,5,44
TKT-0460,CUS-0407,ORD-04314,PROD-029,2025-09-16T00:00:00Z,chat,Question about my order,I accidentally ordered two of the same item. Can I modify the quantity to just one?,orders,status,missing_item,P3,negative,general_support,in_progress,,,,false,,,105
TKT-0461,CUS-0930,,PROD-008,2025-04-15T00:00:00Z,email,Return request for recent order,I opened the box but decided the product isn't what I need. Can I still return it even though it's been opened?,returns,exchange,report_defective_item,P2,neutral,returns_support,in_progress,,,,false,,,140
TKT-0462,CUS-0474,ORD-02350,,2024-07-10T00:00:00Z,email,Security concern — urgent,I'm concerned about how my personal data is being used. I want to request a copy of my data.,security,unauthorized_access,fraud_report,P3,positive,security_support,resolved,Phishing report logged. Customer advised on account security measures.,DATA_REQUEST_PROCESSED,836,false,,4,138
TKT-0463,CUS-0147,ORD-02433,PROD-096,2025-06-11T00:00:00Z,email,Payment problem on my account,My payment keeps failing at checkout even though my card details are correct and I have sufficient funds.,payments,update_method,payment_failure,P2,neutral,billing_support,open,,,,false,,,110
TKT-0464,CUS-0619,,PROD-005,2025-01-27T00:00:00Z,web,Account access issue,Someone tried to access my account from an unfamiliar location. I received a security alert.,account,closure,password_reset,P3,angry,general_support,resolved,Email address updated successfully.,ACCOUNT_UNLOCKED,460,true,Customer expressed extreme dissatisfaction,5,105
TKT-0465,CUS-0930,,,2024-10-08T00:00:00Z,chat,Product question / issue,The specs say the battery lasts 8 hours but mine barely lasts 3. Is this a defect?,products,inquiry,product_inquiry,P2,negative,technical_support,waiting_for_customer,,,,false,,,227
TKT-0466,CUS-0251,ORD-02229,,2025-06-06T00:00:00Z,email,Technical support needed,The display has dead pixels. I noticed them right after unboxing. This seems like a defect.,technical,compatibility,setup_issue,P2,negative,technical_support,waiting_for_customer,,,,true,Policy exception required,,130
TKT-0467,CUS-0872,ORD-03513,PROD-079,2024-07-05T00:00:00Z,email,Refund not received / billing issue,I returned my order 13 days ago and I still haven't received my refund. Can you check the status?,refunds,duplicate_charge,report_duplicate_charge,P2,neutral,billing_support,resolved,Refund of 254.81 processed to original payment method. Allow 3-5 business days.,FULL_REFUND,1333,false,,3,152
TKT-0468,CUS-0973,ORD-01975,PROD-006,2024-08-28T00:00:00Z,phone,Question about my order,I accidentally ordered two of the same item. Can I modify the quantity to just one?,orders,modification,cancel_order,P1,angry,general_support,in_progress,,,,false,,,14
TKT-0469,CUS-0939,,,2025-08-25T00:00:00Z,phone,Refund not received / billing issue,I'm seeing a pending charge that I don't recognize. I never placed an order for this amount.,refunds,duplicate_charge,check_refund_status,P3,negative,billing_support,closed,Duplicate charge reversed. Credit will appear within 3-7 business days.,REFUND_INITIATED,239,false,,4,14
TKT-0470,CUS-0225,,PROD-094,2024-06-07T00:00:00Z,email,Product question / issue,Can you help me understand the difference between the two models I'm considering?,products,defect,product_registration,P1,negative,technical_support,in_progress,,,,false,,,58
TKT-0471,CUS-0537,,PROD-025,2025-08-04T00:00:00Z,chat,Product question / issue,The product description says it includes a charging cable but mine didn't come with one.,products,defect,product_compatibility,P1,neutral,technical_support,open,,,,true,Issue unresolved after multiple contacts,,35
TKT-0472,CUS-0213,,PROD-075,2024-12-28T00:00:00Z,chat,Return request for recent order,I received a damaged item in my order. The packaging was intact but the product itself is cracked. I need to return it.,returns,return_request,initiate_return,P2,negative,returns_support,resolved,Return label issued. Customer to ship item within 7 days.,REPLACEMENT_SENT,875,false,,5,153
TKT-0473,CUS-0878,,PROD-051,2025-05-09T00:00:00Z,email,Refund not received / billing issue,I returned two items from the same order. I only received a refund for one. What happened to the other?,refunds,cancellation,partial_refund_request,P3,angry,billing_support,resolved,Duplicate charge reversed. Credit will appear within 3-7 business days.,REFUND_INITIATED,823,false,,5,8
TKT-0474,CUS-0094,,PROD-093,2025-02-05T00:00:00Z,email,Account access issue,I'm not receiving order confirmation emails even though my address is correct.,account,security,account_security,P2,angry,general_support,in_progress,,,,false,,,188
TKT-0475,CUS-0151,ORD-01569,PROD-091,2025-12-24T00:00:00Z,web,Refund not received / billing issue,I returned my order 22 days ago and I still haven't received my refund. Can you check the status?,refunds,cancellation,partial_refund_request,P2,neutral,billing_support,in_progress,,,,false,,,236
TKT-0476,CUS-0722,,,2024-08-01T00:00:00Z,email,Security concern — urgent,Someone appears to have used my account to place orders. I need all recent orders cancelled.,security,account_compromise,unauthorized_access,P3,neutral,security_support,resolved,Data request processed per GDPR guidelines.,PHISHING_LOGGED,1191,true,Customer expressed extreme dissatisfaction,4,199
TKT-0477,CUS-0418,ORD-03134,,2024-12-02T00:00:00Z,email,Refund not received / billing issue,My order was cancelled but the payment hasn't been refunded to my account yet. It's been 13 days.,refunds,partial,request_refund,P1,angry,billing_support,waiting_for_customer,,,,false,,,54
TKT-0478,CUS-0880,ORD-01101,PROD-021,2025-02-11T00:00:00Z,web,Payment problem on my account,My PayPal payment shows as completed on PayPal's side but my order still shows payment pending.,payments,payment_failure,update_payment_method,P2,negative,enterprise_support,closed,Payment method updated successfully. Order will now process.,PAYMENT_UPDATED,660,false,,5,178
TKT-0479,CUS-0051,,PROD-033,2024-11-19T00:00:00Z,web,Warranty claim request,My warranty repair is taking longer than expected. When will I get my product back?,warranty,extension,warranty_replacement,P2,angry,returns_support,resolved,Out-of-warranty repair approved at discounted rate.,CLAIM_REJECTED,1225,false,,1,102
TKT-0480,CUS-0350,,PROD-093,2024-11-12T00:00:00Z,web,Refund not received / billing issue,I was charged twice for the same order. I can see two identical transactions on my credit card statement.,refunds,cancellation,check_refund_status,P2,neutral,billing_support,resolved,Refund initiated; customer advised to allow up to 10 days for bank processing.,REFUND_PROCESSED,1146,false,,5,217
TKT-0481,CUS-0383,,PROD-017,2024-07-16T00:00:00Z,email,Issue with my shipment — order help needed,I ordered express shipping but it's been 10 days and still nothing. This should have arrived already.,shipping,failed_delivery,report_wrong_address,P2,negative,shipping_support,closed,Rescheduled delivery for next business day.,TRACKING_PROVIDED,440,true,Issue unresolved after multiple contacts,4,109
TKT-0482,CUS-0407,,PROD-094,2024-08-17T00:00:00Z,web,Return request for recent order,My item arrived defective straight out of the box. I haven't even used it. What's the fastest way to get a replacement?,returns,return_request,report_damaged_item,P2,negative,returns_support,waiting_for_customer,,,,false,,,206
TKT-0483,CUS-0896,,,2025-09-25T00:00:00Z,web,Return request for recent order,I received the wrong item in my shipment. I ordered a blue model but got a red one. Can I exchange or return it?,returns,defective,report_defective_item,P1,angry,returns_support,closed,Exception approved due to damaged item — extended return window applied.,REFUND_PROCESSED,579,false,,3,131
TKT-0484,CUS-0336,ORD-01014,,2025-04-27T00:00:00Z,web,Payment problem on my account,My credit card expired and I need to update my payment method for a pending order.,payments,payment_failure,payment_authorization_issue,P2,neutral,billing_support,in_progress,,,,true,Customer expressed extreme dissatisfaction,,138
TKT-0485,CUS-0514,ORD-03768,PROD-048,2024-11-18T00:00:00Z,chat,Product question / issue,The specs say the battery lasts 8 hours but mine barely lasts 3. Is this a defect?,products,inquiry,product_inquiry,P3,negative,technical_support,open,,,,false,,,115
TKT-0486,CUS-0306,,PROD-005,2025-05-14T00:00:00Z,chat,Refund not received / billing issue,I was charged twice for the same order. I can see two identical transactions on my credit card statement.,refunds,refund_status,partial_refund_request,P3,negative,billing_support,resolved,Refund initiated; customer advised to allow up to 10 days for bank processing.,REFUND_INITIATED,467,true,Issue unresolved after multiple contacts,5,164
TKT-0487,CUS-0608,,PROD-076,2025-03-19T00:00:00Z,email,Payment problem on my account,I was charged a different amount than what was shown at checkout. There seems to be a discrepancy.,payments,billing,billing_inquiry,P3,neutral,billing_support,in_progress,,,,true,Policy exception required,,146
TKT-0488,CUS-0146,,PROD-060,2024-11-27T00:00:00Z,email,Technical support needed,I'm getting error code E-522 when trying to use the device. What does this mean?,technical,setup,software_issue,P2,angry,technical_support,closed,Issue resolved with firmware update. Customer confirmed device working.,FACTORY_RESET,1254,false,,4,144
TKT-0489,CUS-0505,,PROD-083,2024-11-26T00:00:00Z,web,Warranty claim request,What exactly is covered under the standard warranty? I'm not sure if my issue qualifies.,warranty,claim,warranty_replacement,P2,negative,returns_support,in_progress,,,,false,,,186
TKT-0490,CUS-0488,,,2025-08-11T00:00:00Z,web,Issue with my shipment — order help needed,I need to change my delivery address. My order hasn't shipped yet — is it too late to update?,shipping,address_change,report_lost_package,P2,negative,shipping_support,open,,,,false,,,221
TKT-0491,CUS-0315,,PROD-026,2025-12-28T00:00:00Z,chat,Security concern — urgent,Someone appears to have used my account to place orders. I need all recent orders cancelled.,security,unauthorized_access,unauthorized_access,P3,negative,security_support,in_progress,,,,false,,,54
TKT-0492,CUS-0286,,PROD-013,2024-09-30T00:00:00Z,web,Account access issue,I want to close my account and delete all my personal data. What's the process?,account,merge,password_reset,P2,negative,general_support,open,,,,false,,,3
TKT-0493,CUS-0159,,PROD-030,2024-09-04T00:00:00Z,email,Warranty claim request,My product stopped working and it's still under the manufacturer's warranty. How do I file a claim?,warranty,replacement,check_warranty_status,P2,neutral,returns_support,in_progress,,,,false,,,86
TKT-0494,CUS-0504,ORD-02551,PROD-064,2024-12-15T00:00:00Z,email,Refund not received / billing issue,I was charged twice for the same order. I can see two identical transactions on my credit card statement.,refunds,partial,dispute_charge,P2,negative,billing_support,in_progress,,,,false,,,77
TKT-0495,CUS-0677,,,2025-09-04T00:00:00Z,email,Security concern — urgent,I received a notification about a login from a location I've never been to. I think my account is compromised.,security,unauthorized_access,data_breach_concern,P2,negative,security_support,resolved,"Unauthorized access confirmed. Account secured, password reset forced, customer notified.",ACCOUNT_SUSPENDED,100,false,,5,123
TKT-0496,CUS-0818,,PROD-011,2025-03-22T00:00:00Z,chat,Question about my order,"I received a confirmation email but when I check my account, I don't see the order listed.",orders,missing_item,modify_order,P2,negative,general_support,open,,,,false,,,13
TKT-0497,CUS-0321,,PROD-039,2025-02-03T00:00:00Z,email,Payment problem on my account,I was charged a different amount than what was shown at checkout. There seems to be a discrepancy.,payments,authorization,payment_authorization_issue,P2,neutral,billing_support,resolved,Alternative payment method accepted; order confirmed.,ESCALATED_BILLING,168,false,,2,105
TKT-0498,CUS-0793,,PROD-006,2024-06-17T00:00:00Z,phone,Account access issue,I want to remove a saved payment method from my account but can't find the option.,account,profile,account_locked,P3,negative,general_support,resolved,Account unlocked. Security review completed.,EMAIL_UPDATED,1100,false,,5,182
TKT-0499,CUS-0033,,PROD-067,2025-06-04T00:00:00Z,web,Issue with my shipment — order help needed,I ordered express shipping but it's been 16 days and still nothing. This should have arrived already.,shipping,wrong_address,report_lost_package,P2,neutral,shipping_support,waiting_for_customer,,,,false,,,232
TKT-0500,CUS-0943,,PROD-014,2025-11-07T00:00:00Z,chat,Account access issue,Someone tried to access my account from an unfamiliar location. I received a security alert.,account,closure,account_locked,P2,angry,general_support,closed,Email address updated successfully.,EMAIL_UPDATED,484,false,,5,203
TKT-0501,CUS-0190,,,2024-11-25T00:00:00Z,web,Warranty claim request,I purchased the product as a gift. The recipient wants to register the warranty — is that possible?,warranty,replacement,warranty_replacement,P2,angry,returns_support,resolved,Claim rejected — damage determined to be outside warranty scope. Repair quote provided.,REPAIR_QUOTE,1161,false,,5,147
TKT-0502,CUS-0363,,,2025-03-16T00:00:00Z,email,Product question / issue,Can you tell me if a specific product will be back in stock soon?,products,recommendation,product_recommendation,P2,negative,technical_support,closed,Compatibility confirmed with customer's existing setup.,REGISTRATION_DONE,603,false,,5,93
TKT-0503,CUS-0048,,PROD-022,2025-07-17T00:00:00Z,chat,Issue with my shipment — order help needed,I placed an order 18 days ago and my package hasn't arrived yet. The tracking number shows it's still in transit. Can you help?,shipping,failed_delivery,report_delayed_delivery,P2,negative,shipping_support,closed,Initiated investigation with carrier. Customer will be contacted within 2 business days.,RESHIPPED,837,false,,2,113
TKT-0504,CUS-0585,,,2025-01-13T00:00:00Z,web,Product question / issue,Is this product compatible with Mac OS? The listing only mentions Windows.,products,registration,product_compatibility,P3,negative,technical_support,open,,,,true,Security concern flagged,,3
TKT-0505,CUS-0486,ORD-00762,PROD-061,2025-12-02T00:00:00Z,chat,Refund not received / billing issue,I received a partial refund but I expected a full refund. Can you explain why it wasn't fully refunded?,refunds,timeline,partial_refund_request,P2,negative,billing_support,resolved,Refund initiated; customer advised to allow up to 10 days for bank processing.,REFUND_INITIATED,499,false,,4,200
TKT-0506,CUS-0360,ORD-04677,,2025-09-01T00:00:00Z,web,Account access issue,My account seems to have been hacked. I see order history for purchases I didn't make.,account,password,update_profile,P2,negative,general_support,in_progress,,,,false,,,148
TKT-0507,CUS-0849,,,2024-07-28T00:00:00Z,email,Issue with my shipment — order help needed,"My tracking shows 'delivered' but I never received my package. I checked with my neighbors and the front desk, no sign of it.",shipping,tracking,report_delayed_delivery,P3,neutral,shipping_support,in_progress,,,,false,,,239
TKT-0508,CUS-0650,,PROD-051,2025-04-18T00:00:00Z,chat,Issue with my shipment — order help needed,The delivery attempt failed because the driver couldn't access my building. I need to reschedule for when I'm home.,shipping,address_change,track_shipment,P2,angry,shipping_support,resolved,Rescheduled delivery for next business day.,RESHIPPED,1233,false,,1,16
TKT-0509,CUS-0385,,PROD-099,2025-04-15T00:00:00Z,web,Question about my order,I placed an order 27 days ago and it's still in processing status. When will it ship?,orders,wrong_item,modify_order,P3,neutral,general_support,in_progress,,,,false,,,132
TKT-0510,CUS-0873,,,2024-06-20T00:00:00Z,email,Technical support needed,The camera on my device is producing blurry images even in good lighting conditions.,technical,hardware,compatibility_issue,P2,negative,technical_support,resolved,Hardware defect confirmed. Replacement unit authorized.,HARDWARE_REPLACEMENT,641,true,Issue unresolved after multiple contacts,2,169
TKT-0511,CUS-0807,,PROD-004,2024-11-05T00:00:00Z,chat,Product question / issue,The product description says it includes a charging cable but mine didn't come with one.,products,defect,product_registration,P3,negative,technical_support,closed,Missing accessory dispatched as separate shipment.,WARRANTY_REPLACEMENT,1428,false,,3,55
TKT-0512,CUS-0600,ORD-00136,,2024-07-21T00:00:00Z,email,Payment problem on my account,I was charged a different amount than what was shown at checkout. There seems to be a discrepancy.,payments,authorization,invoice_request,P2,negative,billing_support,closed,Customer advised to contact bank; charge appears to be a temporary authorization hold.,ESCALATED_BILLING,602,false,,4,39
TKT-0513,CUS-0586,ORD-03384,PROD-075,2025-11-20T00:00:00Z,chat,Issue with my shipment — order help needed,My package has been stuck at the same location for 6 days. The tracking info hasn't updated at all.,shipping,address_change,report_delayed_delivery,P2,negative,shipping_support,resolved,Rescheduled delivery for next business day.,RESHIPPED,406,false,,5,141
TKT-0514,CUS-0014,ORD-04530,PROD-044,2025-02-11T00:00:00Z,web,Product question / issue,I need to register my new product for warranty purposes. The registration link in the box doesn't work.,products,defect,product_inquiry,P2,positive,technical_support,waiting_for_customer,,,,true,Policy exception required,,16
TKT-0515,CUS-0748,,PROD-045,2024-12-18T00:00:00Z,email,Payment problem on my account,I was charged a different amount than what was shown at checkout. There seems to be a discrepancy.,payments,billing,billing_inquiry,P3,negative,billing_support,resolved,Customer advised to contact bank; charge appears to be a temporary authorization hold.,INVOICE_SENT,1279,false,,2,202
TKT-0516,CUS-0936,,,2024-12-21T00:00:00Z,email,Account access issue,I need to update my email address. The current one is from a job I no longer have.,account,email,account_security,P3,positive,general_support,in_progress,,,,false,,,59
TKT-0517,CUS-0750,,PROD-049,2025-11-22T00:00:00Z,email,Security concern — urgent,My credit card was charged by Acme Store but I haven't placed any orders recently.,security,data,fraud_report,P3,negative,security_support,resolved,Account temporarily suspended pending security review.,ACCOUNT_SECURED,1428,false,,5,198
TKT-0518,CUS-0871,,PROD-079,2025-08-13T00:00:00Z,web,Question about my order,I ordered the wrong size/color variant. Can this be changed or do I need to cancel and reorder?,orders,missing_item,check_order_status,P2,neutral,general_support,resolved,Wrong item return label issued; correct item shipped.,CONFIRMED,64,false,,5,80
TKT-0519,CUS-0457,,PROD-062,2025-06-04T00:00:00Z,web,Account access issue,I need to update my billing address. I've moved and need to update my details.,account,password,update_profile,P3,negative,general_support,resolved,Two-factor authentication enabled on customer's account.,ACCOUNT_UNLOCKED,930,false,,4,217
TKT-0520,CUS-0756,,PROD-038,2025-02-07T00:00:00Z,chat,Account access issue,I want to close my account and delete all my personal data. What's the process?,account,merge,account_security,P1,neutral,general_support,resolved,Email address updated successfully.,ACCOUNT_UNLOCKED,693,false,,4,193
TKT-0521,CUS-0416,,,2025-09-28T00:00:00Z,web,Return request for recent order,My item arrived defective straight out of the box. I haven't even used it. What's the fastest way to get a replacement?,returns,exchange,report_defective_item,P2,neutral,returns_support,closed,Exception approved due to damaged item — extended return window applied.,RETURN_APPROVED,277,false,,4,167
TKT-0522,CUS-0536,,PROD-040,2025-11-28T00:00:00Z,web,Return request for recent order,I'm an enterprise customer. I have a large order I need to return — what's the process for bulk returns?,returns,policy,initiate_return,P3,neutral,enterprise_support,closed,Exception approved due to damaged item — extended return window applied.,REFUND_PROCESSED,1106,false,,3,66
TKT-0523,CUS-0080,ORD-00807,PROD-038,2024-11-17T00:00:00Z,phone,Issue with my shipment — order help needed,I'm moving next week — can I redirect my package to a different address? It hasn't shipped yet.,shipping,lost_package,report_wrong_address,P2,negative,shipping_support,resolved,Processed reshipment of order to correct address at no extra charge.,TRACKING_PROVIDED,1097,true,Customer requested supervisor,4,7
TKT-0524,CUS-0437,,,2025-07-11T00:00:00Z,web,Payment problem on my account,I'm getting an error message saying my billing address doesn't match. I've confirmed it's correct.,payments,authorization,invoice_request,P3,neutral,billing_support,in_progress,,,,false,,,236
TKT-0525,CUS-0696,,PROD-097,2025-09-14T00:00:00Z,web,Return request for recent order,I want to return a gift I received. I have the order number but I'm not the original purchaser. Is that possible?,returns,defective,initiate_return,P2,angry,returns_support,resolved,Enterprise return processed per contract terms.,EXCEPTION_APPLIED,688,false,,4,189
TKT-0526,CUS-0149,,PROD-100,2025-05-05T00:00:00Z,email,Return request for recent order,I purchased a smartphone 26 days ago. I know electronics have a shorter return window — am I still eligible?,returns,return_status,report_defective_item,P3,positive,returns_support,closed,Return label issued. Customer to ship item within 7 days.,ENTERPRISE_RETURN,972,true,Issue unresolved after multiple contacts,4,216
TKT-0527,CUS-0555,ORD-03882,PROD-086,2025-06-18T00:00:00Z,web,Issue with my shipment — order help needed,"My tracking shows 'delivered' but I never received my package. I checked with my neighbors and the front desk, no sign of it.",shipping,delayed,track_shipment,P2,neutral,shipping_support,waiting_for_customer,,,,false,,,205
TKT-0528,CUS-0262,ORD-03244,PROD-081,2025-09-28T00:00:00Z,email,Account access issue,I need to update my billing address. I've moved and need to update my details.,account,closure,update_profile,P3,negative,general_support,closed,Account closure processed. Data deletion scheduled per policy.,ACCOUNT_CLOSED,242,false,,4,203
TKT-0529,CUS-0157,,,2025-03-19T00:00:00Z,web,Technical support needed,I can't get the Bluetooth pairing to work between my new device and my phone.,technical,software,setup_issue,P2,neutral,technical_support,resolved,Escalated to engineering team for further investigation.,FACTORY_RESET,595,false,,3,90
TKT-0530,CUS-0408,,PROD-052,2025-11-23T00:00:00Z,web,Technical support needed,The device is running very slowly after a recent software update. How do I roll back?,technical,software,connectivity_problem,P3,neutral,technical_support,resolved,Escalated to engineering team for further investigation.,FIRMWARE_UPDATE,19,true,High-value order involved,1,27
TKT-0531,CUS-0974,,PROD-086,2024-12-28T00:00:00Z,chat,Security concern — urgent,I noticed several unauthorized purchases on my account that I didn't make. I need help immediately.,security,account_compromise,unauthorized_access,P2,negative,security_support,resolved,Fraudulent orders cancelled. Refund initiated. Account secured.,ACCOUNT_SUSPENDED,775,false,,4,73
TKT-0532,CUS-0108,,,2025-02-21T00:00:00Z,phone,Issue with my shipment — order help needed,I ordered express shipping but it's been 3 days and still nothing. This should have arrived already.,shipping,wrong_address,report_lost_package,P2,negative,shipping_support,closed,Provided tracking information and escalated to carrier for priority tracing.,CARRIER_INVESTIGATION,70,false,,3,216
TKT-0533,CUS-0824,,,2025-08-26T00:00:00Z,email,Security concern — urgent,Someone appears to have used my account to place orders. I need all recent orders cancelled.,security,unauthorized_access,unauthorized_access,P2,negative,security_support,closed,Fraudulent orders cancelled. Refund initiated. Account secured.,ACCOUNT_SECURED,1399,false,,3,156
TKT-0534,CUS-0616,,PROD-088,2025-05-22T00:00:00Z,email,Security concern — urgent,I received a notification about a login from a location I've never been to. I think my account is compromised.,security,data,data_breach_concern,P3,positive,security_support,closed,"Unauthorized access confirmed. Account secured, password reset forced, customer notified.",ACCOUNT_SECURED,815,false,,5,37
TKT-0535,CUS-0527,,,2025-02-03T00:00:00Z,phone,Security concern — urgent,I'm concerned about how my personal data is being used. I want to request a copy of my data.,security,data,suspicious_activity,P1,negative,security_support,open,,,,false,,,133
TKT-0536,CUS-0723,,PROD-070,2024-09-27T00:00:00Z,chat,Product question / issue,Can you tell me if a specific product will be back in stock soon?,products,inquiry,product_inquiry,P2,negative,technical_support,closed,Replacement product shipped under warranty.,WARRANTY_REPLACEMENT,752,false,,5,89
TKT-0537,CUS-0891,,,2024-12-20T00:00:00Z,web,Security concern — urgent,Someone appears to have used my account to place orders. I need all recent orders cancelled.,security,data,data_breach_concern,P3,negative,security_support,resolved,Account temporarily suspended pending security review.,ACCOUNT_SUSPENDED,307,true,High-value order involved,5,93
TKT-0538,CUS-0300,,PROD-023,2025-06-15T00:00:00Z,web,Security concern — urgent,I noticed several unauthorized purchases on my account that I didn't make. I need help immediately.,security,account_compromise,data_breach_concern,P3,negative,security_support,in_progress,,,,false,,,142
TKT-0539,CUS-0470,,PROD-076,2024-12-12T00:00:00Z,email,Security concern — urgent,I'm concerned about how my personal data is being used. I want to request a copy of my data.,security,data,data_breach_concern,P2,negative,security_support,resolved,Data request processed per GDPR guidelines.,ACCOUNT_SECURED,453,false,,4,119
TKT-0540,CUS-0233,,,2025-02-17T00:00:00Z,web,Warranty claim request,My warranty repair is taking longer than expected. When will I get my product back?,warranty,extension,warranty_replacement,P3,neutral,returns_support,waiting_for_customer,,,,false,,,76
TKT-0541,CUS-0203,ORD-04674,PROD-100,2025-01-23T00:00:00Z,web,Return request for recent order,I received a damaged item in my order. The packaging was intact but the product itself is cracked. I need to return it.,returns,policy,initiate_return,P1,neutral,returns_support,closed,Exception approved due to damaged item — extended return window applied.,REFUND_PROCESSED,166,false,,4,231
TKT-0542,CUS-0808,,PROD-085,2025-03-08T00:00:00Z,phone,Question about my order,My order was split into two shipments without any notification. When will the second one arrive?,orders,wrong_item,modify_order,P3,negative,general_support,open,,,,false,,,100
TKT-0543,CUS-0839,,PROD-035,2025-01-29T00:00:00Z,email,Security concern — urgent,I want to enable two-factor authentication on my account. How do I set it up?,security,phishing,account_compromise,P3,negative,security_support,resolved,Data request processed per GDPR guidelines.,ACCOUNT_SECURED,1128,false,,4,119
TKT-0544,CUS-0664,,,2024-12-19T00:00:00Z,email,Security concern — urgent,I noticed several unauthorized purchases on my account that I didn't make. I need help immediately.,security,account_compromise,data_breach_concern,P2,neutral,security_support,resolved,Fraudulent orders cancelled. Refund initiated. Account secured.,ACCOUNT_SECURED,1172,false,,4,209
TKT-0545,CUS-0407,,PROD-077,2025-09-11T00:00:00Z,phone,Payment problem on my account,My credit card expired and I need to update my payment method for a pending order.,payments,billing,billing_inquiry,P3,neutral,billing_support,open,,,,false,,,154
TKT-0546,CUS-0873,,,2024-11-17T00:00:00Z,web,Issue with my shipment — order help needed,My order shows it shipped but I never received a tracking number via email. How can I find out where my package is?,shipping,wrong_address,report_delayed_delivery,P2,neutral,shipping_support,resolved,Processed reshipment of order to correct address at no extra charge.,CARRIER_INVESTIGATION,1267,true,Issue unresolved after multiple contacts,2,205
TKT-0547,CUS-0550,,PROD-016,2025-05-03T00:00:00Z,chat,Account access issue,I have two accounts with the same email. I want to merge the order history into one account.,account,closure,account_security,P2,negative,general_support,in_progress,,,,false,,,80
TKT-0548,CUS-0773,,PROD-057,2024-09-21T00:00:00Z,web,Question about my order,I accidentally ordered two of the same item. Can I modify the quantity to just one?,orders,status,modify_order,P3,neutral,general_support,closed,Wrong item return label issued; correct item shipped.,RESHIPPED,1393,true,Customer expressed extreme dissatisfaction,5,32
TKT-0549,CUS-0786,,PROD-007,2024-12-01T00:00:00Z,phone,Account access issue,My account seems to have been hacked. I see order history for purchases I didn't make.,account,merge,account_locked,P3,negative,general_support,in_progress,,,,false,,,20
TKT-0550,CUS-0950,,PROD-029,2025-10-03T00:00:00Z,email,Security concern — urgent,I received a notification about a login from a location I've never been to. I think my account is compromised.,security,unauthorized_access,fraud_report,P3,negative,security_support,resolved,Data request processed per GDPR guidelines.,DATA_REQUEST_PROCESSED,419,false,,5,225
TKT-0551,CUS-0822,,,2024-10-23T00:00:00Z,phone,Product question / issue,Can you help me understand the difference between the two models I'm considering?,products,recommendation,product_registration,P3,neutral,technical_support,open,,,,false,,,200
TKT-0552,CUS-0529,,PROD-076,2025-06-15T00:00:00Z,email,Warranty claim request,I'd like to extend my warranty before it expires. What options are available?,warranty,extension,warranty_claim,P2,negative,returns_support,open,,,,false,,,132
TKT-0553,CUS-0263,,PROD-018,2025-12-24T00:00:00Z,email,Refund not received / billing issue,I'm seeing a pending charge that I don't recognize. I never placed an order for this amount.,refunds,partial,report_duplicate_charge,P3,negative,billing_support,resolved,Refund initiated; customer advised to allow up to 10 days for bank processing.,REFUND_PROCESSED,1076,false,,4,3
TKT-0554,CUS-0360,,,2024-10-01T00:00:00Z,web,Account access issue,I'm locked out of my account after too many failed login attempts. How do I unlock it?,account,profile,password_reset,P3,positive,general_support,in_progress,,,,false,,,136
TKT-0555,CUS-0156,ORD-04404,,2024-10-29T00:00:00Z,web,Return request for recent order,I'd like to return an item I received 20 days ago. It's not what I expected based on the product description.,returns,defective,report_damaged_item,P0,positive,returns_support,closed,Exception approved due to damaged item — extended return window applied.,RETURN_APPROVED,53,false,,2,2
TKT-0556,CUS-0244,,PROD-080,2025-02-24T00:00:00Z,chat,Product question / issue,Can you tell me if a specific product will be back in stock soon?,products,inquiry,product_compatibility,P2,negative,technical_support,resolved,Replacement product shipped under warranty.,INFO_PROVIDED,593,false,,2,183
TKT-0557,CUS-0145,,PROD-028,2024-11-17T00:00:00Z,chat,Payment problem on my account,My payment keeps failing at checkout even though my card details are correct and I have sufficient funds.,payments,payment_failure,billing_inquiry,P2,neutral,billing_support,in_progress,,,,false,,,12
TKT-0558,CUS-0413,,,2025-07-12T00:00:00Z,web,Issue with my shipment — order help needed,My package has been stuck at the same location for 26 days. The tracking info hasn't updated at all.,shipping,failed_delivery,track_shipment,P1,negative,shipping_support,resolved,Processed reshipment of order to correct address at no extra charge.,DELIVERY_RESCHEDULED,420,true,Policy exception required,5,212
TKT-0559,CUS-0515,,,2025-07-06T00:00:00Z,web,Warranty claim request,My warranty repair is taking longer than expected. When will I get my product back?,warranty,claim,extend_warranty,P2,negative,returns_support,closed,Device sent for repair under warranty. ETA 7-10 business days.,WARRANTY_REPAIR,732,false,,5,33
TKT-0560,CUS-0645,,PROD-044,2025-07-20T00:00:00Z,phone,Warranty claim request,I lost my proof of purchase. Can I still make a warranty claim using my order number?,warranty,status,warranty_claim,P2,negative,returns_support,open,,,,true,Security concern flagged,,152
TKT-0561,CUS-0232,,PROD-056,2025-08-16T00:00:00Z,web,Security concern — urgent,I received a package I didn't order to my address. I'm worried someone is using my information.,security,fraud,suspicious_activity,P2,negative,security_support,open,,,,false,,,124
TKT-0562,CUS-0944,,PROD-094,2025-06-13T00:00:00Z,email,Technical support needed,My device won't turn on even after charging it fully overnight. I've tried holding the power button.,technical,hardware,setup_issue,P2,negative,technical_support,resolved,Escalated to engineering team for further investigation.,FACTORY_RESET,400,true,Customer requested supervisor,4,14
TKT-0563,CUS-0155,ORD-01312,PROD-039,2024-09-16T00:00:00Z,chat,Warranty claim request,"My warranty claim was rejected but I believe the damage is a manufacturing defect, not user damage.",warranty,coverage,warranty_replacement,P1,negative,returns_support,resolved,Warranty extended by 12 months as goodwill gesture.,REPAIR_QUOTE,1350,false,,3,7
TKT-0564,CUS-0040,,,2025-06-25T00:00:00Z,web,Warranty claim request,I'd like to extend my warranty before it expires. What options are available?,warranty,coverage,extend_warranty,P2,negative,returns_support,in_progress,,,,true,Policy exception required,,205
TKT-0565,CUS-0543,,PROD-007,2025-08-21T00:00:00Z,phone,Refund not received / billing issue,I returned two items from the same order. I only received a refund for one. What happened to the other?,refunds,duplicate_charge,dispute_charge,P3,negative,billing_support,resolved,Partial refund of 137.46 applied per return policy.,DUPLICATE_REVERSED,193,false,,2,112
TKT-0566,CUS-0629,,PROD-063,2024-09-16T00:00:00Z,email,Issue with my shipment — order help needed,My package has been stuck at the same location for 5 days. The tracking info hasn't updated at all.,shipping,address_change,track_shipment,P2,negative,shipping_support,in_progress,,,,false,,,170
TKT-0567,CUS-0192,,,2025-01-16T00:00:00Z,chat,Refund not received / billing issue,The refund amount doesn't match what I paid. I paid with a discount code — was that taken into account?,refunds,timeline,report_duplicate_charge,P1,neutral,billing_support,resolved,Partial refund of 49.84 applied per return policy.,REFUND_PROCESSED,936,false,,3,196
TKT-0568,CUS-0682,,PROD-090,2025-11-13T00:00:00Z,email,Return request for recent order,My item arrived defective straight out of the box. I haven't even used it. What's the fastest way to get a replacement?,returns,return_request,check_return_eligibility,P3,angry,returns_support,closed,Enterprise return processed per contract terms.,RETURN_APPROVED,606,false,,5,186
TKT-0569,CUS-0232,ORD-00814,PROD-016,2024-10-27T00:00:00Z,web,Return request for recent order,My item arrived defective straight out of the box. I haven't even used it. What's the fastest way to get a replacement?,returns,exchange,report_damaged_item,P2,negative,returns_support,resolved,Enterprise return processed per contract terms.,EXCEPTION_APPLIED,231,false,,3,146
TKT-0570,CUS-0465,ORD-03568,,2024-11-14T00:00:00Z,web,Question about my order,I accidentally ordered two of the same item. Can I modify the quantity to just one?,orders,cancellation,check_order_status,P2,negative,general_support,in_progress,,,,false,,,52
TKT-0571,CUS-0627,,PROD-084,2025-07-16T00:00:00Z,web,Return request for recent order,I'd like to return an item I received 21 days ago. It's not what I expected based on the product description.,returns,damaged,check_return_eligibility,P2,negative,returns_support,waiting_for_customer,,,,false,,,84
TKT-0572,CUS-0870,,PROD-020,2025-05-15T00:00:00Z,web,Technical support needed,The software keeps crashing whenever I try to open a specific feature. I've tried reinstalling.,technical,setup,hardware_malfunction,P2,neutral,technical_support,resolved,Escalated to engineering team for further investigation.,FACTORY_RESET,1404,false,,5,213
TKT-0573,CUS-0347,,,2025-11-23T00:00:00Z,chat,Product question / issue,Is this product compatible with Mac OS? The listing only mentions Windows.,products,inquiry,product_recommendation,P2,neutral,technical_support,resolved,Technical specifications shared with customer.,COMPATIBILITY_CONFIRMED,646,false,,3,58
TKT-0574,CUS-0524,,,2024-06-27T00:00:00Z,email,Payment problem on my account,My PayPal payment shows as completed on PayPal's side but my order still shows payment pending.,payments,update_method,update_payment_method,P3,negative,billing_support,resolved,Invoice generated and sent to customer email.,ALT_PAYMENT,22,false,,4,127
TKT-0575,CUS-0925,,,2024-12-27T00:00:00Z,web,Security concern — urgent,I received an email claiming to be from Acme Store asking for my password. I think it's a phishing attempt.,security,phishing,fraud_report,P1,negative,security_support,closed,Phishing report logged. Customer advised on account security measures.,PHISHING_LOGGED,1079,false,,4,159
TKT-0576,CUS-0801,,,2024-08-16T00:00:00Z,chat,Question about my order,My order shows as delivered but it only partially arrived — some items are missing.,orders,modification,missing_item,P2,negative,general_support,resolved,Order modification applied before shipment cutoff.,MODIFIED,825,false,,4,11
TKT-0577,CUS-0132,,PROD-073,2025-05-03T00:00:00Z,phone,Product question / issue,Is this product compatible with Mac OS? The listing only mentions Windows.,products,registration,product_defect,P2,negative,technical_support,open,,,,false,,,165
TKT-0578,CUS-0758,ORD-03389,PROD-007,2025-02-17T00:00:00Z,web,Security concern — urgent,My credit card was charged by Acme Store but I haven't placed any orders recently.,security,fraud,account_compromise,P2,positive,security_support,in_progress,,,,false,,,60
TKT-0579,CUS-0983,,PROD-100,2025-10-24T00:00:00Z,web,Account access issue,I'm not receiving order confirmation emails even though my address is correct.,account,password,update_profile,P2,positive,general_support,in_progress,,,,false,,,134
TKT-0580,CUS-0830,ORD-01683,PROD-024,2025-08-31T00:00:00Z,chat,Account access issue,My account seems to have been hacked. I see order history for purchases I didn't make.,account,security,password_reset,P3,angry,general_support,in_progress,,,,false,,,236
TKT-0581,CUS-0529,,,2024-06-11T00:00:00Z,email,Question about my order,I need my order urgently. Can I upgrade the shipping method after placing the order?,orders,missing_item,report_wrong_item,P3,negative,general_support,in_progress,,,,false,,,54
TKT-0582,CUS-0553,,PROD-087,2025-08-25T00:00:00Z,web,Question about my order,My order shows as processing but I haven't received any shipping confirmation email yet.,orders,modification,cancel_order,P2,positive,general_support,resolved,Order modification applied before shipment cutoff.,CANCELLED,1375,false,,3,14
TKT-0583,CUS-0030,,PROD-097,2024-06-29T00:00:00Z,chat,Refund not received / billing issue,I returned my order 20 days ago and I still haven't received my refund. Can you check the status?,refunds,refund_status,request_refund,P3,negative,billing_support,resolved,Full refund approved for cancelled order.,PARTIAL_REFUND,306,false,,4,5
TKT-0584,CUS-0207,ORD-00868,PROD-009,2025-01-17T00:00:00Z,email,Technical support needed,I can't get the Bluetooth pairing to work between my new device and my phone.,technical,software,compatibility_issue,P2,positive,technical_support,resolved,Escalated to engineering team for further investigation.,HARDWARE_REPLACEMENT,1427,false,,5,29
TKT-0585,CUS-0527,,,2025-01-25T00:00:00Z,phone,Technical support needed,I'm having connectivity issues — the device keeps disconnecting from WiFi every few minutes.,technical,setup,connectivity_problem,P3,neutral,technical_support,open,,,,false,,,163
TKT-0586,CUS-0745,,,2025-06-25T00:00:00Z,phone,Warranty claim request,The product was repaired under warranty but the same issue has returned. What are my options?,warranty,claim,warranty_replacement,P2,neutral,returns_support,resolved,Out-of-warranty repair approved at discounted rate.,WARRANTY_EXTENDED,505,false,,4,113
TKT-0587,CUS-0420,,PROD-084,2024-11-23T00:00:00Z,phone,Refund not received / billing issue,I cancelled my order within minutes of placing it but I was still charged. When will I receive my refund?,refunds,refund_status,dispute_charge,P3,negative,billing_support,waiting_for_customer,,,,false,,,64
TKT-0588,CUS-0575,,PROD-031,2025-03-04T00:00:00Z,web,Payment problem on my account,I need an official invoice for my order for tax purposes. Can you send me one?,payments,payment_failure,payment_failure,P0,positive,billing_support,closed,Payment issue escalated to billing team for manual review.,INVOICE_SENT,940,false,,4,24
TKT-0589,CUS-0345,,PROD-050,2025-08-18T00:00:00Z,chat,Product question / issue,Can you help me understand the difference between the two models I'm considering?,products,compatibility,product_inquiry,P2,angry,technical_support,open,,,,false,,,67
TKT-0590,CUS-0583,ORD-03033,PROD-010,2025-09-06T00:00:00Z,email,Refund not received / billing issue,I cancelled my order within minutes of placing it but I was still charged. When will I receive my refund?,refunds,refund_status,check_refund_status,P2,negative,billing_support,closed,Full refund approved for cancelled order.,PARTIAL_REFUND,1371,false,,4,136
TKT-0591,CUS-0769,,PROD-076,2025-09-25T00:00:00Z,web,Question about my order,I need to cancel my order. I just placed it 28 minutes ago — is it possible to cancel before it ships?,orders,cancellation,report_wrong_item,P3,negative,general_support,in_progress,,,,false,,,229
TKT-0592,CUS-0840,,PROD-092,2025-11-04T00:00:00Z,email,Account access issue,My account seems to have been hacked. I see order history for purchases I didn't make.,account,security,close_account,P2,negative,general_support,resolved,Account closure processed. Data deletion scheduled per policy.,2FA_ENABLED,915,false,,5,175
TKT-0593,CUS-0919,,PROD-021,2025-10-04T00:00:00Z,web,Question about my order,I ordered the wrong size/color variant. Can this be changed or do I need to cancel and reorder?,orders,status,modify_order,P3,neutral,general_support,open,,,,false,,,134
TKT-0594,CUS-0556,ORD-00828,PROD-096,2025-01-08T00:00:00Z,email,Return request for recent order,The product stopped working after just a week of normal use. This seems like a manufacturing defect.,returns,exchange,check_return_eligibility,P2,negative,returns_support,closed,Full refund processed after confirming item condition.,RETURN_APPROVED,1228,true,Customer expressed extreme dissatisfaction,5,229
TKT-0595,CUS-0023,ORD-03696,PROD-100,2024-11-25T00:00:00Z,email,Warranty claim request,I need to check if my product is still under warranty. I've had it for about 19 months.,warranty,coverage,extend_warranty,P3,neutral,returns_support,closed,Warranty extended by 12 months as goodwill gesture.,CLAIM_REJECTED,1405,false,,5,220
TKT-0596,CUS-0250,,,2024-10-08T00:00:00Z,email,Payment problem on my account,My credit card expired and I need to update my payment method for a pending order.,payments,authorization,payment_failure,P3,neutral,billing_support,open,,,,false,,,157
TKT-0597,CUS-0916,,PROD-077,2025-02-19T00:00:00Z,web,Product question / issue,I'm trying to determine if this laptop is compatible with the external monitor I already own.,products,inquiry,product_recommendation,P3,negative,technical_support,resolved,Replacement product shipped under warranty.,WARRANTY_REPLACEMENT,838,false,,5,235
TKT-0598,CUS-0339,,,2025-01-15T00:00:00Z,phone,Account access issue,Someone tried to access my account from an unfamiliar location. I received a security alert.,account,security,update_profile,P2,neutral,general_support,resolved,Email address updated successfully.,EMAIL_UPDATED,38,false,,2,226
TKT-0599,CUS-0503,,PROD-099,2025-09-20T00:00:00Z,web,Refund not received / billing issue,I'm seeing a pending charge that I don't recognize. I never placed an order for this amount.,refunds,timeline,check_refund_status,P3,angry,billing_support,open,,,,false,,,9
TKT-0600,CUS-0828,,PROD-054,2025-05-06T00:00:00Z,web,Refund not received / billing issue,"I disputed a charge and the bank said it was resolved, but I don't see the credit on my account yet.",refunds,duplicate_charge,dispute_charge,P3,negative,billing_support,waiting_for_customer,,,,false,,,135
TKT-0601,CUS-0087,,PROD-087,2025-07-25T00:00:00Z,chat,Return request for recent order,I want to return a gift I received. I have the order number but I'm not the original purchaser. Is that possible?,returns,defective,check_return_eligibility,P3,neutral,returns_support,open,,,,false,,,127
TKT-0602,CUS-0351,,PROD-096,2025-05-09T00:00:00Z,email,Issue with my shipment — order help needed,I'm moving next week — can I redirect my package to a different address? It hasn't shipped yet.,shipping,tracking,report_wrong_address,P3,neutral,shipping_support,in_progress,,,,false,,,237
TKT-0603,CUS-0082,,PROD-024,2025-02-03T00:00:00Z,chat,Payment problem on my account,I made a bank transfer 8 days ago but my order is still showing payment pending.,payments,update_method,billing_inquiry,P1,negative,billing_support,closed,Invoice generated and sent to customer email.,PAYMENT_UPDATED,1318,false,,4,236
TKT-0604,CUS-0217,ORD-04923,,2025-07-19T00:00:00Z,web,Technical support needed,I'm having connectivity issues — the device keeps disconnecting from WiFi every few minutes.,technical,compatibility,hardware_malfunction,P2,positive,technical_support,waiting_for_customer,,,,false,,,77
TKT-0605,CUS-0823,,,2024-12-06T00:00:00Z,web,Warranty claim request,I'd like to extend my warranty before it expires. What options are available?,warranty,claim,check_warranty_status,P3,neutral,returns_support,resolved,Out-of-warranty repair approved at discounted rate.,WARRANTY_EXTENDED,248,true,Security concern flagged,2,165
TKT-0606,CUS-0277,,PROD-014,2024-11-30T00:00:00Z,chat,Security concern — urgent,I want to enable two-factor authentication on my account. How do I set it up?,security,account_compromise,unauthorized_access,P3,positive,security_support,resolved,"Unauthorized access confirmed. Account secured, password reset forced, customer notified.",DATA_REQUEST_PROCESSED,1421,true,Policy exception required,3,200
TKT-0607,CUS-0476,,PROD-066,2024-09-14T00:00:00Z,phone,Issue with my shipment — order help needed,The carrier attempted delivery but I wasn't home. I haven't been able to reschedule a redelivery through their site.,shipping,lost_package,track_shipment,P2,negative,shipping_support,open,,,,false,,,94
TKT-0608,CUS-0767,,,2025-01-25T00:00:00Z,phone,Issue with my shipment — order help needed,"My tracking shows 'delivered' but I never received my package. I checked with my neighbors and the front desk, no sign of it.",shipping,delayed,report_lost_package,P2,positive,shipping_support,waiting_for_customer,,,,false,,,222
TKT-0609,CUS-0050,,,2024-10-20T00:00:00Z,email,Question about my order,I placed an order 17 days ago and it's still in processing status. When will it ship?,orders,cancellation,check_order_status,P3,negative,general_support,in_progress,,,,false,,,147
TKT-0610,CUS-0285,,PROD-063,2025-11-28T00:00:00Z,email,Question about my order,I accidentally ordered two of the same item. Can I modify the quantity to just one?,orders,modification,check_order_status,P3,angry,general_support,closed,Order successfully cancelled. Refund initiated.,MODIFIED,1219,false,,2,110
TKT-0611,CUS-0570,,PROD-031,2025-07-02T00:00:00Z,chat,Question about my order,I need to cancel my order. I just placed it 62 minutes ago — is it possible to cancel before it ships?,orders,cancellation,report_wrong_item,P2,neutral,general_support,open,,,,false,,,153
TKT-0612,CUS-0447,,,2024-09-30T00:00:00Z,email,Security concern — urgent,My credit card was charged by Acme Store but I haven't placed any orders recently.,security,data,suspicious_activity,P2,negative,security_support,in_progress,,,,false,,,49
TKT-0613,CUS-0931,,,2025-06-26T00:00:00Z,email,Question about my order,I need my order urgently. Can I upgrade the shipping method after placing the order?,orders,missing_item,missing_item,P2,negative,general_support,waiting_for_customer,,,,false,,,237
TKT-0614,CUS-0790,,PROD-042,2025-05-04T00:00:00Z,email,Return request for recent order,I opened the box but decided the product isn't what I need. Can I still return it even though it's been opened?,returns,return_status,report_defective_item,P2,neutral,returns_support,resolved,Exception approved due to damaged item — extended return window applied.,ENTERPRISE_RETURN,264,false,,4,41
TKT-0615,CUS-0213,ORD-04943,PROD-018,2025-09-06T00:00:00Z,web,Issue with my shipment — order help needed,I received a notification that my package was delivered but it's not here. Could it have been delivered to the wrong address?,shipping,lost_package,report_failed_delivery,P2,negative,shipping_support,closed,Rescheduled delivery for next business day.,TRACKING_PROVIDED,421,false,,4,208
TKT-0616,CUS-0586,,PROD-057,2025-01-16T00:00:00Z,chat,Warranty claim request,"My warranty claim was rejected but I believe the damage is a manufacturing defect, not user damage.",warranty,replacement,warranty_replacement,P2,negative,returns_support,in_progress,,,,false,,,74
TKT-0617,CUS-0235,,,2024-08-14T00:00:00Z,chat,Issue with my shipment — order help needed,I placed an order 15 days ago and my package hasn't arrived yet. The tracking number shows it's still in transit. Can you help?,shipping,address_change,track_shipment,P3,angry,shipping_support,open,,,,false,,,224
TKT-0618,CUS-0923,,PROD-082,2024-11-27T00:00:00Z,email,Return request for recent order,My item arrived defective straight out of the box. I haven't even used it. What's the fastest way to get a replacement?,returns,defective,report_damaged_item,P2,positive,returns_support,waiting_for_customer,,,,true,Policy exception required,,26
TKT-0619,CUS-0744,,PROD-052,2025-06-08T00:00:00Z,chat,Refund not received / billing issue,I returned two items from the same order. I only received a refund for one. What happened to the other?,refunds,timeline,partial_refund_request,P2,negative,billing_support,resolved,Duplicate charge reversed. Credit will appear within 3-7 business days.,FULL_REFUND,207,false,,5,122
TKT-0620,CUS-0774,,PROD-011,2024-07-22T00:00:00Z,web,Account access issue,Someone tried to access my account from an unfamiliar location. I received a security alert.,account,security,account_security,P2,angry,general_support,closed,Account closure processed. Data deletion scheduled per policy.,EMAIL_UPDATED,1160,false,,4,77
TKT-0621,CUS-0929,,,2025-07-07T00:00:00Z,web,Question about my order,My order shows as delivered but it only partially arrived — some items are missing.,orders,missing_item,missing_item,P1,negative,general_support,closed,Order successfully cancelled. Refund initiated.,CANCELLED,283,false,,5,171
TKT-0622,CUS-0012,,PROD-098,2024-11-09T00:00:00Z,email,Refund not received / billing issue,I cancelled my order within minutes of placing it but I was still charged. When will I receive my refund?,refunds,duplicate_charge,dispute_charge,P3,neutral,billing_support,open,,,,true,Security concern flagged,,240
TKT-0623,CUS-0384,,,2025-12-07T00:00:00Z,web,Issue with my shipment — order help needed,The delivery attempt failed because the driver couldn't access my building. I need to reschedule for when I'm home.,shipping,delayed,change_shipping_address,P2,angry,shipping_support,resolved,Provided tracking information and escalated to carrier for priority tracing.,CARRIER_INVESTIGATION,162,false,,2,199
TKT-0624,CUS-0827,,,2025-11-20T00:00:00Z,phone,Warranty claim request,The product was repaired under warranty but the same issue has returned. What are my options?,warranty,replacement,warranty_replacement,P3,positive,returns_support,resolved,Warranty extended by 12 months as goodwill gesture.,REPAIR_QUOTE,353,false,,4,127
TKT-0625,CUS-0981,ORD-01802,,2025-07-07T00:00:00Z,email,Account access issue,I have two accounts with the same email. I want to merge the order history into one account.,account,profile,account_locked,P2,angry,general_support,waiting_for_customer,,,,false,,,237
TKT-0626,CUS-0109,ORD-02255,PROD-036,2025-02-22T00:00:00Z,web,Warranty claim request,The product was repaired under warranty but the same issue has returned. What are my options?,warranty,extension,extend_warranty,P2,negative,returns_support,resolved,Device sent for repair under warranty. ETA 7-10 business days.,WARRANTY_REPLACEMENT,1357,false,,2,103
TKT-0627,CUS-0878,,PROD-090,2024-09-09T00:00:00Z,web,Security concern — urgent,My credit card was charged by Acme Store but I haven't placed any orders recently.,security,unauthorized_access,account_compromise,P3,neutral,security_support,resolved,"Unauthorized access confirmed. Account secured, password reset forced, customer notified.",ACCOUNT_SUSPENDED,1158,false,,2,234
TKT-0628,CUS-0999,,,2024-10-18T00:00:00Z,web,Product question / issue,I need to register my new product for warranty purposes. The registration link in the box doesn't work.,products,compatibility,product_registration,P3,angry,technical_support,open,,,,false,,,94
TKT-0629,CUS-0650,,PROD-019,2024-08-11T00:00:00Z,chat,Account access issue,I want to close my account and delete all my personal data. What's the process?,account,profile,close_account,P2,positive,general_support,open,,,,false,,,202
TKT-0630,CUS-0697,,PROD-074,2025-04-26T00:00:00Z,chat,Security concern — urgent,I'm concerned about how my personal data is being used. I want to request a copy of my data.,security,unauthorized_access,fraud_report,P2,negative,security_support,in_progress,,,,false,,,184
TKT-0631,CUS-0589,,PROD-053,2025-02-19T00:00:00Z,web,Issue with my shipment — order help needed,My order shows it shipped but I never received a tracking number via email. How can I find out where my package is?,shipping,delayed,report_wrong_address,P2,neutral,shipping_support,open,,,,false,,,106
TKT-0632,CUS-0592,ORD-01482,,2025-10-11T00:00:00Z,web,Issue with my shipment — order help needed,"My tracking shows 'delivered' but I never received my package. I checked with my neighbors and the front desk, no sign of it.",shipping,tracking,report_delayed_delivery,P1,neutral,shipping_support,in_progress,,,,false,,,163
TKT-0633,CUS-0666,,,2024-08-26T00:00:00Z,phone,Warranty claim request,My product stopped working and it's still under the manufacturer's warranty. How do I file a claim?,warranty,status,check_warranty_status,P2,positive,enterprise_support,resolved,Device sent for repair under warranty. ETA 7-10 business days.,WARRANTY_EXTENDED,552,false,,4,165
TKT-0634,CUS-0381,ORD-01996,PROD-094,2025-11-19T00:00:00Z,web,Issue with my shipment — order help needed,I'm moving next week — can I redirect my package to a different address? It hasn't shipped yet.,shipping,delayed,track_shipment,P3,neutral,shipping_support,closed,Filed lost package claim with carrier. Refund or replacement offered.,CARRIER_INVESTIGATION,1312,false,,2,36
TKT-0635,CUS-0160,,,2024-07-20T00:00:00Z,web,Warranty claim request,"My warranty claim was rejected but I believe the damage is a manufacturing defect, not user damage.",warranty,status,check_warranty_status,P3,positive,returns_support,closed,Warranty extended by 12 months as goodwill gesture.,WARRANTY_EXTENDED,818,true,High-value order involved,4,130
TKT-0636,CUS-0449,,PROD-049,2025-06-23T00:00:00Z,web,Product question / issue,I need to register my new product for warranty purposes. The registration link in the box doesn't work.,products,registration,product_defect,P2,positive,technical_support,in_progress,,,,false,,,122
TKT-0637,CUS-0246,ORD-02715,,2025-09-08T00:00:00Z,web,Issue with my shipment — order help needed,I received a notification that my package was delivered but it's not here. Could it have been delivered to the wrong address?,shipping,lost_package,track_shipment,P2,neutral,shipping_support,closed,Initiated investigation with carrier. Customer will be contacted within 2 business days.,TRACKING_PROVIDED,1072,false,,1,65
TKT-0638,CUS-0847,,PROD-048,2025-06-27T00:00:00Z,phone,Issue with my shipment — order help needed,I placed an order 30 days ago and my package hasn't arrived yet. The tracking number shows it's still in transit. Can you help?,shipping,address_change,report_wrong_address,P3,negative,shipping_support,open,,,,true,Policy exception required,,182
TKT-0639,CUS-0664,ORD-03250,,2025-02-23T00:00:00Z,web,Technical support needed,The software keeps crashing whenever I try to open a specific feature. I've tried reinstalling.,technical,setup,setup_issue,P1,neutral,technical_support,closed,Remote diagnostic completed. Factory reset recommended and performed.,HARDWARE_REPLACEMENT,576,false,,4,136
TKT-0640,CUS-0402,ORD-00029,,2025-08-24T00:00:00Z,email,Payment problem on my account,The payment authorization failed even though my bank says the transaction was approved.,payments,billing,payment_authorization_issue,P3,neutral,billing_support,waiting_for_customer,,,,false,,,122
TKT-0641,CUS-0706,,,2024-12-05T00:00:00Z,email,Refund not received / billing issue,I returned two items from the same order. I only received a refund for one. What happened to the other?,refunds,partial,request_refund,P0,negative,billing_support,in_progress,,,,false,,,119
TKT-0642,CUS-0933,ORD-02166,PROD-058,2024-10-13T00:00:00Z,phone,Security concern — urgent,My credit card was charged by Acme Store but I haven't placed any orders recently.,security,data,fraud_report,P2,negative,security_support,open,,,,false,,,20
TKT-0643,CUS-0928,ORD-00969,PROD-009,2025-05-31T00:00:00Z,phone,Security concern — urgent,Someone appears to have used my account to place orders. I need all recent orders cancelled.,security,fraud,account_compromise,P2,neutral,security_support,resolved,Account temporarily suspended pending security review.,FRAUD_RESOLVED,881,false,,4,169
TKT-0644,CUS-0233,ORD-02870,,2025-11-15T00:00:00Z,phone,Warranty claim request,I purchased the product as a gift. The recipient wants to register the warranty — is that possible?,warranty,status,extend_warranty,P2,negative,returns_support,resolved,Claim rejected — damage determined to be outside warranty scope. Repair quote provided.,WARRANTY_REPLACEMENT,834,false,,3,188
TKT-0645,CUS-0346,,PROD-070,2025-05-31T00:00:00Z,phone,Payment problem on my account,My credit card expired and I need to update my payment method for a pending order.,payments,update_method,update_payment_method,P2,neutral,billing_support,resolved,Payment issue escalated to billing team for manual review.,ESCALATED_BILLING,92,false,,5,197
TKT-0646,CUS-0598,,,2024-12-26T00:00:00Z,email,Refund not received / billing issue,My refund was supposed to be processed 21 days ago according to your email. Still nothing in my account.,refunds,cancellation,request_refund,P2,positive,billing_support,resolved,Full refund approved for cancelled order.,REFUND_INITIATED,420,false,,4,40
TKT-0647,CUS-0810,,,2025-12-28T00:00:00Z,web,Return request for recent order,The product stopped working after just a week of normal use. This seems like a manufacturing defect.,returns,damaged,report_damaged_item,P2,positive,returns_support,resolved,Return approved and replacement shipped express.,EXCEPTION_APPLIED,545,true,Issue unresolved after multiple contacts,4,104
TKT-0648,CUS-0060,,,2025-02-12T00:00:00Z,email,Question about my order,One item from my multi-item order arrived but the other is still showing as processing.,orders,wrong_item,check_order_status,P2,neutral,general_support,resolved,Order confirmed active; shipping label generated.,WRONG_ITEM_RESOLVED,1026,true,Customer expressed extreme dissatisfaction,1,92
TKT-0649,CUS-0885,ORD-03019,,2025-04-09T00:00:00Z,email,Question about my order,"I received a confirmation email but when I check my account, I don't see the order listed.",orders,modification,cancel_order,P2,positive,general_support,waiting_for_customer,,,,true,Customer expressed extreme dissatisfaction,,49
TKT-0650,CUS-0877,,PROD-071,2025-07-12T00:00:00Z,email,Product question / issue,Is this product compatible with Mac OS? The listing only mentions Windows.,products,compatibility,product_recommendation,P3,negative,technical_support,resolved,Compatibility confirmed with customer's existing setup.,ACCESSORY_SENT,1214,false,,4,132
TKT-0651,CUS-0599,,,2025-07-10T00:00:00Z,web,Payment problem on my account,My PayPal payment shows as completed on PayPal's side but my order still shows payment pending.,payments,payment_failure,billing_inquiry,P2,angry,billing_support,resolved,Alternative payment method accepted; order confirmed.,AUTHORIZATION_HOLD,968,false,,5,70
TKT-0652,CUS-0582,ORD-04784,PROD-046,2025-12-03T00:00:00Z,email,Technical support needed,The camera on my device is producing blurry images even in good lighting conditions.,technical,software,software_issue,P1,negative,technical_support,resolved,Escalated to engineering team for further investigation.,ESCALATED_ENGINEERING,1336,false,,3,194
TKT-0653,CUS-0978,ORD-04343,PROD-007,2024-08-25T00:00:00Z,email,Return request for recent order,I'm an enterprise customer. I have a large order I need to return — what's the process for bulk returns?,returns,return_status,initiate_return,P3,neutral,returns_support,waiting_for_customer,,,,false,,,114
TKT-0654,CUS-0880,,PROD-050,2025-11-17T00:00:00Z,email,Security concern — urgent,I want to enable two-factor authentication on my account. How do I set it up?,security,unauthorized_access,unauthorized_access,P3,neutral,enterprise_support,resolved,Account temporarily suspended pending security review.,FRAUD_RESOLVED,16,false,,4,233
TKT-0655,CUS-0226,,PROD-050,2025-01-26T00:00:00Z,web,Issue with my shipment — order help needed,My order shows it shipped but I never received a tracking number via email. How can I find out where my package is?,shipping,tracking,report_delayed_delivery,P2,positive,shipping_support,resolved,Processed reshipment of order to correct address at no extra charge.,DELIVERY_RESCHEDULED,339,false,,3,123
TKT-0656,CUS-0094,,,2025-05-14T00:00:00Z,chat,Payment problem on my account,My credit card expired and I need to update my payment method for a pending order.,payments,invoice,update_payment_method,P3,negative,billing_support,waiting_for_customer,,,,false,,,119
TKT-0657,CUS-0055,,PROD-041,2025-09-23T00:00:00Z,phone,Account access issue,I want to close my account and delete all my personal data. What's the process?,account,security,close_account,P2,positive,general_support,closed,Account closure processed. Data deletion scheduled per policy.,ACCOUNT_CLOSED,636,false,,1,190
TKT-0658,CUS-0843,,PROD-043,2024-12-29T00:00:00Z,email,Payment problem on my account,My PayPal payment shows as completed on PayPal's side but my order still shows payment pending.,payments,authorization,payment_authorization_issue,P0,negative,billing_support,resolved,Invoice generated and sent to customer email.,AUTHORIZATION_HOLD,901,true,Customer requested supervisor,5,53
TKT-0659,CUS-0522,ORD-00543,PROD-065,2025-01-15T00:00:00Z,chat,Warranty claim request,I'd like to extend my warranty before it expires. What options are available?,warranty,status,warranty_replacement,P3,negative,returns_support,closed,Warranty extended by 12 months as goodwill gesture.,WARRANTY_REPLACEMENT,677,false,,4,97
TKT-0660,CUS-0876,,,2025-08-27T00:00:00Z,chat,Payment problem on my account,My PayPal payment shows as completed on PayPal's side but my order still shows payment pending.,payments,authorization,payment_failure,P2,neutral,billing_support,resolved,Payment method updated successfully. Order will now process.,AUTHORIZATION_HOLD,243,false,,5,147
TKT-0661,CUS-0196,,PROD-009,2024-07-28T00:00:00Z,phone,Technical support needed,The camera on my device is producing blurry images even in good lighting conditions.,technical,connectivity,hardware_malfunction,P2,angry,technical_support,resolved,Issue resolved with firmware update. Customer confirmed device working.,FACTORY_RESET,1367,false,,3,201
TKT-0662,CUS-0169,,,2025-03-12T00:00:00Z,email,Security concern — urgent,I received a package I didn't order to my address. I'm worried someone is using my information.,security,unauthorized_access,data_breach_concern,P0,angry,security_support,open,,,,true,Policy exception required,,5
TKT-0663,CUS-0335,,,2025-01-10T00:00:00Z,web,Issue with my shipment — order help needed,I need to change my delivery address. My order hasn't shipped yet — is it too late to update?,shipping,failed_delivery,change_shipping_address,P2,negative,shipping_support,closed,Filed lost package claim with carrier. Refund or replacement offered.,CARRIER_INVESTIGATION,993,false,,4,141
TKT-0664,CUS-0059,,,2025-12-26T00:00:00Z,web,Technical support needed,My device won't turn on even after charging it fully overnight. I've tried holding the power button.,technical,compatibility,compatibility_issue,P3,neutral,technical_support,open,,,,false,,,119
TKT-0665,CUS-0260,,PROD-009,2025-08-18T00:00:00Z,email,Account access issue,I can't log into my account. I've tried resetting my password but I'm not receiving the reset email.,account,email,close_account,P1,negative,general_support,waiting_for_customer,,,,true,Customer requested supervisor,,127
TKT-0666,CUS-0263,,,2024-11-06T00:00:00Z,email,Return request for recent order,I received the wrong item in my shipment. I ordered a blue model but got a red one. Can I exchange or return it?,returns,defective,check_return_eligibility,P0,positive,returns_support,resolved,Return label issued. Customer to ship item within 7 days.,ENTERPRISE_RETURN,500,false,,3,128
TKT-0667,CUS-0347,ORD-00633,PROD-018,2024-06-06T00:00:00Z,web,Question about my order,My order was split into two shipments without any notification. When will the second one arrive?,orders,cancellation,missing_item,P3,neutral,general_support,in_progress,,,,false,,,133
TKT-0668,CUS-0790,,,2025-12-10T00:00:00Z,chat,Security concern — urgent,I received an email claiming to be from Acme Store asking for my password. I think it's a phishing attempt.,security,unauthorized_access,fraud_report,P3,negative,security_support,in_progress,,,,false,,,14
TKT-0669,CUS-0895,,,2025-12-15T00:00:00Z,email,Issue with my shipment — order help needed,The delivery attempt failed because the driver couldn't access my building. I need to reschedule for when I'm home.,shipping,wrong_address,track_shipment,P3,neutral,shipping_support,open,,,,true,Issue unresolved after multiple contacts,,136
TKT-0670,CUS-0712,,PROD-085,2024-12-28T00:00:00Z,web,Payment problem on my account,I'm getting an error message saying my billing address doesn't match. I've confirmed it's correct.,payments,payment_failure,payment_failure,P3,neutral,billing_support,closed,Payment method updated successfully. Order will now process.,INVOICE_SENT,16,false,,2,164
TKT-0671,CUS-0634,,PROD-055,2024-10-21T00:00:00Z,chat,Refund not received / billing issue,I returned my order 9 days ago and I still haven't received my refund. Can you check the status?,refunds,cancellation,partial_refund_request,P1,neutral,billing_support,open,,,,false,,,190
TKT-0672,CUS-0921,,PROD-086,2025-03-16T00:00:00Z,chat,Security concern — urgent,The security question on my account has been changed without my knowledge.,security,data,suspicious_activity,P2,negative,security_support,closed,Account temporarily suspended pending security review.,ACCOUNT_SECURED,1167,true,Customer expressed extreme dissatisfaction,3,53
TKT-0673,CUS-0081,,PROD-055,2025-08-12T00:00:00Z,chat,Security concern — urgent,I'm concerned about how my personal data is being used. I want to request a copy of my data.,security,fraud,account_compromise,P2,positive,security_support,in_progress,,,,false,,,54
TKT-0674,CUS-0226,,PROD-084,2024-06-15T00:00:00Z,phone,Payment problem on my account,I'm getting an error message saying my billing address doesn't match. I've confirmed it's correct.,payments,authorization,payment_authorization_issue,P3,negative,billing_support,closed,Payment issue escalated to billing team for manual review.,AUTHORIZATION_HOLD,987,true,Issue unresolved after multiple contacts,5,219
TKT-0675,CUS-0762,,PROD-081,2025-03-02T00:00:00Z,web,Issue with my shipment — order help needed,The delivery attempt failed because the driver couldn't access my building. I need to reschedule for when I'm home.,shipping,delayed,track_shipment,P2,negative,shipping_support,closed,Rescheduled delivery for next business day.,RESHIPPED,568,false,,5,131
TKT-0676,CUS-0512,ORD-01635,PROD-013,2024-10-30T00:00:00Z,email,Payment problem on my account,I want to pay via invoice for my business account. How do I set up net-30 payment terms?,payments,invoice,invoice_request,P2,negative,billing_support,open,,,,false,,,190
TKT-0677,CUS-0716,ORD-03949,PROD-020,2025-08-24T00:00:00Z,email,Technical support needed,My device won't turn on even after charging it fully overnight. I've tried holding the power button.,technical,hardware,setup_issue,P3,neutral,technical_support,closed,Driver update resolved connectivity issue.,FACTORY_RESET,801,false,,1,83
TKT-0678,CUS-0648,,,2025-03-03T00:00:00Z,chat,Payment problem on my account,I'd like to split my payment across two different cards. Is that an option?,payments,invoice,payment_authorization_issue,P2,neutral,enterprise_support,resolved,Alternative payment method accepted; order confirmed.,AUTHORIZATION_HOLD,864,false,,2,232
TKT-0679,CUS-0237,ORD-01094,,2025-08-03T00:00:00Z,web,Payment problem on my account,I'm getting an error message saying my billing address doesn't match. I've confirmed it's correct.,payments,invoice,payment_authorization_issue,P3,negative,billing_support,in_progress,,,,false,,,96
TKT-0680,CUS-0685,,,2025-05-31T00:00:00Z,web,Question about my order,I accidentally ordered two of the same item. Can I modify the quantity to just one?,orders,modification,check_order_status,P2,positive,general_support,resolved,Order confirmed active; shipping label generated.,CANCELLED,1098,false,,3,226
TKT-0681,CUS-0080,,,2025-09-18T00:00:00Z,chat,Payment problem on my account,My PayPal payment shows as completed on PayPal's side but my order still shows payment pending.,payments,authorization,update_payment_method,P2,neutral,billing_support,in_progress,,,,false,,,103
TKT-0682,CUS-0370,,PROD-093,2024-11-10T00:00:00Z,email,Question about my order,My order shows as processing but I haven't received any shipping confirmation email yet.,orders,status,missing_item,P3,negative,general_support,open,,,,false,,,199
TKT-0683,CUS-0394,,PROD-022,2025-01-09T00:00:00Z,email,Return request for recent order,I purchased a smartphone 21 days ago. I know electronics have a shorter return window — am I still eligible?,returns,return_request,report_defective_item,P3,neutral,returns_support,in_progress,,,,false,,,15
TKT-0684,CUS-0104,,PROD-100,2025-06-13T00:00:00Z,web,Return request for recent order,I purchased a smartphone 23 days ago. I know electronics have a shorter return window — am I still eligible?,returns,policy,report_defective_item,P3,negative,returns_support,resolved,Exception approved due to damaged item — extended return window applied.,REPLACEMENT_SENT,354,false,,5,187
TKT-0685,CUS-0550,ORD-01429,PROD-061,2024-08-20T00:00:00Z,chat,Question about my order,My order was split into two shipments without any notification. When will the second one arrive?,orders,cancellation,modify_order,P2,negative,general_support,open,,,,true,Issue unresolved after multiple contacts,,108
TKT-0686,CUS-0732,,PROD-082,2024-09-26T00:00:00Z,chat,Return request for recent order,I'm an enterprise customer. I have a large order I need to return — what's the process for bulk returns?,returns,defective,initiate_return,P3,negative,returns_support,open,,,,false,,,13
TKT-0687,CUS-0747,,PROD-015,2025-01-30T00:00:00Z,web,Warranty claim request,My warranty repair is taking longer than expected. When will I get my product back?,warranty,extension,warranty_claim,P3,negative,returns_support,closed,Warranty claim approved. Replacement unit shipped.,WARRANTY_REPAIR,1344,false,,3,50
TKT-0688,CUS-0877,,,2025-08-22T00:00:00Z,web,Question about my order,My order shows as processing but I haven't received any shipping confirmation email yet.,orders,status,missing_item,P1,negative,general_support,open,,,,false,,,45
TKT-0689,CUS-0510,ORD-00862,PROD-078,2024-10-13T00:00:00Z,chat,Security concern — urgent,The security question on my account has been changed without my knowledge.,security,phishing,suspicious_activity,P3,angry,security_support,closed,Fraudulent orders cancelled. Refund initiated. Account secured.,ACCOUNT_SUSPENDED,291,false,,4,94
TKT-0690,CUS-0394,,PROD-055,2024-09-15T00:00:00Z,chat,Product question / issue,Is this product compatible with Mac OS? The listing only mentions Windows.,products,defect,product_compatibility,P2,positive,technical_support,resolved,Replacement product shipped under warranty.,COMPATIBILITY_CONFIRMED,578,false,,3,40
TKT-0691,CUS-0016,ORD-04230,PROD-088,2025-12-28T00:00:00Z,chat,Security concern — urgent,I want to enable two-factor authentication on my account. How do I set it up?,security,data,fraud_report,P2,negative,security_support,open,,,,false,,,206
TKT-0692,CUS-0963,,PROD-089,2025-06-07T00:00:00Z,email,Return request for recent order,I'm an enterprise customer. I have a large order I need to return — what's the process for bulk returns?,returns,defective,report_damaged_item,P2,negative,returns_support,in_progress,,,,true,Issue unresolved after multiple contacts,,97
TKT-0693,CUS-0673,,PROD-066,2025-09-02T00:00:00Z,phone,Return request for recent order,I received the wrong item in my shipment. I ordered a blue model but got a red one. Can I exchange or return it?,returns,policy,initiate_return,P2,negative,returns_support,in_progress,,,,false,,,89
TKT-0694,CUS-0314,,PROD-065,2024-06-13T00:00:00Z,email,Product question / issue,I'm trying to determine if this laptop is compatible with the external monitor I already own.,products,registration,product_defect,P1,negative,technical_support,open,,,,false,,,128
TKT-0695,CUS-0562,,,2025-12-06T00:00:00Z,web,Payment problem on my account,I'd like to split my payment across two different cards. Is that an option?,payments,payment_failure,update_payment_method,P0,negative,billing_support,in_progress,,,,false,,,225
TKT-0696,CUS-0205,,PROD-003,2024-07-11T00:00:00Z,web,Refund not received / billing issue,My order was cancelled but the payment hasn't been refunded to my account yet. It's been 7 days.,refunds,timeline,report_duplicate_charge,P3,angry,billing_support,in_progress,,,,false,,,156
TKT-0697,CUS-0843,,,2025-06-08T00:00:00Z,chat,Return request for recent order,I'd like to return an item I received 23 days ago. It's not what I expected based on the product description.,returns,policy,return_status,P3,neutral,returns_support,in_progress,,,,false,,,124
TKT-0698,CUS-0149,ORD-03804,,2025-10-15T00:00:00Z,web,Product question / issue,I need to register my new product for warranty purposes. The registration link in the box doesn't work.,products,registration,product_defect,P1,neutral,technical_support,open,,,,true,Policy exception required,,98
TKT-0699,CUS-0342,,,2024-11-22T00:00:00Z,email,Product question / issue,The specs say the battery lasts 8 hours but mine barely lasts 3. Is this a defect?,products,inquiry,product_defect,P3,angry,technical_support,resolved,Replacement product shipped under warranty.,INFO_PROVIDED,298,false,,5,103
TKT-0700,CUS-0274,,,2025-11-03T00:00:00Z,chat,Product question / issue,The product description says it includes a charging cable but mine didn't come with one.,products,inquiry,product_registration,P1,neutral,technical_support,closed,Compatibility confirmed with customer's existing setup.,REGISTRATION_DONE,125,true,Security concern flagged,5,89
TKT-0701,CUS-0676,,PROD-033,2025-02-07T00:00:00Z,chat,Product question / issue,Is this product compatible with Mac OS? The listing only mentions Windows.,products,inquiry,product_registration,P3,neutral,enterprise_support,in_progress,,,,false,,,233
TKT-0702,CUS-0550,,PROD-032,2025-08-26T00:00:00Z,phone,Technical support needed,The device is running very slowly after a recent software update. How do I roll back?,technical,connectivity,connectivity_problem,P3,positive,technical_support,closed,Escalated to engineering team for further investigation.,DRIVER_UPDATE,790,false,,4,116
TKT-0703,CUS-0166,,PROD-042,2024-09-16T00:00:00Z,email,Product question / issue,I need to know if I can use this device in a country with different voltage standards.,products,registration,product_registration,P3,neutral,technical_support,in_progress,,,,false,,,68
TKT-0704,CUS-0027,,PROD-096,2025-08-02T00:00:00Z,email,Security concern — urgent,I received a package I didn't order to my address. I'm worried someone is using my information.,security,unauthorized_access,fraud_report,P2,neutral,security_support,closed,"Unauthorized access confirmed. Account secured, password reset forced, customer notified.",FRAUD_RESOLVED,524,false,,5,166
TKT-0705,CUS-0441,,PROD-060,2025-07-27T00:00:00Z,phone,Technical support needed,My device won't turn on even after charging it fully overnight. I've tried holding the power button.,technical,software,software_issue,P3,negative,technical_support,open,,,,true,Policy exception required,,178
TKT-0706,CUS-0830,,,2024-07-03T00:00:00Z,email,Issue with my shipment — order help needed,I received a notification that my package was delivered but it's not here. Could it have been delivered to the wrong address?,shipping,wrong_address,report_delayed_delivery,P3,negative,shipping_support,open,,,,false,,,224
TKT-0707,CUS-0989,,,2025-08-21T00:00:00Z,email,Refund not received / billing issue,I returned my order 4 days ago and I still haven't received my refund. Can you check the status?,refunds,duplicate_charge,request_refund,P2,neutral,enterprise_support,in_progress,,,,false,,,128
TKT-0708,CUS-0457,,,2025-01-12T00:00:00Z,email,Payment problem on my account,My credit card expired and I need to update my payment method for a pending order.,payments,payment_failure,payment_authorization_issue,P2,negative,billing_support,waiting_for_customer,,,,false,,,172
TKT-0709,CUS-0845,,PROD-016,2025-12-12T00:00:00Z,web,Question about my order,I placed an order 14 days ago and it's still in processing status. When will it ship?,orders,modification,check_order_status,P2,negative,general_support,resolved,Order successfully cancelled. Refund initiated.,WRONG_ITEM_RESOLVED,1123,false,,5,35
TKT-0710,CUS-0916,ORD-01602,,2025-05-16T00:00:00Z,chat,Issue with my shipment — order help needed,The delivery attempt failed because the driver couldn't access my building. I need to reschedule for when I'm home.,shipping,lost_package,report_lost_package,P0,negative,shipping_support,resolved,Processed reshipment of order to correct address at no extra charge.,REFUNDED,157,false,,4,3
TKT-0711,CUS-0903,,PROD-076,2025-10-20T00:00:00Z,web,Product question / issue,I need a product that can handle video editing. Which items in your catalog would you recommend?,products,defect,product_compatibility,P3,positive,technical_support,open,,,,false,,,19
TKT-0712,CUS-0720,ORD-00298,PROD-088,2025-12-16T00:00:00Z,web,Account access issue,My account seems to have been hacked. I see order history for purchases I didn't make.,account,profile,account_locked,P2,negative,general_support,in_progress,,,,false,,,157
TKT-0713,CUS-0084,,PROD-033,2025-06-09T00:00:00Z,email,Issue with my shipment — order help needed,I received a notification that my package was delivered but it's not here. Could it have been delivered to the wrong address?,shipping,address_change,report_lost_package,P2,positive,enterprise_support,resolved,Processed reshipment of order to correct address at no extra charge.,DELIVERY_RESCHEDULED,1077,false,,5,177
TKT-0714,CUS-0853,,,2025-04-04T00:00:00Z,web,Security concern — urgent,I received a notification about a login from a location I've never been to. I think my account is compromised.,security,data,unauthorized_access,P0,negative,security_support,resolved,"Unauthorized access confirmed. Account secured, password reset forced, customer notified.",FRAUD_RESOLVED,196,false,,3,179
TKT-0715,CUS-0970,,,2025-07-30T00:00:00Z,email,Issue with my shipment — order help needed,I placed an order 15 days ago and my package hasn't arrived yet. The tracking number shows it's still in transit. Can you help?,shipping,failed_delivery,report_failed_delivery,P2,neutral,shipping_support,closed,Filed lost package claim with carrier. Refund or replacement offered.,REFUNDED,386,false,,5,72
TKT-0716,CUS-0795,,PROD-049,2024-07-30T00:00:00Z,chat,Security concern — urgent,I received a notification about a login from a location I've never been to. I think my account is compromised.,security,account_compromise,suspicious_activity,P2,positive,security_support,in_progress,,,,false,,,14
TKT-0717,CUS-0384,ORD-04414,PROD-048,2025-02-21T00:00:00Z,web,Issue with my shipment — order help needed,My package has been stuck at the same location for 8 days. The tracking info hasn't updated at all.,shipping,delayed,report_failed_delivery,P2,negative,shipping_support,waiting_for_customer,,,,true,Customer expressed extreme dissatisfaction,,156
TKT-0718,CUS-0628,,PROD-049,2024-07-18T00:00:00Z,web,Issue with my shipment — order help needed,The delivery attempt failed because the driver couldn't access my building. I need to reschedule for when I'm home.,shipping,delayed,change_shipping_address,P1,negative,shipping_support,closed,Rescheduled delivery for next business day.,RESHIPPED,1351,false,,3,148
TKT-0719,CUS-0788,,PROD-053,2025-08-03T00:00:00Z,email,Security concern — urgent,My credit card was charged by Acme Store but I haven't placed any orders recently.,security,data,data_breach_concern,P2,negative,security_support,in_progress,,,,false,,,165
TKT-0720,CUS-0955,,,2025-01-26T00:00:00Z,chat,Issue with my shipment — order help needed,I'm moving next week — can I redirect my package to a different address? It hasn't shipped yet.,shipping,failed_delivery,change_shipping_address,P2,neutral,shipping_support,in_progress,,,,false,,,75
TKT-0721,CUS-0710,,,2024-08-14T00:00:00Z,phone,Product question / issue,I need a product that can handle gaming. Which items in your catalog would you recommend?,products,compatibility,product_registration,P3,neutral,technical_support,resolved,Replacement product shipped under warranty.,ACCESSORY_SENT,495,true,Customer expressed extreme dissatisfaction,5,139
TKT-0722,CUS-0249,,,2024-10-23T00:00:00Z,web,Refund not received / billing issue,The refund amount doesn't match what I paid. I paid with a discount code — was that taken into account?,refunds,duplicate_charge,request_refund,P2,negative,billing_support,open,,,,false,,,137
TKT-0723,CUS-0554,,,2024-10-04T00:00:00Z,chat,Question about my order,My order was split into two shipments without any notification. When will the second one arrive?,orders,wrong_item,report_wrong_item,P2,negative,general_support,closed,Order successfully cancelled. Refund initiated.,CONFIRMED,1257,false,,2,224
TKT-0724,CUS-0943,ORD-03623,PROD-021,2024-10-03T00:00:00Z,web,Security concern — urgent,Someone appears to have used my account to place orders. I need all recent orders cancelled.,security,fraud,suspicious_activity,P2,negative,security_support,waiting_for_customer,,,,false,,,45
TKT-0725,CUS-0508,ORD-01882,,2024-10-12T00:00:00Z,chat,Payment problem on my account,I'd like to split my payment across two different cards. Is that an option?,payments,billing,payment_authorization_issue,P2,angry,billing_support,resolved,Customer advised to contact bank; charge appears to be a temporary authorization hold.,AUTHORIZATION_HOLD,677,false,,4,80
TKT-0726,CUS-0587,,PROD-008,2025-11-05T00:00:00Z,email,Issue with my shipment — order help needed,I need to change my delivery address. My order hasn't shipped yet — is it too late to update?,shipping,wrong_address,report_delayed_delivery,P3,neutral,shipping_support,resolved,Initiated investigation with carrier. Customer will be contacted within 2 business days.,TRACKING_PROVIDED,580,false,,5,136
TKT-0727,CUS-0984,,,2025-07-01T00:00:00Z,web,Return request for recent order,I'd like to return an item I received 25 days ago. It's not what I expected based on the product description.,returns,return_request,report_defective_item,P2,negative,returns_support,closed,Full refund processed after confirming item condition.,REPLACEMENT_SENT,150,false,,4,107
TKT-0728,CUS-0780,,,2024-06-17T00:00:00Z,chat,Technical support needed,My device is overheating during normal use. The fan seems to be running constantly.,technical,hardware,software_issue,P1,neutral,technical_support,closed,Remote diagnostic completed. Factory reset recommended and performed.,DRIVER_UPDATE,427,false,,4,181
TKT-0729,CUS-0203,,PROD-001,2025-05-17T00:00:00Z,chat,Refund not received / billing issue,I received a partial refund but I expected a full refund. Can you explain why it wasn't fully refunded?,refunds,cancellation,dispute_charge,P3,negative,billing_support,resolved,Refund of 127.73 processed to original payment method. Allow 3-5 business days.,PARTIAL_REFUND,901,true,Policy exception required,4,225
TKT-0730,CUS-0012,,PROD-009,2025-07-29T00:00:00Z,chat,Issue with my shipment — order help needed,My package has been stuck at the same location for 28 days. The tracking info hasn't updated at all.,shipping,lost_package,report_wrong_address,P1,negative,shipping_support,waiting_for_customer,,,,false,,,65
TKT-0731,CUS-0092,,PROD-070,2025-02-12T00:00:00Z,email,Issue with my shipment — order help needed,The delivery attempt failed because the driver couldn't access my building. I need to reschedule for when I'm home.,shipping,lost_package,report_delayed_delivery,P2,negative,shipping_support,waiting_for_customer,,,,false,,,20
TKT-0732,CUS-0798,,PROD-080,2024-06-01T00:00:00Z,chat,Question about my order,I placed an order 18 days ago and it's still in processing status. When will it ship?,orders,wrong_item,missing_item,P2,neutral,general_support,resolved,Order modification applied before shipment cutoff.,WRONG_ITEM_RESOLVED,133,false,,4,48
TKT-0733,CUS-0366,,,2024-06-20T00:00:00Z,chat,Question about my order,I accidentally ordered two of the same item. Can I modify the quantity to just one?,orders,status,check_order_status,P2,negative,general_support,closed,Order confirmed active; shipping label generated.,RESHIPPED,982,false,,4,37
TKT-0734,CUS-0032,,,2024-06-11T00:00:00Z,chat,Question about my order,One item from my multi-item order arrived but the other is still showing as processing.,orders,cancellation,missing_item,P2,negative,general_support,waiting_for_customer,,,,true,Security concern flagged,,26
TKT-0735,CUS-0552,ORD-03975,PROD-049,2024-12-16T00:00:00Z,chat,Refund not received / billing issue,I returned two items from the same order. I only received a refund for one. What happened to the other?,refunds,refund_status,check_refund_status,P0,positive,billing_support,resolved,Full refund approved for cancelled order.,PARTIAL_REFUND,126,false,,5,126
TKT-0736,CUS-0483,,PROD-039,2025-11-04T00:00:00Z,chat,Refund not received / billing issue,My order was cancelled but the payment hasn't been refunded to my account yet. It's been 14 days.,refunds,partial,check_refund_status,P3,angry,billing_support,open,,,,false,,,168
TKT-0737,CUS-0488,,,2025-05-01T00:00:00Z,chat,Account access issue,I want to close my account and delete all my personal data. What's the process?,account,closure,account_security,P2,negative,general_support,resolved,Password reset email resent. Customer advised to check spam folder.,ACCOUNT_UNLOCKED,979,true,Policy exception required,5,40
TKT-0738,CUS-0869,,PROD-099,2024-08-22T00:00:00Z,phone,Question about my order,"I received a confirmation email but when I check my account, I don't see the order listed.",orders,modification,modify_order,P2,angry,general_support,in_progress,,,,false,,,236
TKT-0739,CUS-0004,,PROD-079,2025-07-28T00:00:00Z,chat,Question about my order,I need to cancel my order. I just placed it 5 minutes ago — is it possible to cancel before it ships?,orders,cancellation,missing_item,P2,neutral,general_support,resolved,Order confirmed active; shipping label generated.,MODIFIED,346,false,,5,78
TKT-0740,CUS-0813,,,2025-09-09T00:00:00Z,chat,Security concern — urgent,I'm concerned about how my personal data is being used. I want to request a copy of my data.,security,unauthorized_access,unauthorized_access,P2,negative,security_support,in_progress,,,,false,,,44
TKT-0741,CUS-0248,,PROD-096,2025-08-18T00:00:00Z,phone,Technical support needed,I'm having connectivity issues — the device keeps disconnecting from WiFi every few minutes.,technical,hardware,connectivity_problem,P2,negative,technical_support,in_progress,,,,false,,,144
TKT-0742,CUS-0269,ORD-01304,,2025-07-20T00:00:00Z,email,Security concern — urgent,Someone appears to have used my account to place orders. I need all recent orders cancelled.,security,fraud,unauthorized_access,P3,neutral,security_support,resolved,"Unauthorized access confirmed. Account secured, password reset forced, customer notified.",DATA_REQUEST_PROCESSED,1309,false,,4,179
TKT-0743,CUS-0170,ORD-02252,,2024-10-14T00:00:00Z,email,Payment problem on my account,My PayPal payment shows as completed on PayPal's side but my order still shows payment pending.,payments,payment_failure,payment_authorization_issue,P2,negative,billing_support,resolved,Alternative payment method accepted; order confirmed.,AUTHORIZATION_HOLD,1219,true,Security concern flagged,1,67
TKT-0744,CUS-0371,ORD-03027,,2024-12-12T00:00:00Z,email,Question about my order,I accidentally ordered two of the same item. Can I modify the quantity to just one?,orders,status,report_wrong_item,P3,neutral,general_support,resolved,Missing item reshipped at no charge.,MODIFIED,1372,false,,4,223
TKT-0745,CUS-0299,,,2025-10-29T00:00:00Z,web,Question about my order,I ordered the wrong size/color variant. Can this be changed or do I need to cancel and reorder?,orders,status,report_wrong_item,P2,negative,general_support,resolved,Missing item reshipped at no charge.,MODIFIED,730,false,,4,87
TKT-0746,CUS-0937,,PROD-029,2025-09-30T00:00:00Z,email,Question about my order,I need to cancel my order. I just placed it 95 minutes ago — is it possible to cancel before it ships?,orders,modification,modify_order,P3,angry,general_support,closed,Order confirmed active; shipping label generated.,CANCELLED,1016,false,,4,195
TKT-0747,CUS-0182,,PROD-060,2025-10-10T00:00:00Z,email,Security concern — urgent,I noticed several unauthorized purchases on my account that I didn't make. I need help immediately.,security,account_compromise,fraud_report,P3,neutral,security_support,resolved,Data request processed per GDPR guidelines.,ACCOUNT_SECURED,1306,true,Policy exception required,5,56
TKT-0748,CUS-0847,,PROD-029,2025-04-12T00:00:00Z,chat,Refund not received / billing issue,I returned two items from the same order. I only received a refund for one. What happened to the other?,refunds,duplicate_charge,check_refund_status,P3,neutral,billing_support,resolved,Duplicate charge reversed. Credit will appear within 3-7 business days.,PARTIAL_REFUND,793,true,High-value order involved,5,137
TKT-0749,CUS-0314,,,2025-09-10T00:00:00Z,email,Issue with my shipment — order help needed,My package has been stuck at the same location for 21 days. The tracking info hasn't updated at all.,shipping,failed_delivery,report_failed_delivery,P3,neutral,shipping_support,resolved,Processed reshipment of order to correct address at no extra charge.,DELIVERY_RESCHEDULED,906,false,,5,221
TKT-0750,CUS-0908,ORD-00903,PROD-033,2024-09-20T00:00:00Z,web,Payment problem on my account,My credit card expired and I need to update my payment method for a pending order.,payments,payment_failure,payment_authorization_issue,P3,neutral,enterprise_support,closed,Invoice generated and sent to customer email.,PAYMENT_UPDATED,816,false,,4,86
TKT-0751,CUS-0047,,,2024-12-19T00:00:00Z,web,Account access issue,I need to update my billing address. I've moved and need to update my details.,account,merge,account_locked,P3,negative,general_support,in_progress,,,,false,,,3
TKT-0752,CUS-0220,,PROD-097,2024-11-08T00:00:00Z,web,Payment problem on my account,I made a bank transfer 25 days ago but my order is still showing payment pending.,payments,billing,invoice_request,P3,angry,billing_support,in_progress,,,,true,Customer expressed extreme dissatisfaction,,134
TKT-0753,CUS-0557,,PROD-013,2025-02-09T00:00:00Z,email,Product question / issue,I'm having trouble setting up my new device. The instructions aren't clear.,products,registration,product_inquiry,P2,negative,technical_support,in_progress,,,,false,,,83
TKT-0754,CUS-0744,,PROD-075,2025-06-10T00:00:00Z,email,Technical support needed,The device is running very slowly after a recent software update. How do I roll back?,technical,connectivity,hardware_malfunction,P2,negative,technical_support,open,,,,false,,,159
TKT-0755,CUS-0157,,PROD-092,2024-07-25T00:00:00Z,chat,Issue with my shipment — order help needed,I need to change my delivery address. My order hasn't shipped yet — is it too late to update?,shipping,delayed,track_shipment,P3,neutral,shipping_support,open,,,,false,,,204
TKT-0756,CUS-0681,ORD-01378,PROD-043,2025-06-17T00:00:00Z,web,Return request for recent order,The laptop I bought 6 days ago isn't working properly. I'd like to initiate a return. Is it within the return window?,returns,exchange,return_status,P2,negative,returns_support,in_progress,,,,false,,,157
TKT-0757,CUS-0140,,PROD-064,2025-05-04T00:00:00Z,email,Technical support needed,I'm getting error code E-629 when trying to use the device. What does this mean?,technical,hardware,connectivity_problem,P3,positive,technical_support,closed,Remote diagnostic completed. Factory reset recommended and performed.,ESCALATED_ENGINEERING,1005,false,,3,76
TKT-0758,CUS-0058,,PROD-084,2024-08-10T00:00:00Z,email,Return request for recent order,I'd like to return an item I received 23 days ago. It's not what I expected based on the product description.,returns,policy,check_return_eligibility,P1,positive,returns_support,resolved,Return approved and replacement shipped express.,RETURN_APPROVED,1103,false,,5,59
TKT-0759,CUS-0261,,,2025-10-15T00:00:00Z,web,Return request for recent order,The laptop I bought 8 days ago isn't working properly. I'd like to initiate a return. Is it within the return window?,returns,defective,initiate_return,P3,negative,returns_support,open,,,,false,,,19
TKT-0760,CUS-0018,,,2025-11-13T00:00:00Z,email,Warranty claim request,My product stopped working and it's still under the manufacturer's warranty. How do I file a claim?,warranty,claim,extend_warranty,P2,negative,returns_support,open,,,,false,,,124
TKT-0761,CUS-0737,,,2024-11-02T00:00:00Z,web,Refund not received / billing issue,I received a partial refund but I expected a full refund. Can you explain why it wasn't fully refunded?,refunds,timeline,partial_refund_request,P2,angry,billing_support,waiting_for_customer,,,,false,,,195
TKT-0762,CUS-0303,,PROD-013,2025-11-26T00:00:00Z,email,Technical support needed,I can't get the Bluetooth pairing to work between my new device and my phone.,technical,hardware,connectivity_problem,P2,negative,technical_support,open,,,,false,,,125
TKT-0763,CUS-0817,,PROD-002,2024-10-24T00:00:00Z,phone,Product question / issue,Is this product compatible with Mac OS? The listing only mentions Windows.,products,registration,product_recommendation,P2,neutral,technical_support,waiting_for_customer,,,,false,,,50
TKT-0764,CUS-0439,,PROD-008,2025-01-20T00:00:00Z,web,Account access issue,My account seems to have been hacked. I see order history for purchases I didn't make.,account,merge,account_locked,P3,positive,general_support,in_progress,,,,false,,,205
TKT-0765,CUS-0656,,PROD-069,2025-10-20T00:00:00Z,chat,Account access issue,I'm not receiving order confirmation emails even though my address is correct.,account,merge,password_reset,P1,negative,general_support,open,,,,false,,,120
TKT-0766,CUS-0496,,PROD-025,2025-09-25T00:00:00Z,email,Security concern — urgent,I'm concerned about how my personal data is being used. I want to request a copy of my data.,security,data,fraud_report,P3,positive,security_support,closed,Phishing report logged. Customer advised on account security measures.,FRAUD_RESOLVED,616,false,,3,68
TKT-0767,CUS-0328,,PROD-020,2025-06-29T00:00:00Z,web,Account access issue,I want to close my account and delete all my personal data. What's the process?,account,password,password_reset,P2,negative,general_support,open,,,,false,,,110
TKT-0768,CUS-0458,,PROD-071,2024-11-12T00:00:00Z,web,Security concern — urgent,I received a notification about a login from a location I've never been to. I think my account is compromised.,security,account_compromise,unauthorized_access,P1,neutral,security_support,resolved,Phishing report logged. Customer advised on account security measures.,ACCOUNT_SECURED,817,false,,4,201
TKT-0769,CUS-0242,ORD-04782,PROD-054,2025-09-10T00:00:00Z,chat,Technical support needed,I followed the setup instructions but the device isn't being recognized by my computer.,technical,hardware,setup_issue,P1,negative,technical_support,open,,,,false,,,177
TKT-0770,CUS-0628,,PROD-083,2025-01-21T00:00:00Z,web,Warranty claim request,"My warranty claim was rejected but I believe the damage is a manufacturing defect, not user damage.",warranty,claim,warranty_replacement,P3,negative,returns_support,resolved,Warranty extended by 12 months as goodwill gesture.,WARRANTY_EXTENDED,1144,false,,3,210
TKT-0771,CUS-0591,,,2025-10-10T00:00:00Z,web,Return request for recent order,I want to return a gift I received. I have the order number but I'm not the original purchaser. Is that possible?,returns,return_request,report_defective_item,P2,positive,returns_support,closed,Exception approved due to damaged item — extended return window applied.,EXCEPTION_APPLIED,189,false,,5,43
TKT-0772,CUS-0278,,,2025-10-28T00:00:00Z,email,Issue with my shipment — order help needed,My package has been stuck at the same location for 17 days. The tracking info hasn't updated at all.,shipping,address_change,report_delayed_delivery,P2,positive,shipping_support,closed,Rescheduled delivery for next business day.,DELIVERY_RESCHEDULED,710,false,,3,167
TKT-0773,CUS-0371,,,2025-04-16T00:00:00Z,web,Product question / issue,I'm having trouble setting up my new device. The instructions aren't clear.,products,inquiry,product_compatibility,P3,negative,technical_support,resolved,Missing accessory dispatched as separate shipment.,REGISTRATION_DONE,795,false,,2,130
TKT-0774,CUS-0868,,PROD-015,2024-10-24T00:00:00Z,email,Issue with my shipment — order help needed,I placed an order 11 days ago and my package hasn't arrived yet. The tracking number shows it's still in transit. Can you help?,shipping,lost_package,report_delayed_delivery,P2,negative,shipping_support,open,,,,false,,,229
TKT-0775,CUS-0969,,,2025-03-13T00:00:00Z,web,Warranty claim request,I'd like to extend my warranty before it expires. What options are available?,warranty,claim,warranty_replacement,P3,negative,returns_support,open,,,,false,,,148
TKT-0776,CUS-0294,,,2025-04-21T00:00:00Z,email,Technical support needed,The camera on my device is producing blurry images even in good lighting conditions.,technical,compatibility,compatibility_issue,P2,negative,technical_support,waiting_for_customer,,,,true,Issue unresolved after multiple contacts,,204
TKT-0777,CUS-0287,,PROD-045,2025-09-03T00:00:00Z,email,Account access issue,I need to update my billing address. I've moved and need to update my details.,account,profile,account_security,P3,negative,general_support,resolved,Password reset email resent. Customer advised to check spam folder.,EMAIL_UPDATED,675,true,High-value order involved,5,10
TKT-0778,CUS-0648,,PROD-084,2025-08-06T00:00:00Z,phone,Technical support needed,The camera on my device is producing blurry images even in good lighting conditions.,technical,compatibility,hardware_malfunction,P3,negative,enterprise_support,resolved,Escalated to engineering team for further investigation.,FACTORY_RESET,411,false,,4,4
TKT-0779,CUS-0603,,,2025-08-02T00:00:00Z,web,Payment problem on my account,I was charged a different amount than what was shown at checkout. There seems to be a discrepancy.,payments,authorization,invoice_request,P2,negative,billing_support,closed,Invoice generated and sent to customer email.,ALT_PAYMENT,220,false,,4,116
TKT-0780,CUS-0232,,PROD-014,2024-08-30T00:00:00Z,web,Issue with my shipment — order help needed,The delivery attempt failed because the driver couldn't access my building. I need to reschedule for when I'm home.,shipping,lost_package,report_failed_delivery,P3,positive,shipping_support,closed,Processed reshipment of order to correct address at no extra charge.,RESHIPPED,512,false,,4,66
TKT-0781,CUS-0528,,PROD-028,2024-11-03T00:00:00Z,email,Payment problem on my account,My PayPal payment shows as completed on PayPal's side but my order still shows payment pending.,payments,update_method,billing_inquiry,P1,angry,billing_support,in_progress,,,,false,,,155
TKT-0782,CUS-0016,ORD-03400,PROD-067,2025-06-12T00:00:00Z,chat,Refund not received / billing issue,My order was cancelled but the payment hasn't been refunded to my account yet. It's been 5 days.,refunds,cancellation,partial_refund_request,P1,neutral,billing_support,resolved,Refund initiated; customer advised to allow up to 10 days for bank processing.,REFUND_PROCESSED,462,false,,4,188
TKT-0783,CUS-0295,,PROD-042,2025-02-19T00:00:00Z,email,Technical support needed,My device won't turn on even after charging it fully overnight. I've tried holding the power button.,technical,hardware,connectivity_problem,P2,neutral,technical_support,open,,,,true,Customer requested supervisor,,120
TKT-0784,CUS-0638,,PROD-093,2024-11-18T00:00:00Z,chat,Product question / issue,Can you tell me if a specific product will be back in stock soon?,products,registration,product_inquiry,P2,positive,technical_support,closed,Technical specifications shared with customer.,ACCESSORY_SENT,969,false,,4,11
TKT-0785,CUS-0827,,PROD-082,2025-07-22T00:00:00Z,chat,Return request for recent order,I purchased a smartphone 12 days ago. I know electronics have a shorter return window — am I still eligible?,returns,exchange,report_defective_item,P2,negative,returns_support,in_progress,,,,false,,,159
TKT-0786,CUS-0477,,,2025-09-02T00:00:00Z,email,Return request for recent order,The product stopped working after just a week of normal use. This seems like a manufacturing defect.,returns,defective,initiate_return,P2,negative,returns_support,resolved,Return label issued. Customer to ship item within 7 days.,REFUND_PROCESSED,1409,false,,3,122
TKT-0787,CUS-0886,,PROD-076,2024-08-30T00:00:00Z,email,Question about my order,I need my order urgently. Can I upgrade the shipping method after placing the order?,orders,status,report_wrong_item,P2,negative,general_support,waiting_for_customer,,,,false,,,47
TKT-0788,CUS-0620,ORD-00335,PROD-079,2024-09-12T00:00:00Z,chat,Refund not received / billing issue,"I disputed a charge and the bank said it was resolved, but I don't see the credit on my account yet.",refunds,cancellation,dispute_charge,P2,positive,billing_support,closed,Duplicate charge reversed. Credit will appear within 3-7 business days.,PARTIAL_REFUND,719,false,,1,194
TKT-0789,CUS-0316,,,2024-09-24T00:00:00Z,phone,Question about my order,I ordered the wrong size/color variant. Can this be changed or do I need to cancel and reorder?,orders,cancellation,cancel_order,P3,negative,general_support,resolved,Order confirmed active; shipping label generated.,WRONG_ITEM_RESOLVED,182,false,,4,202
TKT-0790,CUS-0940,,PROD-058,2025-07-13T00:00:00Z,chat,Product question / issue,The specs say the battery lasts 8 hours but mine barely lasts 3. Is this a defect?,products,recommendation,product_defect,P2,negative,technical_support,in_progress,,,,false,,,180
TKT-0791,CUS-0702,,,2025-01-26T00:00:00Z,email,Product question / issue,I need to know if I can use this device in a country with different voltage standards.,products,defect,product_defect,P2,negative,technical_support,resolved,Product registration completed manually by support agent.,INFO_PROVIDED,800,true,High-value order involved,4,79
TKT-0792,CUS-0096,,PROD-054,2024-10-25T00:00:00Z,email,Account access issue,My account seems to have been hacked. I see order history for purchases I didn't make.,account,merge,update_profile,P3,negative,general_support,resolved,Two-factor authentication enabled on customer's account.,ACCOUNT_UNLOCKED,1114,false,,5,19
TKT-0793,CUS-0297,,PROD-002,2025-09-15T00:00:00Z,email,Account access issue,My account seems to have been hacked. I see order history for purchases I didn't make.,account,security,update_profile,P2,neutral,general_support,waiting_for_customer,,,,false,,,30
TKT-0794,CUS-0057,,,2025-08-02T00:00:00Z,web,Issue with my shipment — order help needed,"My tracking shows 'delivered' but I never received my package. I checked with my neighbors and the front desk, no sign of it.",shipping,tracking,change_shipping_address,P1,neutral,shipping_support,open,,,,false,,,68
TKT-0795,CUS-0156,,,2025-01-22T00:00:00Z,chat,Technical support needed,I followed the setup instructions but the device isn't being recognized by my computer.,technical,setup,hardware_malfunction,P2,negative,technical_support,resolved,Driver update resolved connectivity issue.,HARDWARE_REPLACEMENT,494,false,,5,159
TKT-0796,CUS-0498,,PROD-086,2025-08-05T00:00:00Z,chat,Refund not received / billing issue,I was charged twice for the same order. I can see two identical transactions on my credit card statement.,refunds,refund_status,partial_refund_request,P1,negative,enterprise_support,closed,Refund of 97.18 processed to original payment method. Allow 3-5 business days.,PARTIAL_REFUND,87,false,,4,194
TKT-0797,CUS-0646,,PROD-043,2024-10-22T00:00:00Z,phone,Technical support needed,The display has dead pixels. I noticed them right after unboxing. This seems like a defect.,technical,compatibility,compatibility_issue,P2,angry,technical_support,open,,,,false,,,74
TKT-0798,CUS-0582,ORD-03797,PROD-027,2024-12-08T00:00:00Z,chat,Product question / issue,I need to know if I can use this device in a country with different voltage standards.,products,registration,product_compatibility,P2,negative,technical_support,open,,,,false,,,193
TKT-0799,CUS-0388,,,2024-08-06T00:00:00Z,email,Return request for recent order,I opened the box but decided the product isn't what I need. Can I still return it even though it's been opened?,returns,policy,report_defective_item,P1,negative,returns_support,closed,Full refund processed after confirming item condition.,REPLACEMENT_SENT,50,false,,1,147
TKT-0800,CUS-0564,,,2025-08-23T00:00:00Z,email,Payment problem on my account,I'm getting an error message saying my billing address doesn't match. I've confirmed it's correct.,payments,invoice,invoice_request,P1,positive,billing_support,waiting_for_customer,,,,false,,,197
TKT-0801,CUS-0285,,PROD-057,2024-11-27T00:00:00Z,web,Security concern — urgent,I received a package I didn't order to my address. I'm worried someone is using my information.,security,account_compromise,suspicious_activity,P2,angry,security_support,resolved,Data request processed per GDPR guidelines.,ACCOUNT_SUSPENDED,224,true,Policy exception required,2,150
TKT-0802,CUS-0027,,PROD-080,2024-12-23T00:00:00Z,email,Security concern — urgent,I noticed several unauthorized purchases on my account that I didn't make. I need help immediately.,security,phishing,unauthorized_access,P2,positive,security_support,resolved,Fraudulent orders cancelled. Refund initiated. Account secured.,FRAUD_RESOLVED,817,false,,4,112
TKT-0803,CUS-0091,,,2025-08-03T00:00:00Z,web,Return request for recent order,I received the wrong item in my shipment. I ordered a blue model but got a red one. Can I exchange or return it?,returns,exchange,report_damaged_item,P2,angry,returns_support,closed,Exception approved due to damaged item — extended return window applied.,REPLACEMENT_SENT,103,true,Policy exception required,2,138
TKT-0804,CUS-0863,,,2025-05-11T00:00:00Z,chat,Technical support needed,My device is overheating during normal use. The fan seems to be running constantly.,technical,hardware,connectivity_problem,P2,negative,technical_support,waiting_for_customer,,,,false,,,234
TKT-0805,CUS-0310,ORD-01662,PROD-062,2024-09-26T00:00:00Z,chat,Technical support needed,I followed the setup instructions but the device isn't being recognized by my computer.,technical,software,compatibility_issue,P3,negative,technical_support,open,,,,false,,,210
TKT-0806,CUS-0323,,PROD-022,2025-01-24T00:00:00Z,email,Product question / issue,The specs say the battery lasts 8 hours but mine barely lasts 3. Is this a defect?,products,recommendation,product_registration,P3,neutral,technical_support,in_progress,,,,false,,,181
TKT-0807,CUS-0207,ORD-00960,PROD-086,2024-08-03T00:00:00Z,web,Account access issue,I want to close my account and delete all my personal data. What's the process?,account,password,close_account,P2,neutral,general_support,in_progress,,,,false,,,222
TKT-0808,CUS-0911,,,2025-12-14T00:00:00Z,web,Technical support needed,I can't get the Bluetooth pairing to work between my new device and my phone.,technical,software,compatibility_issue,P2,negative,technical_support,in_progress,,,,false,,,193
TKT-0809,CUS-0567,,,2025-12-20T00:00:00Z,email,Return request for recent order,I received the wrong item in my shipment. I ordered a blue model but got a red one. Can I exchange or return it?,returns,defective,report_defective_item,P1,negative,returns_support,resolved,Enterprise return processed per contract terms.,REPLACEMENT_SENT,948,false,,5,164
TKT-0810,CUS-0227,,,2025-08-31T00:00:00Z,email,Refund not received / billing issue,I received a partial refund but I expected a full refund. Can you explain why it wasn't fully refunded?,refunds,cancellation,check_refund_status,P3,angry,billing_support,resolved,Refund initiated; customer advised to allow up to 10 days for bank processing.,REFUND_PROCESSED,52,false,,4,203
TKT-0811,CUS-0350,,,2025-12-03T00:00:00Z,web,Issue with my shipment — order help needed,I need to change my delivery address. My order hasn't shipped yet — is it too late to update?,shipping,wrong_address,report_wrong_address,P2,angry,shipping_support,resolved,Rescheduled delivery for next business day.,CARRIER_INVESTIGATION,519,false,,5,190
TKT-0812,CUS-0669,,,2024-12-24T00:00:00Z,phone,Payment problem on my account,I'd like to split my payment across two different cards. Is that an option?,payments,authorization,billing_inquiry,P2,negative,billing_support,in_progress,,,,false,,,74
TKT-0813,CUS-0379,,,2025-05-12T00:00:00Z,email,Issue with my shipment — order help needed,My order shows it shipped but I never received a tracking number via email. How can I find out where my package is?,shipping,lost_package,report_lost_package,P3,neutral,shipping_support,resolved,Filed lost package claim with carrier. Refund or replacement offered.,CARRIER_INVESTIGATION,735,true,Customer expressed extreme dissatisfaction,4,130
TKT-0814,CUS-0682,,PROD-019,2025-10-18T00:00:00Z,email,Issue with my shipment — order help needed,I placed an order 24 days ago and my package hasn't arrived yet. The tracking number shows it's still in transit. Can you help?,shipping,lost_package,report_wrong_address,P3,neutral,shipping_support,in_progress,,,,false,,,181
TKT-0815,CUS-0258,ORD-00931,,2025-06-13T00:00:00Z,chat,Payment problem on my account,I need an official invoice for my order for tax purposes. Can you send me one?,payments,authorization,payment_failure,P3,neutral,billing_support,closed,Payment issue escalated to billing team for manual review.,PAYMENT_UPDATED,284,false,,5,39
TKT-0816,CUS-0033,,PROD-076,2025-03-20T00:00:00Z,email,Account access issue,I need to update my email address. The current one is from a job I no longer have.,account,email,update_profile,P2,negative,general_support,closed,Email address updated successfully.,PASSWORD_RESET,737,false,,3,89
TKT-0817,CUS-0896,ORD-01797,,2025-07-23T00:00:00Z,email,Issue with my shipment — order help needed,I'm moving next week — can I redirect my package to a different address? It hasn't shipped yet.,shipping,wrong_address,report_failed_delivery,P2,negative,enterprise_support,open,,,,false,,,214
TKT-0818,CUS-0461,,PROD-059,2025-01-26T00:00:00Z,chat,Account access issue,I need to update my billing address. I've moved and need to update my details.,account,profile,close_account,P3,negative,general_support,open,,,,true,Customer requested supervisor,,94
TKT-0819,CUS-0591,,,2025-03-25T00:00:00Z,chat,Payment problem on my account,I'd like to split my payment across two different cards. Is that an option?,payments,authorization,payment_failure,P3,neutral,billing_support,closed,Alternative payment method accepted; order confirmed.,ESCALATED_BILLING,151,false,,3,49
TKT-0820,CUS-0949,ORD-01324,,2025-08-06T00:00:00Z,chat,Refund not received / billing issue,I returned my order 7 days ago and I still haven't received my refund. Can you check the status?,refunds,timeline,request_refund,P2,negative,billing_support,open,,,,false,,,156
TKT-0821,CUS-0103,,,2025-02-23T00:00:00Z,email,Technical support needed,The software keeps crashing whenever I try to open a specific feature. I've tried reinstalling.,technical,compatibility,software_issue,P2,negative,technical_support,in_progress,,,,false,,,220
TKT-0822,CUS-0046,ORD-01619,,2024-11-19T00:00:00Z,web,Account access issue,Someone tried to access my account from an unfamiliar location. I received a security alert.,account,email,update_profile,P3,angry,general_support,closed,Account closure processed. Data deletion scheduled per policy.,ACCOUNT_CLOSED,766,false,,3,14
TKT-0823,CUS-0732,,PROD-075,2024-07-09T00:00:00Z,email,Product question / issue,I'm having trouble setting up my new device. The instructions aren't clear.,products,defect,product_compatibility,P1,neutral,technical_support,closed,Missing accessory dispatched as separate shipment.,WARRANTY_REPLACEMENT,916,false,,4,153
TKT-0824,CUS-0366,,PROD-064,2024-11-22T00:00:00Z,email,Return request for recent order,The product stopped working after just a week of normal use. This seems like a manufacturing defect.,returns,return_request,check_return_eligibility,P2,angry,returns_support,resolved,Return label issued. Customer to ship item within 7 days.,REFUND_PROCESSED,824,false,,2,186
TKT-0825,CUS-0782,,,2024-08-20T00:00:00Z,chat,Question about my order,I need to cancel my order. I just placed it 21 minutes ago — is it possible to cancel before it ships?,orders,modification,cancel_order,P3,neutral,general_support,resolved,Order confirmed active; shipping label generated.,WRONG_ITEM_RESOLVED,526,true,Policy exception required,4,87
TKT-0826,CUS-0111,ORD-03028,,2024-06-20T00:00:00Z,chat,Warranty claim request,My warranty repair is taking longer than expected. When will I get my product back?,warranty,claim,check_warranty_status,P2,negative,returns_support,waiting_for_customer,,,,false,,,24
TKT-0827,CUS-0723,,PROD-026,2025-05-13T00:00:00Z,email,Security concern — urgent,I received a notification about a login from a location I've never been to. I think my account is compromised.,security,fraud,unauthorized_access,P2,angry,security_support,waiting_for_customer,,,,false,,,92
TKT-0828,CUS-0580,,PROD-025,2024-09-23T00:00:00Z,web,Security concern — urgent,I noticed several unauthorized purchases on my account that I didn't make. I need help immediately.,security,phishing,account_compromise,P3,neutral,enterprise_support,open,,,,false,,,184
TKT-0829,CUS-0753,ORD-01834,PROD-056,2025-10-02T00:00:00Z,phone,Return request for recent order,My item arrived defective straight out of the box. I haven't even used it. What's the fastest way to get a replacement?,returns,policy,report_defective_item,P2,negative,returns_support,in_progress,,,,false,,,105
TKT-0830,CUS-0040,,PROD-093,2024-06-06T00:00:00Z,chat,Return request for recent order,The laptop I bought 6 days ago isn't working properly. I'd like to initiate a return. Is it within the return window?,returns,defective,report_damaged_item,P2,negative,returns_support,resolved,Return label issued. Customer to ship item within 7 days.,RETURN_APPROVED,1027,false,,4,116
TKT-0831,CUS-0924,,PROD-011,2024-06-04T00:00:00Z,web,Technical support needed,I'm having connectivity issues — the device keeps disconnecting from WiFi every few minutes.,technical,hardware,compatibility_issue,P3,neutral,technical_support,closed,Remote diagnostic completed. Factory reset recommended and performed.,FACTORY_RESET,1356,false,,4,223
TKT-0832,CUS-0963,,PROD-028,2025-02-25T00:00:00Z,web,Refund not received / billing issue,I returned my order 18 days ago and I still haven't received my refund. Can you check the status?,refunds,refund_status,partial_refund_request,P3,neutral,billing_support,waiting_for_customer,,,,false,,,41
TKT-0833,CUS-0712,ORD-01795,PROD-059,2024-10-22T00:00:00Z,email,Technical support needed,The camera on my device is producing blurry images even in good lighting conditions.,technical,connectivity,setup_issue,P3,neutral,technical_support,closed,Hardware defect confirmed. Replacement unit authorized.,HARDWARE_REPLACEMENT,1031,false,,5,107
TKT-0834,CUS-0008,,,2024-08-28T00:00:00Z,email,Product question / issue,The product description says it includes a charging cable but mine didn't come with one.,products,inquiry,product_registration,P0,neutral,technical_support,resolved,Missing accessory dispatched as separate shipment.,ACCESSORY_SENT,854,true,Policy exception required,3,127
TKT-0835,CUS-0950,,,2025-03-16T00:00:00Z,email,Technical support needed,I'm getting error code E-438 when trying to use the device. What does this mean?,technical,hardware,setup_issue,P1,negative,technical_support,closed,Issue resolved with firmware update. Customer confirmed device working.,DRIVER_UPDATE,310,false,,2,47
TKT-0836,CUS-0571,,PROD-068,2024-08-16T00:00:00Z,email,Warranty claim request,My product stopped working and it's still under the manufacturer's warranty. How do I file a claim?,warranty,extension,warranty_replacement,P1,negative,returns_support,resolved,Device sent for repair under warranty. ETA 7-10 business days.,REPAIR_QUOTE,1313,true,Customer requested supervisor,5,155
TKT-0837,CUS-0961,,,2024-11-19T00:00:00Z,chat,Return request for recent order,My item arrived defective straight out of the box. I haven't even used it. What's the fastest way to get a replacement?,returns,exchange,report_defective_item,P2,angry,returns_support,resolved,Return approved and replacement shipped express.,ENTERPRISE_RETURN,706,false,,4,99
TKT-0838,CUS-0973,,,2024-10-24T00:00:00Z,email,Issue with my shipment — order help needed,I need to change my delivery address. My order hasn't shipped yet — is it too late to update?,shipping,failed_delivery,report_wrong_address,P3,negative,enterprise_support,in_progress,,,,false,,,27
TKT-0839,CUS-0567,ORD-03150,PROD-039,2025-07-18T00:00:00Z,email,Payment problem on my account,My payment keeps failing at checkout even though my card details are correct and I have sufficient funds.,payments,update_method,payment_authorization_issue,P3,negative,billing_support,closed,Payment method updated successfully. Order will now process.,INVOICE_SENT,908,false,,5,55
TKT-0840,CUS-0370,ORD-04882,,2025-03-27T00:00:00Z,web,Issue with my shipment — order help needed,I placed an order 19 days ago and my package hasn't arrived yet. The tracking number shows it's still in transit. Can you help?,shipping,lost_package,report_failed_delivery,P0,angry,shipping_support,in_progress,,,,true,Policy exception required,,161
TKT-0841,CUS-0903,ORD-02020,PROD-093,2025-05-11T00:00:00Z,email,Question about my order,I need to cancel my order. I just placed it 49 minutes ago — is it possible to cancel before it ships?,orders,status,check_order_status,P2,neutral,general_support,closed,Order confirmed active; shipping label generated.,WRONG_ITEM_RESOLVED,61,false,,5,120
TKT-0842,CUS-0130,,PROD-084,2025-05-25T00:00:00Z,chat,Account access issue,I need to update my billing address. I've moved and need to update my details.,account,profile,update_profile,P1,negative,general_support,resolved,Account closure processed. Data deletion scheduled per policy.,ACCOUNT_UNLOCKED,365,false,,5,93
TKT-0843,CUS-0452,,PROD-038,2024-08-17T00:00:00Z,phone,Refund not received / billing issue,I returned my order 2 days ago and I still haven't received my refund. Can you check the status?,refunds,timeline,dispute_charge,P2,positive,billing_support,closed,Partial refund of 179.41 applied per return policy.,DUPLICATE_REVERSED,931,false,,3,39
TKT-0844,CUS-0788,ORD-02349,PROD-027,2025-09-13T00:00:00Z,phone,Warranty claim request,I lost my proof of purchase. Can I still make a warranty claim using my order number?,warranty,status,check_warranty_status,P1,neutral,returns_support,resolved,Claim rejected — damage determined to be outside warranty scope. Repair quote provided.,REPAIR_QUOTE,775,false,,5,105
TKT-0845,CUS-0077,,,2024-06-14T00:00:00Z,web,Product question / issue,I need to know if I can use this device in a country with different voltage standards.,products,inquiry,product_inquiry,P1,neutral,technical_support,in_progress,,,,false,,,100
TKT-0846,CUS-0562,ORD-04243,,2024-12-09T00:00:00Z,email,Return request for recent order,I'm an enterprise customer. I have a large order I need to return — what's the process for bulk returns?,returns,damaged,initiate_return,P2,neutral,returns_support,resolved,Return approved and replacement shipped express.,RETURN_APPROVED,842,false,,4,14
TKT-0847,CUS-0605,,,2025-08-29T00:00:00Z,web,Refund not received / billing issue,I returned two items from the same order. I only received a refund for one. What happened to the other?,refunds,cancellation,dispute_charge,P2,negative,billing_support,waiting_for_customer,,,,false,,,132
TKT-0848,CUS-0228,,,2025-11-21T00:00:00Z,web,Payment problem on my account,The payment authorization failed even though my bank says the transaction was approved.,payments,invoice,billing_inquiry,P3,negative,billing_support,resolved,Invoice generated and sent to customer email.,AUTHORIZATION_HOLD,1239,true,High-value order involved,5,28
TKT-0849,CUS-0158,,,2024-06-10T00:00:00Z,web,Question about my order,I accidentally ordered two of the same item. Can I modify the quantity to just one?,orders,modification,modify_order,P3,negative,general_support,in_progress,,,,false,,,33
TKT-0850,CUS-0484,,PROD-056,2024-11-17T00:00:00Z,email,Warranty claim request,My product stopped working and it's still under the manufacturer's warranty. How do I file a claim?,warranty,extension,extend_warranty,P2,negative,returns_support,in_progress,,,,false,,,136
TKT-0851,CUS-0972,,,2025-09-06T00:00:00Z,phone,Return request for recent order,I want to return a gift I received. I have the order number but I'm not the original purchaser. Is that possible?,returns,policy,report_damaged_item,P3,neutral,returns_support,in_progress,,,,false,,,23
TKT-0852,CUS-0278,,PROD-030,2025-01-28T00:00:00Z,web,Refund not received / billing issue,My refund was supposed to be processed 16 days ago according to your email. Still nothing in my account.,refunds,refund_status,dispute_charge,P2,negative,billing_support,resolved,Partial refund of 185.56 applied per return policy.,PARTIAL_REFUND,207,true,Issue unresolved after multiple contacts,2,149
TKT-0853,CUS-0476,ORD-00986,,2024-09-10T00:00:00Z,email,Refund not received / billing issue,My refund was supposed to be processed 6 days ago according to your email. Still nothing in my account.,refunds,duplicate_charge,report_duplicate_charge,P3,neutral,billing_support,closed,Refund initiated; customer advised to allow up to 10 days for bank processing.,REFUND_INITIATED,409,false,,4,182
TKT-0854,CUS-0055,ORD-00258,PROD-008,2024-12-22T00:00:00Z,chat,Refund not received / billing issue,My order was cancelled but the payment hasn't been refunded to my account yet. It's been 12 days.,refunds,refund_status,report_duplicate_charge,P2,negative,billing_support,closed,Refund initiated; customer advised to allow up to 10 days for bank processing.,PARTIAL_REFUND,121,false,,3,66
TKT-0855,CUS-0490,,,2025-04-05T00:00:00Z,email,Warranty claim request,The product was repaired under warranty but the same issue has returned. What are my options?,warranty,status,check_warranty_status,P2,angry,returns_support,closed,Device sent for repair under warranty. ETA 7-10 business days.,WARRANTY_EXTENDED,326,false,,4,214
TKT-0856,CUS-0060,ORD-04240,PROD-041,2025-12-07T00:00:00Z,email,Issue with my shipment — order help needed,My package has been stuck at the same location for 9 days. The tracking info hasn't updated at all.,shipping,tracking,report_wrong_address,P2,negative,shipping_support,closed,Processed reshipment of order to correct address at no extra charge.,DELIVERY_RESCHEDULED,228,false,,4,5
TKT-0857,CUS-0414,,PROD-096,2024-09-25T00:00:00Z,web,Technical support needed,My device won't turn on even after charging it fully overnight. I've tried holding the power button.,technical,setup,compatibility_issue,P3,negative,technical_support,in_progress,,,,false,,,72
TKT-0858,CUS-0311,,PROD-082,2025-09-17T00:00:00Z,email,Technical support needed,The display has dead pixels. I noticed them right after unboxing. This seems like a defect.,technical,setup,connectivity_problem,P3,negative,technical_support,resolved,Hardware defect confirmed. Replacement unit authorized.,HARDWARE_REPLACEMENT,1110,false,,4,184
TKT-0859,CUS-0616,,PROD-045,2024-10-13T00:00:00Z,chat,Account access issue,Someone tried to access my account from an unfamiliar location. I received a security alert.,account,closure,account_security,P2,neutral,general_support,waiting_for_customer,,,,true,Customer expressed extreme dissatisfaction,,159
TKT-0860,CUS-0142,,,2025-01-08T00:00:00Z,web,Issue with my shipment — order help needed,I placed an order 8 days ago and my package hasn't arrived yet. The tracking number shows it's still in transit. Can you help?,shipping,delayed,report_delayed_delivery,P2,angry,shipping_support,resolved,Rescheduled delivery for next business day.,TRACKING_PROVIDED,733,false,,3,78
TKT-0861,CUS-0012,,PROD-037,2025-09-18T00:00:00Z,phone,Payment problem on my account,The payment authorization failed even though my bank says the transaction was approved.,payments,invoice,payment_failure,P2,negative,billing_support,resolved,Payment method updated successfully. Order will now process.,ESCALATED_BILLING,32,false,,5,139
TKT-0862,CUS-0666,,PROD-052,2025-09-11T00:00:00Z,email,Account access issue,I need to update my email address. The current one is from a job I no longer have.,account,email,close_account,P3,negative,enterprise_support,closed,Two-factor authentication enabled on customer's account.,ACCOUNT_UNLOCKED,1292,false,,4,69
TKT-0863,CUS-0751,,,2024-10-13T00:00:00Z,web,Security concern — urgent,My credit card was charged by Acme Store but I haven't placed any orders recently.,security,fraud,suspicious_activity,P0,negative,security_support,resolved,Data request processed per GDPR guidelines.,DATA_REQUEST_PROCESSED,340,false,,5,18
TKT-0864,CUS-0770,,PROD-098,2025-11-05T00:00:00Z,email,Product question / issue,Can you tell me if a specific product will be back in stock soon?,products,registration,product_registration,P2,angry,technical_support,resolved,Replacement product shipped under warranty.,ACCESSORY_SENT,1025,false,,5,86
TKT-0865,CUS-0025,,PROD-031,2025-03-01T00:00:00Z,email,Technical support needed,My device is overheating during normal use. The fan seems to be running constantly.,technical,connectivity,compatibility_issue,P2,neutral,technical_support,resolved,Driver update resolved connectivity issue.,FIRMWARE_UPDATE,473,false,,3,45
TKT-0866,CUS-0508,,PROD-087,2025-04-02T00:00:00Z,web,Warranty claim request,I purchased the product as a gift. The recipient wants to register the warranty — is that possible?,warranty,replacement,warranty_replacement,P3,negative,returns_support,open,,,,false,,,153
TKT-0867,CUS-0866,,PROD-029,2025-09-18T00:00:00Z,web,Payment problem on my account,I need an official invoice for my order for tax purposes. Can you send me one?,payments,authorization,invoice_request,P2,negative,enterprise_support,closed,Alternative payment method accepted; order confirmed.,ALT_PAYMENT,885,false,,5,136
TKT-0868,CUS-0419,ORD-00949,PROD-069,2024-11-21T00:00:00Z,web,Return request for recent order,The laptop I bought 8 days ago isn't working properly. I'd like to initiate a return. Is it within the return window?,returns,exchange,return_status,P2,angry,returns_support,waiting_for_customer,,,,false,,,159
TKT-0869,CUS-0445,,,2024-06-11T00:00:00Z,phone,Question about my order,My order shows as processing but I haven't received any shipping confirmation email yet.,orders,missing_item,missing_item,P2,angry,general_support,closed,Wrong item return label issued; correct item shipped.,MODIFIED,527,false,,4,126
TKT-0870,CUS-0043,,,2024-12-05T00:00:00Z,chat,Technical support needed,The software keeps crashing whenever I try to open a specific feature. I've tried reinstalling.,technical,software,setup_issue,P3,negative,technical_support,open,,,,true,Customer expressed extreme dissatisfaction,,100
TKT-0871,CUS-0513,,PROD-097,2024-07-30T00:00:00Z,web,Refund not received / billing issue,I returned two items from the same order. I only received a refund for one. What happened to the other?,refunds,refund_status,request_refund,P2,positive,enterprise_support,in_progress,,,,false,,,99
TKT-0872,CUS-0873,ORD-01925,,2024-11-13T00:00:00Z,web,Question about my order,I need my order urgently. Can I upgrade the shipping method after placing the order?,orders,modification,cancel_order,P2,neutral,general_support,waiting_for_customer,,,,false,,,103
TKT-0873,CUS-0506,,PROD-051,2024-10-20T00:00:00Z,email,Product question / issue,I need to know if I can use this device in a country with different voltage standards.,products,recommendation,product_compatibility,P3,angry,technical_support,resolved,Technical specifications shared with customer.,ACCESSORY_SENT,737,false,,3,8
TKT-0874,CUS-0785,,,2024-12-27T00:00:00Z,chat,Return request for recent order,I received a damaged item in my order. The packaging was intact but the product itself is cracked. I need to return it.,returns,return_status,initiate_return,P3,negative,returns_support,in_progress,,,,false,,,44
TKT-0875,CUS-0882,,PROD-086,2025-01-04T00:00:00Z,web,Payment problem on my account,I'm getting an error message saying my billing address doesn't match. I've confirmed it's correct.,payments,update_method,payment_failure,P2,neutral,billing_support,open,,,,false,,,22
TKT-0876,CUS-0309,,PROD-028,2025-05-26T00:00:00Z,email,Technical support needed,My device is overheating during normal use. The fan seems to be running constantly.,technical,connectivity,hardware_malfunction,P2,negative,technical_support,in_progress,,,,false,,,40
TKT-0877,CUS-0514,,,2025-06-07T00:00:00Z,email,Refund not received / billing issue,I cancelled my order within minutes of placing it but I was still charged. When will I receive my refund?,refunds,refund_status,dispute_charge,P0,negative,billing_support,in_progress,,,,false,,,230
TKT-0878,CUS-0891,,PROD-077,2025-02-28T00:00:00Z,email,Account access issue,I want to remove a saved payment method from my account but can't find the option.,account,closure,close_account,P3,neutral,general_support,resolved,Password reset email resent. Customer advised to check spam folder.,2FA_ENABLED,589,false,,5,175
TKT-0879,CUS-0955,,PROD-026,2025-02-19T00:00:00Z,web,Technical support needed,My device won't turn on even after charging it fully overnight. I've tried holding the power button.,technical,connectivity,compatibility_issue,P1,positive,technical_support,closed,Driver update resolved connectivity issue.,HARDWARE_REPLACEMENT,1280,false,,5,82
TKT-0880,CUS-0922,,PROD-034,2025-03-24T00:00:00Z,web,Issue with my shipment — order help needed,I'm moving next week — can I redirect my package to a different address? It hasn't shipped yet.,shipping,lost_package,report_failed_delivery,P1,neutral,shipping_support,closed,Filed lost package claim with carrier. Refund or replacement offered.,REFUNDED,204,true,Issue unresolved after multiple contacts,3,74
TKT-0881,CUS-0002,,PROD-073,2024-09-13T00:00:00Z,chat,Refund not received / billing issue,I was charged twice for the same order. I can see two identical transactions on my credit card statement.,refunds,refund_status,check_refund_status,P1,negative,billing_support,open,,,,false,,,196
TKT-0882,CUS-0434,,PROD-057,2025-06-24T00:00:00Z,phone,Technical support needed,The display has dead pixels. I noticed them right after unboxing. This seems like a defect.,technical,software,software_issue,P3,neutral,technical_support,waiting_for_customer,,,,false,,,121
TKT-0883,CUS-0186,,PROD-065,2024-07-03T00:00:00Z,chat,Account access issue,Someone tried to access my account from an unfamiliar location. I received a security alert.,account,merge,password_reset,P2,negative,general_support,resolved,Account closure processed. Data deletion scheduled per policy.,EMAIL_UPDATED,99,false,,4,106
TKT-0884,CUS-0605,,PROD-036,2025-02-22T00:00:00Z,email,Payment problem on my account,My payment keeps failing at checkout even though my card details are correct and I have sufficient funds.,payments,authorization,invoice_request,P2,angry,billing_support,in_progress,,,,false,,,138
TKT-0885,CUS-0415,ORD-03555,,2025-02-23T00:00:00Z,web,Security concern — urgent,I received a notification about a login from a location I've never been to. I think my account is compromised.,security,fraud,unauthorized_access,P3,negative,security_support,in_progress,,,,false,,,16
TKT-0886,CUS-0346,,PROD-040,2025-01-27T00:00:00Z,phone,Account access issue,I can't log into my account. I've tried resetting my password but I'm not receiving the reset email.,account,profile,account_security,P3,negative,general_support,resolved,Account closure processed. Data deletion scheduled per policy.,ACCOUNT_UNLOCKED,1184,false,,1,145
TKT-0887,CUS-0765,,PROD-064,2024-07-27T00:00:00Z,email,Technical support needed,I'm getting error code E-968 when trying to use the device. What does this mean?,technical,software,connectivity_problem,P2,positive,technical_support,closed,Escalated to engineering team for further investigation.,FIRMWARE_UPDATE,919,false,,5,68
TKT-0888,CUS-0844,,PROD-014,2025-12-31T00:00:00Z,web,Product question / issue,I need to know if I can use this device in a country with different voltage standards.,products,compatibility,product_registration,P3,neutral,technical_support,resolved,Technical specifications shared with customer.,WARRANTY_REPLACEMENT,917,false,,3,137
TKT-0889,CUS-0925,,PROD-074,2024-10-29T00:00:00Z,phone,Account access issue,My account seems to have been hacked. I see order history for purchases I didn't make.,account,email,close_account,P3,negative,general_support,in_progress,,,,false,,,19
TKT-0890,CUS-0975,ORD-04816,PROD-034,2025-01-17T00:00:00Z,email,Issue with my shipment — order help needed,My package has been stuck at the same location for 7 days. The tracking info hasn't updated at all.,shipping,lost_package,track_shipment,P2,angry,shipping_support,resolved,Provided tracking information and escalated to carrier for priority tracing.,DELIVERY_RESCHEDULED,1033,false,,4,52
TKT-0891,CUS-0932,,,2024-09-05T00:00:00Z,email,Return request for recent order,I received a damaged item in my order. The packaging was intact but the product itself is cracked. I need to return it.,returns,return_status,initiate_return,P2,negative,returns_support,resolved,Full refund processed after confirming item condition.,REFUND_PROCESSED,131,true,Policy exception required,5,179
TKT-0892,CUS-0688,,PROD-009,2025-03-27T00:00:00Z,chat,Account access issue,I need to update my email address. The current one is from a job I no longer have.,account,email,update_profile,P2,negative,general_support,closed,Account closure processed. Data deletion scheduled per policy.,ACCOUNT_CLOSED,1432,false,,4,41
TKT-0893,CUS-0397,,PROD-085,2024-08-12T00:00:00Z,web,Account access issue,I need to update my email address. The current one is from a job I no longer have.,account,profile,account_security,P3,negative,general_support,resolved,Account unlocked. Security review completed.,EMAIL_UPDATED,1185,false,,2,8
TKT-0894,CUS-0517,,PROD-084,2025-08-01T00:00:00Z,chat,Warranty claim request,I purchased the product as a gift. The recipient wants to register the warranty — is that possible?,warranty,status,check_warranty_status,P2,negative,returns_support,resolved,Claim rejected — damage determined to be outside warranty scope. Repair quote provided.,WARRANTY_REPLACEMENT,758,false,,3,78
TKT-0895,CUS-0647,ORD-00494,,2024-12-20T00:00:00Z,email,Security concern — urgent,I want to report a suspicious seller listing on your platform that seems fraudulent.,security,account_compromise,suspicious_activity,P1,negative,security_support,open,,,,false,,,44
TKT-0896,CUS-0098,,,2024-12-19T00:00:00Z,web,Product question / issue,The specs say the battery lasts 8 hours but mine barely lasts 3. Is this a defect?,products,recommendation,product_registration,P2,negative,technical_support,open,,,,false,,,36
TKT-0897,CUS-0182,,,2024-07-13T00:00:00Z,web,Payment problem on my account,I need an official invoice for my order for tax purposes. Can you send me one?,payments,authorization,update_payment_method,P3,positive,billing_support,closed,Payment issue escalated to billing team for manual review.,ALT_PAYMENT,1136,false,,5,85
TKT-0898,CUS-0580,,,2025-01-06T00:00:00Z,email,Account access issue,I'm locked out of my account after too many failed login attempts. How do I unlock it?,account,merge,password_reset,P2,neutral,general_support,closed,Password reset email resent. Customer advised to check spam folder.,EMAIL_UPDATED,458,true,High-value order involved,5,116
TKT-0899,CUS-0764,,,2024-08-04T00:00:00Z,email,Product question / issue,I need to register my new product for warranty purposes. The registration link in the box doesn't work.,products,compatibility,product_registration,P2,positive,technical_support,closed,Replacement product shipped under warranty.,REGISTRATION_DONE,566,false,,5,58
TKT-0900,CUS-0033,,PROD-089,2025-07-19T00:00:00Z,phone,Warranty claim request,What exactly is covered under the standard warranty? I'm not sure if my issue qualifies.,warranty,status,check_warranty_status,P3,negative,returns_support,in_progress,,,,false,,,96
TKT-0901,CUS-0382,,PROD-014,2024-07-30T00:00:00Z,web,Warranty claim request,"My warranty claim was rejected but I believe the damage is a manufacturing defect, not user damage.",warranty,replacement,check_warranty_status,P2,negative,returns_support,open,,,,false,,,72
TKT-0902,CUS-0488,,,2024-11-27T00:00:00Z,email,Question about my order,I need to cancel my order. I just placed it 85 minutes ago — is it possible to cancel before it ships?,orders,cancellation,report_wrong_item,P2,positive,general_support,waiting_for_customer,,,,false,,,31
TKT-0903,CUS-0176,,PROD-017,2025-10-13T00:00:00Z,email,Payment problem on my account,My credit card expired and I need to update my payment method for a pending order.,payments,payment_failure,payment_failure,P2,positive,billing_support,in_progress,,,,false,,,72
TKT-0904,CUS-0155,,PROD-013,2025-04-13T00:00:00Z,web,Product question / issue,The product description says it includes a charging cable but mine didn't come with one.,products,compatibility,product_inquiry,P2,negative,technical_support,closed,Technical specifications shared with customer.,INFO_PROVIDED,984,false,,2,215
TKT-0905,CUS-0430,,,2025-05-06T00:00:00Z,email,Issue with my shipment — order help needed,"My tracking shows 'delivered' but I never received my package. I checked with my neighbors and the front desk, no sign of it.",shipping,wrong_address,report_lost_package,P3,negative,shipping_support,resolved,Rescheduled delivery for next business day.,TRACKING_PROVIDED,754,true,Issue unresolved after multiple contacts,4,115
TKT-0906,CUS-0104,,PROD-086,2025-05-27T00:00:00Z,chat,Return request for recent order,I'd like to return an item I received 4 days ago. It's not what I expected based on the product description.,returns,exchange,report_defective_item,P2,angry,returns_support,closed,Return approved and replacement shipped express.,REFUND_PROCESSED,1272,false,,2,185
TKT-0907,CUS-0371,,PROD-050,2025-09-28T00:00:00Z,email,Warranty claim request,I purchased the product as a gift. The recipient wants to register the warranty — is that possible?,warranty,coverage,warranty_replacement,P1,neutral,returns_support,in_progress,,,,false,,,68
TKT-0908,CUS-0308,,,2024-08-26T00:00:00Z,web,Product question / issue,I need to know if I can use this device in a country with different voltage standards.,products,recommendation,product_compatibility,P2,neutral,technical_support,in_progress,,,,false,,,32
TKT-0909,CUS-0132,,PROD-044,2024-12-04T00:00:00Z,chat,Payment problem on my account,My credit card expired and I need to update my payment method for a pending order.,payments,invoice,billing_inquiry,P3,negative,billing_support,waiting_for_customer,,,,true,High-value order involved,,24
TKT-0910,CUS-0736,ORD-04672,,2024-11-29T00:00:00Z,web,Product question / issue,Can you tell me if a specific product will be back in stock soon?,products,recommendation,product_inquiry,P3,negative,technical_support,closed,Missing accessory dispatched as separate shipment.,REGISTRATION_DONE,1329,false,,1,235
TKT-0911,CUS-0722,,PROD-007,2024-10-03T00:00:00Z,email,Return request for recent order,I purchased a smartphone 13 days ago. I know electronics have a shorter return window — am I still eligible?,returns,damaged,initiate_return,P2,neutral,returns_support,open,,,,false,,,197
TKT-0912,CUS-0552,,PROD-046,2025-10-15T00:00:00Z,chat,Question about my order,"I received a confirmation email but when I check my account, I don't see the order listed.",orders,status,check_order_status,P1,angry,general_support,waiting_for_customer,,,,false,,,229
TKT-0913,CUS-0086,,,2025-12-21T00:00:00Z,email,Warranty claim request,I'd like to extend my warranty before it expires. What options are available?,warranty,extension,warranty_replacement,P2,angry,returns_support,in_progress,,,,false,,,44
TKT-0914,CUS-0893,,PROD-030,2024-06-11T00:00:00Z,web,Product question / issue,Is this product compatible with Mac OS? The listing only mentions Windows.,products,inquiry,product_inquiry,P2,negative,technical_support,in_progress,,,,false,,,14
TKT-0915,CUS-0437,ORD-02613,PROD-079,2025-06-05T00:00:00Z,web,Account access issue,I need to update my billing address. I've moved and need to update my details.,account,password,close_account,P2,angry,general_support,open,,,,false,,,224
TKT-0916,CUS-0067,,,2025-09-24T00:00:00Z,phone,Product question / issue,Is this product compatible with Mac OS? The listing only mentions Windows.,products,inquiry,product_inquiry,P3,negative,technical_support,closed,Missing accessory dispatched as separate shipment.,INFO_PROVIDED,1058,false,,4,106
TKT-0917,CUS-0623,ORD-02335,,2024-08-25T00:00:00Z,phone,Warranty claim request,My product stopped working and it's still under the manufacturer's warranty. How do I file a claim?,warranty,extension,check_warranty_status,P2,positive,returns_support,resolved,Warranty claim approved. Replacement unit shipped.,REPAIR_QUOTE,410,false,,2,33
TKT-0918,CUS-0587,,PROD-091,2025-07-27T00:00:00Z,chat,Issue with my shipment — order help needed,I'm moving next week — can I redirect my package to a different address? It hasn't shipped yet.,shipping,address_change,report_delayed_delivery,P1,neutral,shipping_support,closed,Processed reshipment of order to correct address at no extra charge.,TRACKING_PROVIDED,775,false,,4,9
TKT-0919,CUS-0129,,PROD-099,2024-11-09T00:00:00Z,chat,Payment problem on my account,I made a bank transfer 19 days ago but my order is still showing payment pending.,payments,authorization,payment_failure,P2,angry,billing_support,in_progress,,,,false,,,223
TKT-0920,CUS-0556,,,2025-09-16T00:00:00Z,chat,Return request for recent order,I received the wrong item in my shipment. I ordered a blue model but got a red one. Can I exchange or return it?,returns,exchange,initiate_return,P2,negative,returns_support,open,,,,false,,,145
TKT-0921,CUS-0534,,,2024-09-19T00:00:00Z,email,Refund not received / billing issue,The refund amount doesn't match what I paid. I paid with a discount code — was that taken into account?,refunds,partial,dispute_charge,P2,angry,billing_support,in_progress,,,,true,High-value order involved,,60
TKT-0922,CUS-0361,,PROD-088,2025-04-27T00:00:00Z,email,Account access issue,I need to update my billing address. I've moved and need to update my details.,account,email,account_locked,P2,neutral,general_support,in_progress,,,,false,,,67
TKT-0923,CUS-0756,ORD-04687,PROD-082,2025-10-24T00:00:00Z,email,Return request for recent order,I received a damaged item in my order. The packaging was intact but the product itself is cracked. I need to return it.,returns,return_status,report_defective_item,P2,negative,returns_support,open,,,,false,,,80
TKT-0924,CUS-0006,,PROD-055,2024-08-13T00:00:00Z,email,Refund not received / billing issue,My refund was supposed to be processed 27 days ago according to your email. Still nothing in my account.,refunds,cancellation,request_refund,P3,neutral,billing_support,closed,Refund of 257.15 processed to original payment method. Allow 3-5 business days.,REFUND_PROCESSED,823,false,,4,236
TKT-0925,CUS-0092,,PROD-015,2024-09-10T00:00:00Z,email,Question about my order,"I received a confirmation email but when I check my account, I don't see the order listed.",orders,modification,missing_item,P2,negative,general_support,open,,,,true,Policy exception required,,204
TKT-0926,CUS-0846,,,2025-09-01T00:00:00Z,chat,Question about my order,My order was split into two shipments without any notification. When will the second one arrive?,orders,missing_item,check_order_status,P2,angry,general_support,closed,Wrong item return label issued; correct item shipped.,MODIFIED,519,false,,3,239
TKT-0927,CUS-0974,,,2025-10-08T00:00:00Z,chat,Product question / issue,I need to know if I can use this device in a country with different voltage standards.,products,inquiry,product_compatibility,P3,negative,technical_support,closed,Replacement product shipped under warranty.,COMPATIBILITY_CONFIRMED,1399,false,,2,128
TKT-0928,CUS-0760,,PROD-025,2025-05-29T00:00:00Z,chat,Issue with my shipment — order help needed,"My tracking shows 'delivered' but I never received my package. I checked with my neighbors and the front desk, no sign of it.",shipping,address_change,report_lost_package,P0,negative,shipping_support,closed,Rescheduled delivery for next business day.,TRACKING_PROVIDED,961,false,,5,215
TKT-0929,CUS-0931,,,2025-12-05T00:00:00Z,web,Security concern — urgent,The security question on my account has been changed without my knowledge.,security,phishing,suspicious_activity,P3,negative,security_support,resolved,Phishing report logged. Customer advised on account security measures.,ACCOUNT_SECURED,1282,false,,4,172
TKT-0930,CUS-0981,,PROD-074,2024-07-02T00:00:00Z,email,Product question / issue,I'm trying to determine if this laptop is compatible with the external monitor I already own.,products,recommendation,product_defect,P2,negative,technical_support,closed,Product registration completed manually by support agent.,REGISTRATION_DONE,631,false,,4,225
TKT-0931,CUS-0533,ORD-02144,PROD-027,2025-12-18T00:00:00Z,chat,Refund not received / billing issue,I returned two items from the same order. I only received a refund for one. What happened to the other?,refunds,cancellation,check_refund_status,P2,positive,billing_support,in_progress,,,,false,,,80
TKT-0932,CUS-0499,,PROD-025,2025-08-21T00:00:00Z,chat,Question about my order,My order shows as delivered but it only partially arrived — some items are missing.,orders,wrong_item,check_order_status,P3,negative,general_support,resolved,Order confirmed active; shipping label generated.,WRONG_ITEM_RESOLVED,219,false,,5,81
TKT-0933,CUS-0799,,PROD-033,2024-11-27T00:00:00Z,web,Technical support needed,The software keeps crashing whenever I try to open a specific feature. I've tried reinstalling.,technical,software,software_issue,P2,angry,technical_support,in_progress,,,,false,,,45
TKT-0934,CUS-0389,ORD-02051,,2025-06-11T00:00:00Z,email,Issue with my shipment — order help needed,I received a notification that my package was delivered but it's not here. Could it have been delivered to the wrong address?,shipping,tracking,report_delayed_delivery,P2,negative,shipping_support,open,,,,false,,,44
TKT-0935,CUS-0790,ORD-00821,PROD-100,2025-08-14T00:00:00Z,email,Product question / issue,I'm trying to determine if this laptop is compatible with the external monitor I already own.,products,inquiry,product_recommendation,P2,neutral,technical_support,in_progress,,,,true,Customer requested supervisor,,90
TKT-0936,CUS-0521,,,2024-10-22T00:00:00Z,chat,Security concern — urgent,I received a notification about a login from a location I've never been to. I think my account is compromised.,security,account_compromise,suspicious_activity,P1,negative,security_support,in_progress,,,,false,,,214
TKT-0937,CUS-0850,,PROD-090,2024-08-07T00:00:00Z,email,Security concern — urgent,I want to report a suspicious seller listing on your platform that seems fraudulent.,security,data,suspicious_activity,P1,positive,security_support,waiting_for_customer,,,,false,,,170
TKT-0938,CUS-0034,ORD-01181,,2024-06-05T00:00:00Z,web,Security concern — urgent,I want to enable two-factor authentication on my account. How do I set it up?,security,fraud,account_compromise,P0,angry,security_support,waiting_for_customer,,,,false,,,131
TKT-0939,CUS-0455,,,2024-11-10T00:00:00Z,web,Account access issue,I'm not receiving order confirmation emails even though my address is correct.,account,security,account_locked,P1,neutral,general_support,resolved,Account closure processed. Data deletion scheduled per policy.,ACCOUNT_CLOSED,728,false,,4,129
TKT-0940,CUS-0476,ORD-03325,PROD-082,2025-02-02T00:00:00Z,web,Issue with my shipment — order help needed,I received a notification that my package was delivered but it's not here. Could it have been delivered to the wrong address?,shipping,failed_delivery,report_delayed_delivery,P1,negative,shipping_support,closed,Initiated investigation with carrier. Customer will be contacted within 2 business days.,RESHIPPED,779,false,,5,220
TKT-0941,CUS-0959,,,2025-08-08T00:00:00Z,email,Return request for recent order,I opened the box but decided the product isn't what I need. Can I still return it even though it's been opened?,returns,policy,initiate_return,P2,negative,returns_support,waiting_for_customer,,,,false,,,192
TKT-0942,CUS-0862,ORD-03072,,2025-04-10T00:00:00Z,email,Payment problem on my account,I'm getting an error message saying my billing address doesn't match. I've confirmed it's correct.,payments,authorization,invoice_request,P3,neutral,billing_support,open,,,,false,,,79
TKT-0943,CUS-0828,ORD-04756,PROD-093,2024-11-03T00:00:00Z,web,Question about my order,My order shows as processing but I haven't received any shipping confirmation email yet.,orders,cancellation,check_order_status,P0,neutral,general_support,closed,Order confirmed active; shipping label generated.,CONFIRMED,1360,true,Customer requested supervisor,4,102
TKT-0944,CUS-0101,,,2025-02-18T00:00:00Z,email,Account access issue,I want to remove a saved payment method from my account but can't find the option.,account,password,close_account,P3,negative,general_support,resolved,Email address updated successfully.,2FA_ENABLED,353,false,,2,51
TKT-0945,CUS-0209,,PROD-056,2025-12-09T00:00:00Z,email,Question about my order,My order shows as processing but I haven't received any shipping confirmation email yet.,orders,cancellation,report_wrong_item,P2,neutral,general_support,resolved,Order successfully cancelled. Refund initiated.,MODIFIED,377,false,,4,136
TKT-0946,CUS-0591,,PROD-070,2025-06-04T00:00:00Z,email,Technical support needed,I followed the setup instructions but the device isn't being recognized by my computer.,technical,setup,software_issue,P1,angry,technical_support,resolved,Remote diagnostic completed. Factory reset recommended and performed.,ESCALATED_ENGINEERING,978,false,,2,145
TKT-0947,CUS-0019,,PROD-094,2025-07-23T00:00:00Z,email,Warranty claim request,My product stopped working and it's still under the manufacturer's warranty. How do I file a claim?,warranty,replacement,extend_warranty,P2,negative,returns_support,waiting_for_customer,,,,false,,,69
TKT-0948,CUS-0986,,PROD-002,2024-12-24T00:00:00Z,web,Question about my order,"I received a confirmation email but when I check my account, I don't see the order listed.",orders,wrong_item,cancel_order,P2,positive,general_support,waiting_for_customer,,,,false,,,28
TKT-0949,CUS-0270,,PROD-021,2025-09-03T00:00:00Z,email,Return request for recent order,I received the wrong item in my shipment. I ordered a blue model but got a red one. Can I exchange or return it?,returns,policy,check_return_eligibility,P1,angry,returns_support,resolved,Return label issued. Customer to ship item within 7 days.,REPLACEMENT_SENT,526,false,,5,64
TKT-0950,CUS-0437,,,2024-07-14T00:00:00Z,web,Refund not received / billing issue,I returned two items from the same order. I only received a refund for one. What happened to the other?,refunds,timeline,partial_refund_request,P3,negative,billing_support,waiting_for_customer,,,,true,Customer requested supervisor,,168
TKT-0951,CUS-0347,ORD-04497,PROD-011,2025-06-12T00:00:00Z,web,Return request for recent order,My item arrived defective straight out of the box. I haven't even used it. What's the fastest way to get a replacement?,returns,exchange,return_status,P2,positive,returns_support,closed,Return label issued. Customer to ship item within 7 days.,RETURN_APPROVED,1085,false,,3,137
TKT-0952,CUS-0992,,PROD-051,2025-07-24T00:00:00Z,web,Warranty claim request,I'd like to extend my warranty before it expires. What options are available?,warranty,status,warranty_claim,P3,negative,returns_support,open,,,,false,,,55
TKT-0953,CUS-0585,,PROD-068,2025-02-28T00:00:00Z,web,Security concern — urgent,I received a notification about a login from a location I've never been to. I think my account is compromised.,security,data,account_compromise,P3,negative,security_support,open,,,,false,,,154
TKT-0954,CUS-0615,,PROD-089,2025-09-19T00:00:00Z,phone,Return request for recent order,The laptop I bought 26 days ago isn't working properly. I'd like to initiate a return. Is it within the return window?,returns,damaged,report_damaged_item,P3,angry,returns_support,open,,,,false,,,98
TKT-0955,CUS-0148,,,2025-09-29T00:00:00Z,email,Refund not received / billing issue,"I disputed a charge and the bank said it was resolved, but I don't see the credit on my account yet.",refunds,cancellation,dispute_charge,P2,neutral,billing_support,open,,,,true,Customer requested supervisor,,82
TKT-0956,CUS-0492,,,2025-10-28T00:00:00Z,chat,Account access issue,I'm locked out of my account after too many failed login attempts. How do I unlock it?,account,password,account_locked,P2,negative,general_support,in_progress,,,,true,Security concern flagged,,51
TKT-0957,CUS-0517,,PROD-040,2024-12-23T00:00:00Z,email,Refund not received / billing issue,I cancelled my order within minutes of placing it but I was still charged. When will I receive my refund?,refunds,partial,dispute_charge,P2,negative,billing_support,resolved,Full refund approved for cancelled order.,DUPLICATE_REVERSED,1334,false,,2,111
TKT-0958,CUS-0057,ORD-01771,,2025-09-09T00:00:00Z,chat,Product question / issue,I'm trying to determine if this laptop is compatible with the external monitor I already own.,products,defect,product_recommendation,P3,neutral,technical_support,resolved,Missing accessory dispatched as separate shipment.,INFO_PROVIDED,461,true,Customer requested supervisor,4,73
TKT-0959,CUS-0382,ORD-04632,PROD-071,2024-11-10T00:00:00Z,email,Account access issue,I'm not receiving order confirmation emails even though my address is correct.,account,profile,account_locked,P1,negative,general_support,resolved,Password reset email resent. Customer advised to check spam folder.,ACCOUNT_UNLOCKED,1352,false,,5,183
TKT-0960,CUS-0845,,PROD-070,2024-11-14T00:00:00Z,phone,Product question / issue,Can you help me understand the difference between the two models I'm considering?,products,compatibility,product_recommendation,P2,angry,technical_support,resolved,Compatibility confirmed with customer's existing setup.,REGISTRATION_DONE,208,false,,4,160
TKT-0961,CUS-0295,,,2025-05-24T00:00:00Z,email,Return request for recent order,I received a damaged item in my order. The packaging was intact but the product itself is cracked. I need to return it.,returns,exchange,report_damaged_item,P2,negative,returns_support,open,,,,false,,,199
TKT-0962,CUS-0471,,PROD-042,2024-09-12T00:00:00Z,email,Payment problem on my account,I was charged a different amount than what was shown at checkout. There seems to be a discrepancy.,payments,authorization,update_payment_method,P2,negative,billing_support,closed,Customer advised to contact bank; charge appears to be a temporary authorization hold.,AUTHORIZATION_HOLD,1376,false,,1,121
TKT-0963,CUS-0801,ORD-02765,,2024-06-26T00:00:00Z,web,Warranty claim request,I need to check if my product is still under warranty. I've had it for about 12 months.,warranty,coverage,extend_warranty,P3,negative,returns_support,resolved,Device sent for repair under warranty. ETA 7-10 business days.,WARRANTY_EXTENDED,1377,false,,3,150
TKT-0964,CUS-0976,,,2024-12-13T00:00:00Z,email,Account access issue,I want to remove a saved payment method from my account but can't find the option.,account,profile,update_profile,P2,negative,general_support,waiting_for_customer,,,,false,,,166
TKT-0965,CUS-0940,,PROD-045,2025-12-11T00:00:00Z,chat,Refund not received / billing issue,My order was cancelled but the payment hasn't been refunded to my account yet. It's been 12 days.,refunds,cancellation,partial_refund_request,P2,positive,billing_support,resolved,Duplicate charge reversed. Credit will appear within 3-7 business days.,DUPLICATE_REVERSED,309,true,Issue unresolved after multiple contacts,3,86
TKT-0966,CUS-0606,,PROD-009,2025-07-01T00:00:00Z,chat,Return request for recent order,I opened the box but decided the product isn't what I need. Can I still return it even though it's been opened?,returns,policy,report_damaged_item,P1,positive,returns_support,resolved,Full refund processed after confirming item condition.,ENTERPRISE_RETURN,840,false,,3,139
TKT-0967,CUS-0184,,,2025-11-27T00:00:00Z,email,Security concern — urgent,I received an email claiming to be from Acme Store asking for my password. I think it's a phishing attempt.,security,data,data_breach_concern,P2,negative,security_support,waiting_for_customer,,,,false,,,52
TKT-0968,CUS-0298,ORD-00692,PROD-062,2024-11-08T00:00:00Z,email,Question about my order,"I received a confirmation email but when I check my account, I don't see the order listed.",orders,missing_item,missing_item,P2,negative,general_support,resolved,Order confirmed active; shipping label generated.,RESHIPPED,71,true,Policy exception required,4,200
TKT-0969,CUS-0356,ORD-04900,,2025-12-22T00:00:00Z,web,Warranty claim request,The product was repaired under warranty but the same issue has returned. What are my options?,warranty,extension,warranty_replacement,P3,negative,returns_support,closed,Warranty extended by 12 months as goodwill gesture.,WARRANTY_REPLACEMENT,159,true,Customer expressed extreme dissatisfaction,5,200
TKT-0970,CUS-0196,,PROD-009,2024-06-21T00:00:00Z,phone,Refund not received / billing issue,I'm seeing a pending charge that I don't recognize. I never placed an order for this amount.,refunds,refund_status,dispute_charge,P2,angry,billing_support,in_progress,,,,false,,,186
TKT-0971,CUS-0144,,,2024-06-13T00:00:00Z,web,Product question / issue,The product description says it includes a charging cable but mine didn't come with one.,products,inquiry,product_inquiry,P2,neutral,technical_support,open,,,,false,,,2
TKT-0972,CUS-0771,,,2024-10-10T00:00:00Z,email,Account access issue,I need to update my billing address. I've moved and need to update my details.,account,email,account_security,P3,neutral,general_support,resolved,Two-factor authentication enabled on customer's account.,EMAIL_UPDATED,1046,false,,5,142
TKT-0973,CUS-0249,,PROD-067,2025-11-05T00:00:00Z,email,Payment problem on my account,I'd like to split my payment across two different cards. Is that an option?,payments,authorization,update_payment_method,P3,negative,billing_support,in_progress,,,,false,,,220
TKT-0974,CUS-0910,ORD-03815,,2025-01-30T00:00:00Z,web,Question about my order,I ordered the wrong size/color variant. Can this be changed or do I need to cancel and reorder?,orders,missing_item,report_wrong_item,P2,angry,general_support,waiting_for_customer,,,,false,,,180
TKT-0975,CUS-0871,,,2024-07-14T00:00:00Z,chat,Issue with my shipment — order help needed,I placed an order 22 days ago and my package hasn't arrived yet. The tracking number shows it's still in transit. Can you help?,shipping,failed_delivery,report_delayed_delivery,P3,negative,shipping_support,resolved,Provided tracking information and escalated to carrier for priority tracing.,REFUNDED,577,false,,4,178
TKT-0976,CUS-0499,,,2024-06-16T00:00:00Z,chat,Product question / issue,Can you help me understand the difference between the two models I'm considering?,products,inquiry,product_compatibility,P2,neutral,technical_support,closed,Compatibility confirmed with customer's existing setup.,COMPATIBILITY_CONFIRMED,1220,false,,5,106
TKT-0977,CUS-0051,,PROD-062,2025-07-03T00:00:00Z,chat,Security concern — urgent,I want to report a suspicious seller listing on your platform that seems fraudulent.,security,fraud,unauthorized_access,P3,negative,security_support,waiting_for_customer,,,,true,Policy exception required,,112
TKT-0978,CUS-0846,ORD-01006,,2025-09-22T00:00:00Z,web,Product question / issue,The product description says it includes a charging cable but mine didn't come with one.,products,compatibility,product_defect,P3,neutral,technical_support,closed,Missing accessory dispatched as separate shipment.,COMPATIBILITY_CONFIRMED,1265,false,,2,204
TKT-0979,CUS-0325,,PROD-001,2025-11-09T00:00:00Z,web,Security concern — urgent,I'm concerned about how my personal data is being used. I want to request a copy of my data.,security,data,fraud_report,P3,neutral,security_support,resolved,Account temporarily suspended pending security review.,ACCOUNT_SECURED,1216,false,,4,87
TKT-0980,CUS-0616,,PROD-085,2024-06-14T00:00:00Z,email,Security concern — urgent,The security question on my account has been changed without my knowledge.,security,fraud,suspicious_activity,P2,negative,security_support,closed,Account temporarily suspended pending security review.,FRAUD_RESOLVED,81,false,,5,214
TKT-0981,CUS-0539,,PROD-032,2025-09-18T00:00:00Z,chat,Technical support needed,I followed the setup instructions but the device isn't being recognized by my computer.,technical,software,setup_issue,P2,neutral,technical_support,closed,Driver update resolved connectivity issue.,ESCALATED_ENGINEERING,1061,false,,1,28
TKT-0982,CUS-0129,,PROD-056,2024-06-04T00:00:00Z,email,Warranty claim request,I purchased the product as a gift. The recipient wants to register the warranty — is that possible?,warranty,coverage,warranty_claim,P3,positive,returns_support,open,,,,false,,,100
TKT-0983,CUS-0802,,,2024-10-10T00:00:00Z,email,Technical support needed,My device won't turn on even after charging it fully overnight. I've tried holding the power button.,technical,software,connectivity_problem,P3,angry,technical_support,closed,Issue resolved with firmware update. Customer confirmed device working.,ESCALATED_ENGINEERING,1042,true,Issue unresolved after multiple contacts,2,42
TKT-0984,CUS-0421,,PROD-038,2025-07-17T00:00:00Z,web,Product question / issue,I need a product that can handle office work. Which items in your catalog would you recommend?,products,inquiry,product_recommendation,P1,neutral,technical_support,open,,,,false,,,112
TKT-0985,CUS-0101,,,2024-08-07T00:00:00Z,web,Issue with my shipment — order help needed,My order shows it shipped but I never received a tracking number via email. How can I find out where my package is?,shipping,delayed,report_wrong_address,P2,negative,shipping_support,resolved,Provided tracking information and escalated to carrier for priority tracing.,REFUNDED,1150,false,,3,208
TKT-0986,CUS-0798,,PROD-032,2024-07-15T00:00:00Z,email,Question about my order,My order was split into two shipments without any notification. When will the second one arrive?,orders,wrong_item,report_wrong_item,P3,neutral,general_support,resolved,Missing item reshipped at no charge.,MODIFIED,162,false,,3,175
TKT-0987,CUS-0141,ORD-04286,,2025-04-02T00:00:00Z,email,Warranty claim request,"My warranty claim was rejected but I believe the damage is a manufacturing defect, not user damage.",warranty,replacement,warranty_claim,P3,neutral,returns_support,resolved,Warranty extended by 12 months as goodwill gesture.,WARRANTY_REPLACEMENT,1330,false,,5,200
TKT-0988,CUS-0034,,PROD-017,2025-06-12T00:00:00Z,email,Question about my order,My order shows as delivered but it only partially arrived — some items are missing.,orders,cancellation,missing_item,P2,negative,general_support,resolved,Wrong item return label issued; correct item shipped.,WRONG_ITEM_RESOLVED,358,false,,4,56
TKT-0989,CUS-0123,,PROD-030,2024-12-10T00:00:00Z,email,Technical support needed,The camera on my device is producing blurry images even in good lighting conditions.,technical,setup,compatibility_issue,P2,angry,technical_support,closed,Hardware defect confirmed. Replacement unit authorized.,FACTORY_RESET,1043,false,,4,192
TKT-0990,CUS-0307,,PROD-057,2025-03-30T00:00:00Z,email,Question about my order,My order was split into two shipments without any notification. When will the second one arrive?,orders,wrong_item,check_order_status,P3,negative,general_support,closed,Order modification applied before shipment cutoff.,RESHIPPED,1252,false,,3,212
TKT-0991,CUS-0295,,PROD-039,2024-10-21T00:00:00Z,web,Product question / issue,Can you tell me if a specific product will be back in stock soon?,products,defect,product_inquiry,P2,positive,technical_support,open,,,,false,,,94
TKT-0992,CUS-0172,ORD-02060,PROD-007,2025-07-01T00:00:00Z,email,Account access issue,I want to remove a saved payment method from my account but can't find the option.,account,email,close_account,P3,negative,general_support,open,,,,false,,,149
TKT-0993,CUS-0374,,PROD-029,2024-11-02T00:00:00Z,web,Payment problem on my account,I'm getting an error message saying my billing address doesn't match. I've confirmed it's correct.,payments,billing,invoice_request,P2,negative,billing_support,resolved,Customer advised to contact bank; charge appears to be a temporary authorization hold.,ALT_PAYMENT,1083,false,,2,95
TKT-0994,CUS-0177,,PROD-078,2024-07-01T00:00:00Z,email,Technical support needed,My device is overheating during normal use. The fan seems to be running constantly.,technical,compatibility,software_issue,P2,negative,technical_support,closed,Issue resolved with firmware update. Customer confirmed device working.,DRIVER_UPDATE,137,false,,4,186
TKT-0995,CUS-0289,,,2025-02-28T00:00:00Z,web,Issue with my shipment — order help needed,I ordered express shipping but it's been 19 days and still nothing. This should have arrived already.,shipping,lost_package,report_delayed_delivery,P3,neutral,shipping_support,waiting_for_customer,,,,false,,,202
TKT-0996,CUS-0968,,PROD-046,2025-07-21T00:00:00Z,phone,Technical support needed,The software keeps crashing whenever I try to open a specific feature. I've tried reinstalling.,technical,compatibility,setup_issue,P2,negative,technical_support,resolved,Issue resolved with firmware update. Customer confirmed device working.,HARDWARE_REPLACEMENT,791,false,,4,122
TKT-0997,CUS-0236,,PROD-098,2025-12-30T00:00:00Z,web,Product question / issue,I need a product that can handle office work. Which items in your catalog would you recommend?,products,recommendation,product_compatibility,P3,positive,technical_support,open,,,,false,,,204
TKT-0998,CUS-0448,,PROD-053,2025-08-29T00:00:00Z,chat,Payment problem on my account,I was charged a different amount than what was shown at checkout. There seems to be a discrepancy.,payments,billing,update_payment_method,P2,neutral,billing_support,in_progress,,,,false,,,98
TKT-0999,CUS-0967,,PROD-067,2024-09-07T00:00:00Z,web,Refund not received / billing issue,I'm seeing a pending charge that I don't recognize. I never placed an order for this amount.,refunds,duplicate_charge,partial_refund_request,P2,neutral,billing_support,open,,,,false,,,119
TKT-1000,CUS-0671,,,2025-04-27T00:00:00Z,chat,Technical support needed,The camera on my device is producing blurry images even in good lighting conditions.,technical,connectivity,hardware_malfunction,P3,negative,technical_support,resolved,Escalated to engineering team for further investigation.,FACTORY_RESET,1161,false,,4,41
