customer_id,first_name,last_name,email,phone,customer_segment,account_status,country,state,city,registration_date,preferred_language,created_at,updated_at
CUS-0001,Samantha,Anderson,samantha.anderson26@syntheticmail.example,+1-450-428-3286,business,active,US,MN,Minneapolis,2023-01-31,es,2023-01-31T00:00:00Z,2023-07-28T00:00:00Z
CUS-0002,Emma,Diaz,emma.diaz33@syntheticmail.example,+1-423-438-9279,premium,active,US,CA,Los Angeles,2021-01-18,en,2021-01-18T00:00:00Z,2022-03-01T00:00:00Z
CUS-0003,Carolyn,Wood,carolyn.wood719@syntheticmail.example,+1-425-659-5557,standard,suspended,US,AZ,Phoenix,2024-09-14,en,2024-09-14T00:00:00Z,2025-09-06T00:00:00Z
CUS-0004,Jason,Baker,jason.baker285@syntheticmail.example,+1-981-544-2674,standard,active,US,NY,Buffalo,2022-05-31,en,2022-05-31T00:00:00Z,2024-06-04T00:00:00Z
CUS-0005,Brian,Cox,brian.cox271@syntheticmail.example,+1-947-670-9785,standard,active,US,MO,St. Louis,2020-06-26,en,2020-06-26T00:00:00Z,2023-07-31T00:00:00Z
CUS-0006,Emily,Watson,emily.watson634@syntheticmail.example,+1-791-396-2139,standard,active,US,IN,Indianapolis,2024-01-21,en,2024-01-21T00:00:00Z,2024-11-12T00:00:00Z
CUS-0007,William,Robinson,william.robinson888@syntheticmail.example,+1-484-664-6977,standard,active,US,NY,New York,2024-04-05,en,2024-04-05T00:00:00Z,2024-11-05T00:00:00Z
CUS-0008,Christine,Wright,christine.wright719@syntheticmail.example,+1-823-850-3803,premium,inactive,US,MD,Baltimore,2020-10-19,en,2020-10-19T00:00:00Z,2021-09-18T00:00:00Z
CUS-0009,Cynthia,Carter,cynthia.carter277@syntheticmail.example,+1-901-532-1916,standard,active,US,MD,Baltimore,2022-06-18,en,2022-06-18T00:00:00Z,2024-09-16T00:00:00Z
CUS-0010,Paul,Rodriguez,paul.rodriguez217@syntheticmail.example,+1-417-871-9179,standard,active,US,MD,Baltimore,2023-07-12,en,2023-07-12T00:00:00Z,2023-12-05T00:00:00Z
CUS-0011,Dorothy,Moore,dorothy.moore253@syntheticmail.example,+1-964-798-8019,premium,active,US,MN,Minneapolis,2022-12-12,en,2022-12-12T00:00:00Z,2024-03-05T00:00:00Z
CUS-0012,Sarah,Rogers,sarah.rogers506@syntheticmail.example,+1-312-356-3621,business,active,US,CA,San Diego,2020-07-11,en,2020-07-11T00:00:00Z,2020-11-18T00:00:00Z
CUS-0013,Deborah,Carter,deborah.carter611@syntheticmail.example,+1-457-766-1188,business,inactive,US,NC,Charlotte,2025-12-07,en,2025-12-07T00:00:00Z,2025-12-28T00:00:00Z
CUS-0014,Jonathan,Long,jonathan.long274@syntheticmail.example,+1-314-500-8123,standard,active,US,WI,Milwaukee,2023-10-25,en,2023-10-25T00:00:00Z,2025-11-02T00:00:00Z
CUS-0015,Alexander,King,alexander.king996@syntheticmail.example,+1-719-308-5889,premium,active,US,WA,Seattle,2022-01-01,en,2022-01-01T00:00:00Z,2023-02-12T00:00:00Z
CUS-0016,Karen,Mitchell,karen.mitchell781@syntheticmail.example,+1-200-813-6310,premium,active,US,TX,Houston,2025-12-12,en,2025-12-12T00:00:00Z,2025-12-23T00:00:00Z
CUS-0017,Julie,Flores,julie.flores246@syntheticmail.example,+1-780-280-2403,business,active,US,CA,San Francisco,2022-09-13,en,2022-09-13T00:00:00Z,2025-09-07T00:00:00Z
CUS-0018,Jerry,Taylor,jerry.taylor132@syntheticmail.example,+1-762-369-5342,premium,active,US,OR,Portland,2025-04-30,en,2025-04-30T00:00:00Z,2026-01-01T00:00:00Z
CUS-0019,Margaret,Cooper,margaret.cooper774@syntheticmail.example,+1-930-519-7537,business,active,US,MN,Minneapolis,2022-04-03,en,2022-04-03T00:00:00Z,2024-09-16T00:00:00Z
CUS-0020,Eric,Edwards,eric.edwards124@syntheticmail.example,+1-265-546-1344,premium,active,US,TX,Austin,2022-07-09,en,2022-07-09T00:00:00Z,2025-10-26T00:00:00Z
CUS-0021,Mark,Smith,mark.smith73@syntheticmail.example,+1-434-269-1514,standard,active,US,NV,Las Vegas,2020-08-29,en,2020-08-29T00:00:00Z,2021-12-29T00:00:00Z
CUS-0022,Kimberly,Bennett,kimberly.bennett498@syntheticmail.example,+1-940-784-8744,standard,active,US,TX,Dallas,2021-06-25,en,2021-06-25T00:00:00Z,2022-07-19T00:00:00Z
CUS-0023,Richard,Gonzalez,richard.gonzalez675@syntheticmail.example,+1-633-620-8651,business,active,US,GA,Atlanta,2023-12-22,es,2023-12-22T00:00:00Z,2025-10-21T00:00:00Z
CUS-0024,Benjamin,Gonzalez,benjamin.gonzalez63@syntheticmail.example,+1-311-454-4139,standard,active,US,OH,Columbus,2023-10-21,en,2023-10-21T00:00:00Z,2024-03-12T00:00:00Z
CUS-0025,Jason,White,jason.white286@syntheticmail.example,+1-277-653-2604,standard,active,US,NC,Charlotte,2022-10-20,en,2022-10-20T00:00:00Z,2022-11-19T00:00:00Z
CUS-0026,Elizabeth,Long,elizabeth.long870@syntheticmail.example,+1-616-697-8886,standard,active,US,TX,Austin,2021-11-12,en,2021-11-12T00:00:00Z,2022-10-15T00:00:00Z
CUS-0027,Timothy,Smith,timothy.smith400@syntheticmail.example,+1-492-633-8973,standard,active,US,FL,Miami,2025-02-06,en,2025-02-06T00:00:00Z,2025-05-28T00:00:00Z
CUS-0028,Linda,Howard,linda.howard754@syntheticmail.example,+1-965-521-1936,standard,active,US,AZ,Phoenix,2020-09-06,en,2020-09-06T00:00:00Z,2023-07-02T00:00:00Z
CUS-0029,Shirley,Lee,shirley.lee59@syntheticmail.example,+1-390-270-2113,business,active,US,WA,Seattle,2020-11-24,en,2020-11-24T00:00:00Z,2021-07-27T00:00:00Z
CUS-0030,Larry,Young,larry.young593@syntheticmail.example,+1-834-283-7868,premium,active,US,CO,Denver,2020-06-11,en,2020-06-11T00:00:00Z,2023-05-17T00:00:00Z
CUS-0031,Joshua,King,joshua.king210@syntheticmail.example,+1-444-471-7484,standard,inactive,US,OR,Portland,2023-07-10,es,2023-07-10T00:00:00Z,2024-05-12T00:00:00Z
CUS-0032,Ryan,Green,ryan.green952@syntheticmail.example,+1-209-669-2638,standard,active,US,WI,Milwaukee,2020-10-24,en,2020-10-24T00:00:00Z,2023-08-26T00:00:00Z
CUS-0033,Dorothy,Taylor,dorothy.taylor956@syntheticmail.example,+1-450-578-5669,standard,active,US,PA,Philadelphia,2020-10-08,en,2020-10-08T00:00:00Z,2024-09-17T00:00:00Z
CUS-0034,Kenneth,Ward,kenneth.ward827@syntheticmail.example,+1-208-883-5905,premium,active,US,TN,Nashville,2025-12-06,en,2025-12-06T00:00:00Z,2025-12-14T00:00:00Z
CUS-0035,Joseph,Wilson,joseph.wilson761@syntheticmail.example,+1-478-488-4450,business,active,US,AZ,Phoenix,2021-09-28,en,2021-09-28T00:00:00Z,2025-08-05T00:00:00Z
CUS-0036,Samantha,King,samantha.king518@syntheticmail.example,+1-252-294-7939,standard,active,US,MI,Detroit,2022-10-25,en,2022-10-25T00:00:00Z,2024-09-07T00:00:00Z
CUS-0037,Jerry,Taylor,jerry.taylor653@syntheticmail.example,+1-959-652-8007,premium,active,US,FL,Miami,2021-10-23,en,2021-10-23T00:00:00Z,2022-03-26T00:00:00Z
CUS-0038,Raymond,Martin,raymond.martin559@syntheticmail.example,+1-796-765-3426,standard,active,US,CA,San Francisco,2024-02-21,en,2024-02-21T00:00:00Z,2025-01-01T00:00:00Z
CUS-0039,George,Garcia,george.garcia921@syntheticmail.example,+1-898-455-2684,standard,suspended,US,PA,Philadelphia,2022-05-10,en,2022-05-10T00:00:00Z,2024-08-19T00:00:00Z
CUS-0040,Helen,Myers,helen.myers159@syntheticmail.example,+1-366-381-7755,standard,active,US,MD,Baltimore,2022-08-27,fr,2022-08-27T00:00:00Z,2024-07-07T00:00:00Z
CUS-0041,Tyler,Evans,tyler.evans822@syntheticmail.example,+1-473-363-2771,standard,active,US,OR,Portland,2022-10-13,en,2022-10-13T00:00:00Z,2024-01-11T00:00:00Z
CUS-0042,Betty,Collins,betty.collins359@syntheticmail.example,+1-428-224-4164,standard,active,US,FL,Orlando,2022-07-21,en,2022-07-21T00:00:00Z,2022-12-10T00:00:00Z
CUS-0043,Jerry,Scott,jerry.scott360@syntheticmail.example,+1-609-895-9785,standard,active,US,TN,Nashville,2025-09-17,en,2025-09-17T00:00:00Z,2025-10-20T00:00:00Z
CUS-0044,Daniel,Howard,daniel.howard986@syntheticmail.example,+1-311-810-8119,standard,inactive,US,FL,Miami,2020-06-05,en,2020-06-05T00:00:00Z,2022-11-15T00:00:00Z
CUS-0045,Nicole,Rogers,nicole.rogers119@syntheticmail.example,+1-460-245-8144,standard,active,US,OH,Columbus,2022-02-17,en,2022-02-17T00:00:00Z,2025-12-24T00:00:00Z
CUS-0046,Alexander,Patel,alexander.patel755@syntheticmail.example,+1-572-641-2146,business,active,US,OR,Portland,2022-03-18,en,2022-03-18T00:00:00Z,2023-12-20T00:00:00Z
CUS-0047,Gregory,Thomas,gregory.thomas738@syntheticmail.example,+1-719-516-7691,standard,active,US,IN,Indianapolis,2023-05-15,es,2023-05-15T00:00:00Z,2024-03-12T00:00:00Z
CUS-0048,Stephen,Taylor,stephen.taylor197@syntheticmail.example,+1-893-966-3851,premium,active,US,GA,Atlanta,2024-04-01,en,2024-04-01T00:00:00Z,2025-05-21T00:00:00Z
CUS-0049,Stephen,Smith,stephen.smith312@syntheticmail.example,+1-640-793-6279,standard,active,US,FL,Orlando,2022-05-10,en,2022-05-10T00:00:00Z,2023-07-21T00:00:00Z
CUS-0050,Angela,Stewart,angela.stewart813@syntheticmail.example,+1-874-286-5649,premium,active,US,IN,Indianapolis,2021-11-26,es,2021-11-26T00:00:00Z,2025-05-17T00:00:00Z
CUS-0051,Kevin,Lopez,kevin.lopez839@syntheticmail.example,+1-888-517-4680,standard,active,US,WI,Milwaukee,2022-08-20,en,2022-08-20T00:00:00Z,2022-11-22T00:00:00Z
CUS-0052,Ashley,Stewart,ashley.stewart626@syntheticmail.example,+1-666-624-4185,business,inactive,US,NJ,Newark,2020-10-25,en,2020-10-25T00:00:00Z,2023-08-03T00:00:00Z
CUS-0053,Stephanie,Young,stephanie.young152@syntheticmail.example,+1-968-988-2746,enterprise,active,US,TN,Nashville,2020-01-23,en,2020-01-23T00:00:00Z,2022-01-12T00:00:00Z
CUS-0054,Aaron,Hughes,aaron.hughes531@syntheticmail.example,+1-770-455-2988,standard,active,US,NC,Charlotte,2020-07-24,en,2020-07-24T00:00:00Z,2024-04-21T00:00:00Z
CUS-0055,Shirley,Bailey,shirley.bailey610@syntheticmail.example,+1-827-936-9270,standard,active,US,IL,Chicago,2024-12-17,en,2024-12-17T00:00:00Z,2025-03-08T00:00:00Z
CUS-0056,Catherine,Stewart,catherine.stewart461@syntheticmail.example,+1-852-483-9540,premium,active,US,FL,Miami,2022-10-09,en,2022-10-09T00:00:00Z,2024-04-23T00:00:00Z
CUS-0057,Jeffrey,Martinez,jeffrey.martinez731@syntheticmail.example,+1-478-543-6238,premium,active,US,FL,Orlando,2022-08-18,en,2022-08-18T00:00:00Z,2023-06-22T00:00:00Z
CUS-0058,Sandra,Roberts,sandra.roberts711@syntheticmail.example,+1-265-624-7678,standard,active,US,NY,Buffalo,2022-05-26,en,2022-05-26T00:00:00Z,2024-09-23T00:00:00Z
CUS-0059,Linda,Clark,linda.clark853@syntheticmail.example,+1-988-798-1320,enterprise,active,US,GA,Atlanta,2024-05-14,en,2024-05-14T00:00:00Z,2025-09-14T00:00:00Z
CUS-0060,James,Rivera,james.rivera306@syntheticmail.example,+1-629-751-9947,premium,active,US,WI,Milwaukee,2024-05-16,en,2024-05-16T00:00:00Z,2024-12-26T00:00:00Z
CUS-0061,Paul,Parker,paul.parker498@syntheticmail.example,+1-544-884-7624,business,active,US,CA,Los Angeles,2024-05-11,en,2024-05-11T00:00:00Z,2024-09-18T00:00:00Z
CUS-0062,Helen,Morgan,helen.morgan28@syntheticmail.example,+1-806-777-1444,standard,active,US,MD,Baltimore,2024-06-01,en,2024-06-01T00:00:00Z,2024-10-17T00:00:00Z
CUS-0063,Cynthia,White,cynthia.white52@syntheticmail.example,+1-535-416-8449,standard,active,US,FL,Miami,2024-04-01,fr,2024-04-01T00:00:00Z,2025-04-24T00:00:00Z
CUS-0064,Kimberly,Long,kimberly.long975@syntheticmail.example,+1-458-283-8705,standard,suspended,US,VA,Richmond,2024-09-22,en,2024-09-22T00:00:00Z,2024-10-18T00:00:00Z
CUS-0065,Brian,Lewis,brian.lewis666@syntheticmail.example,+1-972-231-5051,standard,active,US,CA,San Diego,2020-06-13,en,2020-06-13T00:00:00Z,2021-04-21T00:00:00Z
CUS-0066,Donald,Taylor,donald.taylor485@syntheticmail.example,+1-777-423-8619,business,active,US,OR,Portland,2021-04-13,fr,2021-04-13T00:00:00Z,2023-05-08T00:00:00Z
CUS-0067,Lisa,Cox,lisa.cox622@syntheticmail.example,+1-996-367-6096,standard,active,US,MN,Minneapolis,2021-04-14,en,2021-04-14T00:00:00Z,2023-01-12T00:00:00Z
CUS-0068,Pamela,Gray,pamela.gray930@syntheticmail.example,+1-932-403-2245,premium,inactive,US,OH,Columbus,2024-06-12,es,2024-06-12T00:00:00Z,2025-02-15T00:00:00Z
CUS-0069,Susan,Hughes,susan.hughes792@syntheticmail.example,+1-779-242-6688,premium,active,US,FL,Orlando,2021-05-10,es,2021-05-10T00:00:00Z,2023-06-07T00:00:00Z
CUS-0070,David,Cook,david.cook664@syntheticmail.example,+1-630-701-2729,standard,active,US,IL,Chicago,2020-02-21,es,2020-02-21T00:00:00Z,2025-04-18T00:00:00Z
CUS-0071,Patrick,Martin,patrick.martin446@syntheticmail.example,+1-866-476-9817,enterprise,active,US,TX,Houston,2025-11-07,en,2025-11-07T00:00:00Z,2025-12-04T00:00:00Z
CUS-0072,Janet,Ramos,janet.ramos275@syntheticmail.example,+1-288-485-8385,standard,suspended,US,IL,Chicago,2022-10-02,en,2022-10-02T00:00:00Z,2025-12-12T00:00:00Z
CUS-0073,Brandon,Bennett,brandon.bennett389@syntheticmail.example,+1-706-532-3979,premium,active,US,IL,Chicago,2020-04-27,en,2020-04-27T00:00:00Z,2023-03-21T00:00:00Z
CUS-0074,Carol,Scott,carol.scott902@syntheticmail.example,+1-769-210-9464,standard,active,US,CO,Denver,2023-02-05,en,2023-02-05T00:00:00Z,2025-05-17T00:00:00Z
CUS-0075,Gary,Bailey,gary.bailey777@syntheticmail.example,+1-861-928-9041,standard,active,US,TX,Austin,2025-05-04,en,2025-05-04T00:00:00Z,2025-07-18T00:00:00Z
CUS-0076,Mark,Phillips,mark.phillips709@syntheticmail.example,+1-879-795-7046,premium,active,US,TX,Austin,2023-06-08,en,2023-06-08T00:00:00Z,2024-05-25T00:00:00Z
CUS-0077,Jason,Myers,jason.myers564@syntheticmail.example,+1-919-664-5438,standard,active,US,IL,Chicago,2023-12-12,en,2023-12-12T00:00:00Z,2024-04-13T00:00:00Z
CUS-0078,Alexander,Harris,alexander.harris324@syntheticmail.example,+1-396-421-8933,standard,inactive,US,NY,New York,2022-01-28,en,2022-01-28T00:00:00Z,2025-01-06T00:00:00Z
CUS-0079,Scott,Torres,scott.torres103@syntheticmail.example,+1-503-432-6912,standard,active,US,VA,Richmond,2022-03-06,en,2022-03-06T00:00:00Z,2025-03-03T00:00:00Z
CUS-0080,Thomas,Scott,thomas.scott47@syntheticmail.example,+1-914-329-9042,standard,active,US,CA,San Francisco,2023-04-11,en,2023-04-11T00:00:00Z,2024-01-27T00:00:00Z
CUS-0081,Jacob,Morris,jacob.morris452@syntheticmail.example,+1-252-458-8827,standard,active,US,IL,Chicago,2022-01-25,en,2022-01-25T00:00:00Z,2024-10-28T00:00:00Z
CUS-0082,Barbara,Kelly,barbara.kelly645@syntheticmail.example,+1-355-352-5978,standard,active,US,OR,Portland,2020-08-07,en,2020-08-07T00:00:00Z,2023-09-23T00:00:00Z
CUS-0083,Maria,Turner,maria.turner621@syntheticmail.example,+1-994-735-7232,standard,active,US,CO,Denver,2022-07-13,en,2022-07-13T00:00:00Z,2025-10-30T00:00:00Z
CUS-0084,Jason,Flores,jason.flores583@syntheticmail.example,+1-824-957-2625,enterprise,active,US,CO,Denver,2020-09-03,es,2020-09-03T00:00:00Z,2021-11-09T00:00:00Z
CUS-0085,Dorothy,James,dorothy.james84@syntheticmail.example,+1-377-765-2229,standard,active,US,TX,Houston,2022-09-09,en,2022-09-09T00:00:00Z,2025-03-19T00:00:00Z
CUS-0086,Raymond,Kim,raymond.kim482@syntheticmail.example,+1-437-495-5632,business,active,US,FL,Orlando,2020-05-13,en,2020-05-13T00:00:00Z,2022-12-25T00:00:00Z
CUS-0087,Dorothy,Watson,dorothy.watson604@syntheticmail.example,+1-635-317-9922,standard,active,US,OR,Portland,2022-03-21,en,2022-03-21T00:00:00Z,2023-09-16T00:00:00Z
CUS-0088,Charles,Martinez,charles.martinez62@syntheticmail.example,+1-809-966-5728,standard,active,US,TX,Houston,2023-06-13,en,2023-06-13T00:00:00Z,2025-05-18T00:00:00Z
CUS-0089,Kenneth,Hughes,kenneth.hughes413@syntheticmail.example,+1-752-705-8172,standard,active,US,FL,Miami,2025-08-11,en,2025-08-11T00:00:00Z,2025-11-29T00:00:00Z
CUS-0090,Jack,Adams,jack.adams619@syntheticmail.example,+1-293-434-1339,enterprise,inactive,US,FL,Miami,2020-04-15,en,2020-04-15T00:00:00Z,2020-09-26T00:00:00Z
CUS-0091,Maria,Long,maria.long180@syntheticmail.example,+1-867-652-5557,standard,active,US,MI,Detroit,2025-10-26,en,2025-10-26T00:00:00Z,2025-12-27T00:00:00Z
CUS-0092,Elizabeth,Stewart,elizabeth.stewart357@syntheticmail.example,+1-528-886-2713,standard,active,US,GA,Atlanta,2023-09-27,en,2023-09-27T00:00:00Z,2025-09-06T00:00:00Z
CUS-0093,Amy,Torres,amy.torres679@syntheticmail.example,+1-665-290-6153,standard,active,US,OH,Columbus,2020-05-30,en,2020-05-30T00:00:00Z,2025-11-06T00:00:00Z
CUS-0094,Jerry,Phillips,jerry.phillips886@syntheticmail.example,+1-873-755-8569,standard,active,US,WA,Seattle,2020-01-05,en,2020-01-05T00:00:00Z,2025-10-28T00:00:00Z
CUS-0095,George,Richardson,george.richardson775@syntheticmail.example,+1-978-252-4335,standard,active,US,MI,Detroit,2024-12-15,en,2024-12-15T00:00:00Z,2025-05-11T00:00:00Z
CUS-0096,Jeffrey,Hughes,jeffrey.hughes497@syntheticmail.example,+1-845-823-4920,business,active,US,NY,New York,2020-04-28,en,2020-04-28T00:00:00Z,2020-06-23T00:00:00Z
CUS-0097,Stephen,Evans,stephen.evans96@syntheticmail.example,+1-672-320-3522,premium,inactive,US,TX,Austin,2021-04-09,en,2021-04-09T00:00:00Z,2024-02-15T00:00:00Z
CUS-0098,Patrick,Wright,patrick.wright426@syntheticmail.example,+1-683-449-8483,premium,active,US,VA,Richmond,2025-05-30,en,2025-05-30T00:00:00Z,2025-07-17T00:00:00Z
CUS-0099,Scott,Rogers,scott.rogers765@syntheticmail.example,+1-271-482-7798,standard,active,US,IN,Indianapolis,2021-07-13,en,2021-07-13T00:00:00Z,2021-07-18T00:00:00Z
CUS-0100,Andrew,Castillo,andrew.castillo306@syntheticmail.example,+1-352-657-9824,premium,active,US,VA,Richmond,2025-06-28,en,2025-06-28T00:00:00Z,2025-11-16T00:00:00Z
CUS-0101,Maria,Cooper,maria.cooper387@syntheticmail.example,+1-393-914-4912,premium,active,US,NC,Charlotte,2023-08-11,en,2023-08-11T00:00:00Z,2025-10-13T00:00:00Z
CUS-0102,Edward,Garcia,edward.garcia326@syntheticmail.example,+1-922-590-7325,premium,active,US,MN,Minneapolis,2025-04-21,en,2025-04-21T00:00:00Z,2025-12-30T00:00:00Z
CUS-0103,John,Taylor,john.taylor515@syntheticmail.example,+1-302-650-2633,premium,active,US,MA,Boston,2023-09-21,en,2023-09-21T00:00:00Z,2025-09-29T00:00:00Z
CUS-0104,Charles,Evans,charles.evans892@syntheticmail.example,+1-276-680-5342,standard,active,US,TN,Nashville,2021-09-24,es,2021-09-24T00:00:00Z,2023-12-17T00:00:00Z
CUS-0105,Katherine,Hernandez,katherine.hernandez873@syntheticmail.example,+1-589-524-8994,premium,active,US,IL,Chicago,2025-12-25,en,2025-12-25T00:00:00Z,2025-12-26T00:00:00Z
CUS-0106,Donald,Watson,donald.watson701@syntheticmail.example,+1-432-964-2480,standard,active,US,MD,Baltimore,2023-03-23,fr,2023-03-23T00:00:00Z,2024-12-30T00:00:00Z
CUS-0107,Patrick,Gonzalez,patrick.gonzalez455@syntheticmail.example,+1-229-247-6314,standard,active,US,TX,Houston,2023-05-11,en,2023-05-11T00:00:00Z,2024-05-28T00:00:00Z
CUS-0108,Sharon,Jackson,sharon.jackson251@syntheticmail.example,+1-779-898-3950,standard,active,US,WA,Seattle,2024-08-14,en,2024-08-14T00:00:00Z,2025-06-22T00:00:00Z
CUS-0109,Timothy,Richardson,timothy.richardson700@syntheticmail.example,+1-797-346-4804,standard,active,US,TX,Austin,2025-07-31,en,2025-07-31T00:00:00Z,2025-11-25T00:00:00Z
CUS-0110,Steven,Bennett,steven.bennett10@syntheticmail.example,+1-494-893-9955,standard,active,US,IN,Indianapolis,2025-03-20,en,2025-03-20T00:00:00Z,2025-09-12T00:00:00Z
CUS-0111,Emma,Hill,emma.hill655@syntheticmail.example,+1-667-509-4263,standard,active,US,GA,Atlanta,2022-10-21,en,2022-10-21T00:00:00Z,2024-02-18T00:00:00Z
CUS-0112,Timothy,Kelly,timothy.kelly368@syntheticmail.example,+1-916-502-1359,premium,active,US,MA,Boston,2023-04-26,en,2023-04-26T00:00:00Z,2023-05-04T00:00:00Z
CUS-0113,Larry,Mendoza,larry.mendoza797@syntheticmail.example,+1-820-963-9138,standard,suspended,US,MN,Minneapolis,2020-07-19,en,2020-07-19T00:00:00Z,2023-12-14T00:00:00Z
CUS-0114,Aaron,Rivera,aaron.rivera225@syntheticmail.example,+1-835-456-3240,premium,active,US,TN,Nashville,2022-02-17,es,2022-02-17T00:00:00Z,2025-10-02T00:00:00Z
CUS-0115,Jennifer,Flores,jennifer.flores808@syntheticmail.example,+1-793-573-3153,standard,active,US,NC,Charlotte,2020-05-16,en,2020-05-16T00:00:00Z,2025-01-11T00:00:00Z
CUS-0116,Daniel,Sanchez,daniel.sanchez136@syntheticmail.example,+1-743-713-5465,standard,active,US,MO,St. Louis,2024-02-07,en,2024-02-07T00:00:00Z,2024-12-05T00:00:00Z
CUS-0117,Catherine,Baker,catherine.baker824@syntheticmail.example,+1-277-344-4696,business,inactive,US,NY,New York,2025-04-02,es,2025-04-02T00:00:00Z,2025-10-22T00:00:00Z
CUS-0118,Aaron,Bailey,aaron.bailey375@syntheticmail.example,+1-214-470-9791,standard,active,US,CA,San Diego,2024-06-04,en,2024-06-04T00:00:00Z,2025-02-27T00:00:00Z
CUS-0119,Justin,Carter,justin.carter843@syntheticmail.example,+1-310-891-4830,premium,active,US,TN,Nashville,2024-03-01,en,2024-03-01T00:00:00Z,2025-09-26T00:00:00Z
CUS-0120,Michelle,Ward,michelle.ward227@syntheticmail.example,+1-850-675-5951,premium,active,US,TN,Nashville,2020-09-15,en,2020-09-15T00:00:00Z,2021-06-28T00:00:00Z
CUS-0121,Jennifer,Jones,jennifer.jones312@syntheticmail.example,+1-299-440-9807,standard,active,US,MI,Detroit,2021-04-20,en,2021-04-20T00:00:00Z,2023-05-19T00:00:00Z
CUS-0122,Christine,Myers,christine.myers714@syntheticmail.example,+1-801-960-3531,standard,active,US,AZ,Phoenix,2024-09-12,en,2024-09-12T00:00:00Z,2025-11-12T00:00:00Z
CUS-0123,Gary,Ward,gary.ward418@syntheticmail.example,+1-906-579-4559,standard,active,US,FL,Miami,2020-05-14,en,2020-05-14T00:00:00Z,2024-06-07T00:00:00Z
CUS-0124,Richard,Mendoza,richard.mendoza377@syntheticmail.example,+1-262-607-5520,standard,active,US,AZ,Phoenix,2024-01-09,en,2024-01-09T00:00:00Z,2024-04-11T00:00:00Z
CUS-0125,Gregory,Ramirez,gregory.ramirez658@syntheticmail.example,+1-251-541-4990,standard,active,US,TN,Nashville,2020-03-28,en,2020-03-28T00:00:00Z,2021-01-03T00:00:00Z
CUS-0126,Maria,Peterson,maria.peterson213@syntheticmail.example,+1-438-536-3417,premium,active,US,MA,Boston,2022-06-03,en,2022-06-03T00:00:00Z,2023-03-26T00:00:00Z
CUS-0127,Thomas,Cooper,thomas.cooper257@syntheticmail.example,+1-312-876-1422,standard,active,US,MO,St. Louis,2021-12-15,en,2021-12-15T00:00:00Z,2023-04-16T00:00:00Z
CUS-0128,Emma,Adams,emma.adams17@syntheticmail.example,+1-253-329-7897,premium,active,US,TX,Houston,2022-12-22,fr,2022-12-22T00:00:00Z,2023-05-01T00:00:00Z
CUS-0129,Jacob,Edwards,jacob.edwards797@syntheticmail.example,+1-807-311-8405,premium,active,US,PA,Philadelphia,2025-10-03,en,2025-10-03T00:00:00Z,2025-10-08T00:00:00Z
CUS-0130,Janet,James,janet.james534@syntheticmail.example,+1-858-231-1996,premium,active,US,FL,Orlando,2025-02-19,en,2025-02-19T00:00:00Z,2025-04-15T00:00:00Z
CUS-0131,Gary,Alvarez,gary.alvarez932@syntheticmail.example,+1-282-529-3430,standard,active,US,NC,Charlotte,2020-10-28,en,2020-10-28T00:00:00Z,2024-04-28T00:00:00Z
CUS-0132,Samantha,Howard,samantha.howard562@syntheticmail.example,+1-590-811-9692,standard,active,US,NV,Las Vegas,2023-08-24,en,2023-08-24T00:00:00Z,2025-05-04T00:00:00Z
CUS-0133,Sharon,Gonzalez,sharon.gonzalez813@syntheticmail.example,+1-870-866-4522,standard,active,US,NV,Las Vegas,2021-04-13,en,2021-04-13T00:00:00Z,2023-08-08T00:00:00Z
CUS-0134,Carol,Collins,carol.collins409@syntheticmail.example,+1-520-637-6120,business,active,US,GA,Atlanta,2021-01-24,en,2021-01-24T00:00:00Z,2021-12-02T00:00:00Z
CUS-0135,Debra,Stewart,debra.stewart69@syntheticmail.example,+1-295-642-2582,enterprise,inactive,US,CA,San Diego,2020-12-15,en,2020-12-15T00:00:00Z,2025-07-04T00:00:00Z
CUS-0136,Thomas,Bailey,thomas.bailey62@syntheticmail.example,+1-886-325-7730,standard,inactive,US,MA,Boston,2023-09-12,fr,2023-09-12T00:00:00Z,2024-11-18T00:00:00Z
CUS-0137,Alexander,Miller,alexander.miller992@syntheticmail.example,+1-560-306-9313,standard,active,US,FL,Orlando,2023-07-03,es,2023-07-03T00:00:00Z,2024-11-07T00:00:00Z
CUS-0138,Mark,Wilson,mark.wilson359@syntheticmail.example,+1-317-980-5564,premium,active,US,NJ,Newark,2024-02-14,en,2024-02-14T00:00:00Z,2025-09-10T00:00:00Z
CUS-0139,Jerry,Richardson,jerry.richardson629@syntheticmail.example,+1-823-873-5381,standard,active,US,OR,Portland,2020-04-17,en,2020-04-17T00:00:00Z,2023-10-04T00:00:00Z
CUS-0140,Carol,Hall,carol.hall7@syntheticmail.example,+1-779-873-7566,standard,active,US,TX,Houston,2021-08-09,fr,2021-08-09T00:00:00Z,2025-02-25T00:00:00Z
CUS-0141,Patricia,Lopez,patricia.lopez765@syntheticmail.example,+1-585-629-8432,standard,active,US,WA,Seattle,2022-05-31,en,2022-05-31T00:00:00Z,2024-02-28T00:00:00Z
CUS-0142,Alexander,Adams,alexander.adams796@syntheticmail.example,+1-253-359-3579,enterprise,active,US,MA,Boston,2020-12-13,en,2020-12-13T00:00:00Z,2024-09-23T00:00:00Z
CUS-0143,William,Wright,william.wright454@syntheticmail.example,+1-697-821-8242,standard,active,US,OR,Portland,2024-10-02,en,2024-10-02T00:00:00Z,2025-10-23T00:00:00Z
CUS-0144,Angela,Anderson,angela.anderson354@syntheticmail.example,+1-490-894-8972,premium,inactive,US,GA,Atlanta,2021-03-30,en,2021-03-30T00:00:00Z,2021-07-01T00:00:00Z
CUS-0145,Mark,Gomez,mark.gomez614@syntheticmail.example,+1-409-508-4460,enterprise,active,US,CA,San Francisco,2020-02-01,fr,2020-02-01T00:00:00Z,2022-12-13T00:00:00Z
CUS-0146,Emily,Adams,emily.adams123@syntheticmail.example,+1-964-640-3878,standard,active,US,CA,Los Angeles,2025-07-30,en,2025-07-30T00:00:00Z,2025-09-26T00:00:00Z
CUS-0147,Nicholas,Bailey,nicholas.bailey854@syntheticmail.example,+1-273-606-1693,standard,active,US,OR,Portland,2023-12-21,en,2023-12-21T00:00:00Z,2024-03-09T00:00:00Z
CUS-0148,Joshua,Kelly,joshua.kelly440@syntheticmail.example,+1-926-855-7843,standard,active,US,MA,Boston,2024-07-14,en,2024-07-14T00:00:00Z,2024-08-04T00:00:00Z
CUS-0149,Michelle,Perez,michelle.perez821@syntheticmail.example,+1-906-570-2443,standard,active,US,CO,Denver,2025-02-27,en,2025-02-27T00:00:00Z,2025-10-08T00:00:00Z
CUS-0150,Emma,Phillips,emma.phillips537@syntheticmail.example,+1-517-963-6562,standard,active,US,CA,San Diego,2024-06-09,fr,2024-06-09T00:00:00Z,2024-11-28T00:00:00Z
CUS-0151,Barbara,Rogers,barbara.rogers649@syntheticmail.example,+1-722-398-6724,standard,inactive,US,NY,New York,2025-12-13,es,2025-12-13T00:00:00Z,2025-12-17T00:00:00Z
CUS-0152,Donald,Wilson,donald.wilson150@syntheticmail.example,+1-377-816-3504,enterprise,suspended,US,FL,Miami,2022-03-19,es,2022-03-19T00:00:00Z,2022-08-20T00:00:00Z
CUS-0153,Daniel,Foster,daniel.foster644@syntheticmail.example,+1-972-777-8354,business,active,US,MI,Detroit,2025-03-15,es,2025-03-15T00:00:00Z,2025-08-27T00:00:00Z
CUS-0154,Frank,Green,frank.green155@syntheticmail.example,+1-680-652-5961,standard,active,US,NC,Charlotte,2020-10-06,en,2020-10-06T00:00:00Z,2022-09-26T00:00:00Z
CUS-0155,Nicholas,Martinez,nicholas.martinez318@syntheticmail.example,+1-238-258-7041,standard,active,US,NC,Charlotte,2025-01-25,es,2025-01-25T00:00:00Z,2025-03-12T00:00:00Z
CUS-0156,Brandon,Kim,brandon.kim520@syntheticmail.example,+1-794-767-1672,standard,active,US,OH,Columbus,2025-03-10,es,2025-03-10T00:00:00Z,2025-06-14T00:00:00Z
CUS-0157,Michelle,Cox,michelle.cox488@syntheticmail.example,+1-263-661-2695,standard,inactive,US,WA,Seattle,2021-09-09,en,2021-09-09T00:00:00Z,2024-07-08T00:00:00Z
CUS-0158,Benjamin,Thompson,benjamin.thompson41@syntheticmail.example,+1-649-736-9564,premium,active,US,TX,Austin,2024-11-28,en,2024-11-28T00:00:00Z,2025-06-06T00:00:00Z
CUS-0159,Andrew,Roberts,andrew.roberts419@syntheticmail.example,+1-895-812-1857,premium,active,US,WI,Milwaukee,2023-10-17,en,2023-10-17T00:00:00Z,2023-12-23T00:00:00Z
CUS-0160,Kevin,Gonzalez,kevin.gonzalez572@syntheticmail.example,+1-490-458-3463,standard,active,US,OR,Portland,2024-05-02,en,2024-05-02T00:00:00Z,2024-09-23T00:00:00Z
CUS-0161,Brian,Flores,brian.flores991@syntheticmail.example,+1-332-809-2388,standard,active,US,TN,Nashville,2024-05-24,en,2024-05-24T00:00:00Z,2025-04-25T00:00:00Z
CUS-0162,Thomas,Bennett,thomas.bennett720@syntheticmail.example,+1-295-861-7937,premium,active,US,VA,Richmond,2025-11-26,en,2025-11-26T00:00:00Z,2025-12-19T00:00:00Z
CUS-0163,Donna,White,donna.white974@syntheticmail.example,+1-984-697-4145,standard,active,US,TX,Dallas,2023-10-31,en,2023-10-31T00:00:00Z,2024-01-18T00:00:00Z
CUS-0164,Emily,Gonzalez,emily.gonzalez520@syntheticmail.example,+1-238-877-6517,enterprise,active,US,WI,Milwaukee,2025-11-26,en,2025-11-26T00:00:00Z,2025-12-20T00:00:00Z
CUS-0165,Karen,Lee,karen.lee186@syntheticmail.example,+1-938-648-1715,standard,active,US,VA,Richmond,2021-11-09,es,2021-11-09T00:00:00Z,2025-11-21T00:00:00Z
CUS-0166,Donald,Cruz,donald.cruz626@syntheticmail.example,+1-439-746-4918,standard,active,US,FL,Orlando,2025-01-12,en,2025-01-12T00:00:00Z,2025-07-19T00:00:00Z
CUS-0167,Samuel,Kelly,samuel.kelly452@syntheticmail.example,+1-996-591-9239,premium,active,US,NC,Charlotte,2023-02-28,en,2023-02-28T00:00:00Z,2024-04-11T00:00:00Z
CUS-0168,Aaron,Cox,aaron.cox142@syntheticmail.example,+1-253-856-8873,standard,active,US,NJ,Newark,2022-10-21,en,2022-10-21T00:00:00Z,2025-09-11T00:00:00Z
CUS-0169,Jessica,Torres,jessica.torres86@syntheticmail.example,+1-479-660-9410,standard,active,US,WI,Milwaukee,2021-10-18,en,2021-10-18T00:00:00Z,2023-01-15T00:00:00Z
CUS-0170,Laura,Hall,laura.hall953@syntheticmail.example,+1-254-605-9224,standard,active,US,CA,Los Angeles,2024-08-26,en,2024-08-26T00:00:00Z,2024-10-06T00:00:00Z
CUS-0171,Melissa,Lewis,melissa.lewis29@syntheticmail.example,+1-931-865-6493,standard,active,US,IL,Chicago,2021-02-09,en,2021-02-09T00:00:00Z,2022-09-19T00:00:00Z
CUS-0172,Jacob,Hughes,jacob.hughes852@syntheticmail.example,+1-659-830-1086,standard,active,US,NY,Buffalo,2025-04-05,en,2025-04-05T00:00:00Z,2025-07-24T00:00:00Z
CUS-0173,Karen,Peterson,karen.peterson963@syntheticmail.example,+1-633-313-5720,standard,active,US,MN,Minneapolis,2025-12-01,en,2025-12-01T00:00:00Z,2025-12-04T00:00:00Z
CUS-0174,Donald,Turner,donald.turner655@syntheticmail.example,+1-264-313-9189,premium,active,US,MO,St. Louis,2025-02-15,en,2025-02-15T00:00:00Z,2025-11-05T00:00:00Z
CUS-0175,Pamela,Walker,pamela.walker736@syntheticmail.example,+1-639-201-6780,standard,active,US,NY,Buffalo,2023-04-08,en,2023-04-08T00:00:00Z,2023-10-16T00:00:00Z
CUS-0176,Christine,Bennett,christine.bennett88@syntheticmail.example,+1-269-738-9914,premium,active,US,WA,Seattle,2024-01-17,en,2024-01-17T00:00:00Z,2024-02-06T00:00:00Z
CUS-0177,Deborah,Stewart,deborah.stewart45@syntheticmail.example,+1-582-459-1266,standard,active,US,TN,Nashville,2024-05-03,en,2024-05-03T00:00:00Z,2025-01-04T00:00:00Z
CUS-0178,Janet,James,janet.james644@syntheticmail.example,+1-336-245-6772,premium,active,US,NY,New York,2023-09-23,es,2023-09-23T00:00:00Z,2024-03-20T00:00:00Z
CUS-0179,Heather,Mendoza,heather.mendoza476@syntheticmail.example,+1-846-386-3209,standard,inactive,US,NV,Las Vegas,2025-05-14,fr,2025-05-14T00:00:00Z,2025-09-08T00:00:00Z
CUS-0180,John,Nguyen,john.nguyen207@syntheticmail.example,+1-242-523-6080,premium,active,US,CA,San Francisco,2022-03-28,en,2022-03-28T00:00:00Z,2024-11-21T00:00:00Z
CUS-0181,Steven,Jones,steven.jones772@syntheticmail.example,+1-492-565-1783,premium,active,US,TN,Nashville,2022-02-21,en,2022-02-21T00:00:00Z,2022-11-02T00:00:00Z
CUS-0182,Aaron,Mitchell,aaron.mitchell448@syntheticmail.example,+1-961-650-7334,standard,active,US,IN,Indianapolis,2024-06-26,en,2024-06-26T00:00:00Z,2025-11-17T00:00:00Z
CUS-0183,Melissa,Gutierrez,melissa.gutierrez274@syntheticmail.example,+1-944-634-2293,standard,active,US,MO,St. Louis,2020-12-04,en,2020-12-04T00:00:00Z,2023-12-26T00:00:00Z
CUS-0184,Emily,Adams,emily.adams106@syntheticmail.example,+1-876-502-6021,standard,active,US,CA,San Diego,2023-09-05,es,2023-09-05T00:00:00Z,2024-11-14T00:00:00Z
CUS-0185,Lisa,Ruiz,lisa.ruiz455@syntheticmail.example,+1-243-944-6776,premium,active,US,PA,Philadelphia,2025-01-05,en,2025-01-05T00:00:00Z,2025-11-28T00:00:00Z
CUS-0186,Diane,Davis,diane.davis77@syntheticmail.example,+1-572-725-3621,standard,active,US,OR,Portland,2024-07-21,en,2024-07-21T00:00:00Z,2025-10-12T00:00:00Z
CUS-0187,John,Taylor,john.taylor69@syntheticmail.example,+1-570-592-1530,premium,active,US,TX,Austin,2024-02-09,es,2024-02-09T00:00:00Z,2025-05-14T00:00:00Z
CUS-0188,Melissa,Mitchell,melissa.mitchell455@syntheticmail.example,+1-787-340-9674,standard,active,US,WI,Milwaukee,2020-11-10,en,2020-11-10T00:00:00Z,2024-07-02T00:00:00Z
CUS-0189,Kimberly,Young,kimberly.young984@syntheticmail.example,+1-953-390-9176,premium,active,US,NY,New York,2020-04-16,en,2020-04-16T00:00:00Z,2021-08-11T00:00:00Z
CUS-0190,Dorothy,Jimenez,dorothy.jimenez267@syntheticmail.example,+1-419-826-5678,business,active,US,NV,Las Vegas,2025-01-01,en,2025-01-01T00:00:00Z,2025-03-04T00:00:00Z
CUS-0191,Sarah,Martinez,sarah.martinez463@syntheticmail.example,+1-289-898-6236,business,active,US,TX,Houston,2024-12-28,es,2024-12-28T00:00:00Z,2025-01-30T00:00:00Z
CUS-0192,Stephen,Cooper,stephen.cooper298@syntheticmail.example,+1-361-928-3852,standard,active,US,IN,Indianapolis,2023-05-13,en,2023-05-13T00:00:00Z,2023-09-14T00:00:00Z
CUS-0193,Betty,Moore,betty.moore243@syntheticmail.example,+1-226-569-7044,standard,active,US,MO,St. Louis,2025-07-16,en,2025-07-16T00:00:00Z,2025-12-19T00:00:00Z
CUS-0194,Elizabeth,Rodriguez,elizabeth.rodriguez317@syntheticmail.example,+1-738-620-7708,premium,active,US,OH,Columbus,2025-05-14,en,2025-05-14T00:00:00Z,2025-08-03T00:00:00Z
CUS-0195,Benjamin,Martinez,benjamin.martinez461@syntheticmail.example,+1-552-331-3981,enterprise,active,US,NC,Charlotte,2025-10-20,en,2025-10-20T00:00:00Z,2025-12-23T00:00:00Z
CUS-0196,Linda,Thomas,linda.thomas531@syntheticmail.example,+1-368-365-6286,business,active,US,NY,Buffalo,2023-05-30,en,2023-05-30T00:00:00Z,2024-11-11T00:00:00Z
CUS-0197,Andrew,Hernandez,andrew.hernandez257@syntheticmail.example,+1-328-840-5961,premium,active,US,TX,Dallas,2023-01-29,en,2023-01-29T00:00:00Z,2025-11-23T00:00:00Z
CUS-0198,Benjamin,Perez,benjamin.perez607@syntheticmail.example,+1-375-874-6531,premium,active,US,MA,Boston,2021-09-23,en,2021-09-23T00:00:00Z,2022-03-08T00:00:00Z
CUS-0199,Jennifer,Chavez,jennifer.chavez790@syntheticmail.example,+1-866-415-7825,premium,active,US,MA,Boston,2022-12-20,en,2022-12-20T00:00:00Z,2025-10-04T00:00:00Z
CUS-0200,Frank,Cooper,frank.cooper297@syntheticmail.example,+1-694-450-7653,standard,active,US,TN,Nashville,2023-05-22,en,2023-05-22T00:00:00Z,2025-04-26T00:00:00Z
CUS-0201,Linda,Lee,linda.lee451@syntheticmail.example,+1-675-408-6573,premium,active,US,GA,Atlanta,2025-06-06,en,2025-06-06T00:00:00Z,2025-12-06T00:00:00Z
CUS-0202,Joshua,Sanders,joshua.sanders882@syntheticmail.example,+1-333-978-7070,premium,active,US,PA,Philadelphia,2024-06-21,en,2024-06-21T00:00:00Z,2025-05-13T00:00:00Z
CUS-0203,Donald,Reyes,donald.reyes126@syntheticmail.example,+1-453-344-2586,standard,active,US,FL,Miami,2025-01-15,en,2025-01-15T00:00:00Z,2025-11-26T00:00:00Z
CUS-0204,Rebecca,Young,rebecca.young986@syntheticmail.example,+1-535-791-6123,standard,suspended,US,NJ,Newark,2021-10-16,en,2021-10-16T00:00:00Z,2024-08-01T00:00:00Z
CUS-0205,Angela,Reyes,angela.reyes511@syntheticmail.example,+1-709-223-2475,standard,active,US,IN,Indianapolis,2023-06-17,en,2023-06-17T00:00:00Z,2024-02-18T00:00:00Z
CUS-0206,Margaret,Howard,margaret.howard362@syntheticmail.example,+1-488-706-8710,standard,active,US,CA,San Francisco,2020-07-26,en,2020-07-26T00:00:00Z,2025-04-26T00:00:00Z
CUS-0207,Susan,Parker,susan.parker138@syntheticmail.example,+1-944-574-7606,standard,active,US,IN,Indianapolis,2022-12-19,en,2022-12-19T00:00:00Z,2023-04-02T00:00:00Z
CUS-0208,Larry,Bailey,larry.bailey200@syntheticmail.example,+1-275-595-9261,standard,suspended,US,PA,Philadelphia,2023-03-28,en,2023-03-28T00:00:00Z,2024-01-08T00:00:00Z
CUS-0209,Helen,Mendoza,helen.mendoza626@syntheticmail.example,+1-299-603-7114,standard,active,US,NY,New York,2021-06-11,en,2021-06-11T00:00:00Z,2025-09-04T00:00:00Z
CUS-0210,Charles,Sanchez,charles.sanchez617@syntheticmail.example,+1-712-241-1742,standard,active,US,WA,Seattle,2024-07-02,es,2024-07-02T00:00:00Z,2025-06-08T00:00:00Z
CUS-0211,Aaron,Stewart,aaron.stewart532@syntheticmail.example,+1-820-727-3290,standard,active,US,NC,Charlotte,2021-09-02,en,2021-09-02T00:00:00Z,2022-07-31T00:00:00Z
CUS-0212,Ronald,Ward,ronald.ward758@syntheticmail.example,+1-807-544-9311,premium,active,US,VA,Richmond,2023-05-10,en,2023-05-10T00:00:00Z,2025-05-04T00:00:00Z
CUS-0213,Larry,Hill,larry.hill487@syntheticmail.example,+1-577-539-2795,standard,active,US,VA,Richmond,2020-03-09,en,2020-03-09T00:00:00Z,2020-06-26T00:00:00Z
CUS-0214,Scott,Stewart,scott.stewart272@syntheticmail.example,+1-938-252-8871,standard,active,US,TN,Nashville,2022-07-21,es,2022-07-21T00:00:00Z,2024-09-06T00:00:00Z
CUS-0215,Charles,Mendoza,charles.mendoza249@syntheticmail.example,+1-395-219-8225,standard,active,US,CA,San Francisco,2021-03-26,en,2021-03-26T00:00:00Z,2023-07-19T00:00:00Z
CUS-0216,Raymond,Clark,raymond.clark421@syntheticmail.example,+1-953-944-2020,business,active,US,WA,Seattle,2025-04-15,en,2025-04-15T00:00:00Z,2025-07-30T00:00:00Z
CUS-0217,Brenda,Adams,brenda.adams679@syntheticmail.example,+1-585-521-3837,standard,active,US,MI,Detroit,2025-11-22,en,2025-11-22T00:00:00Z,2025-12-26T00:00:00Z
CUS-0218,Amanda,Gray,amanda.gray791@syntheticmail.example,+1-824-695-4150,standard,active,US,NJ,Newark,2022-12-18,en,2022-12-18T00:00:00Z,2024-08-20T00:00:00Z
CUS-0219,Mark,Hill,mark.hill790@syntheticmail.example,+1-906-921-9011,standard,active,US,FL,Orlando,2022-04-29,en,2022-04-29T00:00:00Z,2025-06-19T00:00:00Z
CUS-0220,Diane,Castillo,diane.castillo281@syntheticmail.example,+1-787-892-9899,standard,active,US,FL,Orlando,2021-05-14,en,2021-05-14T00:00:00Z,2025-09-13T00:00:00Z
CUS-0221,Aaron,Jackson,aaron.jackson298@syntheticmail.example,+1-931-280-6674,standard,active,US,CA,San Francisco,2023-03-24,en,2023-03-24T00:00:00Z,2025-04-27T00:00:00Z
CUS-0222,Kathleen,Ramirez,kathleen.ramirez207@syntheticmail.example,+1-775-912-5450,standard,active,US,VA,Richmond,2023-01-15,en,2023-01-15T00:00:00Z,2024-05-19T00:00:00Z
CUS-0223,Ashley,Miller,ashley.miller686@syntheticmail.example,+1-431-853-4814,standard,active,US,IN,Indianapolis,2025-12-15,en,2025-12-15T00:00:00Z,2025-12-25T00:00:00Z
CUS-0224,Carolyn,Stewart,carolyn.stewart103@syntheticmail.example,+1-205-763-3587,standard,active,US,OR,Portland,2021-07-17,en,2021-07-17T00:00:00Z,2024-03-20T00:00:00Z
CUS-0225,Katherine,Sanchez,katherine.sanchez775@syntheticmail.example,+1-492-861-1969,enterprise,active,US,FL,Orlando,2023-08-08,es,2023-08-08T00:00:00Z,2025-03-17T00:00:00Z
CUS-0226,Sandra,Morgan,sandra.morgan757@syntheticmail.example,+1-379-627-3880,standard,active,US,MN,Minneapolis,2020-06-01,en,2020-06-01T00:00:00Z,2021-06-17T00:00:00Z
CUS-0227,Catherine,Nguyen,catherine.nguyen898@syntheticmail.example,+1-505-781-2758,standard,active,US,CA,San Francisco,2020-02-07,en,2020-02-07T00:00:00Z,2025-12-24T00:00:00Z
CUS-0228,Amy,Moore,amy.moore872@syntheticmail.example,+1-479-397-2845,standard,active,US,WA,Seattle,2025-04-01,fr,2025-04-01T00:00:00Z,2025-11-21T00:00:00Z
CUS-0229,Benjamin,Allen,benjamin.allen736@syntheticmail.example,+1-954-545-5833,premium,inactive,US,TX,Houston,2020-02-27,fr,2020-02-27T00:00:00Z,2022-04-28T00:00:00Z
CUS-0230,Daniel,Ward,daniel.ward877@syntheticmail.example,+1-637-727-6372,standard,active,US,TN,Nashville,2024-07-18,es,2024-07-18T00:00:00Z,2024-10-23T00:00:00Z
CUS-0231,Nancy,Moore,nancy.moore489@syntheticmail.example,+1-206-467-7284,standard,active,US,IL,Chicago,2022-10-13,fr,2022-10-13T00:00:00Z,2024-04-11T00:00:00Z
CUS-0232,Kevin,Hill,kevin.hill597@syntheticmail.example,+1-467-869-6890,business,active,US,MN,Minneapolis,2020-02-16,en,2020-02-16T00:00:00Z,2021-06-14T00:00:00Z
CUS-0233,Cynthia,Flores,cynthia.flores164@syntheticmail.example,+1-920-988-6095,business,active,US,OH,Columbus,2025-08-20,es,2025-08-20T00:00:00Z,2025-11-03T00:00:00Z
CUS-0234,Melissa,Ward,melissa.ward227@syntheticmail.example,+1-689-356-8454,enterprise,active,US,TX,Austin,2021-07-01,en,2021-07-01T00:00:00Z,2023-10-30T00:00:00Z
CUS-0235,Rachel,Peterson,rachel.peterson935@syntheticmail.example,+1-980-453-2341,premium,active,US,MI,Detroit,2022-06-13,en,2022-06-13T00:00:00Z,2024-06-22T00:00:00Z
CUS-0236,Barbara,Reed,barbara.reed115@syntheticmail.example,+1-407-786-9792,standard,active,US,CA,San Francisco,2025-09-01,en,2025-09-01T00:00:00Z,2025-12-19T00:00:00Z
CUS-0237,Eric,Cruz,eric.cruz120@syntheticmail.example,+1-934-797-9008,standard,active,US,OR,Portland,2022-04-21,en,2022-04-21T00:00:00Z,2022-08-12T00:00:00Z
CUS-0238,Ryan,Taylor,ryan.taylor526@syntheticmail.example,+1-777-259-8575,business,active,US,GA,Atlanta,2025-02-14,fr,2025-02-14T00:00:00Z,2025-02-25T00:00:00Z
CUS-0239,Ronald,Allen,ronald.allen837@syntheticmail.example,+1-792-274-1742,standard,active,US,CA,Los Angeles,2022-06-11,es,2022-06-11T00:00:00Z,2022-10-19T00:00:00Z
CUS-0240,Anna,Davis,anna.davis958@syntheticmail.example,+1-683-232-5703,standard,active,US,IN,Indianapolis,2020-10-09,fr,2020-10-09T00:00:00Z,2021-07-13T00:00:00Z
CUS-0241,Jerry,Chavez,jerry.chavez747@syntheticmail.example,+1-583-591-8348,standard,active,US,TN,Nashville,2024-09-17,en,2024-09-17T00:00:00Z,2025-09-01T00:00:00Z
CUS-0242,Gregory,Cooper,gregory.cooper137@syntheticmail.example,+1-321-382-9802,standard,active,US,TN,Nashville,2023-11-25,en,2023-11-25T00:00:00Z,2025-12-09T00:00:00Z
CUS-0243,Mark,Smith,mark.smith775@syntheticmail.example,+1-674-889-9920,standard,active,US,CA,Los Angeles,2023-05-07,en,2023-05-07T00:00:00Z,2025-08-27T00:00:00Z
CUS-0244,Sandra,Young,sandra.young472@syntheticmail.example,+1-482-393-2848,standard,active,US,PA,Philadelphia,2021-09-27,en,2021-09-27T00:00:00Z,2025-03-09T00:00:00Z
CUS-0245,Jerry,Williams,jerry.williams247@syntheticmail.example,+1-303-808-1550,standard,active,US,TX,Dallas,2020-10-02,es,2020-10-02T00:00:00Z,2024-09-11T00:00:00Z
CUS-0246,Michael,Young,michael.young759@syntheticmail.example,+1-649-439-9843,standard,suspended,US,CA,San Francisco,2024-07-05,fr,2024-07-05T00:00:00Z,2024-08-31T00:00:00Z
CUS-0247,Sarah,Cook,sarah.cook297@syntheticmail.example,+1-791-812-6253,standard,active,US,TX,Austin,2023-07-30,en,2023-07-30T00:00:00Z,2025-06-05T00:00:00Z
CUS-0248,Eric,Lewis,eric.lewis424@syntheticmail.example,+1-262-770-3869,premium,inactive,US,FL,Orlando,2023-02-01,en,2023-02-01T00:00:00Z,2025-11-12T00:00:00Z
CUS-0249,Michael,Hall,michael.hall965@syntheticmail.example,+1-737-526-7821,standard,active,US,TN,Nashville,2024-04-10,en,2024-04-10T00:00:00Z,2025-04-30T00:00:00Z
CUS-0250,Nancy,Long,nancy.long551@syntheticmail.example,+1-430-507-3365,standard,active,US,MI,Detroit,2022-09-14,en,2022-09-14T00:00:00Z,2025-01-06T00:00:00Z
CUS-0251,Rebecca,Bailey,rebecca.bailey543@syntheticmail.example,+1-448-461-4331,standard,active,US,NY,Buffalo,2024-05-09,en,2024-05-09T00:00:00Z,2025-08-12T00:00:00Z
CUS-0252,Melissa,Lopez,melissa.lopez549@syntheticmail.example,+1-252-474-7179,business,active,US,MN,Minneapolis,2022-02-19,en,2022-02-19T00:00:00Z,2022-05-10T00:00:00Z
CUS-0253,Barbara,Harris,barbara.harris824@syntheticmail.example,+1-690-413-6455,standard,active,US,WI,Milwaukee,2022-06-07,en,2022-06-07T00:00:00Z,2023-07-01T00:00:00Z
CUS-0254,Jack,Thomas,jack.thomas765@syntheticmail.example,+1-448-912-4350,standard,active,US,WI,Milwaukee,2025-05-15,en,2025-05-15T00:00:00Z,2025-08-05T00:00:00Z
CUS-0255,Heather,Torres,heather.torres390@syntheticmail.example,+1-864-567-6053,standard,active,US,NC,Charlotte,2025-12-25,en,2025-12-25T00:00:00Z,2026-01-01T00:00:00Z
CUS-0256,Cynthia,Gonzalez,cynthia.gonzalez823@syntheticmail.example,+1-979-527-4328,standard,active,US,MN,Minneapolis,2025-04-07,en,2025-04-07T00:00:00Z,2025-04-30T00:00:00Z
CUS-0257,Larry,Lewis,larry.lewis760@syntheticmail.example,+1-467-766-7841,standard,active,US,NY,Buffalo,2020-03-07,en,2020-03-07T00:00:00Z,2023-11-18T00:00:00Z
CUS-0258,Sandra,Carter,sandra.carter584@syntheticmail.example,+1-711-763-6530,standard,suspended,US,VA,Richmond,2022-10-03,en,2022-10-03T00:00:00Z,2025-07-03T00:00:00Z
CUS-0259,Ryan,Perez,ryan.perez751@syntheticmail.example,+1-373-343-9954,premium,active,US,MO,St. Louis,2023-12-13,en,2023-12-13T00:00:00Z,2025-09-30T00:00:00Z
CUS-0260,Linda,Ortiz,linda.ortiz35@syntheticmail.example,+1-884-249-1104,standard,active,US,VA,Richmond,2020-10-31,es,2020-10-31T00:00:00Z,2022-02-16T00:00:00Z
CUS-0261,David,Price,david.price155@syntheticmail.example,+1-717-666-7114,standard,active,US,CA,Los Angeles,2022-06-14,es,2022-06-14T00:00:00Z,2025-11-27T00:00:00Z
CUS-0262,Kathleen,James,kathleen.james500@syntheticmail.example,+1-744-764-7739,standard,active,US,CA,Los Angeles,2020-01-28,en,2020-01-28T00:00:00Z,2023-02-26T00:00:00Z
CUS-0263,Jonathan,Torres,jonathan.torres18@syntheticmail.example,+1-383-309-2578,premium,active,US,WA,Seattle,2024-10-29,en,2024-10-29T00:00:00Z,2025-02-04T00:00:00Z
CUS-0264,Helen,Ortiz,helen.ortiz259@syntheticmail.example,+1-473-606-2294,standard,active,US,VA,Richmond,2023-12-22,en,2023-12-22T00:00:00Z,2025-07-22T00:00:00Z
CUS-0265,Ashley,Hughes,ashley.hughes232@syntheticmail.example,+1-869-865-1519,standard,active,US,FL,Orlando,2020-11-26,en,2020-11-26T00:00:00Z,2023-01-07T00:00:00Z
CUS-0266,Stephen,Stewart,stephen.stewart58@syntheticmail.example,+1-919-375-2354,premium,active,US,TN,Nashville,2020-02-08,es,2020-02-08T00:00:00Z,2023-10-26T00:00:00Z
CUS-0267,Larry,Gonzalez,larry.gonzalez917@syntheticmail.example,+1-435-416-8790,standard,active,US,WA,Seattle,2020-06-23,en,2020-06-23T00:00:00Z,2024-04-24T00:00:00Z
CUS-0268,Kimberly,Cooper,kimberly.cooper578@syntheticmail.example,+1-383-522-1256,standard,active,US,OR,Portland,2020-05-14,en,2020-05-14T00:00:00Z,2024-10-31T00:00:00Z
CUS-0269,Barbara,Hill,barbara.hill167@syntheticmail.example,+1-780-598-9856,standard,active,US,MA,Boston,2022-09-11,fr,2022-09-11T00:00:00Z,2023-06-24T00:00:00Z
CUS-0270,Diane,Ruiz,diane.ruiz742@syntheticmail.example,+1-963-554-1879,standard,active,US,CA,San Diego,2025-08-13,en,2025-08-13T00:00:00Z,2025-09-01T00:00:00Z
CUS-0271,Carol,Cox,carol.cox788@syntheticmail.example,+1-992-534-1485,premium,active,US,CO,Denver,2024-06-12,en,2024-06-12T00:00:00Z,2025-10-27T00:00:00Z
CUS-0272,Sandra,Rivera,sandra.rivera567@syntheticmail.example,+1-390-896-7227,standard,suspended,US,OH,Columbus,2024-11-03,en,2024-11-03T00:00:00Z,2025-04-03T00:00:00Z
CUS-0273,Aaron,Young,aaron.young731@syntheticmail.example,+1-474-357-7225,business,active,US,CA,San Diego,2020-12-02,en,2020-12-02T00:00:00Z,2025-01-24T00:00:00Z
CUS-0274,Deborah,Green,deborah.green370@syntheticmail.example,+1-205-515-8286,standard,suspended,US,NY,New York,2021-01-09,en,2021-01-09T00:00:00Z,2021-08-06T00:00:00Z
CUS-0275,Thomas,Lopez,thomas.lopez192@syntheticmail.example,+1-770-768-9395,standard,active,US,GA,Atlanta,2025-01-12,en,2025-01-12T00:00:00Z,2025-02-26T00:00:00Z
CUS-0276,Amanda,Peterson,amanda.peterson96@syntheticmail.example,+1-594-212-5781,standard,active,US,CO,Denver,2023-08-21,fr,2023-08-21T00:00:00Z,2023-11-15T00:00:00Z
CUS-0277,Alexander,Bailey,alexander.bailey927@syntheticmail.example,+1-373-901-7237,standard,active,US,TX,Austin,2025-11-04,en,2025-11-04T00:00:00Z,2025-11-23T00:00:00Z
CUS-0278,Paul,Murphy,paul.murphy150@syntheticmail.example,+1-645-482-7899,standard,active,US,CA,San Diego,2021-11-15,en,2021-11-15T00:00:00Z,2023-11-24T00:00:00Z
CUS-0279,Steven,Young,steven.young739@syntheticmail.example,+1-808-831-4203,standard,active,US,TN,Nashville,2025-07-23,en,2025-07-23T00:00:00Z,2025-10-08T00:00:00Z
CUS-0280,James,Gomez,james.gomez341@syntheticmail.example,+1-537-650-6484,standard,active,US,VA,Richmond,2024-04-05,en,2024-04-05T00:00:00Z,2024-08-22T00:00:00Z
CUS-0281,Kenneth,Adams,kenneth.adams618@syntheticmail.example,+1-690-521-3910,standard,active,US,NV,Las Vegas,2022-04-02,en,2022-04-02T00:00:00Z,2025-10-19T00:00:00Z
CUS-0282,Gary,Kelly,gary.kelly801@syntheticmail.example,+1-585-487-7437,standard,active,US,TX,Austin,2023-08-27,en,2023-08-27T00:00:00Z,2024-03-18T00:00:00Z
CUS-0283,Emma,Cooper,emma.cooper185@syntheticmail.example,+1-944-672-4434,standard,active,US,OR,Portland,2020-04-20,es,2020-04-20T00:00:00Z,2021-01-28T00:00:00Z
CUS-0284,Diane,Evans,diane.evans690@syntheticmail.example,+1-848-510-4965,standard,active,US,MI,Detroit,2021-07-24,en,2021-07-24T00:00:00Z,2025-07-27T00:00:00Z
CUS-0285,Jason,Carter,jason.carter76@syntheticmail.example,+1-796-610-9755,premium,inactive,US,NC,Charlotte,2025-05-16,en,2025-05-16T00:00:00Z,2025-10-02T00:00:00Z
CUS-0286,John,Campbell,john.campbell719@syntheticmail.example,+1-311-987-5067,premium,inactive,US,IN,Indianapolis,2020-12-14,en,2020-12-14T00:00:00Z,2021-11-19T00:00:00Z
CUS-0287,Benjamin,Ward,benjamin.ward46@syntheticmail.example,+1-970-539-8052,standard,active,US,MA,Boston,2024-06-24,en,2024-06-24T00:00:00Z,2025-03-15T00:00:00Z
CUS-0288,Mark,Rogers,mark.rogers765@syntheticmail.example,+1-656-583-7408,standard,suspended,US,WA,Seattle,2022-06-24,es,2022-06-24T00:00:00Z,2025-10-11T00:00:00Z
CUS-0289,Raymond,Cook,raymond.cook155@syntheticmail.example,+1-694-307-5840,standard,active,US,PA,Philadelphia,2020-04-10,en,2020-04-10T00:00:00Z,2021-11-11T00:00:00Z
CUS-0290,Brian,Flores,brian.flores352@syntheticmail.example,+1-733-694-6706,premium,active,US,NC,Charlotte,2022-04-27,en,2022-04-27T00:00:00Z,2024-11-08T00:00:00Z
CUS-0291,Joshua,Rodriguez,joshua.rodriguez308@syntheticmail.example,+1-223-551-2791,business,active,US,CA,San Francisco,2021-04-16,fr,2021-04-16T00:00:00Z,2022-08-28T00:00:00Z
CUS-0292,Eric,Thompson,eric.thompson566@syntheticmail.example,+1-773-636-8570,standard,active,US,TX,Houston,2023-09-17,es,2023-09-17T00:00:00Z,2024-03-23T00:00:00Z
CUS-0293,Nancy,Brooks,nancy.brooks674@syntheticmail.example,+1-229-955-4232,standard,active,US,GA,Atlanta,2024-06-08,en,2024-06-08T00:00:00Z,2025-07-11T00:00:00Z
CUS-0294,James,Price,james.price220@syntheticmail.example,+1-970-920-2025,premium,active,US,TX,Dallas,2023-02-14,en,2023-02-14T00:00:00Z,2024-03-02T00:00:00Z
CUS-0295,George,Adams,george.adams202@syntheticmail.example,+1-468-886-9019,premium,active,US,NC,Charlotte,2021-04-11,en,2021-04-11T00:00:00Z,2024-08-15T00:00:00Z
CUS-0296,Deborah,Ward,deborah.ward402@syntheticmail.example,+1-556-560-8501,premium,active,US,MA,Boston,2021-04-12,es,2021-04-12T00:00:00Z,2025-03-27T00:00:00Z
CUS-0297,Aaron,Hill,aaron.hill941@syntheticmail.example,+1-888-337-6131,standard,active,US,CO,Denver,2020-12-13,en,2020-12-13T00:00:00Z,2021-08-09T00:00:00Z
CUS-0298,Nancy,Mitchell,nancy.mitchell711@syntheticmail.example,+1-597-628-3258,premium,active,US,NY,Buffalo,2025-09-23,en,2025-09-23T00:00:00Z,2025-10-16T00:00:00Z
CUS-0299,Gary,Brooks,gary.brooks551@syntheticmail.example,+1-768-370-9022,standard,active,US,NV,Las Vegas,2021-12-10,en,2021-12-10T00:00:00Z,2023-09-15T00:00:00Z
CUS-0300,Laura,Richardson,laura.richardson55@syntheticmail.example,+1-209-696-3236,standard,active,US,NJ,Newark,2024-01-10,en,2024-01-10T00:00:00Z,2025-06-10T00:00:00Z
CUS-0301,Katherine,Murphy,katherine.murphy419@syntheticmail.example,+1-625-927-8272,premium,active,US,OR,Portland,2025-07-07,en,2025-07-07T00:00:00Z,2025-11-28T00:00:00Z
CUS-0302,Patricia,Ross,patricia.ross226@syntheticmail.example,+1-481-430-9808,standard,active,US,FL,Orlando,2020-05-13,fr,2020-05-13T00:00:00Z,2025-06-29T00:00:00Z
CUS-0303,Larry,Myers,larry.myers792@syntheticmail.example,+1-762-723-2854,premium,active,US,WI,Milwaukee,2025-07-21,en,2025-07-21T00:00:00Z,2025-12-07T00:00:00Z
CUS-0304,George,Cooper,george.cooper843@syntheticmail.example,+1-978-936-8231,premium,active,US,WI,Milwaukee,2020-06-19,en,2020-06-19T00:00:00Z,2021-01-14T00:00:00Z
CUS-0305,Jack,Wood,jack.wood770@syntheticmail.example,+1-233-660-5305,standard,active,US,TX,Austin,2023-05-04,en,2023-05-04T00:00:00Z,2025-10-06T00:00:00Z
CUS-0306,Jessica,Jimenez,jessica.jimenez832@syntheticmail.example,+1-955-802-6744,business,active,US,TX,Austin,2022-05-09,es,2022-05-09T00:00:00Z,2024-10-01T00:00:00Z
CUS-0307,Lisa,Ward,lisa.ward143@syntheticmail.example,+1-411-260-6747,premium,active,US,MO,St. Louis,2022-04-26,en,2022-04-26T00:00:00Z,2025-05-03T00:00:00Z
CUS-0308,Lisa,Adams,lisa.adams721@syntheticmail.example,+1-786-473-9428,business,active,US,FL,Orlando,2023-03-31,en,2023-03-31T00:00:00Z,2025-12-10T00:00:00Z
CUS-0309,Dennis,Evans,dennis.evans941@syntheticmail.example,+1-871-329-3174,standard,active,US,CA,San Francisco,2023-02-09,es,2023-02-09T00:00:00Z,2024-11-29T00:00:00Z
CUS-0310,Ashley,Ross,ashley.ross864@syntheticmail.example,+1-701-345-5402,premium,active,US,OR,Portland,2024-05-27,en,2024-05-27T00:00:00Z,2025-09-01T00:00:00Z
CUS-0311,Barbara,Brooks,barbara.brooks814@syntheticmail.example,+1-612-727-5558,business,active,US,IN,Indianapolis,2021-01-16,en,2021-01-16T00:00:00Z,2023-10-12T00:00:00Z
CUS-0312,Michelle,Howard,michelle.howard3@syntheticmail.example,+1-948-669-6869,standard,active,US,NJ,Newark,2021-01-16,en,2021-01-16T00:00:00Z,2022-04-07T00:00:00Z
CUS-0313,Jason,Ramirez,jason.ramirez507@syntheticmail.example,+1-490-545-9967,premium,active,US,FL,Miami,2023-08-15,en,2023-08-15T00:00:00Z,2024-12-23T00:00:00Z
CUS-0314,Tyler,Baker,tyler.baker916@syntheticmail.example,+1-247-301-8529,standard,active,US,OR,Portland,2020-07-17,en,2020-07-17T00:00:00Z,2023-01-06T00:00:00Z
CUS-0315,Ryan,Smith,ryan.smith982@syntheticmail.example,+1-905-335-5945,standard,active,US,GA,Atlanta,2022-04-08,en,2022-04-08T00:00:00Z,2025-12-08T00:00:00Z
CUS-0316,George,Allen,george.allen85@syntheticmail.example,+1-253-605-6005,business,inactive,US,PA,Philadelphia,2021-11-08,fr,2021-11-08T00:00:00Z,2023-03-02T00:00:00Z
CUS-0317,Jason,Wood,jason.wood94@syntheticmail.example,+1-201-418-8812,standard,active,US,NV,Las Vegas,2021-01-24,en,2021-01-24T00:00:00Z,2022-05-02T00:00:00Z
CUS-0318,Eric,Mendoza,eric.mendoza456@syntheticmail.example,+1-912-551-2975,standard,inactive,US,CA,Los Angeles,2020-02-03,en,2020-02-03T00:00:00Z,2025-06-12T00:00:00Z
CUS-0319,Barbara,Robinson,barbara.robinson393@syntheticmail.example,+1-305-520-7022,standard,active,US,CA,San Diego,2021-02-23,en,2021-02-23T00:00:00Z,2025-06-26T00:00:00Z
CUS-0320,Dennis,Moore,dennis.moore657@syntheticmail.example,+1-270-743-1138,premium,active,US,OR,Portland,2021-08-08,en,2021-08-08T00:00:00Z,2024-01-26T00:00:00Z
CUS-0321,Brian,Castillo,brian.castillo219@syntheticmail.example,+1-621-830-8248,standard,active,US,TN,Nashville,2021-09-12,en,2021-09-12T00:00:00Z,2022-06-25T00:00:00Z
CUS-0322,Dennis,Thomas,dennis.thomas604@syntheticmail.example,+1-559-639-6152,standard,active,US,MN,Minneapolis,2024-04-21,en,2024-04-21T00:00:00Z,2024-07-16T00:00:00Z
CUS-0323,Ashley,Peterson,ashley.peterson616@syntheticmail.example,+1-997-907-1439,premium,active,US,CO,Denver,2023-03-13,en,2023-03-13T00:00:00Z,2024-04-02T00:00:00Z
CUS-0324,Catherine,Gomez,catherine.gomez303@syntheticmail.example,+1-445-706-7322,standard,active,US,TN,Nashville,2020-08-11,en,2020-08-11T00:00:00Z,2024-03-09T00:00:00Z
CUS-0325,Scott,Martinez,scott.martinez541@syntheticmail.example,+1-569-524-3162,standard,active,US,IN,Indianapolis,2020-02-19,en,2020-02-19T00:00:00Z,2024-03-25T00:00:00Z
CUS-0326,Anna,Mendoza,anna.mendoza177@syntheticmail.example,+1-988-274-1273,premium,active,US,WI,Milwaukee,2025-04-13,en,2025-04-13T00:00:00Z,2025-08-25T00:00:00Z
CUS-0327,Margaret,Garcia,margaret.garcia945@syntheticmail.example,+1-718-493-9209,enterprise,active,US,CA,San Francisco,2024-06-18,en,2024-06-18T00:00:00Z,2025-08-03T00:00:00Z
CUS-0328,William,Brooks,william.brooks550@syntheticmail.example,+1-484-285-6077,standard,active,US,AZ,Phoenix,2021-09-17,en,2021-09-17T00:00:00Z,2022-08-01T00:00:00Z
CUS-0329,Jonathan,Adams,jonathan.adams401@syntheticmail.example,+1-517-915-8167,business,active,US,MA,Boston,2020-09-27,en,2020-09-27T00:00:00Z,2022-02-09T00:00:00Z
CUS-0330,Elizabeth,Parker,elizabeth.parker119@syntheticmail.example,+1-516-882-3877,standard,active,US,NC,Charlotte,2020-08-13,es,2020-08-13T00:00:00Z,2021-05-21T00:00:00Z
CUS-0331,Rachel,Johnson,rachel.johnson168@syntheticmail.example,+1-735-729-5247,standard,active,US,MI,Detroit,2023-11-21,en,2023-11-21T00:00:00Z,2025-12-27T00:00:00Z
CUS-0332,Heather,Wright,heather.wright751@syntheticmail.example,+1-989-230-6488,standard,active,US,IN,Indianapolis,2021-04-28,en,2021-04-28T00:00:00Z,2021-09-05T00:00:00Z
CUS-0333,Dorothy,Alvarez,dorothy.alvarez999@syntheticmail.example,+1-708-666-9368,standard,active,US,MA,Boston,2020-11-11,en,2020-11-11T00:00:00Z,2025-09-05T00:00:00Z
CUS-0334,Larry,Perez,larry.perez377@syntheticmail.example,+1-991-305-2889,standard,inactive,US,TX,Houston,2022-11-10,en,2022-11-10T00:00:00Z,2022-11-15T00:00:00Z
CUS-0335,Jennifer,Johnson,jennifer.johnson251@syntheticmail.example,+1-572-592-3458,standard,active,US,CA,San Francisco,2025-04-16,en,2025-04-16T00:00:00Z,2025-11-16T00:00:00Z
CUS-0336,Mark,Adams,mark.adams255@syntheticmail.example,+1-477-279-7108,standard,active,US,GA,Atlanta,2023-08-03,es,2023-08-03T00:00:00Z,2023-09-25T00:00:00Z
CUS-0337,Daniel,Lewis,daniel.lewis824@syntheticmail.example,+1-610-270-8620,standard,suspended,US,WA,Seattle,2020-07-07,en,2020-07-07T00:00:00Z,2022-05-08T00:00:00Z
CUS-0338,Elizabeth,Peterson,elizabeth.peterson468@syntheticmail.example,+1-405-498-5979,business,active,US,CA,Los Angeles,2024-02-20,en,2024-02-20T00:00:00Z,2025-06-09T00:00:00Z
CUS-0339,Melissa,Ramos,melissa.ramos996@syntheticmail.example,+1-950-759-5016,standard,active,US,MI,Detroit,2022-03-11,en,2022-03-11T00:00:00Z,2022-04-28T00:00:00Z
CUS-0340,Sandra,Cooper,sandra.cooper355@syntheticmail.example,+1-543-201-7164,business,inactive,US,TN,Nashville,2020-02-09,en,2020-02-09T00:00:00Z,2021-04-09T00:00:00Z
CUS-0341,Anthony,Ortiz,anthony.ortiz244@syntheticmail.example,+1-261-345-5584,standard,active,US,GA,Atlanta,2025-07-08,en,2025-07-08T00:00:00Z,2025-11-18T00:00:00Z
CUS-0342,Edward,Hughes,edward.hughes918@syntheticmail.example,+1-965-286-2565,premium,active,US,PA,Philadelphia,2025-02-20,es,2025-02-20T00:00:00Z,2025-09-09T00:00:00Z
CUS-0343,Barbara,Ramos,barbara.ramos582@syntheticmail.example,+1-878-333-4879,standard,active,US,CA,San Francisco,2024-11-16,en,2024-11-16T00:00:00Z,2025-12-31T00:00:00Z
CUS-0344,Ronald,Hughes,ronald.hughes852@syntheticmail.example,+1-525-663-5455,standard,active,US,MN,Minneapolis,2023-08-29,en,2023-08-29T00:00:00Z,2024-01-15T00:00:00Z
CUS-0345,Heather,Foster,heather.foster599@syntheticmail.example,+1-308-368-8365,standard,active,US,NY,New York,2021-09-28,en,2021-09-28T00:00:00Z,2022-06-02T00:00:00Z
CUS-0346,Jonathan,Rivera,jonathan.rivera988@syntheticmail.example,+1-662-515-8591,standard,active,US,WI,Milwaukee,2022-04-30,en,2022-04-30T00:00:00Z,2023-03-18T00:00:00Z
CUS-0347,Julie,Mendoza,julie.mendoza312@syntheticmail.example,+1-420-535-3430,standard,inactive,US,VA,Richmond,2020-06-14,en,2020-06-14T00:00:00Z,2025-11-18T00:00:00Z
CUS-0348,Amanda,Gomez,amanda.gomez526@syntheticmail.example,+1-466-378-1509,standard,active,US,CA,San Francisco,2023-05-09,en,2023-05-09T00:00:00Z,2025-06-13T00:00:00Z
CUS-0349,Stephen,Young,stephen.young97@syntheticmail.example,+1-343-324-1195,standard,suspended,US,NC,Charlotte,2021-02-21,en,2021-02-21T00:00:00Z,2021-11-15T00:00:00Z
CUS-0350,Betty,Phillips,betty.phillips382@syntheticmail.example,+1-796-800-5240,standard,active,US,OR,Portland,2020-12-10,en,2020-12-10T00:00:00Z,2022-01-18T00:00:00Z
CUS-0351,Benjamin,Cruz,benjamin.cruz829@syntheticmail.example,+1-539-325-1699,standard,active,US,NY,Buffalo,2021-01-11,en,2021-01-11T00:00:00Z,2024-03-31T00:00:00Z
CUS-0352,Sharon,Castillo,sharon.castillo405@syntheticmail.example,+1-591-899-7990,standard,active,US,MI,Detroit,2020-04-30,en,2020-04-30T00:00:00Z,2022-06-05T00:00:00Z
CUS-0353,Kimberly,Scott,kimberly.scott457@syntheticmail.example,+1-235-828-5026,premium,active,US,IN,Indianapolis,2021-08-31,en,2021-08-31T00:00:00Z,2023-12-22T00:00:00Z
CUS-0354,Stephen,Morris,stephen.morris63@syntheticmail.example,+1-592-340-7868,standard,active,US,CA,San Diego,2023-02-19,en,2023-02-19T00:00:00Z,2024-07-13T00:00:00Z
CUS-0355,Frank,Cooper,frank.cooper814@syntheticmail.example,+1-930-567-8859,premium,active,US,CA,Los Angeles,2024-04-15,en,2024-04-15T00:00:00Z,2025-11-15T00:00:00Z
CUS-0356,Nicholas,Adams,nicholas.adams398@syntheticmail.example,+1-226-526-4588,standard,suspended,US,FL,Miami,2022-01-06,en,2022-01-06T00:00:00Z,2022-05-05T00:00:00Z
CUS-0357,Julie,Stewart,julie.stewart543@syntheticmail.example,+1-363-302-5060,premium,active,US,PA,Philadelphia,2022-08-11,en,2022-08-11T00:00:00Z,2025-08-07T00:00:00Z
CUS-0358,Diane,Patel,diane.patel58@syntheticmail.example,+1-789-597-6813,standard,active,US,WI,Milwaukee,2022-06-17,en,2022-06-17T00:00:00Z,2025-10-12T00:00:00Z
CUS-0359,Joshua,Patel,joshua.patel715@syntheticmail.example,+1-920-917-6761,premium,active,US,PA,Philadelphia,2020-04-25,en,2020-04-25T00:00:00Z,2022-06-05T00:00:00Z
CUS-0360,Julie,Murphy,julie.murphy556@syntheticmail.example,+1-702-238-2478,standard,active,US,FL,Orlando,2021-12-20,en,2021-12-20T00:00:00Z,2023-03-13T00:00:00Z
CUS-0361,Robert,Ortiz,robert.ortiz490@syntheticmail.example,+1-828-406-3137,standard,inactive,US,CA,Los Angeles,2023-09-20,en,2023-09-20T00:00:00Z,2025-12-19T00:00:00Z
CUS-0362,Michelle,Davis,michelle.davis23@syntheticmail.example,+1-992-313-9622,standard,active,US,NY,Buffalo,2021-08-03,en,2021-08-03T00:00:00Z,2025-07-15T00:00:00Z
CUS-0363,Gregory,Gomez,gregory.gomez601@syntheticmail.example,+1-509-530-3235,standard,inactive,US,NY,New York,2023-10-10,en,2023-10-10T00:00:00Z,2025-12-28T00:00:00Z
CUS-0364,Samantha,Morales,samantha.morales665@syntheticmail.example,+1-924-775-6846,standard,inactive,US,IL,Chicago,2021-12-14,en,2021-12-14T00:00:00Z,2022-12-08T00:00:00Z
CUS-0365,Timothy,Flores,timothy.flores752@syntheticmail.example,+1-330-381-1029,business,active,US,NV,Las Vegas,2023-04-21,en,2023-04-21T00:00:00Z,2025-09-08T00:00:00Z
CUS-0366,Jerry,Reed,jerry.reed34@syntheticmail.example,+1-826-426-2705,premium,active,US,TX,Houston,2023-07-27,en,2023-07-27T00:00:00Z,2025-08-28T00:00:00Z
CUS-0367,Barbara,Walker,barbara.walker356@syntheticmail.example,+1-851-290-6500,standard,active,US,IL,Chicago,2021-11-18,en,2021-11-18T00:00:00Z,2023-01-21T00:00:00Z
CUS-0368,Ashley,Ruiz,ashley.ruiz70@syntheticmail.example,+1-310-937-1020,standard,active,US,PA,Philadelphia,2022-11-17,en,2022-11-17T00:00:00Z,2025-03-25T00:00:00Z
CUS-0369,Lisa,Evans,lisa.evans505@syntheticmail.example,+1-559-759-7149,standard,active,US,IN,Indianapolis,2024-03-31,en,2024-03-31T00:00:00Z,2024-11-16T00:00:00Z
CUS-0370,Christopher,Edwards,christopher.edwards76@syntheticmail.example,+1-501-220-6221,standard,active,US,MO,St. Louis,2020-05-16,en,2020-05-16T00:00:00Z,2024-03-16T00:00:00Z
CUS-0371,Lisa,Carter,lisa.carter165@syntheticmail.example,+1-760-295-6536,premium,active,US,MN,Minneapolis,2020-11-03,en,2020-11-03T00:00:00Z,2024-10-15T00:00:00Z
CUS-0372,Patricia,Parker,patricia.parker966@syntheticmail.example,+1-821-644-3573,standard,active,US,TN,Nashville,2021-11-06,en,2021-11-06T00:00:00Z,2022-12-31T00:00:00Z
CUS-0373,Matthew,Evans,matthew.evans714@syntheticmail.example,+1-876-488-5872,standard,active,US,AZ,Phoenix,2022-12-22,en,2022-12-22T00:00:00Z,2025-03-05T00:00:00Z
CUS-0374,Pamela,Peterson,pamela.peterson861@syntheticmail.example,+1-255-569-1062,standard,active,US,MI,Detroit,2021-09-21,en,2021-09-21T00:00:00Z,2025-06-07T00:00:00Z
CUS-0375,Frank,Kim,frank.kim492@syntheticmail.example,+1-226-411-3798,premium,active,US,TX,Dallas,2021-02-01,en,2021-02-01T00:00:00Z,2023-09-28T00:00:00Z
CUS-0376,Joseph,Flores,joseph.flores804@syntheticmail.example,+1-700-876-5341,standard,active,US,OH,Columbus,2025-04-12,en,2025-04-12T00:00:00Z,2025-10-27T00:00:00Z
CUS-0377,Nancy,Mitchell,nancy.mitchell907@syntheticmail.example,+1-391-656-1731,standard,active,US,OH,Columbus,2024-02-22,en,2024-02-22T00:00:00Z,2024-11-17T00:00:00Z
CUS-0378,Mark,Wright,mark.wright578@syntheticmail.example,+1-970-913-2584,standard,inactive,US,CA,San Francisco,2021-09-11,en,2021-09-11T00:00:00Z,2024-09-23T00:00:00Z
CUS-0379,Edward,Long,edward.long604@syntheticmail.example,+1-596-735-7858,premium,inactive,US,TX,Austin,2020-09-06,en,2020-09-06T00:00:00Z,2023-11-22T00:00:00Z
CUS-0380,Donald,Stewart,donald.stewart307@syntheticmail.example,+1-931-235-9226,premium,active,US,CA,San Diego,2024-06-05,en,2024-06-05T00:00:00Z,2024-11-02T00:00:00Z
CUS-0381,Jessica,Long,jessica.long460@syntheticmail.example,+1-416-397-3067,standard,active,US,TX,Houston,2021-11-15,en,2021-11-15T00:00:00Z,2025-09-14T00:00:00Z
CUS-0382,Sharon,Sanchez,sharon.sanchez843@syntheticmail.example,+1-809-464-6238,business,active,US,TN,Nashville,2021-08-28,en,2021-08-28T00:00:00Z,2023-10-31T00:00:00Z
CUS-0383,Brenda,Gomez,brenda.gomez566@syntheticmail.example,+1-732-669-1202,business,active,US,IL,Chicago,2023-02-05,en,2023-02-05T00:00:00Z,2025-06-13T00:00:00Z
CUS-0384,Joseph,Turner,joseph.turner154@syntheticmail.example,+1-308-776-2654,standard,active,US,NY,Buffalo,2021-02-14,en,2021-02-14T00:00:00Z,2023-06-05T00:00:00Z
CUS-0385,Dorothy,Roberts,dorothy.roberts671@syntheticmail.example,+1-238-376-5512,standard,active,US,MI,Detroit,2025-04-21,en,2025-04-21T00:00:00Z,2025-11-12T00:00:00Z
CUS-0386,John,Gomez,john.gomez911@syntheticmail.example,+1-907-443-1807,enterprise,active,US,IN,Indianapolis,2023-09-19,en,2023-09-19T00:00:00Z,2024-10-04T00:00:00Z
CUS-0387,Robert,Baker,robert.baker838@syntheticmail.example,+1-518-487-9054,business,inactive,US,MO,St. Louis,2023-05-26,en,2023-05-26T00:00:00Z,2025-10-31T00:00:00Z
CUS-0388,Sandra,Moore,sandra.moore308@syntheticmail.example,+1-992-528-5414,business,active,US,MN,Minneapolis,2024-12-19,en,2024-12-19T00:00:00Z,2025-11-14T00:00:00Z
CUS-0389,Elizabeth,Harris,elizabeth.harris453@syntheticmail.example,+1-958-696-9462,standard,active,US,TX,Dallas,2024-07-25,en,2024-07-25T00:00:00Z,2025-01-03T00:00:00Z
CUS-0390,David,Flores,david.flores727@syntheticmail.example,+1-338-999-9589,premium,active,US,WA,Seattle,2024-07-10,en,2024-07-10T00:00:00Z,2025-01-23T00:00:00Z
CUS-0391,Betty,Davis,betty.davis256@syntheticmail.example,+1-251-569-4262,standard,active,US,CA,San Francisco,2025-02-12,en,2025-02-12T00:00:00Z,2025-10-28T00:00:00Z
CUS-0392,Ronald,Brooks,ronald.brooks946@syntheticmail.example,+1-447-581-9008,premium,active,US,NY,New York,2020-05-05,en,2020-05-05T00:00:00Z,2025-08-30T00:00:00Z
CUS-0393,Emma,Peterson,emma.peterson359@syntheticmail.example,+1-464-966-2480,standard,active,US,PA,Philadelphia,2021-10-31,en,2021-10-31T00:00:00Z,2022-02-09T00:00:00Z
CUS-0394,Christopher,Kelly,christopher.kelly799@syntheticmail.example,+1-862-430-4387,standard,active,US,TX,Dallas,2022-06-25,en,2022-06-25T00:00:00Z,2025-05-11T00:00:00Z
CUS-0395,Robert,Jimenez,robert.jimenez991@syntheticmail.example,+1-685-335-3837,premium,active,US,WI,Milwaukee,2020-02-06,en,2020-02-06T00:00:00Z,2022-12-05T00:00:00Z
CUS-0396,Nicole,Flores,nicole.flores730@syntheticmail.example,+1-633-585-6713,standard,active,US,NV,Las Vegas,2023-02-01,en,2023-02-01T00:00:00Z,2025-09-13T00:00:00Z
CUS-0397,Kenneth,Gray,kenneth.gray534@syntheticmail.example,+1-798-304-1120,premium,active,US,VA,Richmond,2024-06-14,en,2024-06-14T00:00:00Z,2025-03-30T00:00:00Z
CUS-0398,Kenneth,Mendoza,kenneth.mendoza111@syntheticmail.example,+1-544-483-6327,standard,active,US,MI,Detroit,2020-09-18,es,2020-09-18T00:00:00Z,2024-09-13T00:00:00Z
CUS-0399,Katherine,Hill,katherine.hill193@syntheticmail.example,+1-983-446-1930,premium,active,US,NY,Buffalo,2025-10-19,es,2025-10-19T00:00:00Z,2025-11-28T00:00:00Z
CUS-0400,Debra,Moore,debra.moore739@syntheticmail.example,+1-502-465-7857,standard,active,US,CA,Los Angeles,2025-07-30,fr,2025-07-30T00:00:00Z,2025-08-08T00:00:00Z
CUS-0401,Justin,Price,justin.price586@syntheticmail.example,+1-551-943-4643,business,active,US,VA,Richmond,2022-02-16,es,2022-02-16T00:00:00Z,2024-10-17T00:00:00Z
CUS-0402,Christine,Rivera,christine.rivera520@syntheticmail.example,+1-873-771-3967,standard,active,US,FL,Orlando,2021-11-27,en,2021-11-27T00:00:00Z,2022-08-16T00:00:00Z
CUS-0403,Jack,King,jack.king743@syntheticmail.example,+1-896-543-2463,standard,active,US,MO,St. Louis,2022-01-19,en,2022-01-19T00:00:00Z,2023-10-09T00:00:00Z
CUS-0404,Rebecca,Nelson,rebecca.nelson381@syntheticmail.example,+1-674-320-8709,standard,active,US,FL,Miami,2023-04-19,en,2023-04-19T00:00:00Z,2024-12-03T00:00:00Z
CUS-0405,Helen,Martinez,helen.martinez484@syntheticmail.example,+1-712-322-7253,premium,active,US,IN,Indianapolis,2022-03-07,en,2022-03-07T00:00:00Z,2022-06-25T00:00:00Z
CUS-0406,Karen,Moore,karen.moore206@syntheticmail.example,+1-783-668-3346,standard,inactive,US,IL,Chicago,2024-08-03,en,2024-08-03T00:00:00Z,2024-10-24T00:00:00Z
CUS-0407,Gary,Nelson,gary.nelson647@syntheticmail.example,+1-849-259-1077,standard,active,US,TX,Houston,2023-07-07,en,2023-07-07T00:00:00Z,2025-08-24T00:00:00Z
CUS-0408,Heather,Perez,heather.perez591@syntheticmail.example,+1-701-981-2442,standard,active,US,WI,Milwaukee,2021-10-10,en,2021-10-10T00:00:00Z,2025-04-29T00:00:00Z
CUS-0409,Jason,Phillips,jason.phillips440@syntheticmail.example,+1-204-238-9745,standard,inactive,US,MI,Detroit,2024-04-19,en,2024-04-19T00:00:00Z,2024-05-03T00:00:00Z
CUS-0410,Michelle,Long,michelle.long854@syntheticmail.example,+1-218-892-1067,premium,inactive,US,WA,Seattle,2022-02-19,en,2022-02-19T00:00:00Z,2023-05-28T00:00:00Z
CUS-0411,Raymond,Hall,raymond.hall320@syntheticmail.example,+1-592-715-6015,standard,active,US,NY,Buffalo,2021-02-24,en,2021-02-24T00:00:00Z,2022-10-27T00:00:00Z
CUS-0412,Emily,Collins,emily.collins746@syntheticmail.example,+1-545-644-3192,standard,active,US,WA,Seattle,2025-11-16,en,2025-11-16T00:00:00Z,2025-11-28T00:00:00Z
CUS-0413,Lisa,Phillips,lisa.phillips20@syntheticmail.example,+1-944-334-4460,business,active,US,TX,Austin,2022-07-07,en,2022-07-07T00:00:00Z,2025-05-05T00:00:00Z
CUS-0414,Lisa,Thomas,lisa.thomas376@syntheticmail.example,+1-584-855-5190,enterprise,active,US,NV,Las Vegas,2020-06-02,en,2020-06-02T00:00:00Z,2020-09-09T00:00:00Z
CUS-0415,Scott,Miller,scott.miller678@syntheticmail.example,+1-249-906-2897,standard,active,US,NY,New York,2020-03-21,en,2020-03-21T00:00:00Z,2021-08-09T00:00:00Z
CUS-0416,Stephen,Allen,stephen.allen486@syntheticmail.example,+1-410-911-1152,standard,active,US,NV,Las Vegas,2021-09-19,es,2021-09-19T00:00:00Z,2022-04-13T00:00:00Z
CUS-0417,Gregory,Gutierrez,gregory.gutierrez277@syntheticmail.example,+1-628-307-9381,business,active,US,CO,Denver,2021-07-15,en,2021-07-15T00:00:00Z,2023-02-13T00:00:00Z
CUS-0418,Joseph,Wilson,joseph.wilson510@syntheticmail.example,+1-996-469-9571,standard,active,US,TX,Dallas,2022-03-29,es,2022-03-29T00:00:00Z,2024-07-15T00:00:00Z
CUS-0419,Emily,Lee,emily.lee41@syntheticmail.example,+1-412-904-8875,standard,active,US,AZ,Phoenix,2025-07-26,en,2025-07-26T00:00:00Z,2025-07-29T00:00:00Z
CUS-0420,Christine,Lopez,christine.lopez929@syntheticmail.example,+1-352-292-9383,standard,inactive,US,NY,New York,2025-07-16,fr,2025-07-16T00:00:00Z,2025-08-10T00:00:00Z
CUS-0421,Steven,Chavez,steven.chavez237@syntheticmail.example,+1-470-675-1820,standard,active,US,NC,Charlotte,2023-04-27,en,2023-04-27T00:00:00Z,2025-09-15T00:00:00Z
CUS-0422,Emily,Campbell,emily.campbell821@syntheticmail.example,+1-636-956-2898,standard,suspended,US,OR,Portland,2023-07-04,en,2023-07-04T00:00:00Z,2023-07-13T00:00:00Z
CUS-0423,Sarah,James,sarah.james663@syntheticmail.example,+1-566-648-5395,business,active,US,TX,Houston,2023-09-08,en,2023-09-08T00:00:00Z,2025-12-20T00:00:00Z
CUS-0424,Carol,White,carol.white117@syntheticmail.example,+1-667-478-7319,business,active,US,OH,Columbus,2024-06-27,en,2024-06-27T00:00:00Z,2024-12-14T00:00:00Z
CUS-0425,Joseph,Taylor,joseph.taylor713@syntheticmail.example,+1-363-306-7816,premium,active,US,MN,Minneapolis,2020-08-28,en,2020-08-28T00:00:00Z,2024-06-17T00:00:00Z
CUS-0426,Jeffrey,White,jeffrey.white626@syntheticmail.example,+1-826-229-3140,premium,active,US,OH,Columbus,2024-01-08,en,2024-01-08T00:00:00Z,2025-03-04T00:00:00Z
CUS-0427,Jeffrey,Garcia,jeffrey.garcia65@syntheticmail.example,+1-212-921-9598,enterprise,suspended,US,FL,Miami,2023-07-11,en,2023-07-11T00:00:00Z,2025-07-21T00:00:00Z
CUS-0428,Larry,Lewis,larry.lewis979@syntheticmail.example,+1-731-735-2560,standard,active,US,OR,Portland,2023-10-17,fr,2023-10-17T00:00:00Z,2024-06-27T00:00:00Z
CUS-0429,Kathleen,Hall,kathleen.hall680@syntheticmail.example,+1-352-771-1894,standard,active,US,OR,Portland,2024-04-25,en,2024-04-25T00:00:00Z,2025-09-24T00:00:00Z
CUS-0430,Jacob,Murphy,jacob.murphy891@syntheticmail.example,+1-969-703-6253,standard,active,US,TX,Houston,2020-11-02,en,2020-11-02T00:00:00Z,2021-02-13T00:00:00Z
CUS-0431,Nicholas,Lewis,nicholas.lewis564@syntheticmail.example,+1-612-440-2291,standard,active,US,TN,Nashville,2024-03-30,en,2024-03-30T00:00:00Z,2025-07-01T00:00:00Z
CUS-0432,Elizabeth,Murphy,elizabeth.murphy458@syntheticmail.example,+1-709-963-1291,standard,active,US,IL,Chicago,2021-05-01,en,2021-05-01T00:00:00Z,2021-07-13T00:00:00Z
CUS-0433,Brenda,Peterson,brenda.peterson1@syntheticmail.example,+1-818-833-5990,premium,active,US,VA,Richmond,2021-01-07,en,2021-01-07T00:00:00Z,2024-09-08T00:00:00Z
CUS-0434,Christine,Collins,christine.collins974@syntheticmail.example,+1-255-428-8445,standard,active,US,IL,Chicago,2024-01-28,fr,2024-01-28T00:00:00Z,2025-10-23T00:00:00Z
CUS-0435,Scott,Stewart,scott.stewart734@syntheticmail.example,+1-933-663-2868,standard,suspended,US,OR,Portland,2024-01-28,es,2024-01-28T00:00:00Z,2024-09-11T00:00:00Z
CUS-0436,James,Baker,james.baker364@syntheticmail.example,+1-760-734-7125,business,active,US,VA,Richmond,2023-04-10,en,2023-04-10T00:00:00Z,2025-10-14T00:00:00Z
CUS-0437,Lisa,Murphy,lisa.murphy144@syntheticmail.example,+1-309-460-4209,standard,active,US,VA,Richmond,2024-08-03,en,2024-08-03T00:00:00Z,2025-03-11T00:00:00Z
CUS-0438,Ryan,Harris,ryan.harris734@syntheticmail.example,+1-975-624-1761,premium,inactive,US,IL,Chicago,2021-03-17,en,2021-03-17T00:00:00Z,2021-11-24T00:00:00Z
CUS-0439,Jerry,Edwards,jerry.edwards469@syntheticmail.example,+1-337-710-1071,premium,inactive,US,OR,Portland,2025-08-27,en,2025-08-27T00:00:00Z,2025-12-15T00:00:00Z
CUS-0440,Justin,Morris,justin.morris947@syntheticmail.example,+1-908-792-3845,business,active,US,WA,Seattle,2021-12-26,en,2021-12-26T00:00:00Z,2024-02-27T00:00:00Z
CUS-0441,Gregory,Kim,gregory.kim621@syntheticmail.example,+1-716-593-7859,premium,inactive,US,IN,Indianapolis,2023-08-11,fr,2023-08-11T00:00:00Z,2024-04-21T00:00:00Z
CUS-0442,Kimberly,Gomez,kimberly.gomez987@syntheticmail.example,+1-663-336-3263,standard,active,US,IL,Chicago,2023-04-19,es,2023-04-19T00:00:00Z,2025-10-12T00:00:00Z
CUS-0443,Catherine,Rogers,catherine.rogers307@syntheticmail.example,+1-928-954-4560,standard,active,US,VA,Richmond,2023-07-09,en,2023-07-09T00:00:00Z,2025-07-09T00:00:00Z
CUS-0444,Emily,Mendoza,emily.mendoza354@syntheticmail.example,+1-927-865-3913,premium,active,US,MD,Baltimore,2021-06-27,es,2021-06-27T00:00:00Z,2025-01-21T00:00:00Z
CUS-0445,Michelle,Price,michelle.price119@syntheticmail.example,+1-775-691-7839,business,suspended,US,WI,Milwaukee,2023-12-13,en,2023-12-13T00:00:00Z,2024-09-30T00:00:00Z
CUS-0446,Jason,Johnson,jason.johnson536@syntheticmail.example,+1-590-348-1869,business,active,US,NY,New York,2020-04-13,en,2020-04-13T00:00:00Z,2023-04-11T00:00:00Z
CUS-0447,Dennis,Lee,dennis.lee294@syntheticmail.example,+1-349-263-5835,standard,suspended,US,OR,Portland,2022-10-23,en,2022-10-23T00:00:00Z,2022-12-28T00:00:00Z
CUS-0448,Amanda,Edwards,amanda.edwards105@syntheticmail.example,+1-960-862-7371,standard,active,US,CO,Denver,2022-07-07,es,2022-07-07T00:00:00Z,2024-02-16T00:00:00Z
CUS-0449,Raymond,Bennett,raymond.bennett49@syntheticmail.example,+1-596-626-6122,premium,active,US,MD,Baltimore,2024-04-11,en,2024-04-11T00:00:00Z,2024-12-24T00:00:00Z
CUS-0450,Betty,Richardson,betty.richardson890@syntheticmail.example,+1-430-848-7025,enterprise,active,US,WI,Milwaukee,2024-12-19,en,2024-12-19T00:00:00Z,2026-01-01T00:00:00Z
CUS-0451,Nicole,Sanchez,nicole.sanchez795@syntheticmail.example,+1-501-659-3906,business,active,US,MN,Minneapolis,2022-03-03,en,2022-03-03T00:00:00Z,2023-02-21T00:00:00Z
CUS-0452,Jack,Rogers,jack.rogers123@syntheticmail.example,+1-638-485-5329,standard,active,US,OH,Columbus,2020-06-15,en,2020-06-15T00:00:00Z,2025-03-13T00:00:00Z
CUS-0453,Steven,Smith,steven.smith339@syntheticmail.example,+1-240-357-6285,premium,active,US,NC,Charlotte,2021-09-26,fr,2021-09-26T00:00:00Z,2025-03-29T00:00:00Z
CUS-0454,Brandon,James,brandon.james309@syntheticmail.example,+1-274-924-6207,premium,active,US,MI,Detroit,2024-01-06,en,2024-01-06T00:00:00Z,2025-06-22T00:00:00Z
CUS-0455,David,Cook,david.cook164@syntheticmail.example,+1-294-557-4624,standard,active,US,GA,Atlanta,2024-07-10,en,2024-07-10T00:00:00Z,2025-06-14T00:00:00Z
CUS-0456,George,Nguyen,george.nguyen224@syntheticmail.example,+1-686-774-1144,standard,inactive,US,WI,Milwaukee,2025-12-12,en,2025-12-12T00:00:00Z,2025-12-26T00:00:00Z
CUS-0457,Donald,Chavez,donald.chavez629@syntheticmail.example,+1-240-898-6258,standard,active,US,MD,Baltimore,2022-09-25,en,2022-09-25T00:00:00Z,2024-03-03T00:00:00Z
CUS-0458,Anna,Castillo,anna.castillo290@syntheticmail.example,+1-988-583-9426,premium,active,US,CA,Los Angeles,2025-10-18,en,2025-10-18T00:00:00Z,2025-10-23T00:00:00Z
CUS-0459,Emily,Wood,emily.wood198@syntheticmail.example,+1-284-298-3742,enterprise,active,US,IL,Chicago,2025-10-05,en,2025-10-05T00:00:00Z,2025-10-05T00:00:00Z
CUS-0460,Frank,Rodriguez,frank.rodriguez216@syntheticmail.example,+1-901-634-2702,standard,active,US,OR,Portland,2022-05-23,es,2022-05-23T00:00:00Z,2024-10-30T00:00:00Z
CUS-0461,Benjamin,Martinez,benjamin.martinez765@syntheticmail.example,+1-224-670-6434,standard,active,US,OR,Portland,2021-09-21,en,2021-09-21T00:00:00Z,2022-01-10T00:00:00Z
CUS-0462,Daniel,Allen,daniel.allen572@syntheticmail.example,+1-464-617-7357,standard,active,US,CA,San Diego,2022-07-21,en,2022-07-21T00:00:00Z,2024-12-23T00:00:00Z
CUS-0463,Joshua,Williams,joshua.williams399@syntheticmail.example,+1-747-206-2036,enterprise,suspended,US,OR,Portland,2021-04-29,en,2021-04-29T00:00:00Z,2021-07-31T00:00:00Z
CUS-0464,Rachel,Martinez,rachel.martinez367@syntheticmail.example,+1-308-496-5937,premium,active,US,MD,Baltimore,2025-08-21,en,2025-08-21T00:00:00Z,2025-12-11T00:00:00Z
CUS-0465,Timothy,Gomez,timothy.gomez842@syntheticmail.example,+1-685-360-9740,standard,active,US,OR,Portland,2020-05-06,fr,2020-05-06T00:00:00Z,2024-09-23T00:00:00Z
CUS-0466,Diane,Cooper,diane.cooper303@syntheticmail.example,+1-505-893-7113,standard,active,US,TN,Nashville,2021-08-13,en,2021-08-13T00:00:00Z,2022-05-29T00:00:00Z
CUS-0467,Jessica,Garcia,jessica.garcia6@syntheticmail.example,+1-750-760-2394,standard,active,US,MA,Boston,2024-06-02,fr,2024-06-02T00:00:00Z,2025-05-20T00:00:00Z
CUS-0468,Margaret,Evans,margaret.evans928@syntheticmail.example,+1-345-364-4014,standard,active,US,TN,Nashville,2025-09-30,en,2025-09-30T00:00:00Z,2025-10-24T00:00:00Z
CUS-0469,Joseph,White,joseph.white688@syntheticmail.example,+1-969-762-8557,premium,active,US,MO,St. Louis,2020-08-10,en,2020-08-10T00:00:00Z,2022-03-28T00:00:00Z
CUS-0470,Christine,Rodriguez,christine.rodriguez257@syntheticmail.example,+1-943-794-8982,standard,active,US,NY,New York,2022-03-19,en,2022-03-19T00:00:00Z,2025-12-22T00:00:00Z
CUS-0471,Katherine,Walker,katherine.walker103@syntheticmail.example,+1-398-525-8960,standard,active,US,FL,Orlando,2020-10-12,en,2020-10-12T00:00:00Z,2024-06-23T00:00:00Z
CUS-0472,Donna,Ruiz,donna.ruiz599@syntheticmail.example,+1-523-638-3762,standard,active,US,NY,Buffalo,2024-02-01,en,2024-02-01T00:00:00Z,2024-09-14T00:00:00Z
CUS-0473,Carolyn,Patel,carolyn.patel657@syntheticmail.example,+1-568-337-6432,premium,active,US,GA,Atlanta,2023-02-07,en,2023-02-07T00:00:00Z,2025-02-10T00:00:00Z
CUS-0474,Heather,Flores,heather.flores499@syntheticmail.example,+1-379-861-2343,standard,active,US,AZ,Phoenix,2021-03-21,en,2021-03-21T00:00:00Z,2022-04-27T00:00:00Z
CUS-0475,Dorothy,Sanders,dorothy.sanders908@syntheticmail.example,+1-944-277-1305,premium,active,US,TN,Nashville,2020-11-09,en,2020-11-09T00:00:00Z,2025-05-31T00:00:00Z
CUS-0476,Justin,Howard,justin.howard415@syntheticmail.example,+1-237-764-5269,premium,active,US,WI,Milwaukee,2022-05-21,en,2022-05-21T00:00:00Z,2023-03-21T00:00:00Z
CUS-0477,George,Gomez,george.gomez229@syntheticmail.example,+1-337-675-9210,premium,active,US,IN,Indianapolis,2023-04-06,en,2023-04-06T00:00:00Z,2024-04-12T00:00:00Z
CUS-0478,Nicholas,Johnson,nicholas.johnson679@syntheticmail.example,+1-975-726-3299,standard,active,US,TX,Austin,2021-11-10,en,2021-11-10T00:00:00Z,2025-01-12T00:00:00Z
CUS-0479,Larry,James,larry.james894@syntheticmail.example,+1-567-241-4585,enterprise,active,US,NY,Buffalo,2025-06-03,en,2025-06-03T00:00:00Z,2025-06-19T00:00:00Z
CUS-0480,Dorothy,Mitchell,dorothy.mitchell240@syntheticmail.example,+1-730-569-7358,premium,active,US,CA,San Francisco,2022-04-26,en,2022-04-26T00:00:00Z,2022-07-16T00:00:00Z
CUS-0481,Katherine,Adams,katherine.adams106@syntheticmail.example,+1-848-480-5314,premium,active,US,NV,Las Vegas,2025-11-05,en,2025-11-05T00:00:00Z,2025-11-16T00:00:00Z
CUS-0482,Timothy,Wood,timothy.wood388@syntheticmail.example,+1-729-457-7165,standard,active,US,PA,Philadelphia,2020-11-14,en,2020-11-14T00:00:00Z,2022-11-06T00:00:00Z
CUS-0483,Brian,Morales,brian.morales812@syntheticmail.example,+1-713-342-8207,standard,active,US,MI,Detroit,2020-01-28,en,2020-01-28T00:00:00Z,2025-11-04T00:00:00Z
CUS-0484,Benjamin,Scott,benjamin.scott217@syntheticmail.example,+1-361-570-2938,premium,active,US,NY,Buffalo,2022-02-04,en,2022-02-04T00:00:00Z,2023-12-12T00:00:00Z
CUS-0485,Alexander,Anderson,alexander.anderson494@syntheticmail.example,+1-690-415-3641,premium,active,US,OR,Portland,2025-05-15,en,2025-05-15T00:00:00Z,2025-07-16T00:00:00Z
CUS-0486,Jennifer,Taylor,jennifer.taylor588@syntheticmail.example,+1-337-844-9399,standard,active,US,MA,Boston,2021-10-21,en,2021-10-21T00:00:00Z,2022-02-12T00:00:00Z
CUS-0487,Lisa,King,lisa.king945@syntheticmail.example,+1-615-813-1305,business,inactive,US,TX,Houston,2025-10-17,es,2025-10-17T00:00:00Z,2025-11-22T00:00:00Z
CUS-0488,William,Ramirez,william.ramirez460@syntheticmail.example,+1-693-374-4594,standard,active,US,CO,Denver,2025-04-14,en,2025-04-14T00:00:00Z,2025-07-16T00:00:00Z
CUS-0489,Helen,James,helen.james524@syntheticmail.example,+1-941-902-6614,standard,active,US,FL,Miami,2021-11-17,en,2021-11-17T00:00:00Z,2022-04-06T00:00:00Z
CUS-0490,Sandra,Carter,sandra.carter395@syntheticmail.example,+1-216-407-9564,premium,inactive,US,NY,Buffalo,2021-03-20,en,2021-03-20T00:00:00Z,2025-11-06T00:00:00Z
CUS-0491,Karen,Cox,karen.cox99@syntheticmail.example,+1-829-814-1639,premium,active,US,TX,Houston,2025-05-03,fr,2025-05-03T00:00:00Z,2025-06-02T00:00:00Z
CUS-0492,Elizabeth,Morris,elizabeth.morris676@syntheticmail.example,+1-993-894-8069,premium,active,US,NY,Buffalo,2020-01-05,en,2020-01-05T00:00:00Z,2020-06-30T00:00:00Z
CUS-0493,Rachel,Ortiz,rachel.ortiz440@syntheticmail.example,+1-987-590-6742,premium,inactive,US,TX,Austin,2025-05-28,fr,2025-05-28T00:00:00Z,2025-12-28T00:00:00Z
CUS-0494,Rachel,Kelly,rachel.kelly101@syntheticmail.example,+1-460-688-4809,standard,active,US,GA,Atlanta,2021-07-02,en,2021-07-02T00:00:00Z,2024-07-19T00:00:00Z
CUS-0495,Edward,Allen,edward.allen194@syntheticmail.example,+1-791-735-2930,premium,active,US,CA,Los Angeles,2020-01-30,en,2020-01-30T00:00:00Z,2022-05-20T00:00:00Z
CUS-0496,Raymond,Green,raymond.green419@syntheticmail.example,+1-358-636-5155,standard,active,US,PA,Philadelphia,2021-03-12,en,2021-03-12T00:00:00Z,2024-05-11T00:00:00Z
CUS-0497,George,Ward,george.ward283@syntheticmail.example,+1-973-408-7770,premium,active,US,OR,Portland,2024-06-15,en,2024-06-15T00:00:00Z,2024-12-15T00:00:00Z
CUS-0498,Melissa,Bailey,melissa.bailey569@syntheticmail.example,+1-514-791-6641,enterprise,inactive,US,MI,Detroit,2022-11-05,en,2022-11-05T00:00:00Z,2023-08-14T00:00:00Z
CUS-0499,Gregory,Thomas,gregory.thomas766@syntheticmail.example,+1-916-365-2642,standard,active,US,TX,Austin,2025-01-03,en,2025-01-03T00:00:00Z,2025-06-25T00:00:00Z
CUS-0500,Aaron,Peterson,aaron.peterson629@syntheticmail.example,+1-364-598-1086,standard,active,US,NV,Las Vegas,2020-08-01,en,2020-08-01T00:00:00Z,2025-10-10T00:00:00Z
CUS-0501,Scott,Parker,scott.parker91@syntheticmail.example,+1-427-579-2311,premium,active,US,CA,San Diego,2022-12-13,fr,2022-12-13T00:00:00Z,2025-02-07T00:00:00Z
CUS-0502,Stephanie,Ward,stephanie.ward672@syntheticmail.example,+1-928-811-1941,enterprise,active,US,WA,Seattle,2023-03-19,es,2023-03-19T00:00:00Z,2024-08-06T00:00:00Z
CUS-0503,Jeffrey,Johnson,jeffrey.johnson207@syntheticmail.example,+1-492-399-1550,premium,active,US,NJ,Newark,2025-10-23,en,2025-10-23T00:00:00Z,2025-11-21T00:00:00Z
CUS-0504,Brandon,Perez,brandon.perez691@syntheticmail.example,+1-444-870-1004,standard,active,US,CA,San Francisco,2024-01-13,en,2024-01-13T00:00:00Z,2025-02-25T00:00:00Z
CUS-0505,Amanda,Bennett,amanda.bennett405@syntheticmail.example,+1-730-215-2124,standard,active,US,OH,Columbus,2022-03-31,en,2022-03-31T00:00:00Z,2025-05-19T00:00:00Z
CUS-0506,Justin,Hall,justin.hall356@syntheticmail.example,+1-431-820-4187,standard,active,US,VA,Richmond,2023-02-06,en,2023-02-06T00:00:00Z,2023-02-15T00:00:00Z
CUS-0507,Dorothy,Thompson,dorothy.thompson417@syntheticmail.example,+1-772-274-9243,standard,active,US,WA,Seattle,2021-03-12,en,2021-03-12T00:00:00Z,2025-09-11T00:00:00Z
CUS-0508,Angela,Allen,angela.allen898@syntheticmail.example,+1-910-653-7178,premium,active,US,AZ,Phoenix,2022-10-21,fr,2022-10-21T00:00:00Z,2024-03-02T00:00:00Z
CUS-0509,Dennis,Baker,dennis.baker985@syntheticmail.example,+1-897-671-1448,premium,active,US,WI,Milwaukee,2025-02-22,en,2025-02-22T00:00:00Z,2025-03-28T00:00:00Z
CUS-0510,Timothy,Brooks,timothy.brooks808@syntheticmail.example,+1-523-622-6785,premium,active,US,TX,Austin,2022-07-30,en,2022-07-30T00:00:00Z,2024-01-20T00:00:00Z
CUS-0511,Ashley,Torres,ashley.torres96@syntheticmail.example,+1-277-767-3924,premium,active,US,OH,Columbus,2023-11-01,en,2023-11-01T00:00:00Z,2024-06-11T00:00:00Z
CUS-0512,Pamela,Wright,pamela.wright188@syntheticmail.example,+1-710-954-4271,standard,inactive,US,MN,Minneapolis,2022-02-17,en,2022-02-17T00:00:00Z,2023-08-14T00:00:00Z
CUS-0513,Anthony,Robinson,anthony.robinson208@syntheticmail.example,+1-833-564-3555,enterprise,active,US,VA,Richmond,2022-10-19,en,2022-10-19T00:00:00Z,2023-03-28T00:00:00Z
CUS-0514,Samuel,James,samuel.james505@syntheticmail.example,+1-982-754-1692,premium,active,US,CO,Denver,2020-01-28,en,2020-01-28T00:00:00Z,2023-08-11T00:00:00Z
CUS-0515,Amy,Kelly,amy.kelly890@syntheticmail.example,+1-387-982-9374,standard,active,US,FL,Miami,2025-07-03,en,2025-07-03T00:00:00Z,2025-11-27T00:00:00Z
CUS-0516,Thomas,Miller,thomas.miller539@syntheticmail.example,+1-689-753-1533,premium,active,US,MO,St. Louis,2024-09-29,en,2024-09-29T00:00:00Z,2025-12-13T00:00:00Z
CUS-0517,Debra,Jimenez,debra.jimenez179@syntheticmail.example,+1-915-730-8537,standard,inactive,US,NC,Charlotte,2021-05-08,en,2021-05-08T00:00:00Z,2021-06-01T00:00:00Z
CUS-0518,Samuel,Clark,samuel.clark389@syntheticmail.example,+1-533-570-5254,standard,active,US,MA,Boston,2021-02-16,en,2021-02-16T00:00:00Z,2022-06-16T00:00:00Z
CUS-0519,Paul,Stewart,paul.stewart982@syntheticmail.example,+1-574-388-9171,standard,active,US,CO,Denver,2023-11-06,en,2023-11-06T00:00:00Z,2025-10-23T00:00:00Z
CUS-0520,Dennis,Mitchell,dennis.mitchell374@syntheticmail.example,+1-486-661-3947,premium,active,US,NJ,Newark,2024-06-28,en,2024-06-28T00:00:00Z,2025-02-17T00:00:00Z
CUS-0521,Richard,Castillo,richard.castillo277@syntheticmail.example,+1-768-642-7240,standard,active,US,MO,St. Louis,2022-08-23,fr,2022-08-23T00:00:00Z,2023-06-25T00:00:00Z
CUS-0522,Jacob,Johnson,jacob.johnson181@syntheticmail.example,+1-337-845-9470,premium,inactive,US,GA,Atlanta,2025-08-08,en,2025-08-08T00:00:00Z,2025-12-10T00:00:00Z
CUS-0523,Kenneth,Allen,kenneth.allen576@syntheticmail.example,+1-607-301-3676,standard,active,US,NJ,Newark,2020-07-14,en,2020-07-14T00:00:00Z,2023-03-16T00:00:00Z
CUS-0524,Frank,Gonzalez,frank.gonzalez461@syntheticmail.example,+1-466-569-6903,premium,active,US,MN,Minneapolis,2023-10-02,en,2023-10-02T00:00:00Z,2024-09-18T00:00:00Z
CUS-0525,Robert,Evans,robert.evans125@syntheticmail.example,+1-790-789-9821,standard,suspended,US,PA,Philadelphia,2022-03-25,en,2022-03-25T00:00:00Z,2024-03-21T00:00:00Z
CUS-0526,Michelle,Gray,michelle.gray523@syntheticmail.example,+1-280-590-5694,standard,active,US,MI,Detroit,2025-01-04,en,2025-01-04T00:00:00Z,2025-03-30T00:00:00Z
CUS-0527,Samantha,Baker,samantha.baker432@syntheticmail.example,+1-273-281-3654,standard,active,US,TN,Nashville,2024-07-15,en,2024-07-15T00:00:00Z,2025-06-04T00:00:00Z
CUS-0528,Katherine,Nguyen,katherine.nguyen728@syntheticmail.example,+1-477-655-6950,enterprise,active,US,FL,Miami,2024-06-07,en,2024-06-07T00:00:00Z,2025-09-11T00:00:00Z
CUS-0529,Edward,Perez,edward.perez189@syntheticmail.example,+1-328-945-4844,premium,active,US,NJ,Newark,2020-04-04,fr,2020-04-04T00:00:00Z,2021-02-25T00:00:00Z
CUS-0530,Anthony,Perez,anthony.perez407@syntheticmail.example,+1-265-684-9985,standard,active,US,NY,New York,2021-01-26,fr,2021-01-26T00:00:00Z,2023-04-19T00:00:00Z
CUS-0531,Shirley,Ross,shirley.ross86@syntheticmail.example,+1-832-359-2381,premium,active,US,NY,New York,2022-12-11,en,2022-12-11T00:00:00Z,2024-03-24T00:00:00Z
CUS-0532,Ashley,Patel,ashley.patel291@syntheticmail.example,+1-334-739-3795,standard,active,US,NC,Charlotte,2021-06-01,es,2021-06-01T00:00:00Z,2023-06-01T00:00:00Z
CUS-0533,Michelle,Stewart,michelle.stewart479@syntheticmail.example,+1-761-655-3213,business,active,US,NJ,Newark,2023-01-20,en,2023-01-20T00:00:00Z,2025-08-12T00:00:00Z
CUS-0534,Frank,Myers,frank.myers652@syntheticmail.example,+1-736-855-9745,standard,active,US,IN,Indianapolis,2024-11-16,en,2024-11-16T00:00:00Z,2025-08-19T00:00:00Z
CUS-0535,Sandra,Lopez,sandra.lopez453@syntheticmail.example,+1-622-466-3551,standard,active,US,FL,Orlando,2024-02-07,en,2024-02-07T00:00:00Z,2025-07-26T00:00:00Z
CUS-0536,Maria,Moore,maria.moore353@syntheticmail.example,+1-747-208-9059,enterprise,active,US,FL,Orlando,2025-04-05,en,2025-04-05T00:00:00Z,2025-04-09T00:00:00Z
CUS-0537,Jerry,Parker,jerry.parker818@syntheticmail.example,+1-207-761-7121,standard,active,US,FL,Orlando,2022-08-05,en,2022-08-05T00:00:00Z,2025-01-16T00:00:00Z
CUS-0538,Ronald,Young,ronald.young168@syntheticmail.example,+1-587-425-5308,standard,active,US,NV,Las Vegas,2024-05-15,es,2024-05-15T00:00:00Z,2025-01-15T00:00:00Z
CUS-0539,Eric,Ross,eric.ross820@syntheticmail.example,+1-491-864-9715,standard,active,US,MD,Baltimore,2023-01-18,en,2023-01-18T00:00:00Z,2023-06-07T00:00:00Z
CUS-0540,Nancy,Moore,nancy.moore297@syntheticmail.example,+1-832-663-5458,business,active,US,NY,New York,2025-02-08,en,2025-02-08T00:00:00Z,2025-05-15T00:00:00Z
CUS-0541,Michelle,Williams,michelle.williams156@syntheticmail.example,+1-222-390-2675,standard,active,US,CA,San Francisco,2025-12-31,en,2025-12-31T00:00:00Z,2026-01-01T00:00:00Z
CUS-0542,Janet,Johnson,janet.johnson239@syntheticmail.example,+1-215-705-4558,standard,active,US,CA,San Diego,2021-09-09,en,2021-09-09T00:00:00Z,2024-06-25T00:00:00Z
CUS-0543,Melissa,Reyes,melissa.reyes714@syntheticmail.example,+1-538-282-3393,standard,active,US,MO,St. Louis,2020-05-09,fr,2020-05-09T00:00:00Z,2024-10-02T00:00:00Z
CUS-0544,Barbara,Cooper,barbara.cooper482@syntheticmail.example,+1-456-590-1206,standard,suspended,US,TX,Houston,2022-02-26,es,2022-02-26T00:00:00Z,2023-07-20T00:00:00Z
CUS-0545,Deborah,Foster,deborah.foster999@syntheticmail.example,+1-955-234-4263,standard,inactive,US,NC,Charlotte,2022-10-09,fr,2022-10-09T00:00:00Z,2023-04-19T00:00:00Z
CUS-0546,Eric,Bennett,eric.bennett214@syntheticmail.example,+1-897-519-6293,standard,active,US,MI,Detroit,2024-05-12,fr,2024-05-12T00:00:00Z,2024-06-24T00:00:00Z
CUS-0547,Catherine,Peterson,catherine.peterson534@syntheticmail.example,+1-692-853-5895,standard,active,US,NY,New York,2022-11-03,en,2022-11-03T00:00:00Z,2024-01-23T00:00:00Z
CUS-0548,Joseph,Walker,joseph.walker649@syntheticmail.example,+1-215-371-5523,premium,active,US,GA,Atlanta,2023-08-22,en,2023-08-22T00:00:00Z,2025-11-07T00:00:00Z
CUS-0549,Ashley,Johnson,ashley.johnson993@syntheticmail.example,+1-904-810-3539,standard,suspended,US,CA,San Francisco,2025-04-30,en,2025-04-30T00:00:00Z,2025-07-02T00:00:00Z
CUS-0550,Christopher,Murphy,christopher.murphy94@syntheticmail.example,+1-977-840-1983,standard,active,US,OR,Portland,2023-10-18,es,2023-10-18T00:00:00Z,2024-03-23T00:00:00Z
CUS-0551,Rachel,Morgan,rachel.morgan811@syntheticmail.example,+1-699-438-6189,premium,active,US,NY,New York,2021-05-30,fr,2021-05-30T00:00:00Z,2023-05-11T00:00:00Z
CUS-0552,Julie,Cruz,julie.cruz751@syntheticmail.example,+1-905-586-6868,business,active,US,TX,Dallas,2020-03-28,en,2020-03-28T00:00:00Z,2020-09-05T00:00:00Z
CUS-0553,Gary,Price,gary.price449@syntheticmail.example,+1-755-913-9029,standard,active,US,AZ,Phoenix,2023-04-22,en,2023-04-22T00:00:00Z,2024-10-29T00:00:00Z
CUS-0554,Brian,Adams,brian.adams750@syntheticmail.example,+1-813-767-3627,standard,active,US,NC,Charlotte,2023-02-01,en,2023-02-01T00:00:00Z,2025-08-09T00:00:00Z
CUS-0555,Emily,King,emily.king555@syntheticmail.example,+1-200-994-9289,standard,inactive,US,PA,Philadelphia,2025-02-02,en,2025-02-02T00:00:00Z,2025-02-11T00:00:00Z
CUS-0556,Helen,Campbell,helen.campbell795@syntheticmail.example,+1-528-938-2037,premium,active,US,CO,Denver,2022-09-05,en,2022-09-05T00:00:00Z,2023-09-28T00:00:00Z
CUS-0557,Shirley,Mendoza,shirley.mendoza510@syntheticmail.example,+1-827-489-6285,standard,active,US,WI,Milwaukee,2021-09-23,en,2021-09-23T00:00:00Z,2022-05-07T00:00:00Z
CUS-0558,Richard,Gutierrez,richard.gutierrez675@syntheticmail.example,+1-332-382-1512,standard,active,US,CA,San Diego,2020-06-28,en,2020-06-28T00:00:00Z,2021-07-25T00:00:00Z
CUS-0559,Richard,Jones,richard.jones585@syntheticmail.example,+1-873-701-9615,premium,inactive,US,TN,Nashville,2024-05-10,en,2024-05-10T00:00:00Z,2025-01-27T00:00:00Z
CUS-0560,Michael,Campbell,michael.campbell227@syntheticmail.example,+1-213-413-9051,standard,active,US,CO,Denver,2020-10-17,es,2020-10-17T00:00:00Z,2021-02-18T00:00:00Z
CUS-0561,George,Bailey,george.bailey762@syntheticmail.example,+1-577-925-1955,premium,active,US,IN,Indianapolis,2024-08-30,en,2024-08-30T00:00:00Z,2024-09-19T00:00:00Z
CUS-0562,Janet,Martinez,janet.martinez855@syntheticmail.example,+1-421-731-2591,standard,inactive,US,FL,Orlando,2020-11-15,en,2020-11-15T00:00:00Z,2023-11-08T00:00:00Z
CUS-0563,Deborah,Harris,deborah.harris198@syntheticmail.example,+1-783-840-3931,premium,suspended,US,WA,Seattle,2022-10-15,en,2022-10-15T00:00:00Z,2025-02-11T00:00:00Z
CUS-0564,Catherine,Wilson,catherine.wilson785@syntheticmail.example,+1-890-669-7997,standard,active,US,TN,Nashville,2024-01-06,en,2024-01-06T00:00:00Z,2025-07-22T00:00:00Z
CUS-0565,Stephanie,Cook,stephanie.cook346@syntheticmail.example,+1-746-814-8258,standard,active,US,OR,Portland,2021-10-09,en,2021-10-09T00:00:00Z,2023-08-04T00:00:00Z
CUS-0566,Melissa,Evans,melissa.evans783@syntheticmail.example,+1-943-531-4943,premium,active,US,TN,Nashville,2024-10-29,en,2024-10-29T00:00:00Z,2025-05-09T00:00:00Z
CUS-0567,Jerry,Peterson,jerry.peterson949@syntheticmail.example,+1-568-663-8331,standard,active,US,MN,Minneapolis,2022-11-06,fr,2022-11-06T00:00:00Z,2023-01-15T00:00:00Z
CUS-0568,Andrew,Kim,andrew.kim17@syntheticmail.example,+1-509-206-5920,standard,active,US,WA,Seattle,2021-07-07,en,2021-07-07T00:00:00Z,2021-08-20T00:00:00Z
CUS-0569,Jerry,Ruiz,jerry.ruiz843@syntheticmail.example,+1-769-784-3534,standard,active,US,FL,Miami,2025-09-25,en,2025-09-25T00:00:00Z,2025-11-09T00:00:00Z
CUS-0570,Karen,Moore,karen.moore272@syntheticmail.example,+1-438-462-5920,standard,active,US,PA,Philadelphia,2022-10-20,en,2022-10-20T00:00:00Z,2025-12-28T00:00:00Z
CUS-0571,Margaret,Sanders,margaret.sanders80@syntheticmail.example,+1-694-377-8999,business,inactive,US,MN,Minneapolis,2023-08-22,en,2023-08-22T00:00:00Z,2025-12-08T00:00:00Z
CUS-0572,Richard,Kim,richard.kim658@syntheticmail.example,+1-948-790-7251,standard,suspended,US,FL,Orlando,2020-06-02,en,2020-06-02T00:00:00Z,2025-08-02T00:00:00Z
CUS-0573,Jerry,Nelson,jerry.nelson357@syntheticmail.example,+1-626-323-4714,enterprise,active,US,IN,Indianapolis,2024-11-13,en,2024-11-13T00:00:00Z,2024-11-18T00:00:00Z
CUS-0574,Samantha,Jimenez,samantha.jimenez648@syntheticmail.example,+1-512-736-1674,standard,active,US,OH,Columbus,2020-08-09,en,2020-08-09T00:00:00Z,2021-06-11T00:00:00Z
CUS-0575,Michelle,Cook,michelle.cook715@syntheticmail.example,+1-251-889-7436,standard,suspended,US,TX,Austin,2021-09-19,en,2021-09-19T00:00:00Z,2024-12-10T00:00:00Z
CUS-0576,Nicholas,Lopez,nicholas.lopez228@syntheticmail.example,+1-603-351-3165,standard,active,US,GA,Atlanta,2023-04-01,en,2023-04-01T00:00:00Z,2024-11-06T00:00:00Z
CUS-0577,Catherine,Miller,catherine.miller562@syntheticmail.example,+1-287-608-9221,standard,suspended,US,OH,Columbus,2022-12-11,es,2022-12-11T00:00:00Z,2023-09-04T00:00:00Z
CUS-0578,Maria,Moore,maria.moore493@syntheticmail.example,+1-699-604-4212,premium,active,US,AZ,Phoenix,2022-03-22,fr,2022-03-22T00:00:00Z,2025-02-27T00:00:00Z
CUS-0579,Ashley,Young,ashley.young74@syntheticmail.example,+1-531-901-2467,standard,inactive,US,FL,Miami,2024-10-27,en,2024-10-27T00:00:00Z,2025-05-31T00:00:00Z
CUS-0580,George,Hall,george.hall196@syntheticmail.example,+1-808-871-1396,enterprise,active,US,IL,Chicago,2023-11-12,en,2023-11-12T00:00:00Z,2024-11-04T00:00:00Z
CUS-0581,Brandon,Cruz,brandon.cruz639@syntheticmail.example,+1-245-439-4271,business,active,US,NY,Buffalo,2024-12-09,en,2024-12-09T00:00:00Z,2025-12-31T00:00:00Z
CUS-0582,Janet,Hernandez,janet.hernandez116@syntheticmail.example,+1-448-835-3419,standard,active,US,MN,Minneapolis,2020-08-11,en,2020-08-11T00:00:00Z,2024-07-01T00:00:00Z
CUS-0583,Aaron,Anderson,aaron.anderson313@syntheticmail.example,+1-223-539-4424,business,active,US,NC,Charlotte,2025-04-13,en,2025-04-13T00:00:00Z,2025-07-26T00:00:00Z
CUS-0584,Anna,Gutierrez,anna.gutierrez769@syntheticmail.example,+1-837-947-3315,business,inactive,US,FL,Miami,2025-06-01,es,2025-06-01T00:00:00Z,2025-06-05T00:00:00Z
CUS-0585,Timothy,Howard,timothy.howard928@syntheticmail.example,+1-244-461-3790,standard,active,US,OR,Portland,2025-11-27,en,2025-11-27T00:00:00Z,2025-12-14T00:00:00Z
CUS-0586,Michael,Reyes,michael.reyes671@syntheticmail.example,+1-597-876-5445,premium,active,US,CA,Los Angeles,2020-09-29,en,2020-09-29T00:00:00Z,2025-08-04T00:00:00Z
CUS-0587,Susan,Williams,susan.williams300@syntheticmail.example,+1-436-589-9331,business,active,US,NJ,Newark,2024-05-02,en,2024-05-02T00:00:00Z,2025-09-10T00:00:00Z
CUS-0588,Scott,Morgan,scott.morgan91@syntheticmail.example,+1-712-668-1352,standard,active,US,TX,Houston,2022-03-25,en,2022-03-25T00:00:00Z,2023-12-09T00:00:00Z
CUS-0589,Kevin,Morales,kevin.morales403@syntheticmail.example,+1-218-555-6765,standard,active,US,MN,Minneapolis,2021-10-05,en,2021-10-05T00:00:00Z,2023-01-31T00:00:00Z
CUS-0590,Nicholas,Scott,nicholas.scott832@syntheticmail.example,+1-596-230-5590,standard,active,US,CA,San Francisco,2022-11-21,en,2022-11-21T00:00:00Z,2025-02-02T00:00:00Z
CUS-0591,Gregory,Moore,gregory.moore90@syntheticmail.example,+1-733-894-4726,standard,active,US,MN,Minneapolis,2024-04-14,en,2024-04-14T00:00:00Z,2024-09-17T00:00:00Z
CUS-0592,Jason,Flores,jason.flores932@syntheticmail.example,+1-659-755-3158,standard,active,US,CO,Denver,2023-09-10,en,2023-09-10T00:00:00Z,2025-04-26T00:00:00Z
CUS-0593,Anna,Mendoza,anna.mendoza820@syntheticmail.example,+1-516-905-9582,standard,active,US,TX,Dallas,2021-07-19,fr,2021-07-19T00:00:00Z,2022-05-12T00:00:00Z
CUS-0594,Katherine,Reed,katherine.reed940@syntheticmail.example,+1-269-770-9732,business,active,US,TX,Houston,2023-07-24,en,2023-07-24T00:00:00Z,2024-06-13T00:00:00Z
CUS-0595,Charles,Sanders,charles.sanders31@syntheticmail.example,+1-623-621-5970,standard,suspended,US,WI,Milwaukee,2023-07-29,es,2023-07-29T00:00:00Z,2025-08-23T00:00:00Z
CUS-0596,Kimberly,Martin,kimberly.martin798@syntheticmail.example,+1-334-389-1429,enterprise,active,US,TX,Dallas,2021-03-13,en,2021-03-13T00:00:00Z,2022-09-10T00:00:00Z
CUS-0597,Nicole,Reed,nicole.reed628@syntheticmail.example,+1-436-903-1427,standard,active,US,TX,Austin,2022-08-09,es,2022-08-09T00:00:00Z,2025-04-11T00:00:00Z
CUS-0598,Sarah,Cook,sarah.cook867@syntheticmail.example,+1-929-865-7126,standard,active,US,CO,Denver,2025-04-04,en,2025-04-04T00:00:00Z,2025-12-02T00:00:00Z
CUS-0599,Sarah,Lee,sarah.lee198@syntheticmail.example,+1-618-982-1245,standard,active,US,TX,Austin,2020-05-12,en,2020-05-12T00:00:00Z,2022-08-20T00:00:00Z
CUS-0600,Dennis,Clark,dennis.clark68@syntheticmail.example,+1-831-701-6323,standard,active,US,TX,Houston,2024-12-04,en,2024-12-04T00:00:00Z,2025-06-29T00:00:00Z
CUS-0601,Heather,Garcia,heather.garcia623@syntheticmail.example,+1-937-520-7457,premium,suspended,US,MN,Minneapolis,2024-04-07,en,2024-04-07T00:00:00Z,2025-12-06T00:00:00Z
CUS-0602,Jonathan,Ortiz,jonathan.ortiz657@syntheticmail.example,+1-733-311-8399,standard,active,US,IN,Indianapolis,2020-06-06,en,2020-06-06T00:00:00Z,2023-05-04T00:00:00Z
CUS-0603,Jonathan,Gomez,jonathan.gomez753@syntheticmail.example,+1-728-983-1807,standard,active,US,CA,San Francisco,2024-05-05,en,2024-05-05T00:00:00Z,2025-06-16T00:00:00Z
CUS-0604,Kenneth,Jimenez,kenneth.jimenez848@syntheticmail.example,+1-370-632-5823,premium,active,US,FL,Orlando,2025-03-04,es,2025-03-04T00:00:00Z,2025-11-23T00:00:00Z
CUS-0605,Charles,Reyes,charles.reyes850@syntheticmail.example,+1-292-939-9202,standard,active,US,TN,Nashville,2025-01-24,fr,2025-01-24T00:00:00Z,2025-11-19T00:00:00Z
CUS-0606,Rachel,Cooper,rachel.cooper139@syntheticmail.example,+1-531-661-1408,standard,active,US,OH,Columbus,2024-08-20,en,2024-08-20T00:00:00Z,2025-11-22T00:00:00Z
CUS-0607,Carolyn,Sanchez,carolyn.sanchez904@syntheticmail.example,+1-456-531-3686,business,inactive,US,NC,Charlotte,2021-01-04,en,2021-01-04T00:00:00Z,2021-07-09T00:00:00Z
CUS-0608,Joseph,Price,joseph.price461@syntheticmail.example,+1-287-736-7292,business,active,US,TN,Nashville,2024-01-26,en,2024-01-26T00:00:00Z,2024-07-07T00:00:00Z
CUS-0609,Timothy,Peterson,timothy.peterson390@syntheticmail.example,+1-543-779-3459,standard,active,US,CA,San Francisco,2021-11-30,en,2021-11-30T00:00:00Z,2025-11-27T00:00:00Z
CUS-0610,Michael,Turner,michael.turner316@syntheticmail.example,+1-495-841-3960,standard,active,US,FL,Orlando,2025-01-01,en,2025-01-01T00:00:00Z,2025-01-02T00:00:00Z
CUS-0611,Helen,Ross,helen.ross260@syntheticmail.example,+1-709-710-9904,standard,active,US,CA,Los Angeles,2025-02-21,en,2025-02-21T00:00:00Z,2025-06-22T00:00:00Z
CUS-0612,Margaret,Ramos,margaret.ramos676@syntheticmail.example,+1-619-652-2300,premium,active,US,MI,Detroit,2025-02-01,en,2025-02-01T00:00:00Z,2025-06-06T00:00:00Z
CUS-0613,Stephen,Scott,stephen.scott635@syntheticmail.example,+1-250-389-3429,standard,active,US,TN,Nashville,2022-04-30,en,2022-04-30T00:00:00Z,2022-07-14T00:00:00Z
CUS-0614,Charles,Jones,charles.jones684@syntheticmail.example,+1-539-289-1803,standard,active,US,MA,Boston,2023-05-07,en,2023-05-07T00:00:00Z,2023-10-19T00:00:00Z
CUS-0615,Samuel,Torres,samuel.torres626@syntheticmail.example,+1-666-967-6901,standard,active,US,OR,Portland,2021-12-27,fr,2021-12-27T00:00:00Z,2023-08-31T00:00:00Z
CUS-0616,Michelle,Mitchell,michelle.mitchell920@syntheticmail.example,+1-976-637-2063,standard,active,US,OH,Columbus,2020-10-04,en,2020-10-04T00:00:00Z,2021-06-10T00:00:00Z
CUS-0617,Raymond,Scott,raymond.scott338@syntheticmail.example,+1-737-414-4425,premium,active,US,WA,Seattle,2024-08-21,en,2024-08-21T00:00:00Z,2025-06-09T00:00:00Z
CUS-0618,Janet,Watson,janet.watson542@syntheticmail.example,+1-941-905-5705,standard,active,US,CA,San Diego,2025-06-04,en,2025-06-04T00:00:00Z,2025-08-09T00:00:00Z
CUS-0619,Shirley,Kelly,shirley.kelly639@syntheticmail.example,+1-829-776-9132,premium,inactive,US,PA,Philadelphia,2021-06-15,es,2021-06-15T00:00:00Z,2024-03-30T00:00:00Z
CUS-0620,Amy,White,amy.white905@syntheticmail.example,+1-925-497-4171,standard,active,US,CO,Denver,2022-08-11,en,2022-08-11T00:00:00Z,2025-03-20T00:00:00Z
CUS-0621,Frank,Thomas,frank.thomas756@syntheticmail.example,+1-830-624-7783,standard,active,US,NJ,Newark,2022-04-29,en,2022-04-29T00:00:00Z,2025-06-19T00:00:00Z
CUS-0622,Julie,Brooks,julie.brooks218@syntheticmail.example,+1-906-488-5168,standard,active,US,CA,Los Angeles,2022-04-04,en,2022-04-04T00:00:00Z,2025-02-04T00:00:00Z
CUS-0623,Stephen,Adams,stephen.adams786@syntheticmail.example,+1-902-541-6592,standard,inactive,US,CA,Los Angeles,2021-04-11,en,2021-04-11T00:00:00Z,2024-09-23T00:00:00Z
CUS-0624,Patricia,Thompson,patricia.thompson199@syntheticmail.example,+1-888-690-8774,standard,active,US,IL,Chicago,2023-10-16,en,2023-10-16T00:00:00Z,2025-02-20T00:00:00Z
CUS-0625,Karen,Watson,karen.watson472@syntheticmail.example,+1-673-623-1917,premium,active,US,IN,Indianapolis,2023-10-04,en,2023-10-04T00:00:00Z,2025-10-15T00:00:00Z
CUS-0626,Samuel,Green,samuel.green569@syntheticmail.example,+1-413-791-6434,standard,active,US,AZ,Phoenix,2020-03-17,en,2020-03-17T00:00:00Z,2023-05-09T00:00:00Z
CUS-0627,Patricia,Baker,patricia.baker385@syntheticmail.example,+1-369-784-7382,standard,active,US,TN,Nashville,2025-12-28,en,2025-12-28T00:00:00Z,2025-12-30T00:00:00Z
CUS-0628,Patrick,Green,patrick.green727@syntheticmail.example,+1-623-288-9143,standard,active,US,CA,San Francisco,2023-01-17,en,2023-01-17T00:00:00Z,2024-09-27T00:00:00Z
CUS-0629,Margaret,Ortiz,margaret.ortiz310@syntheticmail.example,+1-583-238-4311,standard,active,US,TX,Houston,2021-04-04,en,2021-04-04T00:00:00Z,2021-05-25T00:00:00Z
CUS-0630,Aaron,Morris,aaron.morris927@syntheticmail.example,+1-394-548-8921,business,active,US,WA,Seattle,2021-09-23,en,2021-09-23T00:00:00Z,2023-07-25T00:00:00Z
CUS-0631,Charles,Foster,charles.foster893@syntheticmail.example,+1-892-335-4361,business,active,US,NY,New York,2025-10-15,en,2025-10-15T00:00:00Z,2025-12-03T00:00:00Z
CUS-0632,Carolyn,Gutierrez,carolyn.gutierrez119@syntheticmail.example,+1-245-903-2426,standard,active,US,CA,Los Angeles,2023-06-27,en,2023-06-27T00:00:00Z,2023-10-10T00:00:00Z
CUS-0633,Eric,Foster,eric.foster675@syntheticmail.example,+1-223-791-6114,premium,active,US,MN,Minneapolis,2023-07-03,en,2023-07-03T00:00:00Z,2024-01-24T00:00:00Z
CUS-0634,Matthew,Torres,matthew.torres284@syntheticmail.example,+1-991-651-2927,standard,active,US,AZ,Phoenix,2023-07-31,en,2023-07-31T00:00:00Z,2024-05-06T00:00:00Z
CUS-0635,Joseph,Johnson,joseph.johnson982@syntheticmail.example,+1-304-411-9888,standard,active,US,CO,Denver,2025-10-06,en,2025-10-06T00:00:00Z,2025-11-09T00:00:00Z
CUS-0636,Charles,Price,charles.price824@syntheticmail.example,+1-375-272-6101,premium,active,US,FL,Orlando,2022-09-29,en,2022-09-29T00:00:00Z,2025-03-25T00:00:00Z
CUS-0637,Michael,Taylor,michael.taylor30@syntheticmail.example,+1-308-592-1881,standard,active,US,MI,Detroit,2020-07-25,en,2020-07-25T00:00:00Z,2021-07-26T00:00:00Z
CUS-0638,Patrick,Kim,patrick.kim913@syntheticmail.example,+1-831-564-6119,standard,active,US,MA,Boston,2024-12-31,es,2024-12-31T00:00:00Z,2025-12-09T00:00:00Z
CUS-0639,Julie,Morgan,julie.morgan81@syntheticmail.example,+1-781-334-2522,business,active,US,MD,Baltimore,2025-03-22,en,2025-03-22T00:00:00Z,2025-11-10T00:00:00Z
CUS-0640,Donna,Mendoza,donna.mendoza660@syntheticmail.example,+1-681-437-4666,standard,active,US,NV,Las Vegas,2025-03-21,en,2025-03-21T00:00:00Z,2025-09-23T00:00:00Z
CUS-0641,Ronald,White,ronald.white717@syntheticmail.example,+1-532-664-8987,standard,active,US,MD,Baltimore,2023-09-15,en,2023-09-15T00:00:00Z,2024-01-08T00:00:00Z
CUS-0642,Brian,Morris,brian.morris473@syntheticmail.example,+1-489-986-6711,premium,active,US,NJ,Newark,2021-11-30,en,2021-11-30T00:00:00Z,2024-10-05T00:00:00Z
CUS-0643,Susan,Phillips,susan.phillips838@syntheticmail.example,+1-533-769-2162,standard,active,US,NV,Las Vegas,2021-03-14,en,2021-03-14T00:00:00Z,2023-06-12T00:00:00Z
CUS-0644,Emma,Evans,emma.evans245@syntheticmail.example,+1-761-362-8903,standard,active,US,CO,Denver,2022-09-25,en,2022-09-25T00:00:00Z,2023-11-25T00:00:00Z
CUS-0645,Raymond,Ramos,raymond.ramos442@syntheticmail.example,+1-780-550-9921,business,active,US,MO,St. Louis,2024-11-18,en,2024-11-18T00:00:00Z,2025-10-23T00:00:00Z
CUS-0646,Christine,Martinez,christine.martinez758@syntheticmail.example,+1-317-806-8584,standard,active,US,MD,Baltimore,2025-06-16,en,2025-06-16T00:00:00Z,2025-10-07T00:00:00Z
CUS-0647,Daniel,Flores,daniel.flores979@syntheticmail.example,+1-812-311-7208,standard,active,US,OH,Columbus,2020-10-12,es,2020-10-12T00:00:00Z,2024-06-25T00:00:00Z
CUS-0648,Linda,Lopez,linda.lopez223@syntheticmail.example,+1-794-973-1003,enterprise,active,US,VA,Richmond,2021-07-23,es,2021-07-23T00:00:00Z,2022-05-24T00:00:00Z
CUS-0649,Laura,Morgan,laura.morgan299@syntheticmail.example,+1-400-410-6187,standard,active,US,OH,Columbus,2025-01-05,es,2025-01-05T00:00:00Z,2025-06-09T00:00:00Z
CUS-0650,Sharon,Alvarez,sharon.alvarez938@syntheticmail.example,+1-796-208-9362,standard,active,US,PA,Philadelphia,2020-12-31,en,2020-12-31T00:00:00Z,2021-05-07T00:00:00Z
CUS-0651,Melissa,Peterson,melissa.peterson992@syntheticmail.example,+1-920-773-6885,standard,active,US,CA,San Francisco,2020-01-04,en,2020-01-04T00:00:00Z,2022-08-24T00:00:00Z
CUS-0652,Sharon,Hughes,sharon.hughes605@syntheticmail.example,+1-928-591-7652,standard,active,US,OH,Columbus,2023-07-27,en,2023-07-27T00:00:00Z,2024-02-28T00:00:00Z
CUS-0653,Gregory,Thompson,gregory.thompson487@syntheticmail.example,+1-768-593-6902,standard,active,US,NY,Buffalo,2022-02-09,en,2022-02-09T00:00:00Z,2025-11-12T00:00:00Z
CUS-0654,Thomas,Moore,thomas.moore12@syntheticmail.example,+1-347-938-8974,premium,active,US,CA,San Diego,2020-03-05,en,2020-03-05T00:00:00Z,2021-02-14T00:00:00Z
CUS-0655,Sarah,Chavez,sarah.chavez826@syntheticmail.example,+1-912-818-7974,premium,active,US,GA,Atlanta,2025-02-10,en,2025-02-10T00:00:00Z,2025-10-28T00:00:00Z
CUS-0656,Jason,Peterson,jason.peterson840@syntheticmail.example,+1-563-431-4044,standard,active,US,NC,Charlotte,2024-04-24,en,2024-04-24T00:00:00Z,2025-12-06T00:00:00Z
CUS-0657,Amy,Sanders,amy.sanders243@syntheticmail.example,+1-475-620-9948,premium,active,US,NV,Las Vegas,2025-08-17,en,2025-08-17T00:00:00Z,2025-08-26T00:00:00Z
CUS-0658,Larry,Morris,larry.morris722@syntheticmail.example,+1-794-693-2311,standard,inactive,US,PA,Philadelphia,2021-04-08,fr,2021-04-08T00:00:00Z,2024-03-21T00:00:00Z
CUS-0659,Dennis,Jimenez,dennis.jimenez287@syntheticmail.example,+1-280-735-2449,standard,active,US,NC,Charlotte,2025-10-18,es,2025-10-18T00:00:00Z,2025-10-27T00:00:00Z
CUS-0660,Debra,Brooks,debra.brooks553@syntheticmail.example,+1-827-254-6628,premium,suspended,US,MO,St. Louis,2023-07-03,en,2023-07-03T00:00:00Z,2024-10-25T00:00:00Z
CUS-0661,Ryan,Rogers,ryan.rogers928@syntheticmail.example,+1-631-561-5827,standard,active,US,MI,Detroit,2023-09-19,en,2023-09-19T00:00:00Z,2025-08-30T00:00:00Z
CUS-0662,Scott,Myers,scott.myers312@syntheticmail.example,+1-262-844-8752,premium,active,US,MN,Minneapolis,2022-12-02,en,2022-12-02T00:00:00Z,2023-03-17T00:00:00Z
CUS-0663,Gregory,Nguyen,gregory.nguyen829@syntheticmail.example,+1-493-696-2351,standard,active,US,MN,Minneapolis,2020-04-21,en,2020-04-21T00:00:00Z,2023-06-03T00:00:00Z
CUS-0664,Steven,Taylor,steven.taylor631@syntheticmail.example,+1-463-214-2827,premium,active,US,FL,Miami,2023-02-01,en,2023-02-01T00:00:00Z,2023-12-07T00:00:00Z
CUS-0665,Gregory,Edwards,gregory.edwards379@syntheticmail.example,+1-467-917-4869,premium,active,US,MO,St. Louis,2021-12-19,en,2021-12-19T00:00:00Z,2022-02-24T00:00:00Z
CUS-0666,Carol,Hernandez,carol.hernandez991@syntheticmail.example,+1-707-970-7765,enterprise,active,US,NY,Buffalo,2021-09-23,en,2021-09-23T00:00:00Z,2025-06-07T00:00:00Z
CUS-0667,Jeffrey,Castillo,jeffrey.castillo653@syntheticmail.example,+1-791-951-6653,standard,active,US,TX,Houston,2022-05-13,en,2022-05-13T00:00:00Z,2023-01-05T00:00:00Z
CUS-0668,Michael,Perez,michael.perez476@syntheticmail.example,+1-508-687-9724,standard,active,US,OH,Columbus,2025-05-04,es,2025-05-04T00:00:00Z,2025-10-31T00:00:00Z
CUS-0669,Deborah,Stewart,deborah.stewart269@syntheticmail.example,+1-645-212-5731,standard,active,US,NY,Buffalo,2025-12-12,es,2025-12-12T00:00:00Z,2025-12-22T00:00:00Z
CUS-0670,Shirley,Mendoza,shirley.mendoza979@syntheticmail.example,+1-744-852-6797,standard,active,US,CA,San Francisco,2021-02-02,es,2021-02-02T00:00:00Z,2025-11-25T00:00:00Z
CUS-0671,Paul,Nelson,paul.nelson277@syntheticmail.example,+1-461-870-7408,standard,suspended,US,FL,Miami,2021-02-06,es,2021-02-06T00:00:00Z,2025-04-20T00:00:00Z
CUS-0672,Donald,Sanders,donald.sanders689@syntheticmail.example,+1-732-545-3947,standard,active,US,MA,Boston,2022-03-09,en,2022-03-09T00:00:00Z,2025-12-15T00:00:00Z
CUS-0673,Mary,Rodriguez,mary.rodriguez13@syntheticmail.example,+1-737-306-8306,standard,active,US,GA,Atlanta,2021-02-04,fr,2021-02-04T00:00:00Z,2022-09-07T00:00:00Z
CUS-0674,Steven,Harris,steven.harris35@syntheticmail.example,+1-258-808-4552,premium,active,US,CA,Los Angeles,2021-01-11,en,2021-01-11T00:00:00Z,2024-12-31T00:00:00Z
CUS-0675,Jessica,Lopez,jessica.lopez877@syntheticmail.example,+1-584-872-4027,standard,inactive,US,CO,Denver,2021-06-16,en,2021-06-16T00:00:00Z,2022-11-16T00:00:00Z
CUS-0676,Emily,Reyes,emily.reyes677@syntheticmail.example,+1-854-664-5528,enterprise,active,US,MD,Baltimore,2020-11-06,es,2020-11-06T00:00:00Z,2025-11-30T00:00:00Z
CUS-0677,Christine,Foster,christine.foster789@syntheticmail.example,+1-365-999-2212,standard,suspended,US,IL,Chicago,2022-11-20,en,2022-11-20T00:00:00Z,2025-01-11T00:00:00Z
CUS-0678,Deborah,Nelson,deborah.nelson62@syntheticmail.example,+1-382-651-2137,premium,active,US,FL,Miami,2022-12-20,en,2022-12-20T00:00:00Z,2025-03-03T00:00:00Z
CUS-0679,Daniel,Chavez,daniel.chavez504@syntheticmail.example,+1-753-987-8065,standard,active,US,NY,New York,2021-08-12,es,2021-08-12T00:00:00Z,2022-03-17T00:00:00Z
CUS-0680,Jeffrey,Alvarez,jeffrey.alvarez266@syntheticmail.example,+1-274-272-5105,enterprise,active,US,NY,New York,2020-05-22,en,2020-05-22T00:00:00Z,2025-12-20T00:00:00Z
CUS-0681,Karen,Wood,karen.wood656@syntheticmail.example,+1-880-599-5365,standard,inactive,US,CA,Los Angeles,2020-06-03,en,2020-06-03T00:00:00Z,2025-06-29T00:00:00Z
CUS-0682,Ronald,Kelly,ronald.kelly4@syntheticmail.example,+1-689-646-7617,business,suspended,US,WA,Seattle,2025-07-02,en,2025-07-02T00:00:00Z,2025-11-17T00:00:00Z
CUS-0683,Mark,Smith,mark.smith394@syntheticmail.example,+1-324-780-9770,standard,active,US,NV,Las Vegas,2025-05-28,es,2025-05-28T00:00:00Z,2025-08-13T00:00:00Z
CUS-0684,Stephanie,Davis,stephanie.davis648@syntheticmail.example,+1-574-747-6571,standard,active,US,TN,Nashville,2021-01-06,fr,2021-01-06T00:00:00Z,2025-04-24T00:00:00Z
CUS-0685,Emily,Chavez,emily.chavez208@syntheticmail.example,+1-593-876-4129,standard,inactive,US,TX,Houston,2020-06-10,en,2020-06-10T00:00:00Z,2025-06-19T00:00:00Z
CUS-0686,Susan,Watson,susan.watson706@syntheticmail.example,+1-286-847-8175,business,active,US,PA,Philadelphia,2025-06-15,en,2025-06-15T00:00:00Z,2025-06-24T00:00:00Z
CUS-0687,Matthew,Brown,matthew.brown738@syntheticmail.example,+1-700-598-2032,premium,active,US,MA,Boston,2022-09-03,en,2022-09-03T00:00:00Z,2025-06-22T00:00:00Z
CUS-0688,Jonathan,Edwards,jonathan.edwards990@syntheticmail.example,+1-547-257-6533,business,active,US,CA,Los Angeles,2020-05-31,en,2020-05-31T00:00:00Z,2021-01-28T00:00:00Z
CUS-0689,Margaret,Wood,margaret.wood684@syntheticmail.example,+1-894-749-3440,business,active,US,WA,Seattle,2025-02-20,en,2025-02-20T00:00:00Z,2025-03-28T00:00:00Z
CUS-0690,John,Patel,john.patel145@syntheticmail.example,+1-682-833-1750,standard,inactive,US,MI,Detroit,2020-03-19,es,2020-03-19T00:00:00Z,2021-09-04T00:00:00Z
CUS-0691,Mary,Thompson,mary.thompson648@syntheticmail.example,+1-299-667-3796,premium,active,US,CA,San Francisco,2023-06-12,en,2023-06-12T00:00:00Z,2023-10-06T00:00:00Z
CUS-0692,Amy,Kim,amy.kim819@syntheticmail.example,+1-264-407-7983,standard,inactive,US,CO,Denver,2022-06-22,es,2022-06-22T00:00:00Z,2024-09-22T00:00:00Z
CUS-0693,Michelle,Thomas,michelle.thomas701@syntheticmail.example,+1-529-418-1746,premium,active,US,MA,Boston,2021-07-16,en,2021-07-16T00:00:00Z,2021-11-22T00:00:00Z
CUS-0694,Jessica,Scott,jessica.scott145@syntheticmail.example,+1-372-913-7060,premium,active,US,WI,Milwaukee,2024-08-27,en,2024-08-27T00:00:00Z,2024-12-29T00:00:00Z
CUS-0695,Justin,Garcia,justin.garcia137@syntheticmail.example,+1-996-361-1256,premium,active,US,NY,New York,2024-03-20,en,2024-03-20T00:00:00Z,2024-03-27T00:00:00Z
CUS-0696,Daniel,Lopez,daniel.lopez724@syntheticmail.example,+1-626-910-8798,business,active,US,TN,Nashville,2023-03-08,en,2023-03-08T00:00:00Z,2023-12-26T00:00:00Z
CUS-0697,Samantha,Wright,samantha.wright536@syntheticmail.example,+1-444-378-1616,premium,active,US,NC,Charlotte,2024-08-14,es,2024-08-14T00:00:00Z,2025-04-26T00:00:00Z
CUS-0698,Brandon,Lopez,brandon.lopez643@syntheticmail.example,+1-556-628-1074,premium,active,US,VA,Richmond,2023-05-18,en,2023-05-18T00:00:00Z,2023-09-15T00:00:00Z
CUS-0699,Shirley,Gonzalez,shirley.gonzalez634@syntheticmail.example,+1-424-675-4409,standard,active,US,PA,Philadelphia,2025-09-09,en,2025-09-09T00:00:00Z,2025-09-23T00:00:00Z
CUS-0700,Diane,Martin,diane.martin702@syntheticmail.example,+1-709-380-3617,business,active,US,NJ,Newark,2025-04-27,en,2025-04-27T00:00:00Z,2025-10-09T00:00:00Z
CUS-0701,George,Torres,george.torres215@syntheticmail.example,+1-542-831-8424,standard,active,US,GA,Atlanta,2022-10-26,fr,2022-10-26T00:00:00Z,2023-02-10T00:00:00Z
CUS-0702,Jonathan,Thompson,jonathan.thompson162@syntheticmail.example,+1-696-727-2901,standard,active,US,MO,St. Louis,2020-04-29,fr,2020-04-29T00:00:00Z,2025-04-24T00:00:00Z
CUS-0703,Emma,Howard,emma.howard334@syntheticmail.example,+1-965-893-6336,standard,suspended,US,GA,Atlanta,2022-03-25,en,2022-03-25T00:00:00Z,2024-01-21T00:00:00Z
CUS-0704,Sandra,Gonzalez,sandra.gonzalez243@syntheticmail.example,+1-404-584-4615,standard,active,US,MN,Minneapolis,2024-08-16,en,2024-08-16T00:00:00Z,2025-04-21T00:00:00Z
CUS-0705,Michael,Parker,michael.parker149@syntheticmail.example,+1-382-596-7119,standard,active,US,TX,Dallas,2025-02-06,fr,2025-02-06T00:00:00Z,2025-05-16T00:00:00Z
CUS-0706,Frank,Rivera,frank.rivera999@syntheticmail.example,+1-543-330-1525,business,active,US,FL,Miami,2022-04-08,en,2022-04-08T00:00:00Z,2023-11-03T00:00:00Z
CUS-0707,Sarah,Anderson,sarah.anderson873@syntheticmail.example,+1-628-375-6629,standard,active,US,NC,Charlotte,2025-02-21,en,2025-02-21T00:00:00Z,2025-05-12T00:00:00Z
CUS-0708,Diane,Brooks,diane.brooks976@syntheticmail.example,+1-791-766-4763,standard,active,US,CO,Denver,2021-11-27,en,2021-11-27T00:00:00Z,2024-08-24T00:00:00Z
CUS-0709,Margaret,Ramos,margaret.ramos485@syntheticmail.example,+1-485-214-8014,business,active,US,VA,Richmond,2025-03-10,en,2025-03-10T00:00:00Z,2025-08-24T00:00:00Z
CUS-0710,Sharon,Howard,sharon.howard228@syntheticmail.example,+1-787-205-7844,standard,active,US,IN,Indianapolis,2021-09-02,en,2021-09-02T00:00:00Z,2025-10-13T00:00:00Z
CUS-0711,Jerry,Cook,jerry.cook35@syntheticmail.example,+1-603-690-2605,standard,active,US,GA,Atlanta,2025-12-15,en,2025-12-15T00:00:00Z,2025-12-17T00:00:00Z
CUS-0712,Brenda,Long,brenda.long13@syntheticmail.example,+1-423-335-6872,standard,active,US,NV,Las Vegas,2024-07-23,es,2024-07-23T00:00:00Z,2024-10-23T00:00:00Z
CUS-0713,Robert,Morris,robert.morris686@syntheticmail.example,+1-920-670-1399,standard,active,US,FL,Orlando,2021-10-24,fr,2021-10-24T00:00:00Z,2022-08-03T00:00:00Z
CUS-0714,Patrick,Phillips,patrick.phillips190@syntheticmail.example,+1-841-675-1022,premium,active,US,MO,St. Louis,2024-02-26,en,2024-02-26T00:00:00Z,2025-01-31T00:00:00Z
CUS-0715,Shirley,Jones,shirley.jones304@syntheticmail.example,+1-914-827-9887,premium,active,US,GA,Atlanta,2023-01-10,es,2023-01-10T00:00:00Z,2023-06-24T00:00:00Z
CUS-0716,Helen,Nelson,helen.nelson754@syntheticmail.example,+1-727-890-6963,standard,active,US,MD,Baltimore,2020-08-12,en,2020-08-12T00:00:00Z,2022-08-30T00:00:00Z
CUS-0717,Cynthia,Richardson,cynthia.richardson42@syntheticmail.example,+1-379-863-2097,premium,inactive,US,PA,Philadelphia,2024-02-09,fr,2024-02-09T00:00:00Z,2024-09-05T00:00:00Z
CUS-0718,Sarah,Nelson,sarah.nelson245@syntheticmail.example,+1-864-689-4437,enterprise,suspended,US,AZ,Phoenix,2021-04-10,fr,2021-04-10T00:00:00Z,2022-07-15T00:00:00Z
CUS-0719,Michelle,Rivera,michelle.rivera920@syntheticmail.example,+1-896-633-5540,standard,active,US,FL,Miami,2025-08-24,en,2025-08-24T00:00:00Z,2025-11-20T00:00:00Z
CUS-0720,Laura,Morales,laura.morales514@syntheticmail.example,+1-681-926-9714,business,active,US,WA,Seattle,2021-05-17,en,2021-05-17T00:00:00Z,2023-11-28T00:00:00Z
CUS-0721,Helen,Mitchell,helen.mitchell820@syntheticmail.example,+1-392-668-2430,standard,active,US,OR,Portland,2020-09-25,en,2020-09-25T00:00:00Z,2022-05-08T00:00:00Z
CUS-0722,Barbara,Wilson,barbara.wilson169@syntheticmail.example,+1-913-351-9131,standard,active,US,FL,Miami,2021-04-03,en,2021-04-03T00:00:00Z,2024-10-08T00:00:00Z
CUS-0723,Robert,Nguyen,robert.nguyen427@syntheticmail.example,+1-685-555-7883,standard,inactive,US,OR,Portland,2021-06-24,es,2021-06-24T00:00:00Z,2021-08-06T00:00:00Z
CUS-0724,Emily,Harris,emily.harris65@syntheticmail.example,+1-732-860-6503,standard,active,US,CA,Los Angeles,2022-08-09,en,2022-08-09T00:00:00Z,2024-06-07T00:00:00Z
CUS-0725,Gary,Ramos,gary.ramos682@syntheticmail.example,+1-761-655-8503,standard,active,US,NV,Las Vegas,2025-12-11,en,2025-12-11T00:00:00Z,2025-12-20T00:00:00Z
CUS-0726,Lisa,King,lisa.king233@syntheticmail.example,+1-495-988-1775,standard,active,US,MI,Detroit,2024-03-03,en,2024-03-03T00:00:00Z,2025-06-12T00:00:00Z
CUS-0727,Lisa,Richardson,lisa.richardson947@syntheticmail.example,+1-386-379-3514,standard,active,US,TX,Houston,2023-03-14,en,2023-03-14T00:00:00Z,2023-06-06T00:00:00Z
CUS-0728,Joshua,Kelly,joshua.kelly130@syntheticmail.example,+1-578-388-4361,premium,inactive,US,NC,Charlotte,2022-12-02,en,2022-12-02T00:00:00Z,2024-09-11T00:00:00Z
CUS-0729,Brian,Jackson,brian.jackson382@syntheticmail.example,+1-746-508-2990,standard,active,US,NC,Charlotte,2021-10-27,en,2021-10-27T00:00:00Z,2022-08-20T00:00:00Z
CUS-0730,Ryan,Green,ryan.green160@syntheticmail.example,+1-539-862-5842,premium,active,US,CA,Los Angeles,2025-09-09,fr,2025-09-09T00:00:00Z,2025-11-21T00:00:00Z
CUS-0731,Christine,Jackson,christine.jackson819@syntheticmail.example,+1-546-905-2840,business,active,US,MA,Boston,2024-12-15,en,2024-12-15T00:00:00Z,2025-02-24T00:00:00Z
CUS-0732,Samuel,Peterson,samuel.peterson120@syntheticmail.example,+1-611-832-4610,standard,active,US,FL,Orlando,2020-04-11,en,2020-04-11T00:00:00Z,2023-12-08T00:00:00Z
CUS-0733,Linda,Cox,linda.cox657@syntheticmail.example,+1-427-985-5553,standard,active,US,TX,Dallas,2025-11-26,en,2025-11-26T00:00:00Z,2025-12-30T00:00:00Z
CUS-0734,Laura,Gray,laura.gray688@syntheticmail.example,+1-603-399-9035,standard,active,US,CA,San Diego,2025-09-27,en,2025-09-27T00:00:00Z,2025-12-01T00:00:00Z
CUS-0735,Linda,Bennett,linda.bennett370@syntheticmail.example,+1-933-637-7056,standard,active,US,OH,Columbus,2021-08-28,en,2021-08-28T00:00:00Z,2023-04-02T00:00:00Z
CUS-0736,Brian,Hall,brian.hall316@syntheticmail.example,+1-420-945-8278,business,active,US,NC,Charlotte,2020-12-24,en,2020-12-24T00:00:00Z,2022-08-07T00:00:00Z
CUS-0737,Christopher,Sanders,christopher.sanders994@syntheticmail.example,+1-946-624-3286,premium,active,US,IN,Indianapolis,2024-10-02,en,2024-10-02T00:00:00Z,2024-12-14T00:00:00Z
CUS-0738,Anthony,Hill,anthony.hill487@syntheticmail.example,+1-543-267-7156,standard,active,US,NJ,Newark,2025-11-21,en,2025-11-21T00:00:00Z,2025-12-31T00:00:00Z
CUS-0739,Paul,Turner,paul.turner180@syntheticmail.example,+1-927-781-3243,standard,active,US,AZ,Phoenix,2025-03-07,en,2025-03-07T00:00:00Z,2025-08-02T00:00:00Z
CUS-0740,Stephen,Morales,stephen.morales44@syntheticmail.example,+1-799-511-9095,premium,inactive,US,VA,Richmond,2023-05-21,en,2023-05-21T00:00:00Z,2024-01-05T00:00:00Z
CUS-0741,Patricia,Smith,patricia.smith158@syntheticmail.example,+1-855-851-8742,standard,active,US,FL,Miami,2023-05-14,es,2023-05-14T00:00:00Z,2025-11-13T00:00:00Z
CUS-0742,Andrew,Turner,andrew.turner184@syntheticmail.example,+1-229-322-5541,premium,active,US,MI,Detroit,2022-09-29,en,2022-09-29T00:00:00Z,2024-10-08T00:00:00Z
CUS-0743,Justin,Morris,justin.morris580@syntheticmail.example,+1-843-902-8799,business,active,US,GA,Atlanta,2022-11-22,en,2022-11-22T00:00:00Z,2025-10-06T00:00:00Z
CUS-0744,Janet,Kelly,janet.kelly18@syntheticmail.example,+1-366-795-1958,standard,active,US,NJ,Newark,2022-11-29,en,2022-11-29T00:00:00Z,2023-09-02T00:00:00Z
CUS-0745,Amanda,Lee,amanda.lee55@syntheticmail.example,+1-629-851-6832,standard,active,US,FL,Miami,2024-01-19,en,2024-01-19T00:00:00Z,2025-07-14T00:00:00Z
CUS-0746,Samantha,Martinez,samantha.martinez527@syntheticmail.example,+1-983-296-3738,premium,active,US,TX,Dallas,2022-01-20,en,2022-01-20T00:00:00Z,2025-11-22T00:00:00Z
CUS-0747,Aaron,Hill,aaron.hill278@syntheticmail.example,+1-298-747-6761,standard,active,US,OR,Portland,2024-01-24,en,2024-01-24T00:00:00Z,2025-07-07T00:00:00Z
CUS-0748,Andrew,Mitchell,andrew.mitchell798@syntheticmail.example,+1-548-366-2678,standard,active,US,MI,Detroit,2024-08-14,en,2024-08-14T00:00:00Z,2024-12-05T00:00:00Z
CUS-0749,Matthew,Bailey,matthew.bailey629@syntheticmail.example,+1-744-929-2867,standard,active,US,NV,Las Vegas,2025-11-23,en,2025-11-23T00:00:00Z,2025-11-30T00:00:00Z
CUS-0750,Thomas,Williams,thomas.williams492@syntheticmail.example,+1-907-571-3277,standard,active,US,PA,Philadelphia,2023-06-30,en,2023-06-30T00:00:00Z,2025-08-19T00:00:00Z
CUS-0751,Carol,Thompson,carol.thompson727@syntheticmail.example,+1-962-321-4643,standard,inactive,US,FL,Orlando,2020-04-27,en,2020-04-27T00:00:00Z,2022-11-11T00:00:00Z
CUS-0752,Donna,Taylor,donna.taylor215@syntheticmail.example,+1-635-907-2830,standard,active,US,NY,Buffalo,2020-11-17,fr,2020-11-17T00:00:00Z,2023-08-05T00:00:00Z
CUS-0753,Dennis,Parker,dennis.parker44@syntheticmail.example,+1-233-875-9412,premium,active,US,TX,Dallas,2021-03-17,en,2021-03-17T00:00:00Z,2021-11-15T00:00:00Z
CUS-0754,Steven,Garcia,steven.garcia68@syntheticmail.example,+1-972-298-3028,premium,active,US,FL,Orlando,2020-02-12,en,2020-02-12T00:00:00Z,2022-05-11T00:00:00Z
CUS-0755,Nancy,Bennett,nancy.bennett360@syntheticmail.example,+1-349-964-5544,premium,active,US,CA,Los Angeles,2021-01-06,en,2021-01-06T00:00:00Z,2021-11-30T00:00:00Z
CUS-0756,Nicholas,Jimenez,nicholas.jimenez747@syntheticmail.example,+1-717-783-2119,standard,active,US,CO,Denver,2022-09-17,fr,2022-09-17T00:00:00Z,2022-10-15T00:00:00Z
CUS-0757,Shirley,Ramirez,shirley.ramirez733@syntheticmail.example,+1-375-972-9800,standard,inactive,US,TX,Dallas,2023-02-28,en,2023-02-28T00:00:00Z,2024-05-11T00:00:00Z
CUS-0758,Nicholas,Price,nicholas.price487@syntheticmail.example,+1-650-889-2758,standard,active,US,PA,Philadelphia,2022-01-28,en,2022-01-28T00:00:00Z,2024-06-14T00:00:00Z
CUS-0759,Margaret,Rogers,margaret.rogers234@syntheticmail.example,+1-979-521-3025,standard,active,US,GA,Atlanta,2021-04-07,en,2021-04-07T00:00:00Z,2022-01-10T00:00:00Z
CUS-0760,Amy,Ross,amy.ross370@syntheticmail.example,+1-770-939-1665,standard,active,US,NV,Las Vegas,2023-03-26,en,2023-03-26T00:00:00Z,2023-07-22T00:00:00Z
CUS-0761,Deborah,Torres,deborah.torres468@syntheticmail.example,+1-903-654-4700,premium,active,US,CO,Denver,2023-07-01,en,2023-07-01T00:00:00Z,2025-11-22T00:00:00Z
CUS-0762,Jason,Harris,jason.harris878@syntheticmail.example,+1-895-576-3937,standard,inactive,US,CA,San Diego,2025-05-02,en,2025-05-02T00:00:00Z,2025-10-21T00:00:00Z
CUS-0763,Susan,Gomez,susan.gomez449@syntheticmail.example,+1-322-346-7468,standard,inactive,US,WA,Seattle,2020-12-14,en,2020-12-14T00:00:00Z,2021-07-10T00:00:00Z
CUS-0764,Jack,Perez,jack.perez67@syntheticmail.example,+1-546-405-7623,standard,active,US,PA,Philadelphia,2022-03-26,en,2022-03-26T00:00:00Z,2025-01-11T00:00:00Z
CUS-0765,Kimberly,Ross,kimberly.ross731@syntheticmail.example,+1-974-859-7557,standard,active,US,WI,Milwaukee,2023-01-23,es,2023-01-23T00:00:00Z,2025-04-30T00:00:00Z
CUS-0766,Gary,Rogers,gary.rogers286@syntheticmail.example,+1-310-325-5107,premium,active,US,NY,Buffalo,2025-02-05,en,2025-02-05T00:00:00Z,2025-12-23T00:00:00Z
CUS-0767,Sarah,Brown,sarah.brown102@syntheticmail.example,+1-269-710-1438,standard,active,US,MN,Minneapolis,2020-08-04,en,2020-08-04T00:00:00Z,2024-05-26T00:00:00Z
CUS-0768,Michelle,Martin,michelle.martin311@syntheticmail.example,+1-978-278-9518,enterprise,active,US,CO,Denver,2021-01-29,en,2021-01-29T00:00:00Z,2022-03-18T00:00:00Z
CUS-0769,Emily,James,emily.james510@syntheticmail.example,+1-467-755-6629,premium,active,US,MI,Detroit,2025-08-29,en,2025-08-29T00:00:00Z,2025-12-28T00:00:00Z
CUS-0770,Maria,Jones,maria.jones441@syntheticmail.example,+1-592-660-6153,standard,active,US,IN,Indianapolis,2021-05-02,en,2021-05-02T00:00:00Z,2021-07-14T00:00:00Z
CUS-0771,John,Thompson,john.thompson571@syntheticmail.example,+1-923-368-9052,standard,active,US,OR,Portland,2023-05-26,en,2023-05-26T00:00:00Z,2025-05-27T00:00:00Z
CUS-0772,Deborah,Morales,deborah.morales783@syntheticmail.example,+1-875-767-9837,premium,active,US,NY,New York,2025-07-02,en,2025-07-02T00:00:00Z,2025-11-22T00:00:00Z
CUS-0773,Christopher,Cook,christopher.cook58@syntheticmail.example,+1-706-805-7189,premium,inactive,US,OH,Columbus,2022-12-14,en,2022-12-14T00:00:00Z,2024-07-18T00:00:00Z
CUS-0774,Michelle,Davis,michelle.davis29@syntheticmail.example,+1-331-575-6715,business,active,US,MA,Boston,2020-07-03,en,2020-07-03T00:00:00Z,2024-10-17T00:00:00Z
CUS-0775,Frank,Baker,frank.baker390@syntheticmail.example,+1-553-565-7749,standard,active,US,NY,New York,2024-10-19,es,2024-10-19T00:00:00Z,2025-02-21T00:00:00Z
CUS-0776,Ashley,Walker,ashley.walker664@syntheticmail.example,+1-904-267-5995,standard,active,US,FL,Orlando,2020-12-13,en,2020-12-13T00:00:00Z,2021-01-22T00:00:00Z
CUS-0777,Jonathan,Adams,jonathan.adams39@syntheticmail.example,+1-781-727-7900,standard,active,US,NC,Charlotte,2024-09-26,es,2024-09-26T00:00:00Z,2025-05-24T00:00:00Z
CUS-0778,Emma,Williams,emma.williams325@syntheticmail.example,+1-530-786-2601,premium,active,US,OH,Columbus,2024-05-17,es,2024-05-17T00:00:00Z,2024-12-13T00:00:00Z
CUS-0779,Carol,Murphy,carol.murphy515@syntheticmail.example,+1-370-829-5907,standard,active,US,MO,St. Louis,2023-10-22,en,2023-10-22T00:00:00Z,2025-03-13T00:00:00Z
CUS-0780,Samantha,Martinez,samantha.martinez861@syntheticmail.example,+1-494-471-1778,standard,active,US,NJ,Newark,2022-05-26,en,2022-05-26T00:00:00Z,2023-08-31T00:00:00Z
CUS-0781,Helen,Myers,helen.myers981@syntheticmail.example,+1-806-544-5478,standard,active,US,CA,San Diego,2021-01-23,en,2021-01-23T00:00:00Z,2023-09-23T00:00:00Z
CUS-0782,Jason,Clark,jason.clark356@syntheticmail.example,+1-867-509-9268,standard,active,US,MO,St. Louis,2020-11-10,es,2020-11-10T00:00:00Z,2023-11-20T00:00:00Z
CUS-0783,Joshua,Sanchez,joshua.sanchez425@syntheticmail.example,+1-839-727-8425,business,suspended,US,OH,Columbus,2022-10-26,en,2022-10-26T00:00:00Z,2023-10-30T00:00:00Z
CUS-0784,Robert,Watson,robert.watson721@syntheticmail.example,+1-790-711-4489,premium,suspended,US,WA,Seattle,2022-02-03,en,2022-02-03T00:00:00Z,2023-08-05T00:00:00Z
CUS-0785,Samantha,Morgan,samantha.morgan829@syntheticmail.example,+1-779-944-1981,premium,active,US,CO,Denver,2024-11-11,en,2024-11-11T00:00:00Z,2025-07-05T00:00:00Z
CUS-0786,Charles,Walker,charles.walker155@syntheticmail.example,+1-645-620-6220,standard,active,US,MN,Minneapolis,2023-05-14,en,2023-05-14T00:00:00Z,2025-09-26T00:00:00Z
CUS-0787,Edward,Wright,edward.wright844@syntheticmail.example,+1-462-903-4868,standard,active,US,FL,Orlando,2021-10-19,en,2021-10-19T00:00:00Z,2022-08-22T00:00:00Z
CUS-0788,Matthew,Brown,matthew.brown252@syntheticmail.example,+1-675-697-8145,standard,active,US,MO,St. Louis,2023-06-25,en,2023-06-25T00:00:00Z,2024-01-17T00:00:00Z
CUS-0789,Christopher,Wright,christopher.wright140@syntheticmail.example,+1-484-874-3883,premium,active,US,CA,Los Angeles,2022-11-24,fr,2022-11-24T00:00:00Z,2025-08-15T00:00:00Z
CUS-0790,Tyler,Williams,tyler.williams57@syntheticmail.example,+1-521-816-5882,standard,active,US,NJ,Newark,2020-12-09,en,2020-12-09T00:00:00Z,2024-09-14T00:00:00Z
CUS-0791,Gregory,Lopez,gregory.lopez407@syntheticmail.example,+1-441-314-9196,standard,active,US,VA,Richmond,2021-07-29,es,2021-07-29T00:00:00Z,2024-10-29T00:00:00Z
CUS-0792,Heather,Ortiz,heather.ortiz258@syntheticmail.example,+1-443-814-3003,enterprise,active,US,MI,Detroit,2021-01-04,en,2021-01-04T00:00:00Z,2025-09-04T00:00:00Z
CUS-0793,Justin,Patel,justin.patel400@syntheticmail.example,+1-633-423-3363,standard,active,US,MO,St. Louis,2022-08-24,en,2022-08-24T00:00:00Z,2024-03-08T00:00:00Z
CUS-0794,Jeffrey,Evans,jeffrey.evans261@syntheticmail.example,+1-702-746-7139,business,active,US,NJ,Newark,2020-08-17,en,2020-08-17T00:00:00Z,2023-09-08T00:00:00Z
CUS-0795,Jason,Stewart,jason.stewart700@syntheticmail.example,+1-348-571-8786,business,active,US,TX,Austin,2023-02-11,en,2023-02-11T00:00:00Z,2023-03-26T00:00:00Z
CUS-0796,Benjamin,Cox,benjamin.cox36@syntheticmail.example,+1-907-887-4926,standard,active,US,VA,Richmond,2020-08-11,en,2020-08-11T00:00:00Z,2022-05-06T00:00:00Z
CUS-0797,Samantha,Hughes,samantha.hughes372@syntheticmail.example,+1-747-442-8248,standard,active,US,IN,Indianapolis,2021-05-14,en,2021-05-14T00:00:00Z,2022-10-19T00:00:00Z
CUS-0798,Kenneth,Lopez,kenneth.lopez959@syntheticmail.example,+1-504-415-3625,standard,active,US,VA,Richmond,2022-08-22,en,2022-08-22T00:00:00Z,2024-12-01T00:00:00Z
CUS-0799,Diane,Jones,diane.jones281@syntheticmail.example,+1-998-703-8718,business,active,US,NJ,Newark,2020-11-24,en,2020-11-24T00:00:00Z,2024-12-02T00:00:00Z
CUS-0800,Jason,Gonzalez,jason.gonzalez845@syntheticmail.example,+1-718-267-6764,standard,active,US,TX,Houston,2022-12-04,fr,2022-12-04T00:00:00Z,2025-12-29T00:00:00Z
CUS-0801,Jack,Adams,jack.adams465@syntheticmail.example,+1-980-253-4010,premium,active,US,NV,Las Vegas,2020-04-22,es,2020-04-22T00:00:00Z,2021-10-31T00:00:00Z
CUS-0802,James,Phillips,james.phillips205@syntheticmail.example,+1-521-789-2347,standard,active,US,TN,Nashville,2023-06-05,en,2023-06-05T00:00:00Z,2024-11-14T00:00:00Z
CUS-0803,Carolyn,Foster,carolyn.foster851@syntheticmail.example,+1-808-902-7722,standard,active,US,TN,Nashville,2021-06-16,en,2021-06-16T00:00:00Z,2025-07-30T00:00:00Z
CUS-0804,Sarah,King,sarah.king178@syntheticmail.example,+1-488-403-2382,standard,active,US,OR,Portland,2023-09-03,en,2023-09-03T00:00:00Z,2024-10-09T00:00:00Z
CUS-0805,Timothy,Kelly,timothy.kelly230@syntheticmail.example,+1-771-862-4747,standard,active,US,CA,Los Angeles,2020-04-04,en,2020-04-04T00:00:00Z,2023-03-12T00:00:00Z
CUS-0806,Rachel,Perez,rachel.perez51@syntheticmail.example,+1-814-466-3445,standard,active,US,OH,Columbus,2024-10-22,en,2024-10-22T00:00:00Z,2025-08-08T00:00:00Z
CUS-0807,Jessica,Johnson,jessica.johnson736@syntheticmail.example,+1-991-664-9096,standard,active,US,WA,Seattle,2024-11-17,es,2024-11-17T00:00:00Z,2025-03-01T00:00:00Z
CUS-0808,Matthew,Wright,matthew.wright295@syntheticmail.example,+1-591-333-8066,standard,active,US,MN,Minneapolis,2025-07-17,en,2025-07-17T00:00:00Z,2025-09-27T00:00:00Z
CUS-0809,Janet,Gray,janet.gray194@syntheticmail.example,+1-618-349-1471,standard,active,US,GA,Atlanta,2022-01-08,en,2022-01-08T00:00:00Z,2025-06-26T00:00:00Z
CUS-0810,Laura,Young,laura.young379@syntheticmail.example,+1-287-210-8682,standard,active,US,MA,Boston,2025-02-19,es,2025-02-19T00:00:00Z,2025-09-10T00:00:00Z
CUS-0811,Debra,Ramirez,debra.ramirez731@syntheticmail.example,+1-953-811-5198,standard,active,US,OH,Columbus,2024-09-29,en,2024-09-29T00:00:00Z,2024-10-29T00:00:00Z
CUS-0812,Michael,Nelson,michael.nelson954@syntheticmail.example,+1-562-820-1745,standard,active,US,TX,Austin,2025-04-12,en,2025-04-12T00:00:00Z,2025-10-24T00:00:00Z
CUS-0813,Kenneth,Gomez,kenneth.gomez688@syntheticmail.example,+1-772-242-3938,standard,active,US,PA,Philadelphia,2021-06-25,en,2021-06-25T00:00:00Z,2024-03-30T00:00:00Z
CUS-0814,Carol,Reyes,carol.reyes136@syntheticmail.example,+1-927-743-8093,standard,active,US,CA,San Diego,2023-07-23,en,2023-07-23T00:00:00Z,2024-06-07T00:00:00Z
CUS-0815,Jennifer,Taylor,jennifer.taylor512@syntheticmail.example,+1-965-569-8046,standard,active,US,NJ,Newark,2023-02-24,en,2023-02-24T00:00:00Z,2024-08-17T00:00:00Z
CUS-0816,Eric,Green,eric.green447@syntheticmail.example,+1-523-954-9049,enterprise,active,US,IN,Indianapolis,2021-11-06,en,2021-11-06T00:00:00Z,2025-07-14T00:00:00Z
CUS-0817,Samantha,Cruz,samantha.cruz55@syntheticmail.example,+1-255-435-4000,standard,active,US,TX,Dallas,2021-08-31,en,2021-08-31T00:00:00Z,2022-07-31T00:00:00Z
CUS-0818,Patrick,Reyes,patrick.reyes447@syntheticmail.example,+1-241-652-6841,business,active,US,NY,New York,2025-07-20,en,2025-07-20T00:00:00Z,2025-11-14T00:00:00Z
CUS-0819,Amy,Anderson,amy.anderson867@syntheticmail.example,+1-326-557-2533,standard,active,US,MN,Minneapolis,2021-08-29,en,2021-08-29T00:00:00Z,2022-08-08T00:00:00Z
CUS-0820,Catherine,Rogers,catherine.rogers843@syntheticmail.example,+1-797-204-9618,enterprise,active,US,FL,Miami,2022-05-19,en,2022-05-19T00:00:00Z,2024-09-17T00:00:00Z
CUS-0821,Barbara,Young,barbara.young787@syntheticmail.example,+1-536-226-5657,business,inactive,US,MI,Detroit,2021-01-21,en,2021-01-21T00:00:00Z,2023-04-08T00:00:00Z
CUS-0822,Melissa,Ramos,melissa.ramos952@syntheticmail.example,+1-357-229-2328,standard,inactive,US,NY,New York,2023-08-18,es,2023-08-18T00:00:00Z,2024-12-21T00:00:00Z
CUS-0823,Ryan,Watson,ryan.watson979@syntheticmail.example,+1-537-244-8423,standard,inactive,US,FL,Miami,2020-01-24,fr,2020-01-24T00:00:00Z,2021-07-06T00:00:00Z
CUS-0824,Margaret,Miller,margaret.miller821@syntheticmail.example,+1-530-256-2158,premium,active,US,TN,Nashville,2023-03-04,en,2023-03-04T00:00:00Z,2023-09-09T00:00:00Z
CUS-0825,Stephanie,Allen,stephanie.allen183@syntheticmail.example,+1-291-221-4411,standard,active,US,TX,Austin,2024-06-21,fr,2024-06-21T00:00:00Z,2025-08-07T00:00:00Z
CUS-0826,Andrew,Chavez,andrew.chavez771@syntheticmail.example,+1-323-505-9042,standard,inactive,US,TN,Nashville,2021-09-23,en,2021-09-23T00:00:00Z,2025-07-26T00:00:00Z
CUS-0827,Nicole,Taylor,nicole.taylor368@syntheticmail.example,+1-576-724-4274,premium,active,US,OR,Portland,2021-01-28,en,2021-01-28T00:00:00Z,2023-09-30T00:00:00Z
CUS-0828,Paul,Reed,paul.reed615@syntheticmail.example,+1-974-632-7033,premium,active,US,GA,Atlanta,2021-01-04,en,2021-01-04T00:00:00Z,2024-07-18T00:00:00Z
CUS-0829,Jason,Lopez,jason.lopez42@syntheticmail.example,+1-674-892-4673,premium,inactive,US,WA,Seattle,2023-10-31,es,2023-10-31T00:00:00Z,2024-04-06T00:00:00Z
CUS-0830,Amy,Ortiz,amy.ortiz645@syntheticmail.example,+1-285-497-8671,standard,active,US,TN,Nashville,2025-11-19,en,2025-11-19T00:00:00Z,2025-12-08T00:00:00Z
CUS-0831,Karen,Taylor,karen.taylor701@syntheticmail.example,+1-454-735-8007,standard,active,US,IN,Indianapolis,2023-05-15,en,2023-05-15T00:00:00Z,2024-11-29T00:00:00Z
CUS-0832,Barbara,Garcia,barbara.garcia526@syntheticmail.example,+1-635-622-2548,standard,active,US,NY,New York,2025-09-22,fr,2025-09-22T00:00:00Z,2025-12-03T00:00:00Z
CUS-0833,Steven,Rivera,steven.rivera261@syntheticmail.example,+1-987-715-1266,standard,inactive,US,MA,Boston,2020-11-30,es,2020-11-30T00:00:00Z,2023-07-05T00:00:00Z
CUS-0834,Daniel,White,daniel.white864@syntheticmail.example,+1-285-626-5876,standard,active,US,OH,Columbus,2020-07-04,fr,2020-07-04T00:00:00Z,2023-01-21T00:00:00Z
CUS-0835,Dennis,Bennett,dennis.bennett461@syntheticmail.example,+1-549-391-4458,standard,active,US,CO,Denver,2022-12-21,fr,2022-12-21T00:00:00Z,2024-06-04T00:00:00Z
CUS-0836,Samuel,Wilson,samuel.wilson445@syntheticmail.example,+1-205-604-2911,standard,active,US,AZ,Phoenix,2020-03-14,es,2020-03-14T00:00:00Z,2025-07-20T00:00:00Z
CUS-0837,Ryan,Ruiz,ryan.ruiz415@syntheticmail.example,+1-510-833-6910,business,inactive,US,NJ,Newark,2025-06-16,es,2025-06-16T00:00:00Z,2025-12-05T00:00:00Z
CUS-0838,Ronald,Hill,ronald.hill90@syntheticmail.example,+1-214-395-2833,standard,inactive,US,NY,Buffalo,2021-07-07,en,2021-07-07T00:00:00Z,2021-08-30T00:00:00Z
CUS-0839,Anthony,Morris,anthony.morris665@syntheticmail.example,+1-646-841-9824,standard,active,US,NY,Buffalo,2022-09-17,en,2022-09-17T00:00:00Z,2025-04-23T00:00:00Z
CUS-0840,Charles,Stewart,charles.stewart433@syntheticmail.example,+1-370-356-8295,premium,active,US,CA,Los Angeles,2021-04-22,en,2021-04-22T00:00:00Z,2023-10-29T00:00:00Z
CUS-0841,Justin,Young,justin.young207@syntheticmail.example,+1-252-541-1129,standard,active,US,FL,Orlando,2024-05-23,es,2024-05-23T00:00:00Z,2025-08-08T00:00:00Z
CUS-0842,Rebecca,Murphy,rebecca.murphy755@syntheticmail.example,+1-237-699-7548,premium,active,US,MA,Boston,2023-04-06,en,2023-04-06T00:00:00Z,2025-04-17T00:00:00Z
CUS-0843,Brandon,Gray,brandon.gray927@syntheticmail.example,+1-437-931-1994,premium,active,US,VA,Richmond,2025-06-21,en,2025-06-21T00:00:00Z,2025-11-15T00:00:00Z
CUS-0844,Joshua,Peterson,joshua.peterson66@syntheticmail.example,+1-684-319-9106,premium,active,US,FL,Miami,2024-09-04,en,2024-09-04T00:00:00Z,2025-04-21T00:00:00Z
CUS-0845,Rachel,Parker,rachel.parker22@syntheticmail.example,+1-943-396-8688,standard,active,US,TX,Houston,2023-03-25,en,2023-03-25T00:00:00Z,2024-08-25T00:00:00Z
CUS-0846,Mark,Ramos,mark.ramos931@syntheticmail.example,+1-816-932-8675,standard,active,US,OR,Portland,2023-10-21,fr,2023-10-21T00:00:00Z,2025-10-18T00:00:00Z
CUS-0847,Deborah,Turner,deborah.turner854@syntheticmail.example,+1-683-365-4394,standard,inactive,US,OR,Portland,2024-01-15,fr,2024-01-15T00:00:00Z,2024-04-12T00:00:00Z
CUS-0848,Christine,Morris,christine.morris133@syntheticmail.example,+1-360-820-9063,standard,active,US,TX,Houston,2022-03-28,en,2022-03-28T00:00:00Z,2023-12-09T00:00:00Z
CUS-0849,Donald,Clark,donald.clark571@syntheticmail.example,+1-567-467-6849,business,active,US,CA,San Francisco,2020-03-15,en,2020-03-15T00:00:00Z,2025-11-06T00:00:00Z
CUS-0850,John,Rodriguez,john.rodriguez346@syntheticmail.example,+1-832-432-2977,premium,active,US,GA,Atlanta,2021-04-11,en,2021-04-11T00:00:00Z,2022-09-21T00:00:00Z
CUS-0851,Carol,Rivera,carol.rivera788@syntheticmail.example,+1-354-906-9444,premium,inactive,US,CA,San Francisco,2022-12-31,en,2022-12-31T00:00:00Z,2023-04-13T00:00:00Z
CUS-0852,Jeffrey,Collins,jeffrey.collins986@syntheticmail.example,+1-308-825-2669,premium,active,US,VA,Richmond,2021-03-30,en,2021-03-30T00:00:00Z,2021-10-31T00:00:00Z
CUS-0853,Lisa,Watson,lisa.watson121@syntheticmail.example,+1-570-360-5786,business,active,US,NJ,Newark,2022-04-21,fr,2022-04-21T00:00:00Z,2025-02-20T00:00:00Z
CUS-0854,Amy,Sanders,amy.sanders892@syntheticmail.example,+1-862-572-6482,standard,active,US,NY,New York,2021-09-23,en,2021-09-23T00:00:00Z,2024-03-10T00:00:00Z
CUS-0855,Rebecca,Foster,rebecca.foster788@syntheticmail.example,+1-685-549-5698,premium,active,US,CA,Los Angeles,2022-10-01,en,2022-10-01T00:00:00Z,2024-03-28T00:00:00Z
CUS-0856,Melissa,Alvarez,melissa.alvarez773@syntheticmail.example,+1-844-880-5021,standard,suspended,US,GA,Atlanta,2024-01-17,fr,2024-01-17T00:00:00Z,2025-07-12T00:00:00Z
CUS-0857,Rebecca,Robinson,rebecca.robinson142@syntheticmail.example,+1-623-619-8516,premium,inactive,US,MO,St. Louis,2024-10-22,en,2024-10-22T00:00:00Z,2024-11-06T00:00:00Z
CUS-0858,Jeffrey,Jackson,jeffrey.jackson789@syntheticmail.example,+1-271-286-6542,standard,active,US,CA,Los Angeles,2025-10-20,fr,2025-10-20T00:00:00Z,2025-11-10T00:00:00Z
CUS-0859,Sharon,Davis,sharon.davis403@syntheticmail.example,+1-876-856-3473,premium,active,US,WI,Milwaukee,2020-05-31,es,2020-05-31T00:00:00Z,2025-11-28T00:00:00Z
CUS-0860,Carolyn,James,carolyn.james897@syntheticmail.example,+1-629-611-5986,business,suspended,US,WA,Seattle,2023-04-26,en,2023-04-26T00:00:00Z,2025-11-12T00:00:00Z
CUS-0861,Brian,Johnson,brian.johnson847@syntheticmail.example,+1-825-350-7618,standard,active,US,FL,Miami,2025-12-01,en,2025-12-01T00:00:00Z,2025-12-29T00:00:00Z
CUS-0862,Rachel,Hall,rachel.hall909@syntheticmail.example,+1-994-402-5940,standard,active,US,MO,St. Louis,2024-07-14,en,2024-07-14T00:00:00Z,2025-06-21T00:00:00Z
CUS-0863,Deborah,Castillo,deborah.castillo737@syntheticmail.example,+1-732-753-5651,standard,active,US,MN,Minneapolis,2021-05-31,en,2021-05-31T00:00:00Z,2024-07-04T00:00:00Z
CUS-0864,Donna,Gutierrez,donna.gutierrez349@syntheticmail.example,+1-223-228-9846,premium,active,US,WI,Milwaukee,2021-10-17,en,2021-10-17T00:00:00Z,2023-07-01T00:00:00Z
CUS-0865,Alexander,Diaz,alexander.diaz518@syntheticmail.example,+1-581-465-9314,standard,active,US,NY,New York,2020-09-02,en,2020-09-02T00:00:00Z,2024-11-29T00:00:00Z
CUS-0866,Katherine,Thomas,katherine.thomas460@syntheticmail.example,+1-664-547-4868,enterprise,active,US,FL,Orlando,2020-01-22,en,2020-01-22T00:00:00Z,2022-09-05T00:00:00Z
CUS-0867,Brian,Hill,brian.hill292@syntheticmail.example,+1-931-586-9514,business,active,US,OR,Portland,2021-07-27,en,2021-07-27T00:00:00Z,2023-05-29T00:00:00Z
CUS-0868,Eric,Howard,eric.howard198@syntheticmail.example,+1-665-300-3401,business,active,US,VA,Richmond,2024-01-19,en,2024-01-19T00:00:00Z,2024-04-11T00:00:00Z
CUS-0869,Elizabeth,Davis,elizabeth.davis436@syntheticmail.example,+1-687-419-8309,standard,active,US,IN,Indianapolis,2021-06-16,es,2021-06-16T00:00:00Z,2024-05-28T00:00:00Z
CUS-0870,Stephanie,Ramos,stephanie.ramos573@syntheticmail.example,+1-470-798-9172,premium,active,US,WA,Seattle,2024-06-05,en,2024-06-05T00:00:00Z,2025-10-19T00:00:00Z
CUS-0871,Janet,Turner,janet.turner844@syntheticmail.example,+1-717-330-8942,business,active,US,TX,Houston,2021-08-14,en,2021-08-14T00:00:00Z,2025-07-26T00:00:00Z
CUS-0872,Angela,Ortiz,angela.ortiz121@syntheticmail.example,+1-666-684-1534,enterprise,active,US,NV,Las Vegas,2022-05-20,en,2022-05-20T00:00:00Z,2024-06-14T00:00:00Z
CUS-0873,Jessica,Cox,jessica.cox873@syntheticmail.example,+1-323-578-5744,standard,active,US,GA,Atlanta,2021-03-27,en,2021-03-27T00:00:00Z,2021-11-23T00:00:00Z
CUS-0874,Melissa,Flores,melissa.flores384@syntheticmail.example,+1-697-228-3340,standard,active,US,FL,Orlando,2023-04-19,en,2023-04-19T00:00:00Z,2023-06-07T00:00:00Z
CUS-0875,Donna,Torres,donna.torres221@syntheticmail.example,+1-202-325-9970,standard,active,US,TX,Houston,2025-06-25,en,2025-06-25T00:00:00Z,2025-10-09T00:00:00Z
CUS-0876,Kathleen,Kelly,kathleen.kelly318@syntheticmail.example,+1-545-586-8786,business,active,US,MA,Boston,2025-01-26,en,2025-01-26T00:00:00Z,2025-04-06T00:00:00Z
CUS-0877,Nicholas,Brooks,nicholas.brooks472@syntheticmail.example,+1-883-659-3440,business,active,US,WI,Milwaukee,2025-01-16,en,2025-01-16T00:00:00Z,2025-12-01T00:00:00Z
CUS-0878,Christine,Richardson,christine.richardson420@syntheticmail.example,+1-604-547-9863,standard,inactive,US,OH,Columbus,2022-08-11,en,2022-08-11T00:00:00Z,2024-03-01T00:00:00Z
CUS-0879,Benjamin,Lopez,benjamin.lopez887@syntheticmail.example,+1-785-845-6060,premium,active,US,TX,Houston,2020-04-11,en,2020-04-11T00:00:00Z,2021-03-25T00:00:00Z
CUS-0880,Matthew,Richardson,matthew.richardson555@syntheticmail.example,+1-783-734-4103,enterprise,active,US,MA,Boston,2020-08-04,en,2020-08-04T00:00:00Z,2025-08-14T00:00:00Z
CUS-0881,Robert,Thomas,robert.thomas675@syntheticmail.example,+1-384-219-5504,standard,active,US,MD,Baltimore,2025-12-18,es,2025-12-18T00:00:00Z,2025-12-31T00:00:00Z
CUS-0882,Justin,Cruz,justin.cruz87@syntheticmail.example,+1-821-528-7583,premium,active,US,MO,St. Louis,2025-12-25,en,2025-12-25T00:00:00Z,2025-12-25T00:00:00Z
CUS-0883,Carol,Parker,carol.parker185@syntheticmail.example,+1-740-524-7258,standard,active,US,GA,Atlanta,2020-04-08,en,2020-04-08T00:00:00Z,2021-05-19T00:00:00Z
CUS-0884,Anna,Perez,anna.perez293@syntheticmail.example,+1-461-986-2468,standard,active,US,NY,Buffalo,2022-01-18,en,2022-01-18T00:00:00Z,2025-11-07T00:00:00Z
CUS-0885,Lisa,Davis,lisa.davis630@syntheticmail.example,+1-227-930-1958,standard,active,US,IL,Chicago,2022-01-13,en,2022-01-13T00:00:00Z,2023-10-30T00:00:00Z
CUS-0886,Charles,Evans,charles.evans915@syntheticmail.example,+1-584-323-1849,standard,active,US,IL,Chicago,2022-11-22,fr,2022-11-22T00:00:00Z,2024-03-20T00:00:00Z
CUS-0887,Amy,Rogers,amy.rogers771@syntheticmail.example,+1-317-475-1993,standard,active,US,WA,Seattle,2024-04-26,en,2024-04-26T00:00:00Z,2025-06-16T00:00:00Z
CUS-0888,David,Morris,david.morris30@syntheticmail.example,+1-219-475-2663,standard,suspended,US,GA,Atlanta,2022-08-15,en,2022-08-15T00:00:00Z,2023-04-29T00:00:00Z
CUS-0889,Kenneth,Reed,kenneth.reed417@syntheticmail.example,+1-851-712-4333,standard,active,US,NC,Charlotte,2020-12-09,en,2020-12-09T00:00:00Z,2021-11-18T00:00:00Z
CUS-0890,Tyler,Young,tyler.young551@syntheticmail.example,+1-242-201-8612,premium,active,US,GA,Atlanta,2025-01-24,es,2025-01-24T00:00:00Z,2025-04-19T00:00:00Z
CUS-0891,James,Davis,james.davis956@syntheticmail.example,+1-479-812-5110,business,active,US,MD,Baltimore,2025-05-29,en,2025-05-29T00:00:00Z,2025-12-30T00:00:00Z
CUS-0892,Frank,Ramirez,frank.ramirez600@syntheticmail.example,+1-488-246-3644,business,active,US,VA,Richmond,2025-09-21,en,2025-09-21T00:00:00Z,2025-09-29T00:00:00Z
CUS-0893,Kenneth,Lopez,kenneth.lopez405@syntheticmail.example,+1-343-942-5578,standard,active,US,NV,Las Vegas,2021-05-18,en,2021-05-18T00:00:00Z,2024-03-16T00:00:00Z
CUS-0894,Aaron,Green,aaron.green906@syntheticmail.example,+1-850-467-8417,standard,active,US,OR,Portland,2023-11-04,es,2023-11-04T00:00:00Z,2024-09-28T00:00:00Z
CUS-0895,Carol,Clark,carol.clark471@syntheticmail.example,+1-216-908-3190,premium,active,US,CO,Denver,2023-09-07,en,2023-09-07T00:00:00Z,2025-01-06T00:00:00Z
CUS-0896,James,Johnson,james.johnson689@syntheticmail.example,+1-769-913-9011,enterprise,active,US,TX,Houston,2024-08-19,en,2024-08-19T00:00:00Z,2024-09-29T00:00:00Z
CUS-0897,Tyler,Wood,tyler.wood667@syntheticmail.example,+1-887-655-3022,standard,active,US,CA,San Diego,2020-05-06,en,2020-05-06T00:00:00Z,2024-05-11T00:00:00Z
CUS-0898,Deborah,Thompson,deborah.thompson860@syntheticmail.example,+1-327-673-7069,standard,active,US,WI,Milwaukee,2020-02-04,en,2020-02-04T00:00:00Z,2022-07-30T00:00:00Z
CUS-0899,Catherine,Williams,catherine.williams777@syntheticmail.example,+1-396-292-5967,business,active,US,FL,Miami,2024-01-05,en,2024-01-05T00:00:00Z,2025-05-24T00:00:00Z
CUS-0900,George,Jones,george.jones288@syntheticmail.example,+1-207-400-7489,standard,active,US,MI,Detroit,2022-05-06,en,2022-05-06T00:00:00Z,2025-02-23T00:00:00Z
CUS-0901,Amy,Perez,amy.perez566@syntheticmail.example,+1-266-802-3101,enterprise,active,US,TX,Dallas,2021-12-19,en,2021-12-19T00:00:00Z,2023-06-03T00:00:00Z
CUS-0902,Larry,Robinson,larry.robinson903@syntheticmail.example,+1-396-894-1378,business,inactive,US,WA,Seattle,2023-01-28,en,2023-01-28T00:00:00Z,2024-06-28T00:00:00Z
CUS-0903,Debra,Bailey,debra.bailey905@syntheticmail.example,+1-637-856-1849,standard,active,US,NC,Charlotte,2020-01-09,en,2020-01-09T00:00:00Z,2023-02-04T00:00:00Z
CUS-0904,Jessica,Mendoza,jessica.mendoza531@syntheticmail.example,+1-570-729-1712,business,active,US,NC,Charlotte,2025-07-22,en,2025-07-22T00:00:00Z,2025-10-01T00:00:00Z
CUS-0905,Rebecca,Morgan,rebecca.morgan460@syntheticmail.example,+1-601-399-6483,standard,active,US,IL,Chicago,2020-01-22,en,2020-01-22T00:00:00Z,2022-08-03T00:00:00Z
CUS-0906,Raymond,Diaz,raymond.diaz981@syntheticmail.example,+1-401-368-6394,standard,active,US,CA,San Diego,2022-10-20,es,2022-10-20T00:00:00Z,2023-05-06T00:00:00Z
CUS-0907,Patricia,Morris,patricia.morris443@syntheticmail.example,+1-806-841-6477,standard,active,US,MO,St. Louis,2020-04-08,en,2020-04-08T00:00:00Z,2025-07-30T00:00:00Z
CUS-0908,Donald,Baker,donald.baker853@syntheticmail.example,+1-732-442-2194,enterprise,active,US,CA,San Francisco,2023-09-28,en,2023-09-28T00:00:00Z,2024-12-20T00:00:00Z
CUS-0909,Maria,Gonzalez,maria.gonzalez641@syntheticmail.example,+1-287-262-1546,standard,active,US,NC,Charlotte,2021-05-26,es,2021-05-26T00:00:00Z,2021-10-06T00:00:00Z
CUS-0910,Tyler,Taylor,tyler.taylor64@syntheticmail.example,+1-256-508-8075,standard,active,US,MD,Baltimore,2024-12-15,es,2024-12-15T00:00:00Z,2025-01-12T00:00:00Z
CUS-0911,Brenda,Miller,brenda.miller302@syntheticmail.example,+1-611-298-7735,standard,active,US,NJ,Newark,2024-04-11,es,2024-04-11T00:00:00Z,2024-04-21T00:00:00Z
CUS-0912,Ryan,Roberts,ryan.roberts476@syntheticmail.example,+1-835-834-2659,standard,active,US,MO,St. Louis,2024-10-19,es,2024-10-19T00:00:00Z,2025-11-23T00:00:00Z
CUS-0913,Patricia,Collins,patricia.collins530@syntheticmail.example,+1-310-305-1201,premium,inactive,US,IL,Chicago,2022-02-27,en,2022-02-27T00:00:00Z,2025-06-25T00:00:00Z
CUS-0914,Diane,Harris,diane.harris927@syntheticmail.example,+1-852-721-5198,standard,active,US,MA,Boston,2021-05-31,en,2021-05-31T00:00:00Z,2025-06-23T00:00:00Z
CUS-0915,Helen,Cruz,helen.cruz191@syntheticmail.example,+1-245-261-3091,standard,active,US,TX,Austin,2021-07-17,en,2021-07-17T00:00:00Z,2024-06-01T00:00:00Z
CUS-0916,Katherine,Long,katherine.long367@syntheticmail.example,+1-350-680-6057,premium,active,US,FL,Orlando,2021-08-19,en,2021-08-19T00:00:00Z,2023-09-13T00:00:00Z
CUS-0917,Mary,Gutierrez,mary.gutierrez601@syntheticmail.example,+1-258-443-9308,premium,active,US,OR,Portland,2021-08-15,en,2021-08-15T00:00:00Z,2023-07-20T00:00:00Z
CUS-0918,Betty,Sanchez,betty.sanchez656@syntheticmail.example,+1-270-549-4102,business,active,US,MD,Baltimore,2022-04-04,es,2022-04-04T00:00:00Z,2024-11-16T00:00:00Z
CUS-0919,Scott,Ruiz,scott.ruiz340@syntheticmail.example,+1-830-506-7859,standard,active,US,NJ,Newark,2023-10-06,en,2023-10-06T00:00:00Z,2025-01-13T00:00:00Z
CUS-0920,Diane,Garcia,diane.garcia508@syntheticmail.example,+1-854-428-4772,standard,active,US,TX,Austin,2020-01-16,en,2020-01-16T00:00:00Z,2022-09-21T00:00:00Z
CUS-0921,Kathleen,Patel,kathleen.patel787@syntheticmail.example,+1-957-584-4363,standard,active,US,VA,Richmond,2023-09-19,en,2023-09-19T00:00:00Z,2024-09-24T00:00:00Z
CUS-0922,Mary,Martinez,mary.martinez367@syntheticmail.example,+1-345-497-8215,standard,active,US,CA,Los Angeles,2021-04-16,en,2021-04-16T00:00:00Z,2025-07-31T00:00:00Z
CUS-0923,George,Garcia,george.garcia999@syntheticmail.example,+1-402-490-3853,standard,active,US,CA,Los Angeles,2022-03-26,fr,2022-03-26T00:00:00Z,2023-03-17T00:00:00Z
CUS-0924,Carol,Peterson,carol.peterson252@syntheticmail.example,+1-222-380-5289,standard,active,US,TX,Houston,2022-03-13,es,2022-03-13T00:00:00Z,2022-12-19T00:00:00Z
CUS-0925,Timothy,Wood,timothy.wood807@syntheticmail.example,+1-546-415-5998,standard,active,US,IN,Indianapolis,2021-03-30,en,2021-03-30T00:00:00Z,2025-10-12T00:00:00Z
CUS-0926,Melissa,James,melissa.james176@syntheticmail.example,+1-928-266-2941,standard,active,US,WA,Seattle,2024-11-11,en,2024-11-11T00:00:00Z,2025-02-17T00:00:00Z
CUS-0927,Jonathan,Carter,jonathan.carter712@syntheticmail.example,+1-813-639-5006,standard,suspended,US,PA,Philadelphia,2023-07-26,en,2023-07-26T00:00:00Z,2025-03-18T00:00:00Z
CUS-0928,Matthew,Morgan,matthew.morgan302@syntheticmail.example,+1-535-453-1872,premium,active,US,MO,St. Louis,2021-08-31,en,2021-08-31T00:00:00Z,2024-07-06T00:00:00Z
CUS-0929,Justin,Morales,justin.morales215@syntheticmail.example,+1-681-879-2062,standard,active,US,MN,Minneapolis,2020-11-29,en,2020-11-29T00:00:00Z,2025-02-14T00:00:00Z
CUS-0930,Benjamin,Long,benjamin.long522@syntheticmail.example,+1-731-675-3932,standard,inactive,US,PA,Philadelphia,2025-08-04,en,2025-08-04T00:00:00Z,2025-12-16T00:00:00Z
CUS-0931,Raymond,Morris,raymond.morris733@syntheticmail.example,+1-474-795-7569,premium,active,US,MI,Detroit,2025-04-24,es,2025-04-24T00:00:00Z,2025-05-03T00:00:00Z
CUS-0932,Anthony,Lewis,anthony.lewis917@syntheticmail.example,+1-440-605-4581,standard,active,US,TX,Dallas,2025-01-25,en,2025-01-25T00:00:00Z,2025-11-13T00:00:00Z
CUS-0933,Christopher,Mitchell,christopher.mitchell261@syntheticmail.example,+1-337-969-2376,standard,active,US,AZ,Phoenix,2020-12-13,en,2020-12-13T00:00:00Z,2022-12-03T00:00:00Z
CUS-0934,Sandra,Howard,sandra.howard43@syntheticmail.example,+1-836-544-7981,standard,active,US,NC,Charlotte,2025-09-29,en,2025-09-29T00:00:00Z,2025-11-20T00:00:00Z
CUS-0935,Melissa,Murphy,melissa.murphy325@syntheticmail.example,+1-225-383-8236,standard,active,US,FL,Miami,2024-04-15,es,2024-04-15T00:00:00Z,2024-07-01T00:00:00Z
CUS-0936,Amanda,Hernandez,amanda.hernandez302@syntheticmail.example,+1-725-759-2280,standard,active,US,VA,Richmond,2025-08-17,en,2025-08-17T00:00:00Z,2025-09-16T00:00:00Z
CUS-0937,Barbara,Campbell,barbara.campbell40@syntheticmail.example,+1-541-401-6394,standard,active,US,AZ,Phoenix,2022-03-31,fr,2022-03-31T00:00:00Z,2023-10-14T00:00:00Z
CUS-0938,Matthew,Price,matthew.price619@syntheticmail.example,+1-208-988-5906,standard,active,US,NY,Buffalo,2022-12-05,en,2022-12-05T00:00:00Z,2025-03-14T00:00:00Z
CUS-0939,Justin,Long,justin.long672@syntheticmail.example,+1-869-724-3445,standard,active,US,CA,Los Angeles,2025-04-17,en,2025-04-17T00:00:00Z,2025-08-02T00:00:00Z
CUS-0940,Jacob,Robinson,jacob.robinson529@syntheticmail.example,+1-939-672-6581,standard,active,US,MA,Boston,2025-04-03,en,2025-04-03T00:00:00Z,2025-11-08T00:00:00Z
CUS-0941,Jerry,Hughes,jerry.hughes428@syntheticmail.example,+1-660-771-1493,standard,active,US,TX,Dallas,2024-12-01,en,2024-12-01T00:00:00Z,2025-02-04T00:00:00Z
CUS-0942,Donna,Patel,donna.patel10@syntheticmail.example,+1-547-430-7867,standard,inactive,US,MI,Detroit,2023-12-23,fr,2023-12-23T00:00:00Z,2025-02-08T00:00:00Z
CUS-0943,Maria,Jimenez,maria.jimenez708@syntheticmail.example,+1-533-801-1380,premium,active,US,AZ,Phoenix,2023-05-12,en,2023-05-12T00:00:00Z,2023-10-16T00:00:00Z
CUS-0944,Kevin,Reed,kevin.reed645@syntheticmail.example,+1-590-409-7400,standard,active,US,MO,St. Louis,2024-05-20,en,2024-05-20T00:00:00Z,2024-11-28T00:00:00Z
CUS-0945,Jacob,Wilson,jacob.wilson337@syntheticmail.example,+1-854-511-2527,standard,active,US,MA,Boston,2025-01-23,es,2025-01-23T00:00:00Z,2025-11-02T00:00:00Z
CUS-0946,Daniel,Jones,daniel.jones847@syntheticmail.example,+1-227-391-4260,standard,active,US,NV,Las Vegas,2025-06-24,en,2025-06-24T00:00:00Z,2025-08-15T00:00:00Z
CUS-0947,Sandra,Nguyen,sandra.nguyen676@syntheticmail.example,+1-665-258-7039,premium,active,US,WA,Seattle,2020-10-13,en,2020-10-13T00:00:00Z,2022-08-13T00:00:00Z
CUS-0948,Edward,Gomez,edward.gomez161@syntheticmail.example,+1-749-628-8835,enterprise,active,US,NY,New York,2021-06-12,en,2021-06-12T00:00:00Z,2022-08-08T00:00:00Z
CUS-0949,Thomas,Clark,thomas.clark318@syntheticmail.example,+1-362-818-6084,premium,active,US,GA,Atlanta,2025-04-28,en,2025-04-28T00:00:00Z,2025-10-28T00:00:00Z
CUS-0950,Debra,Collins,debra.collins283@syntheticmail.example,+1-346-656-2048,standard,active,US,TX,Dallas,2020-01-31,en,2020-01-31T00:00:00Z,2025-12-23T00:00:00Z
CUS-0951,Kevin,Reed,kevin.reed901@syntheticmail.example,+1-673-789-1640,business,active,US,MI,Detroit,2025-02-27,en,2025-02-27T00:00:00Z,2025-10-18T00:00:00Z
CUS-0952,Brian,Hughes,brian.hughes863@syntheticmail.example,+1-600-827-3869,standard,active,US,NV,Las Vegas,2023-05-03,en,2023-05-03T00:00:00Z,2025-11-09T00:00:00Z
CUS-0953,Helen,Sanders,helen.sanders443@syntheticmail.example,+1-874-387-2565,standard,inactive,US,NC,Charlotte,2024-04-24,en,2024-04-24T00:00:00Z,2024-12-25T00:00:00Z
CUS-0954,Christopher,Scott,christopher.scott904@syntheticmail.example,+1-882-268-4559,premium,active,US,TN,Nashville,2023-04-10,fr,2023-04-10T00:00:00Z,2024-10-27T00:00:00Z
CUS-0955,Jessica,Mitchell,jessica.mitchell79@syntheticmail.example,+1-716-984-6341,standard,active,US,WI,Milwaukee,2021-03-06,en,2021-03-06T00:00:00Z,2022-08-05T00:00:00Z
CUS-0956,Anthony,Cook,anthony.cook46@syntheticmail.example,+1-274-854-8567,standard,active,US,NC,Charlotte,2020-04-19,fr,2020-04-19T00:00:00Z,2024-10-10T00:00:00Z
CUS-0957,Matthew,Gomez,matthew.gomez39@syntheticmail.example,+1-317-926-3236,standard,inactive,US,CA,Los Angeles,2022-10-23,fr,2022-10-23T00:00:00Z,2025-05-30T00:00:00Z
CUS-0958,Gary,Reyes,gary.reyes70@syntheticmail.example,+1-930-648-3297,premium,active,US,CA,San Diego,2022-09-19,en,2022-09-19T00:00:00Z,2023-09-03T00:00:00Z
CUS-0959,Robert,Cox,robert.cox103@syntheticmail.example,+1-327-747-7403,standard,active,US,TX,Houston,2023-04-19,es,2023-04-19T00:00:00Z,2025-06-08T00:00:00Z
CUS-0960,Mary,Gray,mary.gray280@syntheticmail.example,+1-566-382-4549,business,active,US,NY,Buffalo,2024-12-09,es,2024-12-09T00:00:00Z,2025-09-07T00:00:00Z
CUS-0961,Margaret,Cruz,margaret.cruz714@syntheticmail.example,+1-856-878-2684,standard,inactive,US,CA,San Francisco,2025-11-11,en,2025-11-11T00:00:00Z,2025-12-09T00:00:00Z
CUS-0962,Michael,Kim,michael.kim5@syntheticmail.example,+1-985-406-5091,standard,active,US,CA,San Francisco,2024-03-25,en,2024-03-25T00:00:00Z,2024-06-26T00:00:00Z
CUS-0963,Robert,Turner,robert.turner29@syntheticmail.example,+1-396-896-2035,standard,active,US,CA,Los Angeles,2023-10-12,es,2023-10-12T00:00:00Z,2024-03-31T00:00:00Z
CUS-0964,Alexander,Perez,alexander.perez46@syntheticmail.example,+1-310-534-6286,premium,active,US,GA,Atlanta,2025-09-30,en,2025-09-30T00:00:00Z,2025-12-18T00:00:00Z
CUS-0965,Anthony,Cooper,anthony.cooper405@syntheticmail.example,+1-437-418-2734,standard,active,US,GA,Atlanta,2021-05-09,en,2021-05-09T00:00:00Z,2021-06-08T00:00:00Z
CUS-0966,Stephanie,Wood,stephanie.wood324@syntheticmail.example,+1-417-669-4606,standard,active,US,CA,Los Angeles,2024-05-13,en,2024-05-13T00:00:00Z,2025-05-25T00:00:00Z
CUS-0967,Jennifer,Rodriguez,jennifer.rodriguez907@syntheticmail.example,+1-508-985-9185,standard,inactive,US,TX,Dallas,2024-08-10,en,2024-08-10T00:00:00Z,2025-09-19T00:00:00Z
CUS-0968,Larry,Perez,larry.perez258@syntheticmail.example,+1-846-913-7366,business,suspended,US,NY,New York,2023-08-21,es,2023-08-21T00:00:00Z,2024-01-04T00:00:00Z
CUS-0969,Kevin,Thompson,kevin.thompson651@syntheticmail.example,+1-882-693-2106,standard,active,US,WI,Milwaukee,2023-07-26,en,2023-07-26T00:00:00Z,2025-03-16T00:00:00Z
CUS-0970,Laura,Carter,laura.carter524@syntheticmail.example,+1-715-801-1217,standard,active,US,TN,Nashville,2022-08-10,en,2022-08-10T00:00:00Z,2023-04-21T00:00:00Z
CUS-0971,Donna,Walker,donna.walker756@syntheticmail.example,+1-834-281-1981,standard,active,US,GA,Atlanta,2022-09-24,en,2022-09-24T00:00:00Z,2024-05-23T00:00:00Z
CUS-0972,Betty,Martin,betty.martin385@syntheticmail.example,+1-443-942-8270,business,active,US,TX,Dallas,2020-06-04,en,2020-06-04T00:00:00Z,2021-12-25T00:00:00Z
CUS-0973,Joshua,Chavez,joshua.chavez806@syntheticmail.example,+1-733-624-5726,enterprise,active,US,WI,Milwaukee,2020-06-11,en,2020-06-11T00:00:00Z,2025-03-11T00:00:00Z
CUS-0974,Janet,Nelson,janet.nelson351@syntheticmail.example,+1-752-255-5068,business,inactive,US,TX,Austin,2022-04-23,fr,2022-04-23T00:00:00Z,2023-07-22T00:00:00Z
CUS-0975,Nicole,Carter,nicole.carter534@syntheticmail.example,+1-652-844-1099,standard,active,US,IL,Chicago,2022-01-21,en,2022-01-21T00:00:00Z,2023-02-19T00:00:00Z
CUS-0976,Michael,Brooks,michael.brooks145@syntheticmail.example,+1-293-377-9992,standard,active,US,TX,Dallas,2021-05-29,en,2021-05-29T00:00:00Z,2021-11-05T00:00:00Z
CUS-0977,Jason,Castillo,jason.castillo479@syntheticmail.example,+1-938-402-5012,standard,active,US,FL,Orlando,2021-11-03,en,2021-11-03T00:00:00Z,2023-03-27T00:00:00Z
CUS-0978,Kenneth,Torres,kenneth.torres591@syntheticmail.example,+1-478-692-2310,standard,active,US,NC,Charlotte,2022-04-04,en,2022-04-04T00:00:00Z,2023-03-13T00:00:00Z
CUS-0979,Jacob,Cruz,jacob.cruz433@syntheticmail.example,+1-978-359-8897,standard,suspended,US,WA,Seattle,2024-11-10,en,2024-11-10T00:00:00Z,2025-06-16T00:00:00Z
CUS-0980,William,Ross,william.ross929@syntheticmail.example,+1-809-750-3503,premium,inactive,US,MD,Baltimore,2023-05-14,en,2023-05-14T00:00:00Z,2024-02-01T00:00:00Z
CUS-0981,Timothy,Reyes,timothy.reyes314@syntheticmail.example,+1-584-775-8878,standard,active,US,NC,Charlotte,2023-03-06,en,2023-03-06T00:00:00Z,2025-10-22T00:00:00Z
CUS-0982,Betty,Martin,betty.martin939@syntheticmail.example,+1-213-712-7131,premium,active,US,TX,Dallas,2020-01-18,en,2020-01-18T00:00:00Z,2024-06-21T00:00:00Z
CUS-0983,Catherine,Mitchell,catherine.mitchell394@syntheticmail.example,+1-856-802-2167,standard,active,US,MI,Detroit,2023-06-14,en,2023-06-14T00:00:00Z,2024-07-12T00:00:00Z
CUS-0984,Larry,Lee,larry.lee199@syntheticmail.example,+1-461-989-6711,premium,inactive,US,WI,Milwaukee,2024-11-22,en,2024-11-22T00:00:00Z,2025-10-13T00:00:00Z
CUS-0985,Raymond,Mitchell,raymond.mitchell714@syntheticmail.example,+1-634-953-5043,standard,active,US,CA,San Francisco,2024-04-27,en,2024-04-27T00:00:00Z,2025-05-02T00:00:00Z
CUS-0986,Frank,Price,frank.price693@syntheticmail.example,+1-467-819-8462,business,active,US,CA,Los Angeles,2021-08-28,en,2021-08-28T00:00:00Z,2023-01-16T00:00:00Z
CUS-0987,Nicole,Howard,nicole.howard975@syntheticmail.example,+1-212-319-2512,premium,inactive,US,OR,Portland,2021-10-23,en,2021-10-23T00:00:00Z,2024-01-15T00:00:00Z
CUS-0988,Patrick,Ramos,patrick.ramos998@syntheticmail.example,+1-730-393-7929,standard,active,US,IN,Indianapolis,2020-11-25,en,2020-11-25T00:00:00Z,2024-10-11T00:00:00Z
CUS-0989,Kenneth,Cook,kenneth.cook991@syntheticmail.example,+1-800-515-7743,enterprise,inactive,US,AZ,Phoenix,2024-04-16,en,2024-04-16T00:00:00Z,2024-08-05T00:00:00Z
CUS-0990,Samantha,Kelly,samantha.kelly796@syntheticmail.example,+1-346-475-4432,enterprise,active,US,MO,St. Louis,2023-11-11,es,2023-11-11T00:00:00Z,2024-09-21T00:00:00Z
CUS-0991,James,Perez,james.perez836@syntheticmail.example,+1-299-271-7845,premium,active,US,MI,Detroit,2020-01-07,es,2020-01-07T00:00:00Z,2023-04-02T00:00:00Z
CUS-0992,Janet,Parker,janet.parker175@syntheticmail.example,+1-390-920-3200,standard,active,US,TX,Houston,2024-03-14,en,2024-03-14T00:00:00Z,2025-08-10T00:00:00Z
CUS-0993,Joseph,Edwards,joseph.edwards581@syntheticmail.example,+1-390-405-1966,enterprise,active,US,VA,Richmond,2022-05-20,fr,2022-05-20T00:00:00Z,2023-06-16T00:00:00Z
CUS-0994,Dorothy,Evans,dorothy.evans452@syntheticmail.example,+1-851-370-2307,standard,active,US,TN,Nashville,2021-03-23,en,2021-03-23T00:00:00Z,2021-12-03T00:00:00Z
CUS-0995,Kimberly,Rodriguez,kimberly.rodriguez351@syntheticmail.example,+1-689-696-2651,standard,active,US,CA,Los Angeles,2022-08-19,en,2022-08-19T00:00:00Z,2022-09-02T00:00:00Z
CUS-0996,Christine,Howard,christine.howard809@syntheticmail.example,+1-416-734-1118,standard,active,US,CA,San Francisco,2021-01-31,en,2021-01-31T00:00:00Z,2025-05-09T00:00:00Z
CUS-0997,Paul,Morales,paul.morales485@syntheticmail.example,+1-818-639-6514,standard,inactive,US,WI,Milwaukee,2023-10-12,en,2023-10-12T00:00:00Z,2024-08-29T00:00:00Z
CUS-0998,Donald,Campbell,donald.campbell682@syntheticmail.example,+1-825-258-6833,standard,active,US,OH,Columbus,2024-03-30,en,2024-03-30T00:00:00Z,2025-07-10T00:00:00Z
CUS-0999,Rachel,Phillips,rachel.phillips743@syntheticmail.example,+1-226-816-3013,premium,active,US,VA,Richmond,2021-07-22,es,2021-07-22T00:00:00Z,2025-10-07T00:00:00Z
CUS-1000,Ashley,Mitchell,ashley.mitchell463@syntheticmail.example,+1-727-623-4079,standard,active,US,CO,Denver,2025-04-30,en,2025-04-30T00:00:00Z,2025-05-04T00:00:00Z
